# BrainViewer — regione: cerebellum
# generato da tools/split_lobes.py, non modificare a mano
o cerebellum
v -0.098785 0.506775 -0.264591
v -0.118408 0.487183 -0.246270
v -0.092743 0.513367 -0.251390
v -0.115784 0.483231 -0.154603
v -0.143265 0.453720 -0.149624
v -0.122360 0.474960 -0.146765
v -0.175430 0.421249 -0.134171
v -0.160980 0.432526 -0.137369
v -0.154663 0.440842 -0.146726
v -0.237900 0.377960 -0.095732
v -0.222977 0.391754 -0.113573
v -0.229935 0.389236 -0.114363
v -0.199921 0.412766 -0.153359
v -0.178391 0.429810 -0.172121
v -0.187271 0.425812 -0.178349
v -0.318695 0.362610 -0.246190
v -0.304138 0.367447 -0.241099
v -0.272659 0.372955 -0.285044
v -0.250565 0.336273 -0.057955
v -0.267838 0.345352 -0.074018
v -0.269653 0.340164 -0.071548
v -0.287109 0.356415 -0.109500
v -0.290207 0.356079 -0.111321
v -0.227356 0.359344 -0.056643
v -0.252396 0.350357 -0.067548
v -0.233810 0.350845 -0.055796
v -0.308929 0.339828 -0.099593
v -0.286850 0.333618 -0.078769
v -0.307480 0.345047 -0.106576
v -0.364243 0.323624 -0.140068
v -0.351715 0.325363 -0.123572
v -0.361847 0.329559 -0.146605
v -0.339890 0.344467 -0.401107
v -0.347763 0.352158 -0.358268
v -0.329941 0.349915 -0.395620
v -0.286636 0.285370 -0.062584
v -0.289429 0.279633 -0.067255
v -0.286911 0.279144 -0.067120
v -0.265381 0.328720 -0.061503
v -0.245316 0.324890 -0.051102
v -0.241623 0.330521 -0.050406
v -0.439880 0.327682 -0.213161
v -0.431808 0.325729 -0.196811
v -0.427063 0.331787 -0.199104
v -0.405243 0.240311 -0.133685
v -0.388458 0.260193 -0.126739
v -0.413330 0.264984 -0.149359
v -0.411667 0.236435 -0.150994
v -0.429214 0.238770 -0.191636
v -0.422424 0.230225 -0.185150
v -0.174789 0.332199 -0.061447
v -0.189056 0.312332 -0.072154
v -0.178970 0.307556 -0.063649
v -0.246750 0.211777 -0.091414
v -0.244339 0.193909 -0.120184
v -0.234772 0.212296 -0.096428
v -0.407394 0.243500 -0.310385
v -0.394196 0.246490 -0.336600
v -0.390305 0.237854 -0.333930
v -0.413498 0.306717 -0.345373
v -0.424545 0.321350 -0.326657
v -0.415405 0.322739 -0.344558
v -0.412750 0.321594 -0.348774
v -0.392365 0.288956 -0.372881
v -0.355682 0.309235 -0.414317
v -0.374237 0.329788 -0.395164
v -0.361023 0.330460 -0.410098
v -0.375595 0.251297 -0.366721
v -0.395218 0.250748 -0.339867
v -0.398376 0.252670 -0.338223
v -0.382568 0.219025 -0.325325
v -0.356750 0.210968 -0.349080
v -0.375565 0.212860 -0.323918
v -0.308670 0.307571 -0.454325
v -0.334030 0.329895 -0.434216
v -0.313599 0.325882 -0.453671
v -0.172165 0.297562 -0.498619
v -0.197998 0.308365 -0.493632
v -0.170456 0.302765 -0.498613
v -0.256760 0.245071 -0.459703
v -0.281204 0.249176 -0.447169
v -0.257767 0.251831 -0.461183
v -0.171066 0.278107 -0.494113
v -0.135162 0.269775 -0.495155
v -0.168198 0.265793 -0.491063
v -0.281998 0.191208 -0.390200
v -0.249283 0.184265 -0.401466
v -0.278931 0.189163 -0.388295
v -0.199661 0.174698 -0.150635
v -0.197723 0.169418 -0.161983
v -0.186874 0.172562 -0.152545
v -0.160782 0.152267 -0.199553
v -0.185745 0.157440 -0.229764
v -0.171219 0.151871 -0.227000
v -0.070053 0.190918 -0.299695
v -0.076889 0.197815 -0.308031
v -0.072906 0.200821 -0.306654
v -0.158234 0.198792 -0.147378
v -0.152756 0.185501 -0.152435
v -0.153793 0.200180 -0.150231
v -0.097046 0.213470 -0.200399
v -0.098175 0.230820 -0.193317
v -0.100922 0.215530 -0.196531
v -0.061325 0.238419 -0.212856
v -0.058884 0.236389 -0.214210
v -0.019623 0.237411 -0.214176
v -0.067383 0.204712 -0.305269
v -0.053619 0.208923 -0.304575
v -0.052246 0.205658 -0.292759
v -0.053314 0.226974 -0.361575
v -0.054016 0.234283 -0.371465
v -0.051147 0.234482 -0.371635
v -0.058746 0.248764 -0.205577
v -0.071945 0.251740 -0.208001
v -0.087723 0.271179 -0.198874
v -0.084000 0.269562 -0.200542
v -0.055801 0.263306 -0.195443
v -0.126419 0.244431 -0.143273
v -0.115845 0.259689 -0.173808
v -0.110336 0.264755 -0.156892
v -0.071518 0.491287 -0.303622
v -0.067215 0.497986 -0.290236
v -0.062332 0.495819 -0.284196
v -0.184128 0.215744 -0.108131
v -0.181061 0.214767 -0.114078
v -0.177231 0.220856 -0.093292
v -0.056610 0.324707 -0.196497
v -0.071686 0.305603 -0.193433
v -0.057175 0.290207 -0.189554
v -0.124664 0.385284 -0.089927
v -0.146027 0.386276 -0.057479
v -0.149246 0.383591 -0.055292
v -0.048462 0.342194 -0.417953
v -0.055649 0.353928 -0.441699
v -0.056183 0.357285 -0.442646
v -0.089508 0.508423 -0.266367
v -0.069992 0.514328 -0.259219
v -0.071045 0.511856 -0.268527
v -0.065842 0.476730 -0.317911
v -0.068497 0.471863 -0.330200
v -0.073395 0.466537 -0.338583
v -0.114975 0.400467 -0.424930
v -0.066986 0.403442 -0.417395
v -0.065842 0.399918 -0.420894
v -0.093842 0.227020 -0.447611
v -0.110413 0.214508 -0.454299
v -0.112427 0.217026 -0.458867
v -0.198730 0.213638 -0.127312
v -0.206467 0.221680 -0.115536
v -0.206604 0.219254 -0.117546
v -0.234055 0.180588 -0.162392
v -0.224121 0.184311 -0.156343
v -0.201767 0.210754 -0.129466
v -0.065521 0.236038 -0.212332
v -0.063049 0.236542 -0.214872
v -0.069443 0.204727 -0.229944
v -0.064316 0.230606 -0.215525
v -0.049911 0.207932 -0.273018
v -0.052185 0.204880 -0.279022
v -0.052078 0.205200 -0.285981
v -0.067062 0.465530 -0.334490
v -0.068085 0.453735 -0.350430
v -0.071289 0.451599 -0.358403
v -0.073898 0.395004 -0.162723
v -0.083374 0.378281 -0.149928
v -0.088974 0.366516 -0.145263
v -0.078598 0.342255 -0.152974
v -0.084396 0.355591 -0.147795
v -0.096909 0.340805 -0.146669
v -0.087540 0.301422 -0.172072
v -0.091568 0.289566 -0.182693
v -0.073547 0.318558 -0.170068
v -0.074005 0.311981 -0.181551
v -0.059799 0.328934 -0.182338
v -0.197586 0.243927 -0.078870
v -0.198883 0.250198 -0.079517
v -0.207993 0.245865 -0.084079
v -0.199219 0.215134 -0.123986
v -0.019623 0.207230 -0.302271
v -0.050644 0.209198 -0.251549
v -0.049332 0.214905 -0.247055
v -0.054596 0.203979 -0.261078
v -0.076309 0.168228 -0.289013
v -0.087692 0.169678 -0.296499
v -0.070435 0.173996 -0.289824
v -0.055862 0.219986 -0.231745
v -0.056885 0.223572 -0.228459
v -0.061508 0.205536 -0.242592
v -0.081268 0.163208 -0.277726
v -0.071869 0.175385 -0.269233
v -0.071762 0.177841 -0.263520
v -0.198196 0.178497 -0.244060
v -0.200943 0.177063 -0.245539
v -0.199707 0.177170 -0.247583
v -0.087952 0.270554 -0.202011
v -0.074173 0.250000 -0.207906
v -0.072556 0.238693 -0.206492
v -0.049622 0.204941 -0.288267
v -0.048279 0.289902 -0.407645
v -0.051956 0.291763 -0.410362
v -0.050079 0.292023 -0.409712
v -0.222565 0.267395 -0.102892
v -0.220367 0.250259 -0.101493
v -0.214630 0.257355 -0.093388
v -0.114365 0.359695 -0.118340
v -0.116486 0.358002 -0.121666
v -0.100449 0.343170 -0.146891
v -0.118042 0.358841 -0.119514
v -0.133743 0.366074 -0.098616
v -0.112473 0.337341 -0.132715
v -0.157928 0.373749 -0.049414
v -0.151550 0.372589 -0.063091
v -0.395325 0.281998 -0.366158
v -0.410614 0.274490 -0.341666
v -0.411987 0.280090 -0.342798
v -0.438812 0.264236 -0.193913
v -0.419571 0.268021 -0.160323
v -0.444778 0.280197 -0.196050
v -0.164062 0.333389 -0.055339
v -0.183136 0.256363 -0.082693
v -0.175964 0.258698 -0.078480
v -0.178497 0.260849 -0.078119
v -0.172791 0.338028 -0.060015
v -0.219147 0.248062 -0.100486
v -0.217422 0.232224 -0.100066
v -0.214981 0.230682 -0.101162
v -0.215179 0.275787 -0.098663
v -0.222275 0.270187 -0.101063
v -0.210037 0.280426 -0.096472
v -0.208344 0.281311 -0.097698
v -0.448273 0.302155 -0.246359
v -0.449997 0.304733 -0.244058
v -0.449997 0.305466 -0.246698
v -0.050446 0.316284 -0.416162
v -0.447937 0.288986 -0.220420
v -0.446701 0.283279 -0.204672
v -0.344757 0.257019 -0.401639
v -0.357224 0.261429 -0.394445
v -0.386017 0.281540 -0.377683
v -0.319412 0.256332 -0.424099
v -0.299881 0.253845 -0.437696
v -0.294830 0.251648 -0.437845
v -0.276382 0.256165 -0.452738
v -0.265701 0.257385 -0.459130
v -0.222672 0.258713 -0.473898
v -0.220657 0.259781 -0.475634
v -0.179886 0.264359 -0.487970
v -0.226028 0.268616 -0.103583
v -0.224091 0.264587 -0.102148
v -0.085693 0.407578 -0.130552
v -0.074265 0.398590 -0.156372
v -0.073349 0.402771 -0.154818
v -0.152466 0.389130 -0.054774
v -0.078430 0.489441 -0.164445
v -0.082001 0.491943 -0.165044
v -0.079453 0.487991 -0.162682
v -0.063477 0.402466 -0.415427
v -0.129837 0.433304 -0.088126
v -0.118805 0.432526 -0.090477
v -0.122726 0.443054 -0.097169
v -0.032486 0.494247 -0.199161
v -0.019623 0.494247 -0.199206
v -0.019623 0.509338 -0.207783
v -0.358337 0.328873 -0.412733
v -0.308929 0.284912 -0.450292
v -0.309067 0.323318 -0.456613
v -0.268250 0.297226 -0.476198
v -0.245575 0.308731 -0.483133
v -0.269135 0.322617 -0.475970
v -0.227798 0.314697 -0.487581
v -0.277115 0.186523 -0.384389
v -0.247772 0.182739 -0.399485
v -0.274780 0.184601 -0.382042
v -0.353851 0.207779 -0.347640
v -0.367035 0.203186 -0.318984
v -0.373306 0.209122 -0.321343
v -0.408401 0.232590 -0.147588
v -0.420135 0.225723 -0.184834
v -0.413528 0.216965 -0.179328
v -0.246140 0.189270 -0.130229
v -0.243546 0.187271 -0.131587
v -0.229919 0.217834 -0.097766
v -0.233124 0.214020 -0.098389
v -0.230515 0.212402 -0.099176
v -0.232956 0.263031 -0.096322
v -0.229843 0.263336 -0.096543
v -0.233063 0.267273 -0.096256
v -0.209137 0.221786 -0.113836
v -0.209167 0.221313 -0.117012
v -0.261398 0.261169 -0.092084
v -0.261475 0.263123 -0.090694
v -0.264252 0.261627 -0.090402
v -0.258850 0.261627 -0.089812
v -0.250320 0.261002 -0.090741
v -0.250488 0.262985 -0.089314
v -0.252960 0.261536 -0.089101
v -0.247772 0.261444 -0.088472
v -0.105698 0.189987 -0.355307
v -0.104172 0.188385 -0.357370
v -0.077408 0.211578 -0.367692
v -0.074173 0.209366 -0.369942
v -0.234726 0.185059 -0.404740
v -0.232742 0.184677 -0.405566
v -0.232712 0.180099 -0.405672
v -0.353561 0.258987 -0.108421
v -0.354980 0.260056 -0.105375
v -0.357758 0.258911 -0.106370
v -0.352371 0.258835 -0.104074
v -0.338989 0.258743 -0.105021
v -0.339920 0.260147 -0.101719
v -0.342865 0.258850 -0.101805
v -0.337311 0.258865 -0.100480
v -0.324142 0.258362 -0.101444
v -0.324860 0.260254 -0.098063
v -0.327606 0.258881 -0.098162
v -0.322098 0.259048 -0.097161
v -0.304108 0.259430 -0.098884
v -0.304535 0.261520 -0.095458
v -0.307571 0.259918 -0.095312
v -0.301575 0.260269 -0.094550
v -0.283890 0.260529 -0.096288
v -0.284225 0.262772 -0.092854
v -0.287354 0.261108 -0.092741
v -0.281143 0.261353 -0.092043
v -0.272614 0.260590 -0.095165
v -0.272842 0.262939 -0.091774
v -0.275772 0.261444 -0.091520
v -0.270004 0.261536 -0.090960
v -0.368622 0.259140 -0.118172
v -0.370331 0.260468 -0.115384
v -0.373276 0.259384 -0.116373
v -0.368286 0.259232 -0.113163
v -0.384171 0.259201 -0.128150
v -0.385696 0.260880 -0.125394
v -0.402237 0.238297 -0.136207
v -0.402878 0.235718 -0.131823
v -0.426590 0.242386 -0.192377
v -0.428909 0.243393 -0.187967
v -0.431122 0.243439 -0.191612
v -0.344666 0.211533 -0.358023
v -0.048630 0.284561 -0.407445
v -0.044556 0.278900 -0.406235
v -0.045685 0.280457 -0.404983
v -0.278595 0.244873 -0.447368
v -0.256668 0.240189 -0.458410
v -0.255356 0.235855 -0.457720
v -0.409515 0.240479 -0.303319
v -0.388779 0.233566 -0.331750
v -0.383728 0.222763 -0.328523
v -0.344833 0.231537 -0.387026
v -0.364700 0.244537 -0.373894
v -0.344971 0.239212 -0.392201
v -0.411896 0.246262 -0.296350
v -0.415222 0.244705 -0.296744
v -0.371735 0.251236 -0.364086
v -0.370056 0.250488 -0.365395
v -0.373871 0.246948 -0.364698
v -0.365479 0.248840 -0.376035
v -0.345322 0.257553 -0.398012
v -0.347092 0.255569 -0.400758
v -0.350342 0.257248 -0.398633
v -0.287811 0.249496 -0.438767
v -0.291656 0.248749 -0.440559
v -0.073715 0.245926 -0.427618
v -0.067078 0.249100 -0.428069
v -0.067307 0.246490 -0.426270
v -0.089172 0.233719 -0.441609
v -0.085068 0.234543 -0.444912
v -0.084747 0.230804 -0.441510
v -0.053299 0.287140 -0.408243
v -0.063370 0.252731 -0.423776
v -0.437744 0.318832 -0.298852
v -0.436523 0.314346 -0.304762
v -0.438751 0.315155 -0.299763
v -0.414032 0.326218 -0.343517
v -0.392776 0.328262 -0.372499
v -0.391205 0.324646 -0.377667
v -0.392883 0.325150 -0.375527
v -0.361099 0.333450 -0.407175
v -0.312836 0.329239 -0.452165
v -0.445908 0.325592 -0.247376
v -0.439117 0.321747 -0.287300
v -0.357788 0.331787 -0.411410
v -0.360168 0.335648 -0.405885
v -0.358658 0.335251 -0.408364
v -0.390701 0.327011 -0.376462
v -0.391922 0.330353 -0.371171
v -0.390961 0.329971 -0.373353
v -0.286285 0.289444 -0.464403
v -0.262863 0.276108 -0.469277
v -0.258820 0.258209 -0.463001
v -0.301758 0.267517 -0.445240
v -0.282806 0.255447 -0.448899
v -0.296707 0.253876 -0.440588
v -0.349472 0.269745 -0.408896
v -0.328354 0.257339 -0.417541
v -0.345856 0.259293 -0.404698
v -0.391800 0.305756 -0.375452
v -0.371201 0.285080 -0.395779
v -0.388824 0.290298 -0.377937
v -0.403641 0.322327 -0.361437
v -0.411240 0.329315 -0.343578
v -0.405136 0.327591 -0.356261
v -0.374359 0.341187 -0.357021
v -0.378220 0.331253 -0.388721
v -0.382751 0.348602 -0.312878
v -0.252213 0.333374 -0.056698
v -0.272629 0.336304 -0.069866
v -0.274948 0.331390 -0.067980
v -0.314255 0.331635 -0.090680
v -0.288452 0.330933 -0.075721
v -0.311996 0.336823 -0.096853
v -0.388809 0.326782 -0.171613
v -0.373169 0.323990 -0.150452
v -0.386566 0.329620 -0.175376
v -0.442184 0.324860 -0.211756
v -0.438278 0.317398 -0.191810
v -0.435287 0.322327 -0.195313
v -0.218384 0.301437 -0.058576
v -0.224655 0.305527 -0.048123
v -0.230896 0.301620 -0.050213
v -0.211243 0.338989 -0.040157
v -0.231812 0.334198 -0.047190
v -0.213104 0.334167 -0.040359
v -0.251068 0.280563 -0.071660
v -0.241959 0.289413 -0.061688
v -0.251663 0.287811 -0.058006
v -0.344604 0.342667 -0.401450
v -0.339798 0.332016 -0.427779
v -0.325439 0.351959 -0.394361
v -0.345154 0.354477 -0.353153
v -0.311066 0.359283 -0.387955
v -0.293427 0.342758 -0.438366
v -0.304428 0.358292 -0.395004
v -0.275253 0.353714 -0.426559
v -0.289200 0.339615 -0.444951
v -0.255234 0.337204 -0.460299
v -0.271835 0.327713 -0.470285
v -0.219925 0.321243 -0.485120
v -0.244568 0.335510 -0.463825
v -0.207077 0.329941 -0.476434
v -0.142593 0.276154 -0.496218
v -0.169968 0.282806 -0.495589
v -0.172348 0.292084 -0.497857
v -0.061447 0.326874 -0.453671
v -0.059296 0.327393 -0.449766
v -0.062393 0.324280 -0.454064
v -0.056976 0.340851 -0.449378
v -0.051392 0.338364 -0.428362
v -0.057983 0.330597 -0.448282
v -0.445175 0.327637 -0.227784
v -0.091660 0.276489 -0.194090
v -0.065994 0.206070 -0.233352
v -0.064728 0.203903 -0.239083
v -0.059616 0.227310 -0.222757
v -0.082123 0.177841 -0.227381
v -0.081207 0.176102 -0.237003
v -0.079330 0.208542 -0.218627
v -0.053055 0.214432 -0.241526
v -0.052643 0.219803 -0.236718
v -0.057281 0.205246 -0.251976
v -0.051468 0.205780 -0.267221
v -0.047333 0.210526 -0.257315
v -0.052917 0.203629 -0.270446
v -0.065948 0.180374 -0.290477
v -0.061279 0.186951 -0.288238
v -0.054245 0.201630 -0.275627
v -0.085709 0.158905 -0.275062
v -0.086395 0.157059 -0.279848
v -0.074707 0.176010 -0.259840
v -0.125443 0.230347 -0.171132
v -0.120804 0.234222 -0.174001
v -0.153198 0.169983 -0.163267
v -0.145828 0.182755 -0.157242
v -0.149185 0.179199 -0.155873
v -0.071609 0.208145 -0.306490
v -0.071487 0.204666 -0.308415
v -0.070496 0.205826 -0.309992
v -0.060822 0.227646 -0.227786
v -0.057816 0.227234 -0.225557
v -0.071060 0.178986 -0.289436
v -0.068649 0.178528 -0.292127
v -0.068604 0.176361 -0.287795
v -0.087662 0.161011 -0.282559
v -0.086945 0.159470 -0.280482
v -0.088440 0.160019 -0.287898
v -0.083572 0.159317 -0.284195
v -0.094574 0.171585 -0.296725
v -0.093216 0.166748 -0.297187
v -0.098892 0.168991 -0.301617
v -0.108597 0.188980 -0.310268
v -0.107590 0.188248 -0.314109
v -0.100464 0.189575 -0.312372
v -0.109482 0.186569 -0.312894
v -0.105637 0.184952 -0.311962
v -0.111496 0.170944 -0.301970
v -0.110550 0.165955 -0.301929
v -0.114227 0.168381 -0.304471
v -0.115768 0.186874 -0.307546
v -0.118118 0.184158 -0.310257
v -0.112976 0.185593 -0.311831
v -0.123169 0.184067 -0.304832
v -0.123795 0.183563 -0.308872
v -0.121414 0.183228 -0.309249
v -0.126572 0.182190 -0.307482
v -0.134064 0.182800 -0.300751
v -0.138062 0.180740 -0.303146
v -0.132523 0.181442 -0.305237
v -0.107544 0.159378 -0.287358
v -0.107330 0.154724 -0.286665
v -0.110901 0.156372 -0.289516
v -0.108398 0.159149 -0.293470
v -0.100327 0.156174 -0.287398
v -0.079086 0.180283 -0.253308
v -0.076813 0.177811 -0.249366
v -0.077789 0.176056 -0.251071
v -0.097549 0.153763 -0.272886
v -0.096725 0.149918 -0.270611
v -0.118912 0.157486 -0.278439
v -0.116440 0.153503 -0.280095
v -0.114609 0.156082 -0.276657
v -0.112549 0.151749 -0.274518
v -0.116318 0.156052 -0.274792
v -0.145020 0.181595 -0.296760
v -0.146729 0.180771 -0.300294
v -0.143738 0.180038 -0.301001
v -0.149109 0.179535 -0.298159
v -0.154205 0.181641 -0.290683
v -0.158112 0.179031 -0.291797
v -0.153900 0.179260 -0.294772
v -0.093369 0.164795 -0.244920
v -0.090363 0.161667 -0.246578
v -0.089050 0.163910 -0.244496
v -0.163696 0.181290 -0.284150
v -0.167435 0.178513 -0.285211
v -0.163315 0.178741 -0.288125
v -0.172577 0.180740 -0.277906
v -0.175171 0.179153 -0.280364
v -0.172592 0.178223 -0.281568
v -0.176285 0.177917 -0.277476
v -0.119400 0.168289 -0.211238
v -0.119431 0.164932 -0.207756
v -0.151382 0.150970 -0.211652
v -0.149872 0.146561 -0.213140
v -0.148163 0.147888 -0.211544
v -0.183105 0.179245 -0.259898
v -0.187164 0.176620 -0.259330
v -0.184326 0.176956 -0.264055
v -0.194031 0.177948 -0.241689
v -0.197235 0.176483 -0.243575
v -0.195358 0.175644 -0.245654
v -0.198044 0.175476 -0.240993
v -0.187241 0.162201 -0.229722
v -0.189941 0.158890 -0.227277
v -0.191162 0.160004 -0.229034
v -0.187881 0.158783 -0.232650
v -0.158157 0.156326 -0.193595
v -0.158966 0.153687 -0.189799
v -0.160904 0.152893 -0.192145
v -0.167526 0.170929 -0.159872
v -0.169662 0.172272 -0.153304
v -0.169830 0.168564 -0.156619
v -0.195053 0.163467 -0.183883
v -0.196259 0.159775 -0.186996
v -0.193878 0.159302 -0.183836
v -0.197128 0.161118 -0.180434
v -0.198975 0.161865 -0.183100
v -0.201813 0.177933 -0.227603
v -0.206100 0.175537 -0.226558
v -0.203217 0.175507 -0.231722
v -0.209961 0.178635 -0.214752
v -0.211044 0.174835 -0.216548
v -0.213150 0.176559 -0.215229
v -0.213303 0.176025 -0.211744
v -0.217392 0.183105 -0.183458
v -0.219254 0.179626 -0.185247
v -0.216568 0.177139 -0.182855
v -0.220444 0.180862 -0.182963
v -0.219711 0.180359 -0.179886
v -0.197800 0.171875 -0.166292
v -0.201904 0.169479 -0.165681
v -0.198837 0.171783 -0.168684
v -0.179703 0.188477 -0.143687
v -0.184692 0.194794 -0.136861
v -0.182083 0.185196 -0.141494
v -0.177246 0.184204 -0.142465
v -0.176758 0.187973 -0.140807
v -0.156677 0.168900 -0.168000
v -0.153870 0.164337 -0.168343
v -0.153564 0.181488 -0.156821
v -0.063431 0.237976 -0.218847
v -0.088898 0.265747 -0.203517
v -0.087143 0.267746 -0.200779
v -0.088760 0.263962 -0.198870
v -0.084457 0.263092 -0.201471
v -0.099976 0.237778 -0.194575
v -0.095383 0.239273 -0.192074
v -0.100891 0.251083 -0.195814
v -0.097122 0.254059 -0.193518
v -0.101166 0.249283 -0.190930
v -0.114014 0.237381 -0.187453
v -0.111954 0.238113 -0.184430
v -0.113388 0.235550 -0.182841
v -0.109665 0.238022 -0.185303
v -0.125732 0.227890 -0.178245
v -0.121124 0.229462 -0.176744
v -0.125046 0.226379 -0.173650
v -0.137009 0.218124 -0.169280
v -0.135284 0.219818 -0.166172
v -0.136765 0.218170 -0.164399
v -0.132294 0.220703 -0.167943
v -0.147278 0.215057 -0.161098
v -0.145432 0.216507 -0.157947
v -0.146866 0.214905 -0.156299
v -0.142990 0.216156 -0.159410
v -0.157623 0.212051 -0.152837
v -0.155579 0.213181 -0.149721
v -0.157135 0.211578 -0.148067
v -0.153305 0.212814 -0.151134
v -0.180374 0.210510 -0.140286
v -0.176163 0.209610 -0.137564
v -0.182007 0.210022 -0.135487
v -0.194046 0.211304 -0.135456
v -0.193527 0.211685 -0.131505
v -0.189697 0.210571 -0.132756
v -0.200851 0.177994 -0.152667
v -0.199524 0.176620 -0.148921
v -0.194901 0.212509 -0.133725
v -0.196838 0.211823 -0.130245
v -0.199158 0.207413 -0.133766
v -0.194244 0.208008 -0.131488
v -0.103058 0.258469 -0.192839
v -0.101517 0.255203 -0.189656
v -0.098465 0.258743 -0.191696
v -0.106277 0.266800 -0.188205
v -0.102188 0.268234 -0.186223
v -0.105606 0.265549 -0.183670
v -0.119095 0.257019 -0.178535
v -0.116821 0.258057 -0.175851
v -0.117294 0.256241 -0.173813
v -0.114426 0.258636 -0.177082
v -0.115616 0.243881 -0.184416
v -0.112427 0.241959 -0.183226
v -0.110657 0.244629 -0.183555
v -0.113571 0.241455 -0.180816
v -0.125015 0.251450 -0.168329
v -0.120605 0.253265 -0.168078
v -0.122910 0.251175 -0.164103
v -0.130569 0.246216 -0.158643
v -0.126221 0.248199 -0.158370
v -0.128525 0.246109 -0.154387
v -0.136047 0.241058 -0.149085
v -0.133698 0.242874 -0.146739
v -0.134521 0.241745 -0.144631
v -0.131836 0.243134 -0.148667
v -0.144653 0.239502 -0.137787
v -0.140060 0.240509 -0.137277
v -0.143097 0.239822 -0.133237
v -0.145538 0.222290 -0.154799
v -0.145065 0.218445 -0.156092
v -0.142410 0.219131 -0.156722
v -0.146347 0.217758 -0.153423
v -0.153320 0.237961 -0.126348
v -0.148651 0.238571 -0.125855
v -0.151672 0.237900 -0.121840
v -0.155670 0.218781 -0.146701
v -0.154999 0.215057 -0.147807
v -0.152298 0.215683 -0.148432
v -0.156357 0.214279 -0.145028
v -0.161972 0.236404 -0.114866
v -0.159164 0.238098 -0.113124
v -0.160461 0.237671 -0.110180
v -0.157257 0.236649 -0.114438
v -0.169403 0.241867 -0.105040
v -0.164520 0.240891 -0.104833
v -0.167679 0.243408 -0.100668
v -0.173264 0.216034 -0.135634
v -0.175690 0.212158 -0.134280
v -0.170914 0.211899 -0.136003
v -0.182266 0.216537 -0.132419
v -0.184692 0.212662 -0.131036
v -0.179916 0.212402 -0.132757
v -0.176773 0.247452 -0.095275
v -0.171936 0.246796 -0.095047
v -0.174957 0.249176 -0.091075
v -0.191177 0.217026 -0.129190
v -0.191711 0.213165 -0.129814
v -0.188934 0.212906 -0.129511
v -0.193359 0.213165 -0.127936
v -0.196365 0.217239 -0.127213
v -0.195404 0.213303 -0.127221
v -0.203537 0.224655 -0.115478
v -0.203827 0.219528 -0.117468
v -0.207565 0.223206 -0.112065
v -0.121506 0.238846 -0.173978
v -0.119171 0.235611 -0.170085
v -0.049683 0.311646 -0.410211
v -0.049377 0.313553 -0.414450
v -0.047882 0.339447 -0.413801
v -0.050507 0.339386 -0.415586
v -0.048294 0.341507 -0.414888
v -0.051819 0.338654 -0.419437
v -0.062469 0.327850 -0.447344
v -0.057877 0.325806 -0.446601
v -0.123245 0.310135 -0.496321
v -0.122986 0.308792 -0.500463
v -0.125778 0.309143 -0.500411
v -0.170898 0.295090 -0.494651
v -0.158234 0.289948 -0.498285
v -0.251923 0.334946 -0.456996
v -0.252914 0.340012 -0.456779
v -0.220764 0.316437 -0.484183
v -0.223251 0.318008 -0.487000
v -0.226135 0.320206 -0.485290
v -0.218475 0.316971 -0.483778
v -0.213531 0.316681 -0.488799
v -0.212601 0.312393 -0.486567
v -0.210251 0.314407 -0.490448
v -0.208282 0.311264 -0.487654
v -0.211273 0.312439 -0.491151
v -0.212540 0.310242 -0.491162
v -0.127792 0.271606 -0.492128
v -0.126572 0.270370 -0.495717
v -0.173813 0.266312 -0.485858
v -0.172348 0.264801 -0.489610
v -0.220261 0.281860 -0.481325
v -0.221222 0.283356 -0.485366
v -0.217209 0.281860 -0.486183
v -0.221375 0.278381 -0.483969
v -0.223602 0.279221 -0.483650
v -0.263977 0.298630 -0.474238
v -0.266220 0.301575 -0.477701
v -0.262177 0.299576 -0.478811
v -0.264938 0.295593 -0.477032
v -0.221954 0.261108 -0.471370
v -0.227173 0.259369 -0.473540
v -0.269974 0.319641 -0.472326
v -0.270218 0.317398 -0.476327
v -0.273972 0.321136 -0.474521
v -0.272705 0.323837 -0.468735
v -0.270798 0.326172 -0.472368
v -0.293396 0.337723 -0.438814
v -0.297791 0.340546 -0.440417
v -0.307114 0.356369 -0.387113
v -0.351273 0.350220 -0.342815
v -0.352676 0.350479 -0.357142
v -0.310837 0.328232 -0.448886
v -0.315689 0.331238 -0.448395
v -0.310410 0.332199 -0.450009
v -0.308899 0.330536 -0.453259
v -0.303375 0.285904 -0.449652
v -0.304688 0.282059 -0.451787
v -0.306168 0.288330 -0.453005
v -0.302887 0.285843 -0.454583
v -0.354828 0.329086 -0.409951
v -0.353790 0.329712 -0.416265
v -0.260834 0.259384 -0.457758
v -0.261047 0.257492 -0.461213
v -0.277863 0.257614 -0.447663
v -0.299698 0.256226 -0.434117
v -0.306381 0.254883 -0.433661
v -0.349808 0.284866 -0.413593
v -0.353134 0.287735 -0.415966
v -0.348801 0.283981 -0.419319
v -0.351761 0.281387 -0.415295
v -0.355789 0.284485 -0.412931
v -0.321640 0.258820 -0.418115
v -0.359039 0.332016 -0.403899
v -0.363220 0.334595 -0.403450
v -0.387650 0.324493 -0.375461
v -0.388138 0.325943 -0.380664
v -0.390518 0.326828 -0.369396
v -0.394745 0.329620 -0.368244
v -0.387405 0.289093 -0.372986
v -0.389603 0.288910 -0.376213
v -0.398407 0.288269 -0.357239
v -0.399628 0.288147 -0.362494
v -0.403793 0.287704 -0.356546
v -0.410629 0.325348 -0.341539
v -0.415054 0.327423 -0.339787
v -0.406021 0.344376 -0.285547
v -0.404831 0.348495 -0.284374
v -0.405487 0.348038 -0.288321
v -0.409790 0.346085 -0.286694
v -0.409470 0.347076 -0.282988
v -0.412308 0.287506 -0.336278
v -0.414520 0.286652 -0.339840
v -0.417892 0.287933 -0.333918
v -0.434174 0.318268 -0.297336
v -0.435257 0.322495 -0.297557
v -0.435486 0.321198 -0.301671
v -0.425018 0.329956 -0.202971
v -0.423645 0.334396 -0.201726
v -0.430130 0.332428 -0.208440
v -0.369980 0.349884 -0.267546
v -0.367874 0.354309 -0.266188
v -0.368835 0.354111 -0.269261
v -0.373993 0.353333 -0.268969
v -0.372543 0.353180 -0.264692
v -0.320190 0.357895 -0.247372
v -0.324417 0.361282 -0.248506
v -0.323318 0.361008 -0.244754
v -0.363480 0.319214 -0.140750
v -0.365784 0.318939 -0.142769
v -0.276184 0.329330 -0.066851
v -0.272247 0.328094 -0.069205
v -0.276596 0.326935 -0.070912
v -0.276749 0.326920 -0.066357
v -0.344650 0.322083 -0.117047
v -0.346802 0.322784 -0.112772
v -0.441437 0.324081 -0.219772
v -0.444931 0.327164 -0.220626
v -0.445007 0.327332 -0.223012
v -0.445969 0.325699 -0.221811
v -0.241837 0.331512 -0.055075
v -0.237747 0.332718 -0.053497
v -0.241516 0.333099 -0.050629
v -0.217178 0.320953 -0.044714
v -0.216095 0.322220 -0.040503
v -0.208801 0.341019 -0.043905
v -0.204025 0.342896 -0.038975
v -0.193069 0.342056 -0.039730
v -0.195709 0.339081 -0.036265
v -0.192947 0.339188 -0.036825
v -0.233337 0.310684 -0.049734
v -0.231293 0.311646 -0.044988
v -0.234909 0.312546 -0.046381
v -0.238052 0.307831 -0.046947
v -0.233826 0.307587 -0.047092
v -0.444824 0.319870 -0.247313
v -0.448685 0.320694 -0.242588
v -0.447861 0.321991 -0.247277
v -0.444199 0.321884 -0.224975
v -0.447021 0.324219 -0.222996
v -0.447098 0.324387 -0.225382
v -0.288834 0.279785 -0.071922
v -0.295929 0.275391 -0.073371
v -0.292267 0.276169 -0.071165
v -0.254608 0.299683 -0.055622
v -0.250473 0.301315 -0.050406
v -0.254166 0.301407 -0.051639
v -0.258835 0.296173 -0.053014
v -0.254288 0.296616 -0.052778
v -0.233780 0.302582 -0.054189
v -0.233276 0.302231 -0.049969
v -0.237457 0.297516 -0.052350
v -0.234421 0.298477 -0.052646
v -0.252060 0.292191 -0.059096
v -0.248047 0.291458 -0.055221
v -0.252350 0.291855 -0.055038
v -0.275238 0.279068 -0.069854
v -0.278702 0.274796 -0.069787
v -0.276031 0.274933 -0.069548
v -0.216583 0.303391 -0.064380
v -0.215042 0.298370 -0.064685
v -0.194717 0.316605 -0.072712
v -0.191864 0.314026 -0.071888
v -0.190994 0.315613 -0.069966
v -0.185226 0.328995 -0.065538
v -0.184296 0.324310 -0.064998
v -0.181381 0.328094 -0.062833
v -0.194855 0.333023 -0.043509
v -0.194992 0.328812 -0.041620
v -0.191208 0.332550 -0.040518
v -0.193054 0.333176 -0.039557
v -0.164474 0.353439 -0.069757
v -0.159851 0.353302 -0.069909
v -0.162872 0.350082 -0.066450
v -0.203522 0.300552 -0.084754
v -0.202225 0.295914 -0.084358
v -0.200089 0.299805 -0.081455
v -0.048981 0.333496 -0.418445
v -0.050842 0.336105 -0.418262
v -0.048508 0.337418 -0.415623
v -0.264191 0.344666 -0.077085
v -0.275009 0.354874 -0.095093
v -0.281555 0.358566 -0.107298
v -0.174973 0.354111 -0.043325
v -0.172028 0.355652 -0.040117
v -0.181305 0.355835 -0.037748
v -0.349686 0.259872 -0.394901
v -0.384827 0.284088 -0.374270
v -0.387543 0.284073 -0.376709
v -0.394043 0.253220 -0.336152
v -0.395309 0.250748 -0.336981
v -0.401031 0.249344 -0.328691
v -0.442505 0.282806 -0.201689
v -0.445786 0.282043 -0.199621
v -0.444199 0.290344 -0.224219
v -0.448502 0.291550 -0.227488
v -0.412491 0.267258 -0.157022
v -0.414917 0.266418 -0.153708
v -0.251892 0.277466 -0.075584
v -0.261871 0.267059 -0.087371
v -0.250275 0.267258 -0.085929
v -0.337143 0.358887 -0.295723
v -0.314896 0.363708 -0.294754
v -0.282776 0.367676 -0.335210
v -0.310608 0.361847 -0.195239
v -0.296143 0.368179 -0.190964
v -0.269836 0.379608 -0.225634
v -0.345139 0.356323 -0.323000
v -0.332733 0.357834 -0.341768
v -0.350357 0.354691 -0.341009
v -0.329376 0.360336 -0.275386
v -0.315460 0.362213 -0.225882
v -0.306625 0.361588 -0.177634
v -0.254471 0.358719 -0.079173
v -0.272171 0.353271 -0.089778
v -0.263809 0.348160 -0.074640
v -0.218445 0.369049 -0.062092
v -0.091095 0.410736 -0.121268
v -0.079483 0.414902 -0.142735
v -0.089554 0.419327 -0.126311
v -0.189407 0.352524 -0.038137
v -0.202576 0.352371 -0.042720
v -0.211929 0.343658 -0.041667
v -0.234390 0.346283 -0.053611
v -0.259155 0.346054 -0.069452
v -0.240768 0.335541 -0.051558
v -0.177521 0.417984 -0.129486
v -0.166107 0.423370 -0.122477
v -0.160721 0.431046 -0.132343
v -0.121597 0.473099 -0.141916
v -0.145020 0.450439 -0.145493
v -0.126724 0.465439 -0.133949
v -0.052658 0.473328 -0.182036
v -0.053955 0.490997 -0.193178
v -0.072205 0.501755 -0.185441
v -0.052475 0.487976 -0.194487
v -0.051651 0.470444 -0.183864
v -0.049164 0.470810 -0.184387
v -0.175812 0.436356 -0.190576
v -0.146194 0.461349 -0.208239
v -0.152817 0.456573 -0.213728
v -0.094986 0.439697 -0.124568
v -0.105499 0.451019 -0.111577
v -0.111801 0.444992 -0.102943
v -0.064835 0.487610 -0.301114
v -0.067154 0.482071 -0.313565
v -0.072464 0.478989 -0.321158
v -0.107208 0.427658 -0.381034
v -0.109375 0.429306 -0.384849
v -0.107208 0.458603 -0.336487
v -0.108643 0.460419 -0.340444
v -0.110550 0.459869 -0.339608
v -0.095703 0.503159 -0.266246
v -0.099655 0.504532 -0.269250
v -0.133438 0.465378 -0.196923
v -0.137772 0.466003 -0.192336
v -0.135056 0.469177 -0.194125
v -0.135498 0.469025 -0.199228
v -0.137833 0.467133 -0.198159
v -0.123184 0.476608 -0.242260
v -0.121231 0.478592 -0.242826
v -0.126740 0.478577 -0.244356
v -0.114227 0.398941 -0.420661
v -0.117279 0.400330 -0.424090
v -0.064590 0.401215 -0.410526
v -0.061951 0.401520 -0.414191
v -0.117416 0.363525 -0.460873
v -0.118896 0.364502 -0.465086
v -0.059479 0.353912 -0.441634
v -0.056442 0.352737 -0.445114
v -0.337326 0.354553 -0.298542
v -0.338120 0.357880 -0.297765
v -0.339005 0.358231 -0.301861
v -0.305069 0.354843 -0.151202
v -0.305710 0.358917 -0.153447
v -0.306915 0.357574 -0.149572
v -0.303833 0.358109 -0.151443
v -0.288177 0.353058 -0.111848
v -0.286957 0.356522 -0.112355
v -0.184738 0.423386 -0.181951
v -0.186691 0.421799 -0.180966
v -0.190445 0.424225 -0.182083
v -0.318481 0.358292 -0.249471
v -0.319489 0.361557 -0.248631
v -0.320557 0.362000 -0.252301
v -0.327438 0.356613 -0.272666
v -0.327286 0.360733 -0.269893
v -0.204163 0.403809 -0.145837
v -0.205933 0.402405 -0.144185
v -0.209412 0.405319 -0.145033
v -0.241043 0.369278 -0.089384
v -0.239548 0.373688 -0.087239
v -0.243607 0.367966 -0.089511
v -0.243973 0.370117 -0.084813
v -0.244675 0.372269 -0.089982
v -0.259338 0.363144 -0.098921
v -0.260315 0.367554 -0.099278
v -0.260498 0.363449 -0.101665
v -0.264435 0.366135 -0.101830
v -0.263535 0.361816 -0.101353
v -0.282990 0.356522 -0.115281
v -0.284103 0.359024 -0.112622
v -0.285980 0.360062 -0.116924
v -0.290634 0.357254 -0.133395
v -0.293701 0.360764 -0.135115
v -0.291489 0.360565 -0.129889
v -0.299408 0.357681 -0.154265
v -0.301086 0.360489 -0.153126
v -0.301941 0.361298 -0.156979
v -0.304184 0.357941 -0.175008
v -0.305237 0.361496 -0.171534
v -0.309616 0.357956 -0.198938
v -0.311142 0.360931 -0.197835
v -0.311691 0.361740 -0.202191
v -0.313568 0.358368 -0.222790
v -0.314392 0.362076 -0.219116
v -0.152817 0.438248 -0.150517
v -0.150543 0.440369 -0.150092
v -0.114960 0.480530 -0.158363
v -0.115845 0.485260 -0.159612
v -0.117889 0.482941 -0.159307
v -0.083206 0.489288 -0.167524
v -0.083633 0.494492 -0.167943
v -0.084854 0.491333 -0.162842
v -0.179764 0.412247 -0.132096
v -0.183838 0.409317 -0.130321
v -0.183304 0.413391 -0.128044
v -0.183868 0.414047 -0.130904
v -0.185318 0.413910 -0.132979
v -0.192947 0.407074 -0.119694
v -0.196426 0.403641 -0.116609
v -0.198761 0.404388 -0.121249
v -0.209030 0.391556 -0.109141
v -0.213135 0.394272 -0.108708
v -0.212784 0.393402 -0.106214
v -0.225510 0.379990 -0.098733
v -0.224716 0.384979 -0.098600
v -0.229187 0.381821 -0.095739
v -0.154022 0.389984 -0.058064
v -0.155563 0.389893 -0.053509
v -0.122452 0.442169 -0.101546
v -0.261078 0.346252 -0.076107
v -0.271805 0.351379 -0.094913
v -0.271957 0.356293 -0.093961
v -0.281357 0.356339 -0.112013
v -0.121796 0.428177 -0.091627
v -0.120499 0.427826 -0.087079
v -0.119110 0.427246 -0.088531
v -0.093170 0.435547 -0.133253
v -0.091751 0.434174 -0.134878
v -0.088745 0.432892 -0.132070
v -0.060471 0.451294 -0.172595
v -0.058304 0.455170 -0.170959
v -0.083206 0.485657 -0.164138
v -0.081940 0.485291 -0.159082
v -0.078888 0.414185 -0.151783
v -0.073898 0.414505 -0.155992
v -0.074799 0.417557 -0.152472
v -0.093353 0.408432 -0.124685
v -0.091507 0.405792 -0.120999
v -0.085754 0.381393 -0.152709
v -0.081329 0.382584 -0.151632
v -0.055817 0.467148 -0.183447
v -0.052917 0.466949 -0.180382
v -0.052917 0.470108 -0.181238
v -0.078110 0.397614 -0.159027
v -0.075760 0.394318 -0.156280
v -0.073929 0.396896 -0.158538
v -0.093094 0.365692 -0.146605
v -0.089752 0.363815 -0.146192
v -0.091461 0.362350 -0.144013
v -0.098495 0.358292 -0.145188
v -0.097122 0.354584 -0.142483
v -0.094193 0.358597 -0.143275
v -0.170303 0.357803 -0.046428
v -0.167755 0.358414 -0.045248
v -0.166855 0.360901 -0.043989
v -0.169739 0.357666 -0.041959
v -0.343521 0.352631 -0.319722
v -0.343323 0.356873 -0.316740
v -0.019623 0.247345 -0.207177
v -0.019623 0.205170 -0.291595
v -0.019623 0.205139 -0.286636
v -0.020340 0.208725 -0.289034
v -0.123154 0.313858 -0.121229
v -0.108002 0.317947 -0.138540
v -0.109909 0.336716 -0.130621
v -0.130539 0.365219 -0.096939
v -0.139420 0.350967 -0.090320
v -0.156479 0.354950 -0.074356
v -0.385834 0.276474 -0.123219
v -0.385773 0.266434 -0.124553
v -0.370621 0.266006 -0.114333
v -0.355331 0.277756 -0.102852
v -0.355453 0.265594 -0.104115
v -0.340363 0.265396 -0.099936
v -0.213303 0.329117 -0.040060
v -0.447556 0.263916 -0.239511
v -0.295914 0.247986 -0.437360
v -0.255539 0.231476 -0.455317
v -0.124512 0.158630 -0.290833
v -0.048813 0.411957 -0.151780
v -0.047638 0.423721 -0.150682
v -0.073563 0.411850 -0.152918
v -0.092819 0.278397 -0.191844
v -0.073441 0.306992 -0.192061
v -0.065903 0.492294 -0.296899
v -0.180283 0.225433 -0.086687
v -0.201630 0.233780 -0.082945
v -0.213943 0.238174 -0.091617
v -0.315399 0.359726 -0.195743
v -0.193878 0.311905 -0.071838
v -0.208786 0.283966 -0.093265
v -0.069916 0.475464 -0.324825
v -0.221573 0.198898 -0.131183
v -0.070480 0.462753 -0.341975
v -0.049698 0.405716 -0.155676
v -0.068710 0.377335 -0.148876
v -0.069901 0.391983 -0.157755
v -0.086304 0.361389 -0.147913
v -0.052643 0.463074 -0.179206
v -0.101334 0.348801 -0.141347
v -0.101974 0.344727 -0.148174
v -0.094025 0.278488 -0.194808
v -0.118179 0.259567 -0.175947
v -0.194290 0.252045 -0.078660
v -0.192581 0.243408 -0.077698
v -0.187500 0.243851 -0.077934
v -0.055756 0.201096 -0.267166
v -0.103989 0.147293 -0.262020
v -0.107697 0.149734 -0.273878
v -0.060501 0.203384 -0.248545
v -0.221725 0.182663 -0.183272
v -0.214264 0.178497 -0.215796
v -0.176010 0.181259 -0.280991
v -0.123550 0.185654 -0.309651
v -0.108444 0.190292 -0.315118
v -0.073761 0.204498 -0.308820
v -0.074600 0.203247 -0.310393
v -0.128616 0.227371 -0.168409
v -0.132828 0.223389 -0.164778
v -0.135132 0.221848 -0.164376
v -0.120682 0.234131 -0.178577
v -0.112747 0.240341 -0.184718
v -0.118057 0.237305 -0.177487
v -0.128632 0.227936 -0.172437
v -0.156326 0.215195 -0.149961
v -0.166199 0.211914 -0.141795
v -0.165741 0.209869 -0.141495
v -0.163498 0.209503 -0.142956
v -0.162201 0.212234 -0.140134
v -0.164932 0.211655 -0.139523
v -0.166687 0.211655 -0.137522
v -0.168365 0.209061 -0.140332
v -0.057770 0.226761 -0.361323
v -0.059952 0.228317 -0.362507
v -0.056793 0.234680 -0.370768
v -0.047363 0.289124 -0.409589
v -0.050171 0.321930 -0.414729
v -0.047485 0.322647 -0.415560
v -0.179337 0.252655 -0.085301
v -0.171234 0.340866 -0.058718
v -0.212769 0.276123 -0.097791
v -0.214172 0.277649 -0.097399
v -0.216125 0.273041 -0.099187
v -0.261383 0.265991 -0.091809
v -0.250732 0.265961 -0.090369
v -0.304489 0.264374 -0.096512
v -0.324738 0.263016 -0.099146
v -0.339569 0.262756 -0.102872
v -0.354401 0.262482 -0.106597
v -0.369446 0.262787 -0.116617
v -0.384506 0.263092 -0.126638
v -0.412918 0.268707 -0.152875
v -0.411011 0.283737 -0.342340
v -0.386871 0.286530 -0.376932
v -0.412949 0.286697 -0.343438
v -0.167358 0.263229 -0.488346
v -0.123718 0.268478 -0.493866
v -0.111496 0.440201 -0.100715
v -0.208282 0.318359 -0.042875
v -0.203995 0.329147 -0.038341
v -0.178436 0.357758 -0.037829
v -0.158310 0.355606 -0.072320
v -0.220734 0.299652 -0.487336
v -0.221893 0.313919 -0.488705
v -0.313232 0.264297 -0.092710
v -0.384354 0.259048 -0.123487
v -0.233444 0.262558 -0.093041
v -0.052429 0.249847 -0.384792
v -0.380539 0.223083 -0.325290
v -0.413620 0.245895 -0.292991
v -0.392532 0.250854 -0.335279
v -0.050003 0.288147 -0.403674
v -0.423553 0.325851 -0.321862
v -0.400894 0.330139 -0.357701
v -0.373886 0.333633 -0.390347
v -0.335342 0.334564 -0.428237
v -0.336929 0.326035 -0.432391
v -0.377365 0.326218 -0.392949
v -0.410370 0.325027 -0.350917
v -0.438034 0.331604 -0.241856
v -0.060806 0.231674 -0.218976
v -0.085815 0.214005 -0.210669
v -0.057922 0.202057 -0.257762
v -0.084839 0.168655 -0.246260
v -0.074585 0.178940 -0.253906
v -0.170517 0.151459 -0.232249
v -0.146454 0.218445 -0.158129
v -0.136581 0.221710 -0.166296
v -0.136322 0.221237 -0.161819
v -0.122375 0.232986 -0.163131
v -0.123489 0.230438 -0.167396
v -0.339142 0.354340 -0.295941
v -0.311584 0.357056 -0.196539
v -0.301193 0.356598 -0.152349
v -0.284348 0.355423 -0.113792
v -0.300323 0.361374 -0.150693
v -0.219452 0.392105 -0.109981
v -0.155716 0.357071 -0.072456
v -0.153488 0.368118 -0.064699
v -0.159973 0.368530 -0.048831
v -0.037827 0.472549 -0.186767
v -0.032242 0.489868 -0.196659
v -0.049606 0.488953 -0.195290
v -0.069519 0.487823 -0.307409
v -0.197174 0.404541 -0.119299
v -0.140427 0.281708 -0.106178
v -0.175949 0.306610 -0.064133
v -0.127625 0.462799 -0.129546
v -0.133591 0.454956 -0.121562
v -0.141266 0.441574 -0.104931
v -0.167099 0.421005 -0.118085
v -0.174026 0.412933 -0.111080
v -0.148346 0.429779 -0.095770
v -0.156998 0.411865 -0.078502
v -0.183167 0.399979 -0.095437
v -0.195206 0.391693 -0.086032
v -0.164169 0.403519 -0.074403
v -0.130219 0.474701 -0.216956
v -0.143967 0.462601 -0.203866
v -0.106873 0.483597 -0.301629
v -0.118576 0.475479 -0.292558
v -0.109802 0.488724 -0.282948
v -0.103287 0.492889 -0.287914
v -0.143234 0.446945 -0.314847
v -0.179108 0.426941 -0.284809
v -0.166031 0.440308 -0.278083
v -0.132385 0.458389 -0.307617
v -0.279861 0.375229 -0.185095
v -0.252151 0.386749 -0.216847
v -0.266357 0.381348 -0.222425
v -0.292587 0.369553 -0.187651
v -0.290604 0.368988 -0.292358
v -0.311020 0.364609 -0.291643
v -0.209091 0.378174 -0.068197
v -0.253448 0.361984 -0.082886
v -0.217896 0.372330 -0.065905
v -0.172897 0.388870 -0.062501
v -0.182220 0.379990 -0.056850
v -0.311295 0.354385 -0.146052
v -0.294083 0.354065 -0.110692
v -0.343719 0.358276 -0.258150
v -0.334229 0.356812 -0.229553
v -0.342239 0.357880 -0.295187
v -0.355179 0.353775 -0.339845
v -0.366760 0.351715 -0.327569
v -0.353027 0.356461 -0.282548
v -0.387527 0.347488 -0.311562
v -0.393967 0.348465 -0.299628
v -0.386841 0.351318 -0.277259
v -0.380554 0.349808 -0.248638
v -0.380463 0.334198 -0.181952
v -0.397339 0.343811 -0.228053
v -0.408173 0.339813 -0.215520
v -0.382401 0.331665 -0.177359
v -0.420471 0.335892 -0.292542
v -0.421310 0.340607 -0.261596
v -0.252350 0.374054 -0.329537
v -0.279083 0.368637 -0.331913
v -0.307114 0.360977 -0.385175
v -0.291473 0.363449 -0.383975
v -0.122101 0.346115 -0.481478
v -0.142624 0.345200 -0.475632
v -0.130692 0.353958 -0.471354
v -0.119812 0.354187 -0.474244
v -0.115860 0.386002 -0.441458
v -0.136307 0.387024 -0.431252
v -0.414307 0.271866 -0.150788
v -0.416870 0.280945 -0.151068
v -0.284744 0.266144 -0.089193
v -0.273315 0.266602 -0.088282
v -0.240219 0.292648 -0.058136
v -0.221497 0.309494 -0.045629
v -0.211914 0.301910 -0.062844
v -0.206802 0.310837 -0.056211
v -0.211929 0.314621 -0.044395
v -0.237518 0.324020 -0.048375
v -0.315781 0.327820 -0.088042
v -0.320190 0.316559 -0.085732
v -0.281250 0.314896 -0.064425
v -0.349548 0.315094 -0.108977
v -0.367310 0.320129 -0.138016
v -0.373947 0.311417 -0.132042
v -0.362671 0.241196 -0.109218
v -0.371857 0.224792 -0.114555
v -0.361084 0.223297 -0.109955
v -0.351852 0.241425 -0.104034
v -0.332581 0.236755 -0.096269
v -0.341309 0.216354 -0.103876
v -0.334259 0.214386 -0.102409
v -0.321243 0.237656 -0.093103
v -0.301178 0.233307 -0.088407
v -0.316406 0.209747 -0.100339
v -0.304214 0.210037 -0.097220
v -0.290787 0.236374 -0.086598
v -0.268967 0.210800 -0.091810
v -0.261673 0.236526 -0.082592
v -0.271103 0.234283 -0.083673
v -0.280838 0.208694 -0.093960
v -0.269730 0.185089 -0.130998
v -0.285980 0.183868 -0.131679
v -0.434708 0.237228 -0.233969
v -0.428146 0.222366 -0.229466
v -0.444077 0.256241 -0.237483
v -0.449432 0.284805 -0.244187
v -0.450027 0.298523 -0.246769
v -0.405731 0.193466 -0.218320
v -0.399979 0.208481 -0.169312
v -0.410294 0.213348 -0.178340
v -0.415756 0.199188 -0.223788
v -0.428650 0.259018 -0.300749
v -0.425476 0.255402 -0.298982
v -0.432541 0.285507 -0.300878
v -0.431519 0.275787 -0.301453
v -0.348801 0.273438 -0.412296
v -0.370056 0.289093 -0.398652
v -0.380005 0.263626 -0.370616
v -0.344589 0.227707 -0.383729
v -0.345596 0.221634 -0.376187
v -0.361450 0.232086 -0.365356
v -0.345840 0.253372 -0.401178
v -0.345764 0.243637 -0.394520
v -0.300461 0.271347 -0.448295
v -0.328247 0.286560 -0.435903
v -0.222839 0.261948 -0.476077
v -0.239120 0.271484 -0.475225
v -0.209320 0.199921 -0.445941
v -0.160797 0.203568 -0.458079
v -0.158722 0.199570 -0.453793
v -0.205231 0.193665 -0.439564
v -0.296463 0.233597 -0.427023
v -0.252060 0.220810 -0.446716
v -0.170471 0.231628 -0.479302
v -0.115753 0.237503 -0.481077
v -0.114288 0.231064 -0.473621
v -0.166565 0.221313 -0.471998
v -0.167114 0.259415 -0.489282
v -0.122955 0.264587 -0.494526
v -0.119629 0.254501 -0.489623
v -0.169357 0.248886 -0.485806
v -0.221985 0.253189 -0.473013
v -0.220062 0.244324 -0.471630
v -0.176453 0.294037 -0.497625
v -0.196320 0.290237 -0.492477
v -0.359406 0.194977 -0.312630
v -0.389191 0.195084 -0.272808
v -0.392426 0.201050 -0.279701
v -0.363739 0.199738 -0.317250
v -0.361908 0.176987 -0.254655
v -0.337067 0.176712 -0.295749
v -0.329666 0.171173 -0.290765
v -0.349976 0.172211 -0.248793
v -0.325607 0.167068 -0.233100
v -0.305923 0.165894 -0.275151
v -0.290512 0.162979 -0.264604
v -0.310562 0.164108 -0.220657
v -0.251465 0.166367 -0.242019
v -0.265335 0.168060 -0.203540
v -0.279938 0.164047 -0.209435
v -0.262253 0.162720 -0.248244
v -0.217194 0.176987 -0.216841
v -0.224808 0.181076 -0.183382
v -0.231766 0.178101 -0.189276
v -0.223343 0.175125 -0.223868
v -0.196213 0.160202 -0.202977
v -0.179138 0.156723 -0.186165
v -0.209442 0.174911 -0.249804
v -0.307449 0.175995 -0.327622
v -0.268265 0.173477 -0.362202
v -0.267014 0.167496 -0.349258
v -0.302444 0.171463 -0.319847
v -0.227478 0.165955 -0.380756
v -0.228775 0.171783 -0.391464
v -0.148254 0.181747 -0.304167
v -0.178223 0.179535 -0.283206
v -0.181213 0.176208 -0.292306
v -0.150269 0.179031 -0.310236
v -0.192535 0.173355 -0.413054
v -0.190002 0.169449 -0.406035
v -0.155823 0.146393 -0.237642
v -0.144073 0.143890 -0.226340
v -0.159164 0.148788 -0.227732
v -0.171661 0.159103 -0.258914
v -0.176788 0.157776 -0.248755
v -0.093918 0.171371 -0.301687
v -0.133850 0.173904 -0.353543
v -0.105255 0.188797 -0.352514
v -0.105072 0.192276 -0.345532
v -0.129807 0.178741 -0.344496
v -0.103973 0.186157 -0.370876
v -0.135483 0.171661 -0.372471
v -0.136627 0.170883 -0.381314
v -0.105026 0.183823 -0.379193
v -0.104141 0.184372 -0.384292
v -0.137146 0.170944 -0.386385
v -0.140198 0.171417 -0.398242
v -0.103882 0.186447 -0.396659
v -0.079666 0.205185 -0.319095
v -0.074219 0.209534 -0.318604
v -0.077576 0.201035 -0.311201
v -0.110077 0.184357 -0.193325
v -0.120682 0.186050 -0.181407
v -0.129135 0.163849 -0.194501
v -0.097610 0.163452 -0.233685
v -0.105728 0.151489 -0.242396
v -0.098877 0.150574 -0.250140
v -0.092773 0.161728 -0.242039
v -0.078262 0.178391 -0.240558
v -0.081940 0.171387 -0.249346
v -0.085663 0.175842 -0.224143
v -0.089691 0.180023 -0.216864
v -0.112167 0.215775 -0.186009
v -0.121063 0.211929 -0.176979
v -0.019623 0.469696 -0.332291
v -0.064941 0.468704 -0.329559
v -0.063492 0.476974 -0.317928
v -0.019623 0.477661 -0.319901
v -0.019623 0.490692 -0.298831
v -0.062744 0.490067 -0.296214
v -0.059769 0.496017 -0.284488
v -0.019623 0.496429 -0.285489
v -0.019623 0.513382 -0.235005
v -0.052643 0.512787 -0.234481
v -0.051682 0.512589 -0.225621
v -0.019623 0.512726 -0.225788
v -0.050537 0.509232 -0.207382
v -0.051865 0.493530 -0.197661
v -0.019623 0.263474 -0.195821
v -0.019623 0.276642 -0.192833
v -0.056488 0.276764 -0.192498
v -0.043228 0.211914 -0.252161
v -0.019623 0.211990 -0.252597
v -0.019623 0.215149 -0.247084
v -0.046127 0.215378 -0.246383
v -0.019623 0.207275 -0.274434
v -0.046646 0.207230 -0.274115
v -0.053009 0.224655 -0.357189
v -0.053986 0.223923 -0.354777
v -0.061096 0.223923 -0.353807
v -0.058472 0.224380 -0.356822
v -0.102371 0.259277 -0.185823
v -0.110733 0.249634 -0.180295
v -0.058182 0.326416 -0.195104
v -0.091049 0.327057 -0.153936
v -0.087204 0.313293 -0.161177
v -0.074707 0.328629 -0.158345
v -0.052979 0.508118 -0.207126
v -0.055115 0.510345 -0.206293
v -0.151291 0.218979 -0.125968
v -0.150085 0.229691 -0.123172
v -0.156403 0.228592 -0.115799
v -0.157242 0.218002 -0.117990
v -0.206879 0.224640 -0.102895
v -0.096619 0.392960 -0.119382
v -0.120834 0.397964 -0.088539
v -0.123062 0.389954 -0.089203
v -0.099777 0.384857 -0.118589
v -0.088562 0.476807 -0.145013
v -0.083511 0.468216 -0.150848
v -0.127075 0.417465 -0.077468
v -0.117065 0.415787 -0.088058
v -0.060547 0.346436 -0.453757
v -0.078705 0.347977 -0.466599
v -0.076904 0.355347 -0.462256
v -0.059814 0.353745 -0.449507
v -0.095413 0.194351 -0.379724
v -0.091370 0.197830 -0.390408
v -0.072815 0.211578 -0.381147
v -0.059830 0.317139 -0.448145
v -0.064178 0.234451 -0.407521
v -0.049026 0.258835 -0.394930
v -0.050995 0.248260 -0.390685
v -0.065948 0.222321 -0.399205
v -0.072418 0.515778 -0.207178
v -0.097397 0.512726 -0.210087
v -0.108124 0.498978 -0.187360
v -0.077805 0.506332 -0.189816
v -0.093307 0.481949 -0.147198
v -0.196396 0.163528 -0.318398
v -0.221786 0.166412 -0.288428
v -0.227982 0.162445 -0.298357
v -0.200958 0.158844 -0.326095
v -0.207809 0.158325 -0.342065
v -0.240112 0.161484 -0.312363
v -0.244934 0.161224 -0.319624
v -0.208694 0.158966 -0.350007
v -0.175751 0.163162 -0.371327
v -0.172028 0.164185 -0.363680
v -0.285065 0.169815 -0.173064
v -0.270859 0.172409 -0.170491
v -0.318054 0.167969 -0.183543
v -0.334763 0.170456 -0.190185
v -0.361252 0.175140 -0.198573
v -0.371765 0.177826 -0.204550
v -0.216248 0.401062 -0.258976
v -0.232468 0.391006 -0.264821
v -0.264038 0.383133 -0.177692
v -0.236786 0.395325 -0.208691
v -0.248962 0.388626 -0.213432
v -0.276489 0.376709 -0.181651
v -0.197403 0.408783 -0.297224
v -0.180939 0.424469 -0.288802
v -0.248947 0.375366 -0.326092
v -0.286972 0.370041 -0.288999
v -0.235229 0.381104 -0.321483
v -0.245041 0.373901 -0.368535
v -0.222458 0.379074 -0.363508
v -0.128586 0.415100 -0.393289
v -0.164734 0.405243 -0.373434
v -0.144913 0.423218 -0.363838
v -0.137085 0.469681 -0.251771
v -0.167099 0.443634 -0.225450
v -0.155228 0.454773 -0.217777
v -0.321106 0.355591 -0.186083
v -0.354019 0.349548 -0.209597
v -0.362854 0.343689 -0.197464
v -0.325684 0.344772 -0.138222
v -0.335663 0.347244 -0.174078
v -0.344635 0.340866 -0.161829
v -0.332962 0.336960 -0.127510
v -0.233917 0.388260 -0.117404
v -0.247375 0.383453 -0.125894
v -0.202911 0.416031 -0.187745
v -0.368271 0.193420 -0.152368
v -0.359665 0.191299 -0.145963
v -0.318390 0.185776 -0.140664
v -0.313080 0.167496 -0.182592
v -0.304092 0.168594 -0.178440
v -0.307205 0.185287 -0.136400
v -0.336655 0.187561 -0.143257
v -0.323364 0.186508 -0.141252
v -0.190887 0.345383 -0.460902
v -0.175995 0.355392 -0.453690
v -0.232819 0.351822 -0.443850
v -0.214966 0.359131 -0.436113
v -0.272278 0.355835 -0.423018
v -0.252853 0.360641 -0.416608
v -0.123764 0.328247 -0.490671
v -0.155212 0.330078 -0.485116
v -0.143494 0.341415 -0.478821
v -0.121841 0.341705 -0.484320
v -0.205719 0.333328 -0.472958
v -0.192398 0.342102 -0.464446
v -0.234894 0.349152 -0.447587
v -0.145721 0.406998 -0.065882
v -0.137604 0.415543 -0.072377
v -0.194504 0.273529 -0.087165
v -0.238678 0.267471 -0.084486
v -0.230484 0.268829 -0.092774
v -0.224838 0.275116 -0.088968
v -0.231674 0.275803 -0.079585
v -0.229691 0.244461 -0.096889
v -0.232971 0.244568 -0.097475
v -0.083893 0.251190 -0.460906
v -0.065674 0.263168 -0.438357
v -0.066269 0.258026 -0.434865
v -0.084167 0.244888 -0.454443
v -0.087982 0.316589 -0.481651
v -0.083633 0.325592 -0.476878
v -0.077133 0.467072 -0.338973
v -0.108353 0.463242 -0.336191
v -0.108170 0.470688 -0.323333
v -0.076523 0.476471 -0.325687
v -0.070633 0.422028 -0.396522
v -0.111389 0.418076 -0.401010
v -0.072708 0.433914 -0.383310
v -0.084427 0.330612 -0.476089
v -0.077988 0.343216 -0.468160
v -0.104355 0.196365 -0.427101
v -0.084946 0.210861 -0.419871
v -0.085632 0.204819 -0.410246
v -0.103012 0.191315 -0.418800
v -0.105103 0.186020 -0.365795
v -0.101044 0.190720 -0.363725
v -0.108093 0.447952 -0.358748
v -0.125778 0.444748 -0.348177
v -0.193542 0.363312 -0.045054
v -0.202271 0.356903 -0.044949
v -0.214386 0.211899 -0.114639
v -0.060364 0.191223 -0.291471
v -0.053406 0.201752 -0.288944
v -0.019623 0.314224 -0.414205
v -0.019623 0.323044 -0.415118
v -0.049667 0.386246 -0.147801
v -0.049072 0.399292 -0.151786
v -0.066742 0.359482 -0.153713
v -0.019623 0.367126 -0.146892
v -0.047958 0.367722 -0.146272
v -0.046951 0.352295 -0.156047
v -0.019623 0.352646 -0.155521
v -0.019623 0.383545 -0.148178
v -0.019623 0.395844 -0.153166
v -0.019623 0.412552 -0.150540
v -0.019623 0.427612 -0.149914
v -0.047043 0.433395 -0.153744
v -0.070190 0.420624 -0.153332
v -0.049026 0.428329 -0.151527
v -0.049942 0.465668 -0.182708
v -0.037720 0.466110 -0.181547
v -0.036362 0.467789 -0.185608
v -0.049408 0.402710 -0.157788
v -0.019623 0.399185 -0.159793
v -0.019623 0.402695 -0.157369
v -0.089264 0.362686 -0.149754
v -0.045944 0.344360 -0.165537
v -0.019623 0.343674 -0.166944
v -0.061203 0.335480 -0.170481
v -0.063599 0.344086 -0.160986
v -0.045135 0.337265 -0.176827
v -0.019623 0.335281 -0.180294
v -0.135117 0.244461 -0.146887
v -0.041458 0.333328 -0.187569
v -0.041183 0.334045 -0.190919
v -0.019623 0.332123 -0.198085
v -0.019623 0.331894 -0.194407
v -0.074051 0.307190 -0.195279
v -0.058060 0.327057 -0.198544
v -0.154449 0.214798 -0.137547
v -0.160233 0.213547 -0.129160
v -0.181549 0.240967 -0.080066
v -0.182953 0.243195 -0.079052
v -0.191345 0.227921 -0.083445
v -0.197021 0.231232 -0.082413
v -0.196228 0.218201 -0.103156
v -0.202560 0.221939 -0.102812
v -0.186615 0.226837 -0.083989
v -0.191498 0.216736 -0.103651
v -0.189102 0.216003 -0.107199
v -0.184875 0.225037 -0.084880
v -0.120117 0.168915 -0.303684
v -0.124054 0.185928 -0.312870
v -0.124298 0.185974 -0.318055
v -0.204468 0.176392 -0.151186
v -0.221176 0.185944 -0.158091
v -0.219009 0.183395 -0.157724
v -0.075653 0.209946 -0.221762
v -0.108994 0.190063 -0.317189
v -0.107224 0.193008 -0.321845
v -0.130173 0.153442 -0.215777
v -0.116165 0.145889 -0.251476
v -0.128036 0.150711 -0.266631
v -0.120026 0.152710 -0.276519
v -0.107971 0.146713 -0.258594
v -0.197906 0.213760 -0.130086
v -0.052322 0.205109 -0.288325
v -0.146912 0.182999 -0.301079
v -0.077103 0.200745 -0.308923
v -0.124832 0.230011 -0.159399
v -0.124985 0.237946 -0.155866
v -0.128281 0.234879 -0.149698
v -0.128052 0.227310 -0.152593
v -0.126816 0.227097 -0.165129
v -0.129944 0.223450 -0.159286
v -0.099930 0.238907 -0.189646
v -0.164474 0.160843 -0.173460
v -0.158127 0.164902 -0.165453
v -0.165680 0.167130 -0.159291
v -0.056381 0.227707 -0.227468
v -0.049698 0.223831 -0.231730
v -0.053864 0.227448 -0.226691
v -0.053482 0.224197 -0.232790
v -0.070511 0.210083 -0.316958
v -0.074707 0.216644 -0.334958
v -0.072723 0.218063 -0.337515
v -0.070999 0.220352 -0.336182
v -0.072617 0.219406 -0.333415
v -0.057068 0.233902 -0.372848
v -0.061462 0.224503 -0.363943
v -0.049576 0.249725 -0.389091
v -0.050201 0.289154 -0.410812
v -0.055496 0.401230 -0.406542
v -0.055496 0.398880 -0.404749
v -0.052628 0.385300 -0.407503
v -0.052826 0.384842 -0.410173
v -0.061920 0.419266 -0.384141
v -0.062439 0.420639 -0.387320
v -0.066376 0.430054 -0.373337
v -0.065323 0.451508 -0.348983
v -0.064499 0.465790 -0.334311
v -0.060059 0.507477 -0.262204
v -0.057465 0.508392 -0.253440
v -0.057220 0.505341 -0.262080
v -0.056000 0.514496 -0.233902
v -0.054352 0.512543 -0.225510
v -0.110550 0.318573 -0.140635
v -0.109375 0.289200 -0.150806
v -0.197281 0.269791 -0.088179
v -0.202301 0.267731 -0.089134
v -0.195160 0.271484 -0.089190
v -0.205917 0.281891 -0.094437
v -0.174240 0.257050 -0.081084
v -0.132401 0.369217 -0.097516
v -0.173111 0.338409 -0.057886
v -0.190796 0.314468 -0.073648
v -0.102203 0.380325 -0.118086
v -0.105362 0.373871 -0.118059
v -0.112762 0.360947 -0.117854
v -0.204056 0.168427 -0.219007
v -0.171661 0.191040 -0.142421
v -0.109589 0.170395 -0.306056
v -0.019623 0.289795 -0.189845
v -0.019623 0.309799 -0.192885
v -0.444244 0.284088 -0.197125
v -0.240082 0.265930 -0.088929
v -0.237289 0.261719 -0.089304
v -0.284225 0.265732 -0.093877
v -0.272812 0.265869 -0.092843
v -0.325256 0.265213 -0.095758
v -0.445908 0.287186 -0.195419
v -0.430862 0.289032 -0.300866
v -0.432968 0.292084 -0.302281
v -0.086807 0.275818 -0.469274
v -0.085129 0.272217 -0.469584
v -0.071762 0.285980 -0.448593
v -0.069427 0.282745 -0.447991
v -0.068588 0.289169 -0.443675
v -0.067352 0.290878 -0.445482
v -0.061707 0.444656 -0.166270
v -0.060287 0.450439 -0.167913
v -0.218246 0.317581 -0.041389
v -0.164902 0.378326 -0.047776
v -0.066971 0.251755 -0.420445
v -0.070496 0.247345 -0.423960
v -0.266891 0.287979 -0.057431
v -0.274948 0.277634 -0.065474
v -0.127197 0.412476 -0.075828
v -0.135376 0.405716 -0.068551
v -0.099335 0.461929 -0.122561
v -0.105667 0.465805 -0.122162
v -0.113327 0.458069 -0.113358
v -0.104568 0.455261 -0.114635
v -0.066467 0.514221 -0.207026
v -0.071655 0.504837 -0.189545
v -0.076202 0.491486 -0.303829
v -0.073654 0.499359 -0.290742
v -0.063904 0.314346 -0.453432
v -0.061325 0.319870 -0.452009
v -0.070251 0.289291 -0.451743
v -0.066879 0.299210 -0.451213
v -0.063446 0.301895 -0.444947
v -0.066299 0.285919 -0.443055
v -0.064728 0.279144 -0.440185
v -0.067825 0.276276 -0.444853
v -0.061798 0.266174 -0.433105
v -0.063065 0.262177 -0.431047
v -0.070023 0.217407 -0.401520
v -0.068207 0.229553 -0.410516
v -0.070480 0.214172 -0.379908
v -0.182449 0.342026 -0.039537
v -0.172974 0.350861 -0.041283
v -0.381393 0.197906 -0.159122
v -0.387009 0.182297 -0.211318
v -0.376526 0.179642 -0.205152
v -0.372787 0.195770 -0.152706
v -0.366348 0.178848 -0.256401
v -0.378281 0.183624 -0.262150
v -0.315384 0.182999 -0.338667
v -0.272156 0.181992 -0.378613
v -0.270920 0.175980 -0.365672
v -0.310455 0.178452 -0.330837
v -0.194565 0.175858 -0.416979
v -0.231201 0.174286 -0.395114
v -0.197159 0.179764 -0.423975
v -0.149887 0.182266 -0.431924
v -0.153336 0.187851 -0.439884
v -0.068710 0.232315 -0.414707
v -0.085358 0.213486 -0.424191
v -0.084427 0.219757 -0.433639
v -0.066956 0.244522 -0.423648
v -0.341614 0.188675 -0.143476
v -0.354935 0.189438 -0.145885
v -0.330338 0.167908 -0.234738
v -0.339722 0.171326 -0.191015
v -0.356400 0.173798 -0.197850
v -0.345398 0.170883 -0.247139
v -0.287994 0.167053 -0.306731
v -0.310196 0.166702 -0.277759
v -0.325729 0.169632 -0.288041
v -0.299286 0.169815 -0.316381
v -0.219666 0.162216 -0.367531
v -0.257843 0.164185 -0.336334
v -0.264145 0.165817 -0.345570
v -0.224686 0.164307 -0.376999
v -0.140976 0.171982 -0.403296
v -0.183929 0.165924 -0.391161
v -0.187851 0.167877 -0.401811
v -0.143951 0.172485 -0.415145
v -0.090164 0.199234 -0.395108
v -0.103287 0.187408 -0.401711
v -0.103027 0.189453 -0.414114
v -0.086212 0.202667 -0.405850
v -0.203949 0.157791 -0.330041
v -0.231735 0.161652 -0.301503
v -0.236420 0.161346 -0.308910
v -0.204758 0.158432 -0.337985
v -0.248199 0.162033 -0.279290
v -0.266617 0.162064 -0.250612
v -0.274139 0.162231 -0.255228
v -0.256653 0.162445 -0.283439
v -0.284775 0.163452 -0.210798
v -0.290085 0.169571 -0.173422
v -0.299057 0.168427 -0.177768
v -0.292831 0.163589 -0.214218
v -0.125900 0.185074 -0.330556
v -0.154617 0.173996 -0.323198
v -0.159058 0.171173 -0.332605
v -0.129761 0.180252 -0.339634
v -0.211914 0.172104 -0.275486
v -0.224213 0.170883 -0.257905
v -0.232117 0.167587 -0.265947
v -0.218033 0.168182 -0.285546
v -0.236404 0.171402 -0.233449
v -0.245956 0.173248 -0.196356
v -0.260559 0.169235 -0.202388
v -0.247040 0.167740 -0.239997
v -0.251648 0.175720 -0.167684
v -0.248413 0.186478 -0.130638
v -0.264664 0.185303 -0.131230
v -0.265839 0.173141 -0.170301
v -0.389908 0.309677 -0.378012
v -0.261322 0.280258 -0.471722
v -0.165680 0.296310 -0.499251
v -0.138351 0.298447 -0.501359
v -0.096786 0.193329 -0.374962
v -0.099579 0.191284 -0.368546
v -0.075562 0.208313 -0.365208
v -0.063004 0.223007 -0.359324
v -0.064529 0.222076 -0.355965
v -0.075882 0.209579 -0.360814
v -0.062057 0.225677 -0.357260
v -0.063019 0.225037 -0.354616
v -0.069595 0.221161 -0.339991
v -0.068542 0.221863 -0.342126
v -0.064865 0.220367 -0.341146
v -0.067017 0.220291 -0.339259
v -0.019623 0.213486 -0.332286
v -0.055573 0.216919 -0.333206
v -0.055054 0.217911 -0.336409
v -0.019623 0.214966 -0.335906
v -0.069763 0.218826 -0.332926
v -0.067505 0.219116 -0.335499
v -0.070358 0.215240 -0.397090
v -0.065887 0.220459 -0.394615
v -0.069687 0.215530 -0.384703
v -0.071671 0.212997 -0.385882
v -0.051392 0.237549 -0.375635
v -0.054184 0.238144 -0.375894
v -0.055908 0.236084 -0.377397
v -0.063370 0.248993 -0.420204
v -0.046677 0.274048 -0.404921
v -0.048447 0.263611 -0.399267
v -0.064850 0.237183 -0.411720
v -0.046707 0.273010 -0.402742
v -0.047180 0.264496 -0.397777
v -0.044159 0.274170 -0.404139
v -0.019623 0.263535 -0.397358
v -0.019623 0.273895 -0.403415
v -0.225967 0.198120 -0.128823
v -0.218033 0.213135 -0.110006
v -0.239044 0.179260 -0.161303
v -0.246689 0.176895 -0.167620
v -0.227966 0.173935 -0.225586
v -0.236603 0.176788 -0.189952
v -0.241180 0.174484 -0.195351
v -0.231796 0.172684 -0.231772
v -0.213638 0.173813 -0.252396
v -0.220032 0.172211 -0.255389
v -0.184509 0.174530 -0.295928
v -0.206863 0.174484 -0.262233
v -0.208008 0.173599 -0.272681
v -0.185928 0.171982 -0.303098
v -0.151978 0.177536 -0.314801
v -0.153305 0.175552 -0.318519
v -0.125504 0.185745 -0.322967
v -0.125290 0.185944 -0.325664
v -0.080688 0.207306 -0.323596
v -0.108139 0.194443 -0.326648
v -0.105835 0.196793 -0.328908
v -0.082016 0.210556 -0.329254
v -0.075333 0.211060 -0.323808
v -0.074860 0.215576 -0.330176
v -0.069992 0.212540 -0.321572
v -0.072906 0.213699 -0.322623
v -0.073685 0.217255 -0.328693
v -0.070358 0.216965 -0.328475
v -0.054977 0.214325 -0.323743
v -0.055817 0.215332 -0.328428
v -0.054703 0.212738 -0.318911
v -0.019623 0.210220 -0.317923
v -0.019623 0.208176 -0.307252
v -0.053467 0.210388 -0.309484
v -0.291031 0.184158 -0.131563
v -0.285950 0.210007 -0.093604
v -0.299133 0.208344 -0.097363
v -0.302185 0.184631 -0.136060
v -0.242706 0.236053 -0.086515
v -0.245346 0.236298 -0.086781
v -0.249542 0.213348 -0.091441
v -0.241745 0.261337 -0.087744
v -0.217712 0.274612 -0.098644
v -0.233917 0.244385 -0.094184
v -0.247147 0.236832 -0.084744
v -0.256668 0.234970 -0.082573
v -0.275894 0.236313 -0.084245
v -0.286285 0.233841 -0.085927
v -0.366425 0.243942 -0.111061
v -0.373779 0.249695 -0.116205
v -0.325790 0.276382 -0.089561
v -0.316910 0.234985 -0.092251
v -0.329376 0.212234 -0.102464
v -0.321426 0.211731 -0.100183
v -0.305374 0.236298 -0.089098
v -0.347687 0.238983 -0.102520
v -0.356689 0.220444 -0.108959
v -0.345901 0.218857 -0.104374
v -0.337006 0.238953 -0.097529
v -0.377182 0.252640 -0.118477
v -0.351486 0.187180 -0.306073
v -0.382431 0.186096 -0.263854
v -0.385513 0.192032 -0.270992
v -0.356064 0.191956 -0.310370
v -0.391464 0.184753 -0.211802
v -0.401566 0.190445 -0.217510
v -0.404343 0.221008 -0.286611
v -0.395416 0.204681 -0.281429
v -0.419083 0.202988 -0.224808
v -0.425690 0.217804 -0.228884
v -0.019623 0.211166 -0.322885
v -0.019623 0.212631 -0.319901
v -0.054825 0.215424 -0.320685
v -0.070343 0.213089 -0.318314
v -0.074371 0.213470 -0.319403
v -0.076324 0.211212 -0.320727
v -0.081100 0.207809 -0.320494
v -0.108490 0.195496 -0.323637
v -0.125595 0.187775 -0.320394
v -0.183334 0.177261 -0.294503
v -0.202850 0.175735 -0.259465
v -0.205322 0.177032 -0.261085
v -0.211975 0.176315 -0.251295
v -0.226074 0.176498 -0.224977
v -0.234680 0.179398 -0.189860
v -0.237167 0.181824 -0.162348
v -0.224503 0.200256 -0.130893
v -0.217270 0.213760 -0.113503
v -0.019623 0.214432 -0.329334
v -0.019623 0.212036 -0.327464
v -0.055466 0.218002 -0.330154
v -0.069748 0.219971 -0.329919
v -0.074112 0.220718 -0.330506
v -0.076691 0.218094 -0.332331
v -0.083832 0.213150 -0.331275
v -0.082581 0.210892 -0.333949
v -0.107437 0.199158 -0.331246
v -0.106186 0.196701 -0.333706
v -0.126678 0.187637 -0.328337
v -0.154602 0.176712 -0.321289
v -0.187943 0.173065 -0.305507
v -0.222641 0.173599 -0.256903
v -0.210495 0.174927 -0.274447
v -0.234573 0.174042 -0.232855
v -0.244019 0.175766 -0.196082
v -0.249557 0.178024 -0.167992
v -0.239914 0.261246 -0.089324
v -0.251755 0.211487 -0.090607
v -0.263687 0.210220 -0.092329
v -0.283173 0.210434 -0.095230
v -0.288406 0.185593 -0.132416
v -0.273315 0.235352 -0.085889
v -0.268600 0.174713 -0.170851
v -0.267303 0.187012 -0.131970
v -0.287613 0.171402 -0.173680
v -0.263336 0.170593 -0.203238
v -0.249725 0.168991 -0.241282
v -0.282486 0.165451 -0.210330
v -0.264618 0.164017 -0.249557
v -0.234665 0.168732 -0.267588
v -0.246353 0.163971 -0.278031
v -0.244141 0.162750 -0.276492
v -0.229996 0.163559 -0.300158
v -0.195450 0.166382 -0.317060
v -0.220413 0.169174 -0.287451
v -0.202698 0.159821 -0.328297
v -0.259125 0.235840 -0.084382
v -0.160339 0.172165 -0.335432
v -0.193466 0.165497 -0.314624
v -0.166321 0.165619 -0.351340
v -0.165955 0.167740 -0.349207
v -0.134521 0.175018 -0.356339
v -0.133972 0.172928 -0.358536
v -0.106552 0.194504 -0.343645
v -0.130615 0.181274 -0.342605
v -0.081818 0.212387 -0.340810
v -0.081116 0.211090 -0.338187
v -0.105972 0.193451 -0.340690
v -0.079773 0.211716 -0.349571
v -0.079285 0.210297 -0.346812
v -0.054245 0.219955 -0.342815
v -0.054276 0.222672 -0.344526
v -0.019623 0.220779 -0.344779
v -0.019623 0.217941 -0.343154
v -0.070572 0.220993 -0.346105
v -0.069992 0.219376 -0.343418
v -0.071396 0.218338 -0.341464
v -0.071060 0.222580 -0.337557
v -0.073593 0.219574 -0.339504
v -0.068207 0.224289 -0.344192
v -0.064209 0.222916 -0.342710
v -0.064255 0.221863 -0.345865
v -0.054611 0.221603 -0.347583
v -0.055069 0.219254 -0.340399
v -0.054871 0.220337 -0.337339
v -0.066940 0.221466 -0.336410
v -0.046844 0.279037 -0.407453
v -0.049942 0.277374 -0.404958
v -0.048538 0.249008 -0.384584
v -0.418213 0.245651 -0.295140
v -0.345718 0.210281 -0.363200
v -0.347504 0.211029 -0.361541
v -0.019623 0.225861 -0.351851
v -0.019623 0.221344 -0.351444
v -0.053665 0.222580 -0.350780
v -0.053619 0.226913 -0.351053
v -0.019623 0.223053 -0.355589
v -0.053131 0.228989 -0.357648
v -0.019623 0.226868 -0.362988
v -0.019623 0.228790 -0.359056
v -0.019623 0.224319 -0.358694
v -0.052216 0.239075 -0.371048
v -0.019623 0.237534 -0.376216
v -0.019623 0.239120 -0.371761
v -0.019623 0.234375 -0.372295
v -0.057602 0.239929 -0.371840
v -0.073349 0.217255 -0.382173
v -0.060043 0.236908 -0.375125
v -0.075073 0.215149 -0.383298
v -0.057693 0.228668 -0.357329
v -0.061615 0.222473 -0.349344
v -0.060669 0.226852 -0.349983
v -0.062561 0.229858 -0.358842
v -0.065262 0.225815 -0.362016
v -0.077286 0.209244 -0.356201
v -0.079208 0.212418 -0.358941
v -0.068573 0.224106 -0.354471
v -0.066345 0.221252 -0.351721
v -0.098633 0.196701 -0.377457
v -0.102951 0.194000 -0.366630
v -0.093399 0.201584 -0.392501
v -0.105774 0.190292 -0.398787
v -0.106750 0.187195 -0.381784
v -0.106873 0.189362 -0.368753
v -0.135132 0.172150 -0.367380
v -0.136581 0.175720 -0.370131
v -0.137924 0.174515 -0.383648
v -0.141571 0.175552 -0.400155
v -0.183044 0.169556 -0.388225
v -0.170166 0.164581 -0.358949
v -0.171829 0.168350 -0.361335
v -0.149719 0.184296 -0.427626
v -0.105041 0.199036 -0.431441
v -0.106598 0.200577 -0.427186
v -0.148544 0.179626 -0.427722
v -0.145020 0.174072 -0.419791
v -0.145111 0.176437 -0.416249
v -0.188705 0.172012 -0.402778
v -0.154465 0.192337 -0.439528
v -0.197479 0.184341 -0.423768
v -0.087570 0.222977 -0.433804
v -0.106262 0.204147 -0.439741
v -0.108368 0.208191 -0.439515
v -0.085495 0.222473 -0.437796
v -0.107224 0.207047 -0.443821
v -0.088013 0.214432 -0.420288
v -0.088303 0.206146 -0.407123
v -0.104843 0.193130 -0.415357
v -0.068863 0.223160 -0.396193
v -0.072769 0.218475 -0.398458
v -0.071686 0.232773 -0.411013
v -0.019623 0.249283 -0.384442
v -0.019623 0.245056 -0.385524
v -0.019623 0.248825 -0.388755
v -0.019623 0.277695 -0.401006
v -0.043396 0.277908 -0.401716
v -0.047287 0.277908 -0.401142
v -0.052338 0.262741 -0.396506
v -0.049988 0.263870 -0.392910
v -0.046036 0.263336 -0.393015
v -0.054718 0.248001 -0.388210
v -0.228882 0.176529 -0.391625
v -0.192993 0.178101 -0.413074
v -0.199051 0.182617 -0.427704
v -0.234406 0.182922 -0.409479
v -0.225449 0.168518 -0.377882
v -0.210129 0.162933 -0.351797
v -0.211685 0.159317 -0.354053
v -0.177795 0.163284 -0.375977
v -0.177216 0.166946 -0.373361
v -0.206482 0.162415 -0.340060
v -0.238083 0.165451 -0.310748
v -0.246323 0.165283 -0.321291
v -0.255600 0.167725 -0.334105
v -0.217896 0.165802 -0.364976
v -0.254562 0.163330 -0.332596
v -0.216690 0.161407 -0.363521
v -0.264664 0.170029 -0.346606
v -0.268234 0.178238 -0.362473
v -0.272110 0.186676 -0.378779
v -0.307526 0.180756 -0.327909
v -0.270950 0.167023 -0.291753
v -0.273346 0.163452 -0.293381
v -0.248474 0.161713 -0.323191
v -0.269257 0.162964 -0.290467
v -0.258606 0.166534 -0.284882
v -0.260788 0.162567 -0.286349
v -0.276291 0.166321 -0.256433
v -0.299957 0.174042 -0.317341
v -0.326782 0.173874 -0.288805
v -0.337448 0.181458 -0.296067
v -0.340652 0.178986 -0.298496
v -0.348206 0.184509 -0.303341
v -0.348312 0.189102 -0.303452
v -0.315369 0.187637 -0.338805
v -0.378723 0.188065 -0.262218
v -0.362701 0.181656 -0.254986
v -0.327286 0.171463 -0.233901
v -0.307480 0.170273 -0.276140
v -0.295135 0.167587 -0.215267
v -0.301270 0.172409 -0.179082
v -0.315018 0.171432 -0.183964
v -0.307785 0.167694 -0.219995
v -0.305786 0.163696 -0.219076
v -0.336426 0.174774 -0.191346
v -0.372559 0.182419 -0.205333
v -0.381454 0.202026 -0.160954
v -0.385635 0.200592 -0.159653
v -0.387375 0.186676 -0.211928
v -0.368698 0.197739 -0.154275
v -0.357681 0.178055 -0.198749
v -0.355972 0.193436 -0.147580
v -0.320053 0.189590 -0.142728
v -0.304062 0.188492 -0.138016
v -0.300842 0.211578 -0.100415
v -0.317947 0.213104 -0.103284
v -0.330765 0.215576 -0.105561
v -0.338150 0.191589 -0.145121
v -0.357101 0.223602 -0.112630
v -0.371979 0.227783 -0.118138
v -0.376007 0.227951 -0.115906
v -0.362991 0.242737 -0.113571
v -0.348480 0.240417 -0.107129
v -0.333862 0.237991 -0.100616
v -0.342316 0.219406 -0.107107
v -0.318359 0.236542 -0.096660
v -0.302673 0.235031 -0.092658
v -0.288010 0.235275 -0.090292
v -0.276566 0.191223 -0.384706
v -0.329895 0.194946 -0.349207
v -0.329636 0.199707 -0.349214
v -0.332825 0.197861 -0.352294
v -0.355835 0.196701 -0.310032
v -0.385239 0.196808 -0.270778
v -0.401215 0.195175 -0.218133
v -0.395981 0.205444 -0.168626
v -0.395432 0.209702 -0.170509
v -0.387009 0.233231 -0.126757
v -0.391342 0.233749 -0.124551
v -0.387512 0.230148 -0.123006
v -0.373489 0.251022 -0.120846
v -0.417801 0.229691 -0.186071
v -0.437149 0.241776 -0.234113
v -0.432449 0.241455 -0.233726
v -0.409241 0.217117 -0.179988
v -0.414871 0.203369 -0.224253
v -0.391693 0.205383 -0.279281
v -0.406601 0.225281 -0.288479
v -0.402466 0.225418 -0.286091
v -0.423416 0.222076 -0.228906
v -0.415665 0.241562 -0.293202
v -0.371826 0.213638 -0.321010
v -0.363297 0.204224 -0.316632
v -0.282928 0.194046 -0.394254
v -0.281006 0.195633 -0.390398
v -0.050674 0.300064 -0.411494
v -0.051147 0.297012 -0.410706
v -0.052246 0.296951 -0.412545
v -0.019623 0.278458 -0.405474
v -0.019623 0.284088 -0.407322
v -0.062256 0.258713 -0.427449
v -0.084595 0.240982 -0.451218
v -0.066391 0.254272 -0.431472
v -0.213318 0.214066 -0.456967
v -0.165634 0.217438 -0.468857
v -0.161896 0.207123 -0.461537
v -0.210388 0.203491 -0.449310
v -0.296707 0.217072 -0.415331
v -0.295975 0.229416 -0.424215
v -0.154816 0.190735 -0.443843
v -0.203735 0.190460 -0.435943
v -0.157425 0.196365 -0.450025
v -0.360565 0.228027 -0.362311
v -0.386658 0.237747 -0.330899
v -0.358276 0.232239 -0.361804
v -0.342911 0.243271 -0.390763
v -0.342438 0.231674 -0.383219
v -0.342957 0.222412 -0.372307
v -0.345016 0.218124 -0.372559
v -0.288025 0.207474 -0.401900
v -0.289291 0.202911 -0.402169
v -0.294647 0.217560 -0.411401
v -0.294189 0.233612 -0.422853
v -0.296036 0.213394 -0.412006
v -0.246536 0.206955 -0.430827
v -0.247421 0.202637 -0.431479
v -0.239868 0.196655 -0.419219
v -0.240616 0.192001 -0.419528
v -0.241730 0.195114 -0.423354
v -0.203720 0.195190 -0.435330
v -0.248260 0.206177 -0.434936
v -0.209076 0.204361 -0.445073
v -0.250259 0.221191 -0.442297
v -0.214218 0.218018 -0.459993
v -0.212875 0.218567 -0.455469
v -0.251541 0.216827 -0.443611
v -0.216629 0.232391 -0.465703
v -0.217209 0.228577 -0.467637
v -0.254013 0.235153 -0.453660
v -0.255127 0.243622 -0.455478
v -0.218719 0.242905 -0.467341
v -0.168457 0.247711 -0.481273
v -0.217773 0.233017 -0.469735
v -0.171173 0.235977 -0.481622
v -0.170532 0.235519 -0.477365
v -0.120529 0.253204 -0.485010
v -0.166016 0.221970 -0.467338
v -0.158325 0.200989 -0.449250
v -0.111618 0.215439 -0.449672
v -0.161453 0.208008 -0.457088
v -0.049164 0.303848 -0.408648
v -0.050156 0.305267 -0.412896
v -0.019623 0.305588 -0.412804
v -0.019623 0.303848 -0.408379
v -0.019623 0.296982 -0.411202
v -0.019623 0.295532 -0.406842
v -0.049698 0.295319 -0.406791
v -0.055527 0.301605 -0.412169
v -0.051895 0.303558 -0.414864
v -0.052322 0.305344 -0.412948
v -0.053253 0.303604 -0.408213
v -0.067749 0.277359 -0.437074
v -0.063583 0.274948 -0.437557
v -0.065628 0.268661 -0.432988
v -0.062622 0.270248 -0.436095
v -0.056122 0.294800 -0.410914
v -0.053970 0.294937 -0.406498
v -0.066193 0.261322 -0.427437
v -0.046127 0.287857 -0.404858
v -0.019623 0.288055 -0.404395
v -0.069626 0.257690 -0.431431
v -0.068726 0.266205 -0.437759
v -0.066971 0.271713 -0.442885
v -0.070755 0.274353 -0.441683
v -0.084076 0.260315 -0.465137
v -0.087204 0.263382 -0.463238
v -0.087234 0.244873 -0.450754
v -0.086487 0.254532 -0.459974
v -0.117111 0.241333 -0.479538
v -0.115677 0.231583 -0.469003
v -0.114243 0.221313 -0.458123
v -0.112778 0.220703 -0.462603
v -0.109314 0.211258 -0.450416
v -0.326065 0.297531 -0.080687
v -0.354645 0.300323 -0.101638
v -0.355728 0.295609 -0.100802
v -0.327042 0.293045 -0.081827
v -0.384354 0.296448 -0.122135
v -0.386139 0.292328 -0.121588
v -0.417419 0.299576 -0.150982
v -0.418930 0.295792 -0.150248
v -0.400909 0.325974 -0.363845
v -0.275955 0.325287 -0.471893
v -0.306198 0.327118 -0.457211
v -0.168091 0.312027 -0.496141
v -0.169586 0.307587 -0.497748
v -0.087143 0.311569 -0.481590
v -0.086121 0.306580 -0.481124
v -0.240875 0.267380 -0.472849
v -0.310440 0.303284 -0.452291
v -0.426712 0.317596 -0.323771
v -0.414856 0.302719 -0.342622
v -0.424423 0.332840 -0.291641
v -0.427002 0.322754 -0.319525
v -0.197678 0.285538 -0.491234
v -0.222321 0.294952 -0.486441
v -0.247589 0.304138 -0.482446
v -0.357712 0.355652 -0.280865
v -0.371506 0.350388 -0.326349
v -0.348389 0.357330 -0.256472
v -0.338852 0.355408 -0.228139
v -0.349564 0.351089 -0.211390
v -0.325577 0.353592 -0.184916
v -0.331329 0.349335 -0.175644
v -0.315460 0.351898 -0.144593
v -0.321640 0.347397 -0.139835
v -0.398788 0.347519 -0.298359
v -0.367310 0.342056 -0.195724
v -0.385300 0.348587 -0.247403
v -0.392609 0.345093 -0.229266
v -0.376083 0.336075 -0.183579
v -0.357864 0.332214 -0.148062
v -0.348907 0.338699 -0.160229
v -0.336746 0.334167 -0.125391
v -0.344193 0.326309 -0.115219
v -0.433609 0.333954 -0.242718
v -0.412674 0.338303 -0.213587
v -0.425751 0.338181 -0.260864
v -0.405441 0.311508 -0.159434
v -0.414688 0.303482 -0.152322
v -0.376434 0.307846 -0.129457
v -0.382797 0.300583 -0.124248
v -0.238068 0.319016 -0.048092
v -0.246307 0.319931 -0.050738
v -0.249771 0.314194 -0.051629
v -0.203812 0.334259 -0.037370
v -0.208954 0.297180 -0.073945
v -0.214371 0.286606 -0.082663
v -0.217926 0.283203 -0.083691
v -0.221741 0.278534 -0.086932
v -0.223923 0.286087 -0.072591
v -0.229263 0.279404 -0.076338
v -0.416870 0.285873 -0.149790
v -0.386154 0.281464 -0.122498
v -0.386322 0.287430 -0.121325
v -0.419815 0.290985 -0.150648
v -0.355865 0.282684 -0.101860
v -0.326492 0.281036 -0.087763
v -0.326874 0.288239 -0.082808
v -0.355621 0.290665 -0.100897
v -0.448883 0.316055 -0.233110
v -0.448196 0.321701 -0.226439
v -0.122696 0.313690 -0.498871
v -0.167435 0.316376 -0.493814
v -0.156067 0.326096 -0.488090
v -0.123566 0.323608 -0.493088
v -0.086136 0.294266 -0.476521
v -0.123795 0.288834 -0.499555
v -0.125107 0.296783 -0.501231
v -0.085968 0.301590 -0.480016
v -0.063843 0.309647 -0.451600
v -0.066666 0.303802 -0.453301
v -0.059647 0.312866 -0.445416
v -0.063171 0.306229 -0.447595
v -0.061066 0.331772 -0.453478
v -0.060364 0.341461 -0.454563
v -0.422775 0.251328 -0.297517
v -0.441742 0.251678 -0.236822
v -0.417465 0.263321 -0.159174
v -0.437088 0.259399 -0.193751
v -0.408646 0.266388 -0.340767
v -0.430344 0.263580 -0.301509
v -0.431091 0.270782 -0.300791
v -0.409210 0.269608 -0.341502
v -0.448761 0.268646 -0.240814
v -0.449280 0.279861 -0.242775
v -0.093826 0.178680 -0.213881
v -0.097977 0.182663 -0.206844
v -0.101532 0.162979 -0.230509
v -0.106522 0.164490 -0.222376
v -0.109268 0.151520 -0.238666
v -0.116333 0.152267 -0.231021
v -0.132050 0.150284 -0.263602
v -0.120010 0.145584 -0.247804
v -0.128357 0.144760 -0.240905
v -0.140213 0.148376 -0.253911
v -0.101974 0.181519 -0.203630
v -0.104782 0.215012 -0.193237
v -0.108429 0.216660 -0.189266
v -0.106262 0.185287 -0.196815
v -0.119690 0.152466 -0.227201
v -0.110306 0.164230 -0.218993
v -0.115448 0.165512 -0.211053
v -0.126907 0.153061 -0.219638
v -0.058380 0.252960 -0.202723
v -0.019623 0.251465 -0.204270
v -0.073380 0.256241 -0.205400
v -0.054337 0.230164 -0.222396
v -0.019623 0.230133 -0.223238
v -0.019623 0.233917 -0.217706
v -0.059418 0.234070 -0.217907
v -0.058395 0.230347 -0.223545
v -0.077347 0.255951 -0.207721
v -0.081757 0.240891 -0.199118
v -0.076706 0.238007 -0.203269
v -0.089615 0.212708 -0.207570
v -0.086090 0.240509 -0.196239
v -0.093201 0.215042 -0.203257
v -0.124680 0.211578 -0.173470
v -0.133469 0.206970 -0.164420
v -0.124298 0.185349 -0.177742
v -0.135010 0.186707 -0.165926
v -0.132889 0.163071 -0.190917
v -0.142883 0.161835 -0.177993
v -0.089722 0.158051 -0.261610
v -0.095566 0.151474 -0.253985
v -0.046463 0.217804 -0.241909
v -0.019623 0.217651 -0.242706
v -0.019623 0.220810 -0.237196
v -0.048981 0.221207 -0.236123
v -0.045532 0.208084 -0.269124
v -0.019623 0.208160 -0.269468
v -0.019623 0.210312 -0.257268
v -0.043167 0.210220 -0.256894
v -0.048309 0.209259 -0.267592
v -0.071014 0.186249 -0.297864
v -0.069504 0.176865 -0.273475
v -0.077957 0.164810 -0.284898
v -0.070374 0.175308 -0.278867
v -0.146927 0.163727 -0.284708
v -0.141068 0.155075 -0.274690
v -0.149094 0.152283 -0.264075
v -0.155243 0.160950 -0.274761
v -0.159515 0.161163 -0.272033
v -0.167603 0.157959 -0.261624
v -0.092331 0.152405 -0.276315
v -0.094788 0.150955 -0.275478
v -0.106537 0.151154 -0.278590
v -0.180405 0.159088 -0.245315
v -0.090546 0.156464 -0.284497
v -0.123764 0.166412 -0.300906
v -0.130402 0.167831 -0.300600
v -0.192535 0.158661 -0.206247
v -0.200577 0.166138 -0.222007
v -0.164963 0.212601 -0.127897
v -0.161636 0.216354 -0.114678
v -0.164627 0.219894 -0.106962
v -0.168060 0.213730 -0.122048
v -0.173004 0.213638 -0.120982
v -0.176102 0.214767 -0.115097
v -0.169373 0.218521 -0.103915
v -0.166656 0.232285 -0.100846
v -0.170898 0.236725 -0.094061
v -0.172318 0.222076 -0.096193
v -0.141251 0.221893 -0.137515
v -0.140579 0.231476 -0.134413
v -0.146896 0.230682 -0.127015
v -0.147278 0.220978 -0.129416
v -0.139664 0.219574 -0.149192
v -0.133804 0.220963 -0.157008
v -0.131210 0.224823 -0.149061
v -0.137314 0.223938 -0.140840
v -0.117050 0.237442 -0.175504
v -0.113602 0.247284 -0.176835
v -0.117035 0.244766 -0.170449
v -0.116699 0.238663 -0.173659
v -0.138824 0.186523 -0.162478
v -0.137405 0.207581 -0.161223
v -0.141464 0.204132 -0.158626
v -0.141937 0.182404 -0.160777
v -0.145599 0.203888 -0.155700
v -0.149750 0.201263 -0.153119
v -0.153748 0.178101 -0.153625
v -0.164581 0.169571 -0.156750
v -0.162186 0.196243 -0.145826
v -0.167099 0.193069 -0.143617
v -0.146957 0.161606 -0.174663
v -0.160675 0.159500 -0.176558
v -0.182358 0.170670 -0.154758
v -0.056564 0.232437 -0.227492
v -0.087616 0.155533 -0.281530
v -0.117950 0.152878 -0.277939
v -0.155807 0.153137 -0.193789
v -0.157318 0.151688 -0.195078
v -0.167374 0.209442 -0.144875
v -0.054016 0.213425 -0.305881
v -0.019623 0.211594 -0.303800
v -0.042770 0.214493 -0.255742
v -0.019623 0.214523 -0.256150
v -0.045868 0.220108 -0.246055
v -0.019623 0.219910 -0.246863
v -0.019623 0.225494 -0.237115
v -0.048920 0.225922 -0.235881
v -0.058380 0.238266 -0.217732
v -0.019623 0.238281 -0.218399
v -0.053848 0.209259 -0.269879
v -0.050369 0.212433 -0.270869
v -0.051575 0.211914 -0.254848
v -0.047562 0.215057 -0.256115
v -0.046844 0.212906 -0.252353
v -0.054352 0.216766 -0.245774
v -0.050827 0.220047 -0.247211
v -0.053864 0.225433 -0.237573
v -0.057175 0.221725 -0.236037
v -0.051529 0.221146 -0.237760
v -0.053711 0.232208 -0.226660
v -0.065964 0.206985 -0.242724
v -0.061722 0.206604 -0.251661
v -0.056946 0.204636 -0.269261
v -0.056717 0.205261 -0.277161
v -0.072556 0.178635 -0.281488
v -0.059174 0.205750 -0.260672
v -0.073502 0.178467 -0.272282
v -0.076202 0.179443 -0.262914
v -0.079605 0.169373 -0.285572
v -0.072540 0.190491 -0.295721
v -0.064026 0.191010 -0.288347
v -0.121201 0.170151 -0.299173
v -0.092697 0.156937 -0.277653
v -0.090057 0.160706 -0.273973
v -0.088593 0.156967 -0.271402
v -0.070511 0.207230 -0.233423
v -0.082916 0.179321 -0.240342
v -0.080383 0.210846 -0.222682
v -0.086456 0.172516 -0.248573
v -0.091370 0.161972 -0.263883
v -0.086853 0.160492 -0.265025
v -0.106796 0.154053 -0.275306
v -0.131210 0.169327 -0.296474
v -0.126038 0.161713 -0.287726
v -0.134277 0.166199 -0.297322
v -0.128845 0.158127 -0.288216
v -0.142944 0.164047 -0.287963
v -0.143372 0.166794 -0.284004
v -0.136841 0.155273 -0.277544
v -0.138016 0.158752 -0.274498
v -0.129562 0.154358 -0.264076
v -0.118484 0.149750 -0.249704
v -0.106476 0.150848 -0.259964
v -0.099014 0.153961 -0.253007
v -0.101624 0.166092 -0.234042
v -0.094177 0.181366 -0.217932
v -0.110489 0.167206 -0.222648
v -0.102493 0.183914 -0.207850
v -0.141739 0.152023 -0.251357
v -0.130737 0.148590 -0.239184
v -0.144043 0.147858 -0.250671
v -0.132019 0.144470 -0.237024
v -0.155884 0.164047 -0.271134
v -0.150314 0.155777 -0.261060
v -0.153305 0.152023 -0.261158
v -0.162033 0.152771 -0.248084
v -0.165192 0.149841 -0.247367
v -0.167816 0.161179 -0.258595
v -0.153442 0.149689 -0.239120
v -0.152405 0.146057 -0.241208
v -0.140594 0.143585 -0.230327
v -0.142685 0.147430 -0.228945
v -0.130127 0.156494 -0.219388
v -0.110886 0.186447 -0.197680
v -0.133072 0.166550 -0.194294
v -0.125275 0.187088 -0.182139
v -0.135986 0.158966 -0.202909
v -0.139236 0.162415 -0.202401
v -0.153214 0.147476 -0.208849
v -0.139450 0.158798 -0.199156
v -0.162857 0.150131 -0.224535
v -0.159912 0.153351 -0.226345
v -0.176270 0.161560 -0.245760
v -0.146545 0.164474 -0.178149
v -0.162720 0.163910 -0.176517
v -0.176819 0.159988 -0.188843
v -0.175751 0.155518 -0.189790
v -0.192688 0.163025 -0.204543
v -0.199768 0.170151 -0.219475
v -0.198135 0.166214 -0.168486
v -0.184418 0.174805 -0.156094
v -0.139297 0.187775 -0.166937
v -0.090210 0.214539 -0.211807
v -0.086151 0.241150 -0.200704
v -0.077347 0.238876 -0.207850
v -0.058060 0.253113 -0.207460
v -0.019623 0.251709 -0.209042
v -0.071289 0.256241 -0.209752
v -0.078995 0.250092 -0.208858
v -0.105316 0.216110 -0.197846
v -0.097687 0.215286 -0.204917
v -0.112991 0.216675 -0.190789
v -0.125595 0.211960 -0.178145
v -0.137833 0.207108 -0.165818
v -0.145981 0.203918 -0.160378
v -0.146393 0.184052 -0.162010
v -0.154190 0.200806 -0.154899
v -0.161804 0.198074 -0.149718
v -0.170822 0.193344 -0.146731
v -0.078033 0.252411 -0.204535
v -0.076202 0.253616 -0.212779
v -0.165009 0.215469 -0.138691
v -0.183456 0.252960 -0.086284
v -0.185379 0.254959 -0.085043
v -0.212418 0.273590 -0.101585
v -0.135956 0.225510 -0.162496
v -0.103455 0.261444 -0.189947
v -0.098953 0.262177 -0.188475
v -0.115738 0.248932 -0.181206
v -0.119293 0.242615 -0.166344
v -0.121658 0.243698 -0.170409
v -0.127090 0.233185 -0.162423
v -0.127838 0.231750 -0.165863
v -0.122665 0.239822 -0.160080
v -0.127289 0.238754 -0.160034
v -0.132416 0.227859 -0.152225
v -0.132736 0.233948 -0.149911
v -0.131027 0.233246 -0.145654
v -0.133759 0.225174 -0.158080
v -0.142059 0.232239 -0.138927
v -0.141968 0.225220 -0.141109
v -0.144119 0.217880 -0.147312
v -0.143509 0.222412 -0.148616
v -0.151566 0.230499 -0.127683
v -0.151932 0.222336 -0.129601
v -0.153824 0.219345 -0.138778
v -0.149948 0.216553 -0.139155
v -0.163528 0.216492 -0.129066
v -0.161621 0.219620 -0.118231
v -0.161041 0.228760 -0.116451
v -0.159500 0.227859 -0.111857
v -0.170959 0.217621 -0.122318
v -0.178940 0.218658 -0.115407
v -0.176651 0.224075 -0.096965
v -0.181915 0.241119 -0.084303
v -0.178009 0.240921 -0.083114
v -0.183884 0.227646 -0.088093
v -0.185913 0.243515 -0.082010
v -0.186691 0.219666 -0.108688
v -0.193115 0.220657 -0.104565
v -0.202744 0.226379 -0.104097
v -0.198013 0.234467 -0.085314
v -0.194382 0.244019 -0.081466
v -0.195618 0.250336 -0.082192
v -0.202591 0.264786 -0.092405
v -0.206009 0.264359 -0.089658
v -0.129120 0.232071 -0.168545
v -0.355789 0.352463 -0.343930
v -0.449066 0.317337 -0.247125
v -0.448364 0.319946 -0.249692
v -0.176193 0.340652 -0.058684
v -0.174683 0.336777 -0.057867
v -0.212097 0.284744 -0.096663
v -0.218079 0.279251 -0.099463
v -0.019623 0.312332 -0.409960
v -0.019623 0.309677 -0.413565
v -0.019623 0.339355 -0.412778
v -0.019623 0.336868 -0.416551
v -0.046829 0.336716 -0.416852
v -0.045502 0.339386 -0.413239
v -0.019623 0.341873 -0.416571
v -0.044693 0.341965 -0.416752
v -0.063202 0.315735 -0.445332
v -0.052094 0.324982 -0.411675
v -0.049347 0.328461 -0.415183
v -0.047195 0.327774 -0.415650
v -0.047409 0.325455 -0.411681
v -0.048889 0.328796 -0.417233
v -0.053329 0.326324 -0.416740
v -0.049896 0.322540 -0.417042
v -0.066986 0.304977 -0.444848
v -0.066986 0.312729 -0.450475
v -0.065048 0.322311 -0.450758
v -0.088470 0.304626 -0.477806
v -0.086166 0.327225 -0.473181
v -0.064468 0.329163 -0.451118
v -0.124237 0.283661 -0.498507
v -0.125076 0.287186 -0.495152
v -0.088898 0.292801 -0.472841
v -0.086075 0.289398 -0.474932
v -0.089813 0.313766 -0.478680
v -0.124130 0.324142 -0.488276
v -0.125885 0.299622 -0.497948
v -0.137848 0.300705 -0.497596
v -0.169632 0.304581 -0.494602
v -0.137695 0.303375 -0.501078
v -0.155182 0.325638 -0.483426
v -0.205933 0.328766 -0.471948
v -0.122086 0.341904 -0.479706
v -0.142227 0.340775 -0.474385
v -0.079987 0.344315 -0.464326
v -0.191025 0.340729 -0.460130
v -0.233337 0.347214 -0.443624
v -0.167480 0.312500 -0.491759
v -0.169983 0.281464 -0.490982
v -0.196152 0.288651 -0.487984
v -0.220642 0.297760 -0.482981
v -0.238846 0.271011 -0.470509
v -0.260742 0.279633 -0.466987
v -0.245697 0.306534 -0.478854
v -0.273071 0.351364 -0.423265
v -0.326385 0.347321 -0.393748
v -0.305908 0.324280 -0.453472
v -0.283615 0.292618 -0.462032
v -0.284592 0.293716 -0.466541
v -0.335510 0.330627 -0.425782
v -0.332962 0.327087 -0.430272
v -0.340729 0.340042 -0.400031
v -0.299179 0.271027 -0.443609
v -0.329697 0.282318 -0.433537
v -0.326569 0.285370 -0.431622
v -0.357773 0.305115 -0.412275
v -0.354019 0.307281 -0.410312
v -0.346664 0.273331 -0.407931
v -0.367706 0.288116 -0.394629
v -0.387772 0.307922 -0.374143
v -0.383987 0.344131 -0.311597
v -0.373672 0.329575 -0.387992
v -0.370422 0.338486 -0.356652
v -0.369751 0.342926 -0.358047
v -0.372986 0.326828 -0.391422
v -0.367950 0.347244 -0.326410
v -0.354538 0.352127 -0.281632
v -0.408524 0.322220 -0.347446
v -0.399246 0.323059 -0.360244
v -0.400681 0.326004 -0.355426
v -0.410812 0.304886 -0.341794
v -0.422165 0.318634 -0.323373
v -0.395157 0.344208 -0.298363
v -0.422180 0.322006 -0.319559
v -0.419937 0.331284 -0.291409
v -0.432266 0.315689 -0.304163
v -0.434906 0.318283 -0.307023
v -0.433884 0.329193 -0.242112
v -0.391663 0.350555 -0.275930
v -0.388504 0.346970 -0.276660
v -0.335480 0.352234 -0.229367
v -0.321838 0.350861 -0.186043
v -0.350739 0.346588 -0.211179
v -0.382095 0.345276 -0.248625
v -0.394012 0.340683 -0.229433
v -0.363983 0.339066 -0.197483
v -0.377090 0.331635 -0.183875
v -0.383316 0.326950 -0.177858
v -0.358307 0.327744 -0.148530
v -0.332031 0.344696 -0.175621
v -0.311539 0.349640 -0.146114
v -0.321854 0.342712 -0.139902
v -0.345291 0.336136 -0.162028
v -0.333054 0.332123 -0.127618
v -0.303864 0.343292 -0.109232
v -0.303757 0.348053 -0.108401
v -0.297852 0.351028 -0.109134
v -0.294037 0.349396 -0.111547
v -0.308929 0.335037 -0.099989
v -0.389267 0.322464 -0.171966
v -0.392075 0.324097 -0.168958
v -0.431488 0.321060 -0.197983
v -0.402100 0.310150 -0.162734
v -0.373123 0.306824 -0.132875
v -0.402237 0.314743 -0.161625
v -0.348068 0.310699 -0.110269
v -0.351166 0.310928 -0.106622
v -0.321320 0.311951 -0.084004
v -0.318741 0.312546 -0.087979
v -0.414154 0.299637 -0.153703
v -0.437653 0.313538 -0.193450
v -0.381760 0.296799 -0.125498
v -0.352173 0.301224 -0.105021
v -0.313461 0.327606 -0.091436
v -0.244324 0.321823 -0.054680
v -0.212021 0.331604 -0.044054
v -0.192657 0.344284 -0.035788
v -0.281998 0.310059 -0.063202
v -0.280029 0.311340 -0.067356
v -0.449219 0.311447 -0.235126
v -0.445007 0.313568 -0.234372
v -0.445068 0.305069 -0.193157
v -0.441345 0.306808 -0.193693
v -0.416885 0.293121 -0.152597
v -0.443695 0.309631 -0.191752
v -0.413696 0.284042 -0.153006
v -0.441223 0.298340 -0.195023
v -0.445236 0.295639 -0.194582
v -0.383499 0.279709 -0.126040
v -0.384171 0.289749 -0.124163
v -0.353638 0.281219 -0.105798
v -0.353745 0.293304 -0.103747
v -0.325211 0.291260 -0.085275
v -0.324371 0.280182 -0.092037
v -0.266739 0.291824 -0.059567
v -0.267349 0.292511 -0.055321
v -0.287292 0.290085 -0.061229
v -0.285828 0.288788 -0.064960
v -0.286728 0.299835 -0.061354
v -0.285568 0.296967 -0.064421
v -0.286972 0.294891 -0.060853
v -0.242249 0.293991 -0.062279
v -0.223846 0.290726 -0.073660
v -0.220673 0.289536 -0.070420
v -0.231735 0.280685 -0.080240
v -0.252136 0.282181 -0.076039
v -0.223892 0.309967 -0.049813
v -0.211548 0.318802 -0.046458
v -0.207367 0.315460 -0.057203
v -0.203430 0.314423 -0.054653
v -0.185608 0.341385 -0.042985
v -0.182205 0.349854 -0.036592
v -0.184601 0.337494 -0.041080
v -0.203842 0.332458 -0.041805
v -0.209732 0.301758 -0.074998
v -0.205902 0.300858 -0.072411
v -0.218216 0.287704 -0.084973
v -0.225372 0.279816 -0.089684
v -0.386902 0.280533 -0.375919
v -0.378098 0.267670 -0.369206
v -0.381409 0.268127 -0.372505
v -0.406708 0.261917 -0.339691
v -0.405075 0.265701 -0.338294
v -0.426620 0.262589 -0.299900
v -0.406693 0.273056 -0.339543
v -0.427612 0.273926 -0.299633
v -0.445358 0.282608 -0.243040
v -0.444809 0.267242 -0.239960
v -0.421143 0.255722 -0.296909
v -0.439346 0.255844 -0.237005
v -0.434402 0.263123 -0.195212
v -0.288116 0.364502 -0.380336
v -0.328888 0.358643 -0.338573
v -0.313171 0.361404 -0.340927
v -0.274033 0.366455 -0.381075
v -0.231903 0.366394 -0.408363
v -0.250153 0.362366 -0.412683
v -0.196091 0.367798 -0.426524
v -0.212921 0.361588 -0.432219
v -0.160370 0.367096 -0.444752
v -0.174301 0.358566 -0.450157
v -0.129593 0.357559 -0.467998
v -0.116653 0.382492 -0.445285
v -0.070404 0.381607 -0.439941
v -0.076675 0.369232 -0.454195
v -0.117386 0.368118 -0.461785
v -0.158524 0.370300 -0.441319
v -0.137955 0.383759 -0.434722
v -0.270950 0.367615 -0.377215
v -0.309341 0.362289 -0.337741
v -0.248230 0.372696 -0.372286
v -0.198181 0.394180 -0.349594
v -0.232178 0.382690 -0.317802
v -0.218262 0.388641 -0.313461
v -0.178970 0.405563 -0.343481
v -0.161667 0.424652 -0.331082
v -0.127060 0.441666 -0.352003
v -0.143539 0.426102 -0.359875
v -0.177322 0.407944 -0.339367
v -0.215775 0.390732 -0.309665
v -0.199402 0.406189 -0.301061
v -0.107635 0.473434 -0.318931
v -0.130905 0.461212 -0.303699
v -0.120132 0.472626 -0.296425
v -0.107361 0.480911 -0.306147
v -0.138962 0.467407 -0.255867
v -0.149307 0.458618 -0.263326
v -0.181259 0.430588 -0.237175
v -0.218628 0.406036 -0.196907
v -0.206009 0.414200 -0.191314
v -0.169373 0.441666 -0.229502
v -0.251221 0.382309 -0.128973
v -0.228867 0.398346 -0.157677
v -0.244812 0.392731 -0.166964
v -0.264771 0.377457 -0.137385
v -0.114731 0.403717 -0.420878
v -0.149673 0.397781 -0.405229
v -0.129852 0.412140 -0.397170
v -0.111633 0.414978 -0.405210
v -0.209961 0.374252 -0.399698
v -0.173447 0.381302 -0.417858
v -0.194153 0.370346 -0.422640
v -0.229584 0.368210 -0.404261
v -0.285263 0.368484 -0.146503
v -0.263916 0.363998 -0.096745
v -0.164825 0.436050 -0.157545
v -0.194183 0.410263 -0.135169
v -0.156982 0.440430 -0.151191
v -0.183289 0.376251 -0.053506
v -0.227081 0.363205 -0.059764
v -0.192062 0.367523 -0.047536
v -0.166962 0.373734 -0.045380
v -0.177170 0.362610 -0.039790
v -0.164963 0.400467 -0.070442
v -0.196198 0.389267 -0.081707
v -0.208557 0.381027 -0.072348
v -0.172256 0.392273 -0.066291
v -0.135574 0.400558 -0.067673
v -0.145844 0.402588 -0.062634
v -0.153519 0.394119 -0.056136
v -0.145157 0.390976 -0.057962
v -0.149109 0.426682 -0.091747
v -0.175049 0.410400 -0.106800
v -0.181931 0.402557 -0.099651
v -0.156113 0.414932 -0.082462
v -0.128937 0.376083 -0.094234
v -0.117493 0.410858 -0.087662
v -0.119675 0.402863 -0.088370
v -0.094864 0.397751 -0.119888
v -0.077713 0.503784 -0.185262
v -0.106537 0.498184 -0.182333
v -0.071304 0.517807 -0.223376
v -0.095535 0.513580 -0.228017
v -0.098099 0.513168 -0.215460
v -0.071930 0.517105 -0.211969
v -0.065216 0.516617 -0.223157
v -0.065765 0.515762 -0.211583
v -0.064987 0.514771 -0.254137
v -0.071030 0.515762 -0.254257
v -0.069473 0.518112 -0.244885
v -0.063049 0.516785 -0.244642
v -0.102676 0.495544 -0.283409
v -0.108337 0.491440 -0.278956
v -0.073624 0.501999 -0.286318
v -0.071335 0.509842 -0.273231
v -0.075241 0.452118 -0.359152
v -0.077103 0.464127 -0.343163
v -0.140442 0.444473 -0.109191
v -0.122192 0.446808 -0.100657
v -0.114120 0.454498 -0.109406
v -0.134521 0.452286 -0.117186
v -0.104355 0.469055 -0.126292
v -0.095047 0.478790 -0.142552
v -0.076675 0.479340 -0.321439
v -0.075958 0.488739 -0.308166
v -0.055145 0.513031 -0.219794
v -0.054581 0.512131 -0.210851
v -0.019623 0.512360 -0.220758
v -0.052200 0.511780 -0.220228
v -0.050995 0.511597 -0.211264
v -0.019623 0.511703 -0.211541
v -0.054916 0.509552 -0.248347
v -0.055237 0.512604 -0.239601
v -0.052170 0.512726 -0.239903
v -0.062775 0.500000 -0.279606
v -0.068542 0.501404 -0.286174
v -0.064972 0.508057 -0.272968
v -0.059875 0.503891 -0.267153
v -0.053162 0.510849 -0.211706
v -0.097672 0.465332 -0.126353
v -0.090912 0.474380 -0.140591
v -0.063843 0.479553 -0.312983
v -0.062378 0.487823 -0.301281
v -0.019623 0.480377 -0.315659
v -0.019623 0.488342 -0.303270
v -0.019623 0.510086 -0.248946
v -0.019623 0.512833 -0.239933
v -0.068893 0.436676 -0.378029
v -0.073349 0.437119 -0.379290
v -0.074890 0.449081 -0.363289
v -0.068649 0.447189 -0.361239
v -0.064011 0.417038 -0.397631
v -0.060486 0.415436 -0.389848
v -0.056946 0.405899 -0.404250
v -0.063232 0.405579 -0.411222
v -0.069824 0.418701 -0.400393
v -0.067917 0.406860 -0.413668
v -0.051880 0.377838 -0.409813
v -0.049057 0.379745 -0.409731
v -0.045975 0.363541 -0.413863
v -0.049606 0.364761 -0.412855
v -0.051865 0.379959 -0.411581
v -0.049255 0.363586 -0.415843
v -0.061783 0.380646 -0.433090
v -0.060333 0.368027 -0.442488
v -0.075607 0.364975 -0.456882
v -0.077850 0.359879 -0.460081
v -0.119949 0.358261 -0.470967
v -0.055649 0.361649 -0.439589
v -0.060455 0.358551 -0.447936
v -0.059494 0.363480 -0.444548
v -0.066788 0.433975 -0.367669
v -0.067612 0.435516 -0.370307
v -0.066986 0.447647 -0.353789
v -0.058136 0.416061 -0.389039
v -0.019623 0.420959 -0.384679
v -0.019623 0.404358 -0.400731
v -0.052811 0.405106 -0.401902
v -0.056824 0.404892 -0.400909
v -0.263351 0.365662 -0.098556
v -0.153961 0.442978 -0.152223
v -0.087967 0.437500 -0.133946
v -0.019623 0.424667 -0.381086
v -0.019623 0.419952 -0.380049
v -0.057938 0.414963 -0.384403
v -0.059097 0.419479 -0.385378
v -0.063065 0.413910 -0.385036
v -0.065170 0.416656 -0.388083
v -0.063812 0.429337 -0.367985
v -0.064804 0.433914 -0.368778
v -0.019623 0.434631 -0.371223
v -0.019623 0.430023 -0.370299
v -0.071136 0.432007 -0.371565
v -0.068558 0.428543 -0.368261
v -0.070724 0.431961 -0.378058
v -0.066620 0.432022 -0.381029
v -0.066040 0.421051 -0.394670
v -0.067535 0.416412 -0.394298
v -0.071121 0.417313 -0.395990
v -0.110779 0.413330 -0.400769
v -0.019623 0.447662 -0.351030
v -0.019623 0.448929 -0.355607
v -0.064468 0.448151 -0.353458
v -0.063599 0.446899 -0.349005
v -0.019623 0.452332 -0.351888
v -0.068069 0.446304 -0.348676
v -0.070831 0.449585 -0.350792
v -0.075485 0.447495 -0.358693
v -0.072128 0.446945 -0.357885
v -0.108765 0.444794 -0.362846
v -0.107330 0.443192 -0.358569
v -0.077255 0.462372 -0.338718
v -0.073151 0.461838 -0.337960
v -0.068054 0.463791 -0.329782
v -0.070374 0.467087 -0.330560
v -0.062408 0.474976 -0.313815
v -0.019623 0.475632 -0.315595
v -0.066666 0.474487 -0.313223
v -0.069229 0.477417 -0.313936
v -0.072418 0.474091 -0.320682
v -0.058670 0.493393 -0.280707
v -0.059967 0.497864 -0.279210
v -0.019623 0.498413 -0.280857
v -0.019623 0.493729 -0.281566
v -0.062546 0.492966 -0.279757
v -0.061356 0.485687 -0.297383
v -0.065308 0.485229 -0.296619
v -0.068146 0.487869 -0.297267
v -0.065628 0.496002 -0.280234
v -0.069641 0.496613 -0.286175
v -0.071854 0.486465 -0.303345
v -0.075851 0.486816 -0.303814
v -0.105225 0.479141 -0.302264
v -0.101089 0.491028 -0.284083
v -0.073517 0.497253 -0.286381
v -0.019623 0.501358 -0.263814
v -0.019623 0.504150 -0.267512
v -0.057068 0.503860 -0.267509
v -0.056061 0.501114 -0.263968
v -0.059891 0.500702 -0.262991
v -0.063034 0.503983 -0.263323
v -0.067307 0.506577 -0.269279
v -0.065933 0.510849 -0.268423
v -0.071213 0.507507 -0.269341
v -0.053665 0.505325 -0.250341
v -0.019623 0.505493 -0.250219
v -0.054657 0.508438 -0.253758
v -0.019623 0.508621 -0.253771
v -0.057327 0.504745 -0.249553
v -0.057739 0.511368 -0.248094
v -0.060471 0.507584 -0.249455
v -0.063873 0.512650 -0.258914
v -0.066116 0.510284 -0.255384
v -0.070541 0.511154 -0.255569
v -0.019623 0.509552 -0.237085
v -0.051315 0.509476 -0.237146
v -0.057877 0.511139 -0.236081
v -0.064835 0.513992 -0.241771
v -0.064346 0.517792 -0.239747
v -0.069839 0.514862 -0.241954
v -0.091217 0.510208 -0.248385
v -0.070221 0.518738 -0.239882
v -0.093307 0.513672 -0.246075
v -0.065796 0.512802 -0.225926
v -0.057098 0.509705 -0.222610
v -0.071030 0.513901 -0.226065
v -0.070709 0.518036 -0.228480
v -0.064285 0.516769 -0.228168
v -0.095551 0.513458 -0.233459
v -0.093582 0.509995 -0.230770
v -0.054230 0.507675 -0.223239
v -0.050751 0.508484 -0.223447
v -0.072250 0.513092 -0.210416
v -0.096024 0.509811 -0.213302
v -0.066910 0.511932 -0.210429
v -0.056458 0.508713 -0.209738
v -0.019623 0.508102 -0.211160
v -0.050354 0.508041 -0.210832
v -0.032455 0.490036 -0.201397
v -0.019623 0.489853 -0.196718
v -0.019623 0.490067 -0.201468
v -0.050034 0.488983 -0.199972
v -0.054092 0.488602 -0.199350
v -0.056488 0.490845 -0.197280
v -0.073593 0.500443 -0.189755
v -0.077911 0.501495 -0.189372
v -0.105484 0.495209 -0.186034
v -0.126968 0.475876 -0.179121
v -0.123566 0.473358 -0.177358
v -0.131760 0.473297 -0.221673
v -0.128204 0.471069 -0.219412
v -0.125076 0.480316 -0.239869
v -0.068558 0.402161 -0.413136
v -0.072205 0.381012 -0.435501
v -0.115906 0.381302 -0.440638
v -0.063812 0.385117 -0.431477
v -0.065369 0.380844 -0.429963
v -0.071487 0.385559 -0.436702
v -0.062317 0.382339 -0.424094
v -0.058182 0.381577 -0.426221
v -0.059998 0.386246 -0.425409
v -0.056168 0.381439 -0.410166
v -0.059418 0.402023 -0.404372
v -0.057968 0.400238 -0.401024
v -0.052353 0.401306 -0.400252
v -0.052292 0.400879 -0.404372
v -0.019623 0.400528 -0.399013
v -0.054749 0.380356 -0.405728
v -0.048920 0.381149 -0.405227
v -0.049454 0.384659 -0.408477
v -0.019623 0.380692 -0.404732
v -0.019623 0.379333 -0.409329
v -0.019623 0.384171 -0.407905
v -0.045441 0.360428 -0.410522
v -0.019623 0.363373 -0.414040
v -0.019623 0.360229 -0.410784
v -0.045792 0.358566 -0.414720
v -0.019623 0.358444 -0.414990
v -0.052704 0.360519 -0.415851
v -0.051498 0.359955 -0.410864
v -0.048813 0.356522 -0.414172
v -0.048691 0.358566 -0.416636
v -0.059311 0.363052 -0.437302
v -0.056412 0.366470 -0.438048
v -0.062439 0.364182 -0.441212
v -0.077454 0.364990 -0.452746
v -0.158386 0.365494 -0.440723
v -0.135986 0.382263 -0.430759
v -0.171356 0.379211 -0.414237
v -0.171829 0.383865 -0.413825
v -0.148621 0.393005 -0.405604
v -0.150925 0.395142 -0.409349
v -0.188126 0.382416 -0.391113
v -0.185394 0.379715 -0.387802
v -0.207748 0.371506 -0.396568
v -0.250870 0.357758 -0.413394
v -0.213257 0.356903 -0.432324
v -0.174347 0.353867 -0.449576
v -0.129211 0.352966 -0.466948
v -0.119812 0.353760 -0.469423
v -0.078934 0.355713 -0.457991
v -0.062881 0.354797 -0.446091
v -0.127594 0.410431 -0.393333
v -0.163727 0.400604 -0.373965
v -0.142166 0.421402 -0.360302
v -0.124374 0.440170 -0.348370
v -0.158615 0.423035 -0.327840
v -0.160263 0.427429 -0.327104
v -0.175797 0.403320 -0.340395
v -0.166367 0.402496 -0.377349
v -0.200562 0.391922 -0.353434
v -0.197586 0.389618 -0.350636
v -0.289108 0.360062 -0.381549
v -0.310440 0.357849 -0.339082
v -0.271729 0.363068 -0.378487
v -0.249496 0.370667 -0.327320
v -0.219360 0.380890 -0.360015
v -0.219513 0.375931 -0.360867
v -0.280075 0.364212 -0.333293
v -0.312119 0.360214 -0.293097
v -0.232239 0.378220 -0.319161
v -0.251465 0.374023 -0.275529
v -0.251404 0.378906 -0.274481
v -0.214935 0.385880 -0.310819
v -0.269730 0.369720 -0.283075
v -0.269043 0.374176 -0.281721
v -0.196106 0.404343 -0.298274
v -0.231964 0.386444 -0.265973
v -0.141556 0.442535 -0.315622
v -0.177521 0.422607 -0.286073
v -0.129196 0.456833 -0.304481
v -0.106262 0.468857 -0.319332
v -0.162567 0.438553 -0.275389
v -0.164215 0.442780 -0.274071
v -0.116745 0.471161 -0.293458
v -0.106354 0.487259 -0.280089
v -0.147644 0.454437 -0.264785
v -0.179886 0.426453 -0.239022
v -0.151520 0.452637 -0.215863
v -0.199814 0.414703 -0.250093
v -0.196228 0.412643 -0.247759
v -0.221558 0.404160 -0.200550
v -0.218048 0.401672 -0.198633
v -0.183517 0.428558 -0.241228
v -0.165695 0.439545 -0.227427
v -0.202271 0.411758 -0.189727
v -0.142624 0.458862 -0.206331
v -0.174896 0.426956 -0.170728
v -0.175797 0.430557 -0.167838
v -0.142944 0.451904 -0.173547
v -0.144836 0.455063 -0.170472
v -0.125916 0.476303 -0.174191
v -0.163849 0.432587 -0.160591
v -0.284317 0.369644 -0.232713
v -0.283920 0.374298 -0.231380
v -0.235352 0.388763 -0.268341
v -0.266449 0.376831 -0.223755
v -0.301010 0.364166 -0.239583
v -0.300293 0.368591 -0.238019
v -0.287796 0.365524 -0.290426
v -0.205963 0.406342 -0.141504
v -0.193893 0.406586 -0.138150
v -0.197266 0.409760 -0.139152
v -0.167374 0.435516 -0.161868
v -0.230255 0.385345 -0.116896
v -0.219635 0.388412 -0.112951
v -0.225204 0.395508 -0.156520
v -0.247482 0.379395 -0.128320
v -0.225296 0.399689 -0.154382
v -0.244736 0.388489 -0.168901
v -0.264771 0.373444 -0.139776
v -0.268433 0.376282 -0.140666
v -0.248260 0.391235 -0.170346
v -0.281677 0.369797 -0.143202
v -0.281540 0.365677 -0.145498
v -0.260468 0.380417 -0.176111
v -0.260666 0.384796 -0.174333
v -0.233276 0.392883 -0.206650
v -0.276352 0.372269 -0.183471
v -0.248657 0.383987 -0.214836
v -0.292679 0.365219 -0.189521
v -0.158325 0.428833 -0.135923
v -0.194092 0.387207 -0.085495
v -0.180649 0.398010 -0.099175
v -0.205948 0.397339 -0.108288
v -0.131973 0.450577 -0.120992
v -0.172379 0.408661 -0.110392
v -0.146683 0.425354 -0.095684
v -0.154617 0.410461 -0.082507
v -0.162918 0.399078 -0.074572
v -0.171204 0.387802 -0.066713
v -0.207458 0.376678 -0.072202
v -0.251999 0.357483 -0.083086
v -0.216614 0.367798 -0.066355
v -0.181549 0.375473 -0.057910
v -0.166168 0.374420 -0.050245
v -0.145767 0.402542 -0.067581
v -0.137375 0.415222 -0.077156
v -0.130096 0.429367 -0.084523
v -0.129776 0.428558 -0.089225
v -0.138824 0.440125 -0.108697
v -0.178192 0.358673 -0.042322
v -0.191742 0.363464 -0.049211
v -0.232361 0.346817 -0.057912
v -0.201080 0.352859 -0.047195
v -0.225754 0.359222 -0.060702
v -0.105209 0.464432 -0.126640
v -0.101044 0.462067 -0.126927
v -0.094696 0.477066 -0.147130
v -0.092468 0.473907 -0.145245
v -0.113815 0.453323 -0.114120
v -0.107529 0.451599 -0.115844
v -0.114075 0.441071 -0.104679
v -0.087509 0.465790 -0.151639
v -0.085190 0.464752 -0.147557
v -0.062378 0.439041 -0.164047
v -0.063400 0.440598 -0.168729
v -0.043686 0.445251 -0.164526
v -0.044113 0.446304 -0.169162
v -0.019623 0.447739 -0.166080
v -0.019623 0.449051 -0.170544
v -0.044846 0.449890 -0.166176
v -0.019623 0.452682 -0.167281
v -0.019623 0.455612 -0.167988
v -0.019623 0.455658 -0.171818
v -0.041595 0.455429 -0.172249
v -0.041656 0.455490 -0.168214
v -0.072021 0.421600 -0.157136
v -0.071655 0.425797 -0.155743
v -0.046188 0.436798 -0.159324
v -0.045944 0.434647 -0.164613
v -0.065994 0.428467 -0.164312
v -0.063934 0.428391 -0.159230
v -0.019623 0.439392 -0.167464
v -0.019623 0.444916 -0.165394
v -0.047333 0.439575 -0.162427
v -0.048126 0.425690 -0.154433
v -0.092941 0.421158 -0.129128
v -0.129211 0.413910 -0.079530
v -0.120026 0.413177 -0.090130
v -0.137955 0.402527 -0.071210
v -0.123383 0.400955 -0.090942
v -0.098984 0.396255 -0.121872
v -0.077515 0.492584 -0.167952
v -0.079895 0.488861 -0.168599
v -0.103760 0.383820 -0.120518
v -0.109421 0.373459 -0.120484
v -0.126648 0.388626 -0.091732
v -0.147919 0.388489 -0.060565
v -0.155655 0.372086 -0.065626
v -0.130737 0.380219 -0.095731
v -0.127075 0.380615 -0.092641
v -0.161667 0.371750 -0.051966
v -0.019623 0.505890 -0.262785
v -0.019623 0.329819 -0.195927
v -0.019623 0.431122 -0.374836
v -0.019623 0.259186 -0.394814
v -0.019623 0.466629 -0.336271
v -0.019623 0.400146 -0.403195
v -0.019623 0.441681 -0.158656
v -0.019623 0.442093 -0.162243
v -0.019623 0.459412 -0.170708
v -0.019623 0.466309 -0.181547
v -0.019623 0.472580 -0.186898
v -0.019623 0.467819 -0.185721
v -0.019623 0.227280 -0.227395
v -0.019623 0.223480 -0.232926
v -0.019623 0.216660 -0.340052
v -0.019623 0.219864 -0.347818
v -0.019623 0.217590 -0.337008
v -0.019623 0.263336 -0.392575
v -0.019623 0.300629 -0.411882
v -0.019623 0.288879 -0.408894
v -0.019623 0.211685 -0.272637
v -0.019623 0.465149 -0.331947
v -0.019623 0.486145 -0.299244
v -0.019623 0.508530 -0.223557
v -0.019623 0.438217 -0.158513
v -0.019623 0.439133 -0.154869
v -0.153549 0.299301 -0.084071
v -0.106827 0.288574 -0.148712
v -0.123199 0.279312 -0.131443
v -0.136963 0.320084 -0.102508
v -0.151749 0.329758 -0.081003
v -0.126923 0.343231 -0.107903
v -0.115479 0.358215 -0.117421
v -0.107788 0.264130 -0.154799
v -0.154526 0.240555 -0.110089
v -0.113922 0.357391 -0.119573
v -0.146408 0.454620 -0.175308
v -0.287628 0.372833 -0.234493
v -0.290176 0.206131 -0.405973
v -0.123352 0.271255 -0.496321
v -0.344223 0.207062 -0.359644
v -0.286087 0.162506 -0.262268
v -0.278580 0.162338 -0.257615
v -0.297684 0.163559 -0.215720
v -0.236145 0.166061 -0.268570
v -0.284286 0.166199 -0.303408
v -0.160385 0.169479 -0.337222
v -0.164749 0.166656 -0.346654
v -0.181763 0.165253 -0.386591
v -0.089523 0.154358 -0.280115
v -0.048248 0.436035 -0.157143
v -0.041092 0.330933 -0.189177
v -0.088791 0.272949 -0.195468
v -0.173904 0.236649 -0.089913
v -0.089493 0.424225 -0.127491
v -0.213669 0.403290 -0.255205
v -0.207672 0.376053 -0.395546
v -0.144653 0.444168 -0.318810
v -0.084641 0.265091 -0.466889
v -0.085617 0.278702 -0.471723
v -0.107925 0.432465 -0.381132
v -0.077866 0.210281 -0.351656
v -0.068176 0.220016 -0.348056
v -0.072922 0.250107 -0.210135
v -0.064423 0.430435 -0.372532
v -0.046875 0.259262 -0.395278
v -0.019623 0.292114 -0.409956
v -0.019623 0.432373 -0.151055
v -0.042130 0.459274 -0.171160
v -0.068359 0.177078 -0.283189
v -0.080078 0.210526 -0.342797
v -0.064987 0.223923 -0.350366
v -0.066422 0.223038 -0.346913
v -0.167053 0.150314 -0.235702
v -0.257553 0.255768 -0.460085
v -0.221924 0.257095 -0.471877
v -0.056839 0.345886 -0.448828
v -0.088364 0.443390 -0.135801
v -0.189011 0.170181 -0.306895
v -0.318359 0.185638 -0.341747
v -0.151657 0.180222 -0.312836
v -0.266312 0.211716 -0.093572
v -0.065552 0.228149 -0.351780
v -0.067917 0.237396 -0.408102
v -0.285553 0.170593 -0.304701
v -0.287994 0.166580 -0.263292
v -0.346664 0.175171 -0.247762
v -0.065781 0.267532 -0.440718
v -0.083954 0.255524 -0.463402
v -0.119110 0.249557 -0.487759
v -0.116135 0.241898 -0.483810
v -0.168625 0.244095 -0.484350
v -0.114044 0.227188 -0.470042
v -0.219559 0.239426 -0.470537
v -0.124954 0.301926 -0.501647
v -0.441635 0.313721 -0.191951
v -0.353546 0.304855 -0.103267
v -0.325180 0.302322 -0.081485
v -0.250351 0.309219 -0.051001
v -0.445023 0.300522 -0.192869
v -0.019623 0.328049 -0.415637
v -0.161346 0.149292 -0.250613
v -0.050079 0.218430 -0.242461
v -0.163681 0.232635 -0.104959
v -0.137405 0.232773 -0.138234
v -0.199493 0.167542 -0.166618
v -0.045670 0.211578 -0.272452
v -0.019623 0.232071 -0.227541
v -0.065201 0.232422 -0.219563
v -0.109116 0.154846 -0.242084
v -0.086380 0.178604 -0.227622
v -0.119690 0.155670 -0.230686
v -0.167313 0.154755 -0.233770
v -0.168259 0.232773 -0.105510
v -0.169052 0.221878 -0.107658
v -0.175430 0.236893 -0.094592
v -0.188721 0.229645 -0.086502
v -0.019623 0.325790 -0.411352
v -0.070190 0.302521 -0.450292
v -0.063034 0.343353 -0.451723
v -0.060242 0.343246 -0.447568
v -0.307236 0.305847 -0.450037
v -0.421631 0.335861 -0.261146
v -0.409225 0.335327 -0.215494
v -0.345261 0.353867 -0.257568
v -0.269440 0.335648 -0.073277
v -0.323868 0.299057 -0.084012
v -0.236496 0.321228 -0.052042
v -0.248718 0.311020 -0.055053
v -0.254730 0.377121 -0.277788
v -0.233810 0.397354 -0.205167
v -0.197464 0.416946 -0.246184
v -0.151184 0.456223 -0.267380
v -0.186066 0.384659 -0.387081
v -0.137360 0.419693 -0.075782
v -0.108185 0.369568 -0.117970
v -0.087036 0.447495 -0.138618
v -0.064941 0.433334 -0.161971
v -0.073624 0.432510 -0.378803
v -0.063553 0.464279 -0.330213
v -0.076538 0.474579 -0.321280
v -0.054871 0.508728 -0.236639
v -0.053726 0.507217 -0.210787
v -0.194107 0.365509 -0.422753
v -0.229935 0.363480 -0.405053
v -0.245758 0.369431 -0.369813
v -0.330048 0.354294 -0.339977
v -0.135315 0.465622 -0.253418
v -0.212677 0.398773 -0.256624
v -0.125122 0.461029 -0.133278
v -0.120102 0.470779 -0.145898
v -0.164108 0.419266 -0.121412
v -0.090912 0.444550 -0.139364
v -0.047089 0.432800 -0.157703
v -0.019623 0.429367 -0.153751
v -0.111649 0.440048 -0.100501
v -0.111588 0.440231 -0.100687
v -0.110947 0.440033 -0.101460
v -0.051208 0.311798 -0.414401
v -0.050491 0.308899 -0.414354
v -0.182693 0.352539 -0.040602
v -0.197342 0.399796 -0.118990
v -0.193512 0.402084 -0.120749
v -0.183350 0.353912 -0.038339
v -0.141754 0.362976 -0.082890
v -0.151688 0.346878 -0.064212
v -0.116531 0.247574 -0.141519
v -0.127090 0.241562 -0.122471
v -0.050507 0.245026 -0.385959
v -0.052246 0.244705 -0.384297
v -0.142273 0.251770 -0.099238
v -0.159103 0.284546 -0.072565
v -0.155182 0.262772 -0.081226
v -0.163071 0.315826 -0.066199
v 0.059525 0.506775 -0.264591
v 0.079147 0.487183 -0.246270
v 0.053482 0.513367 -0.251390
v 0.076538 0.483231 -0.154603
v 0.104019 0.453720 -0.149624
v 0.083099 0.474960 -0.146765
v 0.136169 0.421249 -0.134171
v 0.121719 0.432526 -0.137369
v 0.115402 0.440842 -0.146726
v 0.198654 0.377960 -0.095732
v 0.183716 0.391754 -0.113573
v 0.190674 0.389236 -0.114363
v 0.160675 0.412766 -0.153359
v 0.139130 0.429810 -0.172121
v 0.148010 0.425812 -0.178349
v 0.279449 0.362610 -0.246190
v 0.264877 0.367447 -0.241099
v 0.233414 0.372955 -0.285044
v 0.211304 0.336273 -0.057955
v 0.228577 0.345352 -0.074018
v 0.230392 0.340164 -0.071548
v 0.247849 0.356415 -0.109500
v 0.250946 0.356079 -0.111321
v 0.188095 0.359344 -0.056643
v 0.213135 0.350357 -0.067548
v 0.194550 0.350845 -0.055796
v 0.269684 0.339828 -0.099593
v 0.247589 0.333618 -0.078769
v 0.268219 0.345047 -0.106576
v 0.324997 0.323624 -0.140068
v 0.312454 0.325363 -0.123572
v 0.322586 0.329559 -0.146605
v 0.300629 0.344467 -0.401107
v 0.308517 0.352158 -0.358268
v 0.290680 0.349915 -0.395620
v 0.247375 0.285370 -0.062584
v 0.250183 0.279633 -0.067255
v 0.247665 0.279144 -0.067120
v 0.226120 0.328720 -0.061503
v 0.206070 0.324890 -0.051102
v 0.202377 0.330521 -0.050406
v 0.400620 0.327682 -0.213161
v 0.392548 0.325729 -0.196811
v 0.387802 0.331787 -0.199104
v 0.365982 0.240311 -0.133685
v 0.349197 0.260193 -0.126739
v 0.374069 0.264984 -0.149359
v 0.372406 0.236435 -0.150994
v 0.389954 0.238770 -0.191636
v 0.383163 0.230225 -0.185150
v 0.135529 0.332199 -0.061447
v 0.149796 0.312332 -0.072154
v 0.139709 0.307556 -0.063649
v 0.207489 0.211777 -0.091414
v 0.205093 0.193909 -0.120184
v 0.195511 0.212296 -0.096428
v 0.368149 0.243500 -0.310385
v 0.354950 0.246490 -0.336600
v 0.351059 0.237854 -0.333930
v 0.374237 0.306717 -0.345373
v 0.385284 0.321350 -0.326657
v 0.376144 0.322739 -0.344558
v 0.373489 0.321594 -0.348774
v 0.353119 0.288956 -0.372881
v 0.316422 0.309235 -0.414317
v 0.334976 0.329788 -0.395164
v 0.321762 0.330460 -0.410098
v 0.336334 0.251297 -0.366721
v 0.355957 0.250748 -0.339867
v 0.359131 0.252670 -0.338223
v 0.343307 0.219025 -0.325325
v 0.317505 0.210968 -0.349080
v 0.336319 0.212860 -0.323918
v 0.269409 0.307571 -0.454325
v 0.294769 0.329895 -0.434216
v 0.274338 0.325882 -0.453671
v 0.132904 0.297562 -0.498619
v 0.158737 0.308365 -0.493632
v 0.131210 0.302765 -0.498613
v 0.217499 0.245071 -0.459703
v 0.241943 0.249176 -0.447169
v 0.218521 0.251831 -0.461183
v 0.131805 0.278107 -0.494113
v 0.095901 0.269775 -0.495155
v 0.128937 0.265793 -0.491063
v 0.242737 0.191208 -0.390200
v 0.210022 0.184265 -0.401466
v 0.239670 0.189163 -0.388295
v 0.160416 0.174698 -0.150635
v 0.158478 0.169418 -0.161983
v 0.147629 0.172562 -0.152545
v 0.121521 0.152267 -0.199553
v 0.146484 0.157440 -0.229764
v 0.131958 0.151871 -0.227000
v 0.030807 0.190918 -0.299695
v 0.037628 0.197815 -0.308031
v 0.033661 0.200821 -0.306654
v 0.118973 0.198792 -0.147378
v 0.113495 0.185501 -0.152435
v 0.114532 0.200180 -0.150231
v 0.057785 0.213470 -0.200399
v 0.058914 0.230820 -0.193317
v 0.061661 0.215530 -0.196531
v 0.022064 0.238419 -0.212856
v 0.019623 0.236389 -0.214210
v 0.028137 0.204712 -0.305269
v 0.014374 0.208923 -0.304575
v 0.012985 0.205658 -0.292759
v 0.014053 0.226974 -0.361575
v 0.014771 0.234283 -0.371465
v 0.011887 0.234482 -0.371635
v 0.019485 0.248764 -0.205577
v 0.032684 0.251740 -0.208001
v 0.048462 0.271179 -0.198874
v 0.044754 0.269562 -0.200542
v 0.016556 0.263306 -0.195443
v 0.087173 0.244431 -0.143273
v 0.076584 0.259689 -0.173808
v 0.071091 0.264755 -0.156892
v 0.032272 0.491287 -0.303622
v 0.027954 0.497986 -0.290236
v 0.023087 0.495819 -0.284196
v 0.144867 0.215744 -0.108131
v 0.141800 0.214767 -0.114078
v 0.137970 0.220856 -0.093292
v 0.017349 0.324707 -0.196497
v 0.032440 0.305603 -0.193433
v 0.017914 0.290207 -0.189554
v 0.085419 0.385284 -0.089927
v 0.106781 0.386276 -0.057479
v 0.110001 0.383591 -0.055292
v 0.009201 0.342194 -0.417953
v 0.016403 0.353928 -0.441699
v 0.016922 0.357285 -0.442646
v 0.050247 0.508423 -0.266367
v 0.030746 0.514328 -0.259219
v 0.031784 0.511856 -0.268527
v 0.026581 0.476730 -0.317911
v 0.029236 0.471863 -0.330200
v 0.034134 0.466537 -0.338583
v 0.075714 0.400467 -0.424930
v 0.027740 0.403442 -0.417395
v 0.026581 0.399918 -0.420894
v 0.054581 0.227020 -0.447611
v 0.071152 0.214508 -0.454299
v 0.073166 0.217026 -0.458867
v 0.159485 0.213638 -0.127312
v 0.167221 0.221680 -0.115536
v 0.167343 0.219254 -0.117546
v 0.194794 0.180588 -0.162392
v 0.184860 0.184311 -0.156343
v 0.162521 0.210754 -0.129466
v 0.026260 0.236038 -0.212332
v 0.023788 0.236542 -0.214872
v 0.030182 0.204727 -0.229944
v 0.025055 0.230606 -0.215525
v 0.010651 0.207932 -0.273018
v 0.012924 0.204880 -0.279022
v 0.012817 0.205200 -0.285981
v 0.027802 0.465530 -0.334490
v 0.028824 0.453735 -0.350430
v 0.032028 0.451599 -0.358403
v 0.034637 0.395004 -0.162723
v 0.044113 0.378281 -0.149928
v 0.049713 0.366516 -0.145263
v 0.039352 0.342255 -0.152974
v 0.045151 0.355591 -0.147795
v 0.057648 0.340805 -0.146669
v 0.048279 0.301422 -0.172072
v 0.052307 0.289566 -0.182693
v 0.034286 0.318558 -0.170068
v 0.034744 0.311981 -0.181551
v 0.020538 0.328934 -0.182338
v 0.158340 0.243927 -0.078870
v 0.159622 0.250198 -0.079517
v 0.168747 0.245865 -0.084079
v 0.159973 0.215134 -0.123986
v 0.011398 0.209198 -0.251549
v 0.010071 0.214905 -0.247055
v 0.015335 0.203979 -0.261078
v 0.037048 0.168228 -0.289013
v 0.048431 0.169678 -0.296499
v 0.031174 0.173996 -0.289824
v 0.016602 0.219986 -0.231745
v 0.017624 0.223572 -0.228459
v 0.022247 0.205536 -0.242592
v 0.042007 0.163208 -0.277726
v 0.032608 0.175385 -0.269233
v 0.032501 0.177841 -0.263520
v 0.158936 0.178497 -0.244060
v 0.161682 0.177063 -0.245539
v 0.160461 0.177170 -0.247583
v 0.048691 0.270554 -0.202011
v 0.034912 0.250000 -0.207906
v 0.033295 0.238693 -0.206492
v 0.010376 0.204941 -0.288267
v 0.009018 0.289902 -0.407645
v 0.012695 0.291763 -0.410362
v 0.010818 0.292023 -0.409712
v 0.183304 0.267395 -0.102892
v 0.181107 0.250259 -0.101493
v 0.175369 0.257355 -0.093388
v 0.075104 0.359695 -0.118340
v 0.077225 0.358002 -0.121666
v 0.061188 0.343170 -0.146891
v 0.078781 0.358841 -0.119514
v 0.094482 0.366074 -0.098616
v 0.073212 0.337341 -0.132715
v 0.118668 0.373749 -0.049414
v 0.112289 0.372589 -0.063091
v 0.356064 0.281998 -0.366158
v 0.371353 0.274490 -0.341666
v 0.372726 0.280090 -0.342798
v 0.399551 0.264236 -0.193913
v 0.380310 0.268021 -0.160323
v 0.405518 0.280197 -0.196050
v 0.124802 0.333389 -0.055339
v 0.143875 0.256363 -0.082693
v 0.136703 0.258698 -0.078480
v 0.139236 0.260849 -0.078119
v 0.133530 0.338028 -0.060015
v 0.179886 0.248062 -0.100486
v 0.178162 0.232224 -0.100066
v 0.175735 0.230682 -0.101162
v 0.175934 0.275787 -0.098663
v 0.183014 0.270187 -0.101063
v 0.170792 0.280426 -0.096472
v 0.169083 0.281311 -0.097698
v 0.409012 0.302155 -0.246359
v 0.410751 0.304733 -0.244058
v 0.410751 0.305466 -0.246698
v 0.011185 0.316284 -0.416162
v 0.408676 0.288986 -0.220420
v 0.407440 0.283279 -0.204672
v 0.305496 0.257019 -0.401639
v 0.317978 0.261429 -0.394445
v 0.346756 0.281540 -0.377683
v 0.280151 0.256332 -0.424099
v 0.260620 0.253845 -0.437696
v 0.255585 0.251648 -0.437845
v 0.237137 0.256165 -0.452738
v 0.226440 0.257385 -0.459130
v 0.183426 0.258713 -0.473898
v 0.181412 0.259781 -0.475634
v 0.140640 0.264359 -0.487970
v 0.186783 0.268616 -0.103583
v 0.184830 0.264587 -0.102148
v 0.046432 0.407578 -0.130552
v 0.035004 0.398590 -0.156372
v 0.034088 0.402771 -0.154818
v 0.113205 0.389130 -0.054774
v 0.039185 0.489441 -0.164445
v 0.042740 0.491943 -0.165044
v 0.040207 0.487991 -0.162682
v 0.024216 0.402466 -0.415427
v 0.090576 0.433304 -0.088126
v 0.079559 0.432526 -0.090477
v 0.083466 0.443054 -0.097169
v -0.006775 0.494247 -0.199161
v 0.319092 0.328873 -0.412733
v 0.269669 0.284912 -0.450292
v 0.269806 0.323318 -0.456613
v 0.228989 0.297226 -0.476198
v 0.206314 0.308731 -0.483133
v 0.229874 0.322617 -0.475970
v 0.188538 0.314697 -0.487581
v 0.237854 0.186523 -0.384389
v 0.208527 0.182739 -0.399485
v 0.235535 0.184601 -0.382042
v 0.314590 0.207779 -0.347640
v 0.327774 0.203186 -0.318984
v 0.334045 0.209122 -0.321343
v 0.369141 0.232590 -0.147588
v 0.380890 0.225723 -0.184834
v 0.374268 0.216965 -0.179328
v 0.206894 0.189270 -0.130229
v 0.204285 0.187271 -0.131587
v 0.190674 0.217834 -0.097766
v 0.193863 0.214020 -0.098389
v 0.191254 0.212402 -0.099176
v 0.193695 0.263031 -0.096322
v 0.190582 0.263336 -0.096543
v 0.193802 0.267273 -0.096256
v 0.169876 0.221786 -0.113836
v 0.169907 0.221313 -0.117012
v 0.222153 0.261169 -0.092084
v 0.222229 0.263123 -0.090694
v 0.225006 0.261627 -0.090402
v 0.219589 0.261627 -0.089812
v 0.211060 0.261002 -0.090741
v 0.211227 0.262985 -0.089314
v 0.213699 0.261536 -0.089101
v 0.208511 0.261444 -0.088472
v 0.066452 0.189987 -0.355307
v 0.064911 0.188385 -0.357370
v 0.038162 0.211578 -0.367692
v 0.034927 0.209366 -0.369942
v 0.195465 0.185059 -0.404740
v 0.193497 0.184677 -0.405566
v 0.193451 0.180099 -0.405672
v 0.314316 0.258987 -0.108421
v 0.315720 0.260056 -0.105375
v 0.318497 0.258911 -0.106370
v 0.313110 0.258835 -0.104074
v 0.299744 0.258743 -0.105021
v 0.300659 0.260147 -0.101719
v 0.303604 0.258850 -0.101805
v 0.298065 0.258865 -0.100480
v 0.284882 0.258362 -0.101444
v 0.285614 0.260254 -0.098063
v 0.288345 0.258881 -0.098162
v 0.282837 0.259048 -0.097161
v 0.264847 0.259430 -0.098884
v 0.265289 0.261520 -0.095458
v 0.268311 0.259918 -0.095312
v 0.262314 0.260269 -0.094550
v 0.244644 0.260529 -0.096288
v 0.244965 0.262772 -0.092854
v 0.248108 0.261108 -0.092741
v 0.241882 0.261353 -0.092043
v 0.233353 0.260590 -0.095165
v 0.233597 0.262939 -0.091774
v 0.236511 0.261444 -0.091520
v 0.230743 0.261536 -0.090960
v 0.329361 0.259140 -0.118172
v 0.331085 0.260468 -0.115384
v 0.334015 0.259384 -0.116373
v 0.329025 0.259232 -0.113163
v 0.344910 0.259201 -0.128150
v 0.346436 0.260880 -0.125394
v 0.362976 0.238297 -0.136207
v 0.363617 0.235718 -0.131823
v 0.387329 0.242386 -0.192377
v 0.389664 0.243393 -0.187967
v 0.391876 0.243439 -0.191612
v 0.305405 0.211533 -0.358023
v 0.009384 0.284561 -0.407445
v 0.005295 0.278900 -0.406235
v 0.006439 0.280457 -0.404983
v 0.239334 0.244873 -0.447368
v 0.217407 0.240189 -0.458410
v 0.216110 0.235855 -0.457720
v 0.370255 0.240479 -0.303319
v 0.349518 0.233566 -0.331750
v 0.344467 0.222763 -0.328523
v 0.305588 0.231537 -0.387026
v 0.325439 0.244537 -0.373894
v 0.305710 0.239212 -0.392201
v 0.372650 0.246262 -0.296350
v 0.375961 0.244705 -0.296744
v 0.332474 0.251236 -0.364086
v 0.330795 0.250488 -0.365395
v 0.334610 0.246948 -0.364698
v 0.326218 0.248840 -0.376035
v 0.306061 0.257553 -0.398012
v 0.307846 0.255569 -0.400758
v 0.311081 0.257248 -0.398633
v 0.248550 0.249496 -0.438767
v 0.252396 0.248749 -0.440559
v 0.034470 0.245926 -0.427618
v 0.027832 0.249100 -0.428069
v 0.028046 0.246490 -0.426270
v 0.049927 0.233719 -0.441609
v 0.045822 0.234543 -0.444912
v 0.045502 0.230804 -0.441510
v 0.014038 0.287140 -0.408243
v 0.024124 0.252731 -0.423776
v 0.398483 0.318832 -0.298852
v 0.397263 0.314346 -0.304762
v 0.399490 0.315155 -0.299763
v 0.374771 0.326218 -0.343517
v 0.353516 0.328262 -0.372499
v 0.351944 0.324646 -0.377667
v 0.353638 0.325150 -0.375527
v 0.321838 0.333450 -0.407175
v 0.273575 0.329239 -0.452165
v 0.406662 0.325592 -0.247376
v 0.399872 0.321747 -0.287300
v 0.318542 0.331787 -0.411410
v 0.320908 0.335648 -0.405885
v 0.319397 0.335251 -0.408364
v 0.351456 0.327011 -0.376462
v 0.352661 0.330353 -0.371171
v 0.351700 0.329971 -0.373353
v 0.247025 0.289444 -0.464403
v 0.223602 0.276108 -0.469277
v 0.219559 0.258209 -0.463001
v 0.262512 0.267517 -0.445240
v 0.243546 0.255447 -0.448899
v 0.257462 0.253876 -0.440588
v 0.310211 0.269745 -0.408896
v 0.289093 0.257339 -0.417541
v 0.306595 0.259293 -0.404698
v 0.352554 0.305756 -0.375452
v 0.331940 0.285080 -0.395779
v 0.349579 0.290298 -0.377937
v 0.364395 0.322327 -0.361437
v 0.371994 0.329315 -0.343578
v 0.365891 0.327591 -0.356261
v 0.335098 0.341187 -0.357021
v 0.338959 0.331253 -0.388721
v 0.343491 0.348602 -0.312878
v 0.212952 0.333374 -0.056698
v 0.233383 0.336304 -0.069866
v 0.235687 0.331390 -0.067980
v 0.274994 0.331635 -0.090680
v 0.249191 0.330933 -0.075721
v 0.272751 0.336823 -0.096853
v 0.349548 0.326782 -0.171613
v 0.333908 0.323990 -0.150452
v 0.347305 0.329620 -0.175376
v 0.402924 0.324860 -0.211756
v 0.399033 0.317398 -0.191810
v 0.396042 0.322327 -0.195313
v 0.179123 0.301437 -0.058576
v 0.185394 0.305527 -0.048123
v 0.191635 0.301620 -0.050213
v 0.171982 0.338989 -0.040157
v 0.192566 0.334198 -0.047190
v 0.173843 0.334167 -0.040359
v 0.211807 0.280563 -0.071660
v 0.202713 0.289413 -0.061688
v 0.212402 0.287811 -0.058006
v 0.305344 0.342667 -0.401450
v 0.300552 0.332016 -0.427779
v 0.286179 0.351959 -0.394361
v 0.305893 0.354477 -0.353153
v 0.271820 0.359283 -0.387955
v 0.254181 0.342758 -0.438366
v 0.265182 0.358292 -0.395004
v 0.236008 0.353714 -0.426559
v 0.249939 0.339615 -0.444951
v 0.215988 0.337204 -0.460299
v 0.232574 0.327713 -0.470285
v 0.180664 0.321243 -0.485120
v 0.205307 0.335510 -0.463825
v 0.167816 0.329941 -0.476434
v 0.103333 0.276154 -0.496218
v 0.130707 0.282806 -0.495589
v 0.133102 0.292084 -0.497857
v 0.022186 0.326874 -0.453671
v 0.020035 0.327393 -0.449766
v 0.023132 0.324280 -0.454064
v 0.017715 0.340851 -0.449378
v 0.012131 0.338364 -0.428362
v 0.018738 0.330597 -0.448282
v 0.405930 0.327637 -0.227784
v 0.052399 0.276489 -0.194090
v 0.026733 0.206070 -0.233352
v 0.025482 0.203903 -0.239083
v 0.020370 0.227310 -0.222757
v 0.042862 0.177841 -0.227381
v 0.041946 0.176102 -0.237003
v 0.040085 0.208542 -0.218627
v 0.013809 0.214432 -0.241526
v 0.013397 0.219803 -0.236718
v 0.018021 0.205246 -0.251976
v 0.012207 0.205780 -0.267221
v 0.008072 0.210526 -0.257315
v 0.013657 0.203629 -0.270446
v 0.026688 0.180374 -0.290477
v 0.022018 0.186951 -0.288238
v 0.014999 0.201630 -0.275627
v 0.046448 0.158905 -0.275062
v 0.047150 0.157059 -0.279848
v 0.035461 0.176010 -0.259840
v 0.086197 0.230347 -0.171132
v 0.081543 0.234222 -0.174001
v 0.113937 0.169983 -0.163267
v 0.106583 0.182755 -0.157242
v 0.109924 0.179199 -0.155873
v 0.032349 0.208145 -0.306490
v 0.032227 0.204666 -0.308415
v 0.031235 0.205826 -0.309992
v 0.021576 0.227646 -0.227786
v 0.018570 0.227234 -0.225557
v 0.031815 0.178986 -0.289436
v 0.029404 0.178528 -0.292127
v 0.029343 0.176361 -0.287795
v 0.048401 0.161011 -0.282559
v 0.047684 0.159470 -0.280482
v 0.049194 0.160019 -0.287898
v 0.044312 0.159317 -0.284195
v 0.055313 0.171585 -0.296725
v 0.053955 0.166748 -0.297187
v 0.059631 0.168991 -0.301617
v 0.069336 0.188980 -0.310268
v 0.068329 0.188248 -0.314109
v 0.061203 0.189575 -0.312372
v 0.070236 0.186569 -0.312894
v 0.066376 0.184952 -0.311962
v 0.072235 0.170944 -0.301970
v 0.071289 0.165955 -0.301929
v 0.074966 0.168381 -0.304471
v 0.076508 0.186874 -0.307546
v 0.078857 0.184158 -0.310257
v 0.073715 0.185593 -0.311831
v 0.083908 0.184067 -0.304832
v 0.084549 0.183563 -0.308872
v 0.082169 0.183228 -0.309249
v 0.087326 0.182190 -0.307482
v 0.094803 0.182800 -0.300751
v 0.098801 0.180740 -0.303146
v 0.093262 0.181442 -0.305237
v 0.068283 0.159378 -0.287358
v 0.068069 0.154724 -0.286665
v 0.071640 0.156372 -0.289516
v 0.069138 0.159149 -0.293470
v 0.061066 0.156174 -0.287398
v 0.039841 0.180283 -0.253308
v 0.037567 0.177811 -0.249366
v 0.038544 0.176056 -0.251071
v 0.058289 0.153763 -0.272886
v 0.057480 0.149918 -0.270611
v 0.079651 0.157486 -0.278439
v 0.077194 0.153503 -0.280095
v 0.075363 0.156082 -0.276657
v 0.073288 0.151749 -0.274518
v 0.077057 0.156052 -0.274792
v 0.105759 0.181595 -0.296760
v 0.107483 0.180771 -0.300294
v 0.104477 0.180038 -0.301001
v 0.109863 0.179535 -0.298159
v 0.114944 0.181641 -0.290683
v 0.118866 0.179031 -0.291797
v 0.114655 0.179260 -0.294772
v 0.054108 0.164795 -0.244920
v 0.051102 0.161667 -0.246578
v 0.049789 0.163910 -0.244496
v 0.124435 0.181290 -0.284150
v 0.128189 0.178513 -0.285211
v 0.124054 0.178741 -0.288125
v 0.133331 0.180740 -0.277906
v 0.135910 0.179153 -0.280364
v 0.133331 0.178223 -0.281568
v 0.137024 0.177917 -0.277476
v 0.080139 0.168289 -0.211238
v 0.080170 0.164932 -0.207756
v 0.112122 0.150970 -0.211652
v 0.110611 0.146561 -0.213140
v 0.108917 0.147888 -0.211544
v 0.143845 0.179245 -0.259898
v 0.147903 0.176620 -0.259330
v 0.145065 0.176956 -0.264055
v 0.154770 0.177948 -0.241689
v 0.157974 0.176483 -0.243575
v 0.156097 0.175644 -0.245654
v 0.158798 0.175476 -0.240993
v 0.147980 0.162201 -0.229722
v 0.150681 0.158890 -0.227277
v 0.151901 0.160004 -0.229034
v 0.148621 0.158783 -0.232650
v 0.118896 0.156326 -0.193595
v 0.119705 0.153687 -0.189799
v 0.121643 0.152893 -0.192145
v 0.128265 0.170929 -0.159872
v 0.130402 0.172272 -0.153304
v 0.130569 0.168564 -0.156619
v 0.155807 0.163467 -0.183883
v 0.156998 0.159775 -0.186996
v 0.154617 0.159302 -0.183836
v 0.157867 0.161118 -0.180434
v 0.159714 0.161865 -0.183100
v 0.162567 0.177933 -0.227603
v 0.166855 0.175537 -0.226558
v 0.163971 0.175507 -0.231722
v 0.170700 0.178635 -0.214752
v 0.171799 0.174835 -0.216548
v 0.173889 0.176559 -0.215229
v 0.174042 0.176025 -0.211744
v 0.178131 0.183105 -0.183458
v 0.180008 0.179626 -0.185247
v 0.177307 0.177139 -0.182855
v 0.181198 0.180862 -0.182963
v 0.180466 0.180359 -0.179886
v 0.158539 0.171875 -0.166292
v 0.162659 0.169479 -0.165681
v 0.159592 0.171783 -0.168684
v 0.140457 0.188477 -0.143687
v 0.145432 0.194794 -0.136861
v 0.142838 0.185196 -0.141494
v 0.137985 0.184204 -0.142465
v 0.137512 0.187973 -0.140807
v 0.117416 0.168900 -0.168000
v 0.114609 0.164337 -0.168343
v 0.114319 0.181488 -0.156821
v 0.024170 0.237976 -0.218847
v 0.049637 0.265747 -0.203517
v 0.047882 0.267746 -0.200779
v 0.049500 0.263962 -0.198870
v 0.045197 0.263092 -0.201471
v 0.060715 0.237778 -0.194575
v 0.056137 0.239273 -0.192074
v 0.061630 0.251083 -0.195814
v 0.057861 0.254059 -0.193518
v 0.061905 0.249283 -0.190930
v 0.074753 0.237381 -0.187453
v 0.072693 0.238113 -0.184430
v 0.074127 0.235550 -0.182841
v 0.070404 0.238022 -0.185303
v 0.086472 0.227890 -0.178245
v 0.081863 0.229462 -0.176744
v 0.085800 0.226379 -0.173650
v 0.097748 0.218124 -0.169280
v 0.096024 0.219818 -0.166172
v 0.097504 0.218170 -0.164399
v 0.093048 0.220703 -0.167943
v 0.108017 0.215057 -0.161098
v 0.106171 0.216507 -0.157947
v 0.107605 0.214905 -0.156299
v 0.103729 0.216156 -0.159410
v 0.118362 0.212051 -0.152837
v 0.116333 0.213181 -0.149721
v 0.117874 0.211578 -0.148067
v 0.114044 0.212814 -0.151134
v 0.141113 0.210510 -0.140286
v 0.136902 0.209610 -0.137564
v 0.142746 0.210022 -0.135487
v 0.154785 0.211304 -0.135456
v 0.154266 0.211685 -0.131505
v 0.150436 0.210571 -0.132756
v 0.161591 0.177994 -0.152667
v 0.160278 0.176620 -0.148921
v 0.155640 0.212509 -0.133725
v 0.157593 0.211823 -0.130245
v 0.159897 0.207413 -0.133766
v 0.154984 0.208008 -0.131488
v 0.063797 0.258469 -0.192839
v 0.062271 0.255203 -0.189656
v 0.059219 0.258743 -0.191696
v 0.067017 0.266800 -0.188205
v 0.062927 0.268234 -0.186223
v 0.066345 0.265549 -0.183670
v 0.079834 0.257019 -0.178535
v 0.077560 0.258057 -0.175851
v 0.078033 0.256241 -0.173813
v 0.075165 0.258636 -0.177082
v 0.076370 0.243881 -0.184416
v 0.073166 0.241959 -0.183226
v 0.071396 0.244629 -0.183555
v 0.074326 0.241455 -0.180816
v 0.085770 0.251450 -0.168329
v 0.081360 0.253265 -0.168078
v 0.083649 0.251175 -0.164103
v 0.091324 0.246216 -0.158643
v 0.086975 0.248199 -0.158370
v 0.089279 0.246109 -0.154387
v 0.096802 0.241058 -0.149085
v 0.094452 0.242874 -0.146739
v 0.095276 0.241745 -0.144631
v 0.092575 0.243134 -0.148667
v 0.105392 0.239502 -0.137787
v 0.100800 0.240509 -0.137277
v 0.103851 0.239822 -0.133237
v 0.106277 0.222290 -0.154799
v 0.105804 0.218445 -0.156092
v 0.103149 0.219131 -0.156722
v 0.107086 0.217758 -0.153423
v 0.114059 0.237961 -0.126348
v 0.109406 0.238571 -0.125855
v 0.112427 0.237900 -0.121840
v 0.116409 0.218781 -0.146701
v 0.115738 0.215057 -0.147807
v 0.113037 0.215683 -0.148432
v 0.117111 0.214279 -0.145028
v 0.122711 0.236404 -0.114866
v 0.119904 0.238098 -0.113124
v 0.121216 0.237671 -0.110180
v 0.117996 0.236649 -0.114438
v 0.130157 0.241867 -0.105040
v 0.125275 0.240891 -0.104833
v 0.128418 0.243408 -0.100668
v 0.134018 0.216034 -0.135634
v 0.136429 0.212158 -0.134280
v 0.131653 0.211899 -0.136003
v 0.143005 0.216537 -0.132419
v 0.145447 0.212662 -0.131036
v 0.140656 0.212402 -0.132757
v 0.137527 0.247452 -0.095275
v 0.132690 0.246796 -0.095047
v 0.135696 0.249176 -0.091075
v 0.151917 0.217026 -0.129190
v 0.152466 0.213165 -0.129814
v 0.149673 0.212906 -0.129511
v 0.154099 0.213165 -0.127936
v 0.157104 0.217239 -0.127213
v 0.156158 0.213303 -0.127221
v 0.164276 0.224655 -0.115478
v 0.164566 0.219528 -0.117468
v 0.168304 0.223206 -0.112065
v 0.082260 0.238846 -0.173978
v 0.079910 0.235611 -0.170085
v 0.010437 0.311646 -0.410211
v 0.010132 0.313553 -0.414450
v 0.008621 0.339447 -0.413801
v 0.011261 0.339386 -0.415586
v 0.009033 0.341507 -0.414888
v 0.012558 0.338654 -0.419437
v 0.023224 0.327850 -0.447344
v 0.018631 0.325806 -0.446601
v 0.084000 0.310135 -0.496321
v 0.083740 0.308792 -0.500463
v 0.086517 0.309143 -0.500411
v 0.131638 0.295090 -0.494651
v 0.118973 0.289948 -0.498285
v 0.212662 0.334946 -0.456996
v 0.213654 0.340012 -0.456779
v 0.181519 0.316437 -0.484183
v 0.183990 0.318008 -0.487000
v 0.186874 0.320206 -0.485290
v 0.179214 0.316971 -0.483778
v 0.174271 0.316681 -0.488799
v 0.173340 0.312393 -0.486567
v 0.171005 0.314407 -0.490448
v 0.169022 0.311264 -0.487654
v 0.172012 0.312439 -0.491151
v 0.173294 0.310242 -0.491162
v 0.088531 0.271606 -0.492128
v 0.087326 0.270370 -0.495717
v 0.134552 0.266312 -0.485858
v 0.133087 0.264801 -0.489610
v 0.181000 0.281860 -0.481325
v 0.181976 0.283356 -0.485366
v 0.177948 0.281860 -0.486183
v 0.182114 0.278381 -0.483969
v 0.184341 0.279221 -0.483650
v 0.224716 0.298630 -0.474238
v 0.226959 0.301575 -0.477701
v 0.222916 0.299576 -0.478811
v 0.225677 0.295593 -0.477032
v 0.182693 0.261108 -0.471370
v 0.187912 0.259369 -0.473540
v 0.230728 0.319641 -0.472326
v 0.230957 0.317398 -0.476327
v 0.234726 0.321136 -0.474521
v 0.233459 0.323837 -0.468735
v 0.231537 0.326172 -0.472368
v 0.254135 0.337723 -0.438814
v 0.258530 0.340546 -0.440417
v 0.267853 0.356369 -0.387113
v 0.312027 0.350220 -0.342815
v 0.313416 0.350479 -0.357142
v 0.271576 0.328232 -0.448886
v 0.276428 0.331238 -0.448395
v 0.271149 0.332199 -0.450009
v 0.269638 0.330536 -0.453259
v 0.264114 0.285904 -0.449652
v 0.265427 0.282059 -0.451787
v 0.266922 0.288330 -0.453005
v 0.263626 0.285843 -0.454583
v 0.315567 0.329086 -0.409951
v 0.314529 0.329712 -0.416265
v 0.221573 0.259384 -0.457758
v 0.221802 0.257492 -0.461213
v 0.238602 0.257614 -0.447663
v 0.260437 0.256226 -0.434117
v 0.267120 0.254883 -0.433661
v 0.310547 0.284866 -0.413593
v 0.313889 0.287735 -0.415966
v 0.309540 0.283981 -0.419319
v 0.312500 0.281387 -0.415295
v 0.316544 0.284485 -0.412931
v 0.282379 0.258820 -0.418115
v 0.319778 0.332016 -0.403899
v 0.323959 0.334595 -0.403450
v 0.348389 0.324493 -0.375461
v 0.348892 0.325943 -0.380664
v 0.351257 0.326828 -0.369396
v 0.355484 0.329620 -0.368244
v 0.348145 0.289093 -0.372986
v 0.350342 0.288910 -0.376213
v 0.359146 0.288269 -0.357239
v 0.360367 0.288147 -0.362494
v 0.364532 0.287704 -0.356546
v 0.371384 0.325348 -0.341539
v 0.375809 0.327423 -0.339787
v 0.366776 0.344376 -0.285547
v 0.365570 0.348495 -0.284374
v 0.366241 0.348038 -0.288321
v 0.370529 0.346085 -0.286694
v 0.370209 0.347076 -0.282988
v 0.373062 0.287506 -0.336278
v 0.375259 0.286652 -0.339840
v 0.378632 0.287933 -0.333918
v 0.394913 0.318268 -0.297336
v 0.396011 0.322495 -0.297557
v 0.396225 0.321198 -0.301671
v 0.385757 0.329956 -0.202971
v 0.384384 0.334396 -0.201726
v 0.390869 0.332428 -0.208440
v 0.330734 0.349884 -0.267546
v 0.328613 0.354309 -0.266188
v 0.329590 0.354111 -0.269261
v 0.334732 0.353333 -0.268969
v 0.333282 0.353180 -0.264692
v 0.280945 0.357895 -0.247372
v 0.285172 0.361282 -0.248506
v 0.284058 0.361008 -0.244754
v 0.324219 0.319214 -0.140750
v 0.326523 0.318939 -0.142769
v 0.236938 0.329330 -0.066851
v 0.233002 0.328094 -0.069205
v 0.237350 0.326935 -0.070912
v 0.237503 0.326920 -0.066357
v 0.305405 0.322083 -0.117047
v 0.307541 0.322784 -0.112772
v 0.402176 0.324081 -0.219772
v 0.405685 0.327164 -0.220626
v 0.405762 0.327332 -0.223012
v 0.406723 0.325699 -0.221811
v 0.202576 0.331512 -0.055075
v 0.198502 0.332718 -0.053497
v 0.202271 0.333099 -0.050629
v 0.177917 0.320953 -0.044714
v 0.176849 0.322220 -0.040503
v 0.169540 0.341019 -0.043905
v 0.164764 0.342896 -0.038975
v 0.153824 0.342056 -0.039730
v 0.156464 0.339081 -0.036265
v 0.153687 0.339188 -0.036825
v 0.194092 0.310684 -0.049734
v 0.192032 0.311646 -0.044988
v 0.195663 0.312546 -0.046381
v 0.198792 0.307831 -0.046947
v 0.194580 0.307587 -0.047092
v 0.405579 0.319870 -0.247313
v 0.409424 0.320694 -0.242588
v 0.408615 0.321991 -0.247277
v 0.404953 0.321884 -0.224975
v 0.407761 0.324219 -0.222996
v 0.407837 0.324387 -0.225382
v 0.249573 0.279785 -0.071922
v 0.256668 0.275391 -0.073371
v 0.253021 0.276169 -0.071165
v 0.215363 0.299683 -0.055622
v 0.211212 0.301315 -0.050406
v 0.214920 0.301407 -0.051639
v 0.219574 0.296173 -0.053014
v 0.215027 0.296616 -0.052778
v 0.194534 0.302582 -0.054189
v 0.194016 0.302231 -0.049969
v 0.198196 0.297516 -0.052350
v 0.195160 0.298477 -0.052646
v 0.212799 0.292191 -0.059096
v 0.208786 0.291458 -0.055221
v 0.213089 0.291855 -0.055038
v 0.235992 0.279068 -0.069854
v 0.239441 0.274796 -0.069787
v 0.236771 0.274933 -0.069548
v 0.177322 0.303391 -0.064380
v 0.175781 0.298370 -0.064685
v 0.155472 0.316605 -0.072712
v 0.152603 0.314026 -0.071888
v 0.151733 0.315613 -0.069966
v 0.145981 0.328995 -0.065538
v 0.145035 0.324310 -0.064998
v 0.142120 0.328094 -0.062833
v 0.155594 0.333023 -0.043509
v 0.155731 0.328812 -0.041620
v 0.151947 0.332550 -0.040518
v 0.153793 0.333176 -0.039557
v 0.125214 0.353439 -0.069757
v 0.120590 0.353302 -0.069909
v 0.123627 0.350082 -0.066450
v 0.164261 0.300552 -0.084754
v 0.162964 0.295914 -0.084358
v 0.160828 0.299805 -0.081455
v 0.009720 0.333496 -0.418445
v 0.011597 0.336105 -0.418262
v 0.009247 0.337418 -0.415623
v 0.224930 0.344666 -0.077085
v 0.235764 0.354874 -0.095093
v 0.242294 0.358566 -0.107298
v 0.135712 0.354111 -0.043325
v 0.132782 0.355652 -0.040117
v 0.142044 0.355835 -0.037748
v 0.310440 0.259872 -0.394901
v 0.345566 0.284088 -0.374270
v 0.348282 0.284073 -0.376709
v 0.354782 0.253220 -0.336152
v 0.356049 0.250748 -0.336981
v 0.361771 0.249344 -0.328691
v 0.403259 0.282806 -0.201689
v 0.406525 0.282043 -0.199621
v 0.404938 0.290344 -0.224219
v 0.409241 0.291550 -0.227488
v 0.373230 0.267258 -0.157022
v 0.375656 0.266418 -0.153708
v 0.212631 0.277466 -0.075584
v 0.222626 0.267059 -0.087371
v 0.211029 0.267258 -0.085929
v 0.297897 0.358887 -0.295723
v 0.275635 0.363708 -0.294754
v 0.243515 0.367676 -0.335210
v 0.271347 0.361847 -0.195239
v 0.256897 0.368179 -0.190964
v 0.230591 0.379608 -0.225634
v 0.305878 0.356323 -0.323000
v 0.293472 0.357834 -0.341768
v 0.311096 0.354691 -0.341009
v 0.290131 0.360336 -0.275386
v 0.276215 0.362213 -0.225882
v 0.267365 0.361588 -0.177634
v 0.215210 0.358719 -0.079173
v 0.232910 0.353271 -0.089778
v 0.224564 0.348160 -0.074640
v 0.179184 0.369049 -0.062092
v 0.051834 0.410736 -0.121268
v 0.040222 0.414902 -0.142735
v 0.050293 0.419327 -0.126311
v 0.150146 0.352524 -0.038137
v 0.163315 0.352371 -0.042720
v 0.172684 0.343658 -0.041667
v 0.195129 0.346283 -0.053611
v 0.219910 0.346054 -0.069452
v 0.201508 0.335541 -0.051558
v 0.138275 0.417984 -0.129486
v 0.126846 0.423370 -0.122477
v 0.121475 0.431046 -0.132343
v 0.082336 0.473099 -0.141916
v 0.105774 0.450439 -0.145493
v 0.087463 0.465439 -0.133949
v 0.013397 0.473328 -0.182036
v 0.014694 0.490997 -0.193178
v 0.032959 0.501755 -0.185441
v 0.013214 0.487976 -0.194487
v 0.012390 0.470444 -0.183864
v 0.009903 0.470810 -0.184387
v 0.136566 0.436356 -0.190576
v 0.106934 0.461349 -0.208239
v 0.113571 0.456573 -0.213728
v 0.055725 0.439697 -0.124568
v 0.066254 0.451019 -0.111577
v 0.072556 0.444992 -0.102943
v 0.025589 0.487610 -0.301114
v 0.027893 0.482071 -0.313565
v 0.033203 0.478989 -0.321158
v 0.067947 0.427658 -0.381034
v 0.070129 0.429306 -0.384849
v 0.067947 0.458603 -0.336487
v 0.069397 0.460419 -0.340444
v 0.071289 0.459869 -0.339608
v 0.056442 0.503159 -0.266246
v 0.060394 0.504532 -0.269250
v 0.094177 0.465378 -0.196923
v 0.098511 0.466003 -0.192336
v 0.095795 0.469177 -0.194125
v 0.096237 0.469025 -0.199228
v 0.098572 0.467133 -0.198159
v 0.083939 0.476608 -0.242260
v 0.081985 0.478592 -0.242826
v 0.087479 0.478577 -0.244356
v 0.074982 0.398941 -0.420661
v 0.078018 0.400330 -0.424090
v 0.025330 0.401215 -0.410526
v 0.022705 0.401520 -0.414191
v 0.078156 0.363525 -0.460873
v 0.079651 0.364502 -0.465086
v 0.020218 0.353912 -0.441634
v 0.017181 0.352737 -0.445114
v 0.298080 0.354553 -0.298542
v 0.298859 0.357880 -0.297765
v 0.299744 0.358231 -0.301861
v 0.265808 0.354843 -0.151202
v 0.266449 0.358917 -0.153447
v 0.267654 0.357574 -0.149572
v 0.264572 0.358109 -0.151443
v 0.248932 0.353058 -0.111848
v 0.247711 0.356522 -0.112355
v 0.145493 0.423386 -0.181951
v 0.147430 0.421799 -0.180966
v 0.151184 0.424225 -0.182083
v 0.279236 0.358292 -0.249471
v 0.280228 0.361557 -0.248631
v 0.281311 0.362000 -0.252301
v 0.288193 0.356613 -0.272666
v 0.288025 0.360733 -0.269893
v 0.164902 0.403809 -0.145837
v 0.166687 0.402405 -0.144185
v 0.170151 0.405319 -0.145033
v 0.201782 0.369278 -0.089384
v 0.200287 0.373688 -0.087239
v 0.204346 0.367966 -0.089511
v 0.204712 0.370117 -0.084813
v 0.205429 0.372269 -0.089982
v 0.220078 0.363144 -0.098921
v 0.221054 0.367554 -0.099278
v 0.221252 0.363449 -0.101665
v 0.225174 0.366135 -0.101830
v 0.224274 0.361816 -0.101353
v 0.243729 0.356522 -0.115281
v 0.244858 0.359024 -0.112622
v 0.246719 0.360062 -0.116924
v 0.251373 0.357254 -0.133395
v 0.254440 0.360764 -0.135115
v 0.252228 0.360565 -0.129889
v 0.260162 0.357681 -0.154265
v 0.261826 0.360489 -0.153126
v 0.262680 0.361298 -0.156979
v 0.264923 0.357941 -0.175008
v 0.265976 0.361496 -0.171534
v 0.270355 0.357956 -0.198938
v 0.271881 0.360931 -0.197835
v 0.272446 0.361740 -0.202191
v 0.274323 0.358368 -0.222790
v 0.275131 0.362076 -0.219116
v 0.113556 0.438248 -0.150517
v 0.111282 0.440369 -0.150092
v 0.075699 0.480530 -0.158363
v 0.076584 0.485260 -0.159612
v 0.078629 0.482941 -0.159307
v 0.043961 0.489288 -0.167524
v 0.044373 0.494492 -0.167943
v 0.045593 0.491333 -0.162842
v 0.140503 0.412247 -0.132096
v 0.144577 0.409317 -0.130321
v 0.144043 0.413391 -0.128044
v 0.144623 0.414047 -0.130904
v 0.146072 0.413910 -0.132979
v 0.153702 0.407074 -0.119694
v 0.157166 0.403641 -0.116609
v 0.159500 0.404388 -0.121249
v 0.169769 0.391556 -0.109141
v 0.173874 0.394272 -0.108708
v 0.173538 0.393402 -0.106214
v 0.186249 0.379990 -0.098733
v 0.185455 0.384979 -0.098600
v 0.189941 0.381821 -0.095739
v 0.114761 0.389984 -0.058064
v 0.116318 0.389893 -0.053509
v 0.083206 0.442169 -0.101546
v 0.221817 0.346252 -0.076107
v 0.232559 0.351379 -0.094913
v 0.232712 0.356293 -0.093961
v 0.242096 0.356339 -0.112013
v 0.082550 0.428177 -0.091627
v 0.081238 0.427826 -0.087079
v 0.079865 0.427246 -0.088531
v 0.053909 0.435547 -0.133253
v 0.052490 0.434174 -0.134878
v 0.049484 0.432892 -0.132070
v 0.021225 0.451294 -0.172595
v 0.019058 0.455170 -0.170959
v 0.043945 0.485657 -0.164138
v 0.042694 0.485291 -0.159082
v 0.039642 0.414185 -0.151783
v 0.034653 0.414505 -0.155992
v 0.035553 0.417557 -0.152472
v 0.054092 0.408432 -0.124685
v 0.052246 0.405792 -0.120999
v 0.046509 0.381393 -0.152709
v 0.042068 0.382584 -0.151632
v 0.016556 0.467148 -0.183447
v 0.013672 0.466949 -0.180382
v 0.013657 0.470108 -0.181238
v 0.038849 0.397614 -0.159027
v 0.036499 0.394318 -0.156280
v 0.034668 0.396896 -0.158538
v 0.053848 0.365692 -0.146605
v 0.050491 0.363815 -0.146192
v 0.052200 0.362350 -0.144013
v 0.059235 0.358292 -0.145188
v 0.057877 0.354584 -0.142483
v 0.054947 0.358597 -0.143275
v 0.131042 0.357803 -0.046428
v 0.128510 0.358414 -0.045248
v 0.127609 0.360901 -0.043989
v 0.130478 0.357666 -0.041959
v 0.304260 0.352631 -0.319722
v 0.304062 0.356873 -0.316740
v -0.018921 0.208725 -0.289034
v 0.083908 0.313858 -0.121229
v 0.068741 0.317947 -0.138540
v 0.070663 0.336716 -0.130621
v 0.091278 0.365219 -0.096939
v 0.100159 0.350967 -0.090320
v 0.117218 0.354950 -0.074356
v 0.346573 0.276474 -0.123219
v 0.346512 0.266434 -0.124553
v 0.331360 0.266006 -0.114333
v 0.316086 0.277756 -0.102852
v 0.316208 0.265594 -0.104115
v 0.301102 0.265396 -0.099936
v 0.174042 0.329117 -0.040060
v 0.408295 0.263916 -0.239511
v 0.256653 0.247986 -0.437360
v 0.216278 0.231476 -0.455317
v 0.085251 0.158630 -0.290833
v 0.009552 0.411957 -0.151780
v 0.008377 0.423721 -0.150682
v 0.034317 0.411850 -0.152918
v 0.053558 0.278397 -0.191844
v 0.034180 0.306992 -0.192061
v 0.026642 0.492294 -0.296899
v 0.141022 0.225433 -0.086687
v 0.162384 0.233780 -0.082945
v 0.174683 0.238174 -0.091617
v 0.276138 0.359726 -0.195743
v 0.154617 0.311905 -0.071838
v 0.169540 0.283966 -0.093265
v 0.030655 0.475464 -0.324825
v 0.182312 0.198898 -0.131183
v 0.031219 0.462753 -0.341975
v 0.010437 0.405716 -0.155676
v 0.029449 0.377335 -0.148876
v 0.030640 0.391983 -0.157755
v 0.047043 0.361389 -0.147913
v 0.013397 0.463074 -0.179206
v 0.062073 0.348801 -0.141347
v 0.062714 0.344727 -0.148174
v 0.054779 0.278488 -0.194808
v 0.078934 0.259567 -0.175947
v 0.155029 0.252045 -0.078660
v 0.153320 0.243408 -0.077698
v 0.148254 0.243851 -0.077934
v 0.016510 0.201096 -0.267166
v 0.064743 0.147293 -0.262020
v 0.068436 0.149734 -0.273878
v 0.021240 0.203384 -0.248545
v 0.182480 0.182663 -0.183272
v 0.175003 0.178497 -0.215796
v 0.136765 0.181259 -0.280991
v 0.084305 0.185654 -0.309651
v 0.069183 0.190292 -0.315118
v 0.034515 0.204498 -0.308820
v 0.035339 0.203247 -0.310393
v 0.089355 0.227371 -0.168409
v 0.093567 0.223389 -0.164778
v 0.095871 0.221848 -0.164376
v 0.081436 0.234131 -0.178577
v 0.073486 0.240341 -0.184718
v 0.078812 0.237305 -0.177487
v 0.089371 0.227936 -0.172437
v 0.117065 0.215195 -0.149961
v 0.126938 0.211914 -0.141795
v 0.126480 0.209869 -0.141495
v 0.124252 0.209503 -0.142956
v 0.122955 0.212234 -0.140134
v 0.125671 0.211655 -0.139523
v 0.127441 0.211655 -0.137522
v 0.129105 0.209061 -0.140332
v 0.018524 0.226761 -0.361323
v 0.020706 0.228317 -0.362507
v 0.017532 0.234680 -0.370768
v 0.008102 0.289124 -0.409589
v 0.010910 0.321930 -0.414729
v 0.008224 0.322647 -0.415560
v 0.140076 0.252655 -0.085301
v 0.131973 0.340866 -0.058718
v 0.173523 0.276123 -0.097791
v 0.174911 0.277649 -0.097399
v 0.176865 0.273041 -0.099187
v 0.222137 0.265991 -0.091809
v 0.211487 0.265961 -0.090369
v 0.265228 0.264374 -0.096512
v 0.285492 0.263016 -0.099146
v 0.300323 0.262756 -0.102872
v 0.315155 0.262482 -0.106597
v 0.330200 0.262787 -0.116617
v 0.345245 0.263092 -0.126638
v 0.373657 0.268707 -0.152875
v 0.371750 0.283737 -0.342340
v 0.347626 0.286530 -0.376932
v 0.373688 0.286697 -0.343438
v 0.128113 0.263229 -0.488346
v 0.084457 0.268478 -0.493866
v 0.072235 0.440201 -0.100715
v 0.169037 0.318359 -0.042875
v 0.164734 0.329147 -0.038341
v 0.139175 0.357758 -0.037829
v 0.119049 0.355606 -0.072320
v 0.181473 0.299652 -0.487336
v 0.182632 0.313919 -0.488705
v 0.273972 0.264297 -0.092710
v 0.345108 0.259048 -0.123487
v 0.194183 0.262558 -0.093041
v 0.013184 0.249847 -0.384792
v 0.341278 0.223083 -0.325290
v 0.374359 0.245895 -0.292991
v 0.353271 0.250854 -0.335279
v 0.010757 0.288147 -0.403674
v 0.384308 0.325851 -0.321862
v 0.361649 0.330139 -0.357701
v 0.334625 0.333633 -0.390347
v 0.296097 0.334564 -0.428237
v 0.297668 0.326035 -0.432391
v 0.338104 0.326218 -0.392949
v 0.371109 0.325027 -0.350917
v 0.398773 0.331604 -0.241856
v 0.021545 0.231674 -0.218976
v 0.046570 0.214005 -0.210669
v 0.018661 0.202057 -0.257762
v 0.045593 0.168655 -0.246260
v 0.035324 0.178940 -0.253906
v 0.131256 0.151459 -0.232249
v 0.107193 0.218445 -0.158129
v 0.097321 0.221710 -0.166296
v 0.097061 0.221237 -0.161819
v 0.083115 0.232986 -0.163131
v 0.084244 0.230438 -0.167396
v 0.299881 0.354340 -0.295941
v 0.272324 0.357056 -0.196539
v 0.261948 0.356598 -0.152349
v 0.245087 0.355423 -0.113792
v 0.261063 0.361374 -0.150693
v 0.180191 0.392105 -0.109981
v 0.116455 0.357071 -0.072456
v 0.114227 0.368118 -0.064699
v 0.120712 0.368530 -0.048831
v -0.001434 0.472549 -0.186767
v -0.007019 0.489868 -0.196659
v 0.010361 0.488953 -0.195290
v 0.030258 0.487823 -0.307409
v 0.157913 0.404541 -0.119299
v 0.101166 0.281708 -0.106178
v 0.136688 0.306610 -0.064133
v 0.088379 0.462799 -0.129546
v 0.094330 0.454956 -0.121562
v 0.102020 0.441574 -0.104931
v 0.127838 0.421005 -0.118085
v 0.134766 0.412933 -0.111080
v 0.109085 0.429779 -0.095770
v 0.117737 0.411865 -0.078502
v 0.143906 0.399979 -0.095437
v 0.155945 0.391693 -0.086032
v 0.124908 0.403519 -0.074403
v 0.090958 0.474701 -0.216956
v 0.104706 0.462601 -0.203866
v 0.067627 0.483597 -0.301629
v 0.079315 0.475479 -0.292558
v 0.070541 0.488724 -0.282948
v 0.064026 0.492889 -0.287914
v 0.103973 0.446945 -0.314847
v 0.139847 0.426941 -0.284809
v 0.126785 0.440308 -0.278083
v 0.093124 0.458389 -0.307617
v 0.240601 0.375229 -0.185095
v 0.212891 0.386749 -0.216847
v 0.227097 0.381348 -0.222425
v 0.253342 0.369553 -0.187651
v 0.251343 0.368988 -0.292358
v 0.271774 0.364609 -0.291643
v 0.169830 0.378174 -0.068197
v 0.214203 0.361984 -0.082886
v 0.178650 0.372330 -0.065905
v 0.133652 0.388870 -0.062501
v 0.142960 0.379990 -0.056850
v 0.272034 0.354385 -0.146052
v 0.254822 0.354065 -0.110692
v 0.304474 0.358276 -0.258150
v 0.294968 0.356812 -0.229553
v 0.302994 0.357880 -0.295187
v 0.315918 0.353775 -0.339845
v 0.327499 0.351715 -0.327569
v 0.313782 0.356461 -0.282548
v 0.348267 0.347488 -0.311562
v 0.354706 0.348465 -0.299628
v 0.347580 0.351318 -0.277259
v 0.341309 0.349808 -0.248638
v 0.341217 0.334198 -0.181952
v 0.358093 0.343811 -0.228053
v 0.368912 0.339813 -0.215520
v 0.343140 0.331665 -0.177359
v 0.381210 0.335892 -0.292542
v 0.382065 0.340607 -0.261596
v 0.213089 0.374054 -0.329537
v 0.239822 0.368637 -0.331913
v 0.267868 0.360977 -0.385175
v 0.252213 0.363449 -0.383975
v 0.082840 0.346115 -0.481478
v 0.103363 0.345200 -0.475632
v 0.091431 0.353958 -0.471354
v 0.080566 0.354187 -0.474244
v 0.076599 0.386002 -0.441458
v 0.097046 0.387024 -0.431252
v 0.375046 0.271866 -0.150788
v 0.377625 0.280945 -0.151068
v 0.245499 0.266144 -0.089193
v 0.234055 0.266602 -0.088282
v 0.200974 0.292648 -0.058136
v 0.182251 0.309494 -0.045629
v 0.172653 0.301910 -0.062844
v 0.167557 0.310837 -0.056211
v 0.172684 0.314621 -0.044395
v 0.198273 0.324020 -0.048375
v 0.276520 0.327820 -0.088042
v 0.280930 0.316559 -0.085732
v 0.242004 0.314896 -0.064425
v 0.310287 0.315094 -0.108977
v 0.328064 0.320129 -0.138016
v 0.334702 0.311417 -0.132042
v 0.323410 0.241196 -0.109218
v 0.332611 0.224792 -0.114555
v 0.321823 0.223297 -0.109955
v 0.312592 0.241425 -0.104034
v 0.293320 0.236755 -0.096269
v 0.302048 0.216354 -0.103876
v 0.294998 0.214386 -0.102409
v 0.281982 0.237656 -0.093103
v 0.261917 0.233307 -0.088407
v 0.277161 0.209747 -0.100339
v 0.264954 0.210037 -0.097220
v 0.251526 0.236374 -0.086598
v 0.229706 0.210800 -0.091810
v 0.222412 0.236526 -0.082592
v 0.231857 0.234283 -0.083673
v 0.241577 0.208694 -0.093960
v 0.230469 0.185089 -0.130998
v 0.246735 0.183868 -0.131679
v 0.395447 0.237228 -0.233969
v 0.388885 0.222366 -0.229466
v 0.404816 0.256241 -0.237483
v 0.410172 0.284805 -0.244187
v 0.410767 0.298523 -0.246769
v 0.366470 0.193466 -0.218320
v 0.360718 0.208481 -0.169312
v 0.371048 0.213348 -0.178340
v 0.376511 0.199188 -0.223788
v 0.389404 0.259018 -0.300749
v 0.386215 0.255402 -0.298982
v 0.393295 0.285507 -0.300878
v 0.392258 0.275787 -0.301453
v 0.309555 0.273438 -0.412296
v 0.330795 0.289093 -0.398652
v 0.340744 0.263626 -0.370616
v 0.305344 0.227707 -0.383729
v 0.306335 0.221634 -0.376187
v 0.322189 0.232086 -0.365356
v 0.306595 0.253372 -0.401178
v 0.306519 0.243637 -0.394520
v 0.261200 0.271347 -0.448295
v 0.288986 0.286560 -0.435903
v 0.183578 0.261948 -0.476077
v 0.199860 0.271484 -0.475225
v 0.170074 0.199921 -0.445941
v 0.121536 0.203568 -0.458079
v 0.119461 0.199570 -0.453793
v 0.165970 0.193665 -0.439564
v 0.257217 0.233597 -0.427023
v 0.212799 0.220810 -0.446716
v 0.131210 0.231628 -0.479302
v 0.076492 0.237503 -0.481077
v 0.075027 0.231064 -0.473621
v 0.127319 0.221313 -0.471998
v 0.127853 0.259415 -0.489282
v 0.083694 0.264587 -0.494526
v 0.080368 0.254501 -0.489623
v 0.130096 0.248886 -0.485806
v 0.182724 0.253189 -0.473013
v 0.180801 0.244324 -0.471630
v 0.137192 0.294037 -0.497625
v 0.157074 0.290237 -0.492477
v 0.320145 0.194977 -0.312630
v 0.349930 0.195084 -0.272808
v 0.353180 0.201050 -0.279701
v 0.324493 0.199738 -0.317250
v 0.322662 0.176987 -0.254655
v 0.297821 0.176712 -0.295749
v 0.290421 0.171173 -0.290765
v 0.310715 0.172211 -0.248793
v 0.286362 0.167068 -0.233100
v 0.266663 0.165894 -0.275151
v 0.251266 0.162979 -0.264604
v 0.271317 0.164108 -0.220657
v 0.212204 0.166367 -0.242019
v 0.226089 0.168060 -0.203540
v 0.240677 0.164047 -0.209435
v 0.223007 0.162720 -0.248244
v 0.177948 0.176987 -0.216841
v 0.185547 0.181076 -0.183382
v 0.192505 0.178101 -0.189276
v 0.184082 0.175125 -0.223868
v 0.156952 0.160202 -0.202977
v 0.139893 0.156723 -0.186165
v 0.170197 0.174911 -0.249804
v 0.268188 0.175995 -0.327622
v 0.229004 0.173477 -0.362202
v 0.227753 0.167496 -0.349258
v 0.263199 0.171463 -0.319847
v 0.188217 0.165955 -0.380756
v 0.189514 0.171783 -0.391464
v 0.108994 0.181747 -0.304167
v 0.138977 0.179535 -0.283206
v 0.141953 0.176208 -0.292306
v 0.111008 0.179031 -0.310236
v 0.153275 0.173355 -0.413054
v 0.150757 0.169449 -0.406035
v 0.116577 0.146393 -0.237642
v 0.104813 0.143890 -0.226340
v 0.119919 0.148788 -0.227732
v 0.132416 0.159103 -0.258914
v 0.137543 0.157776 -0.248755
v 0.054672 0.171371 -0.301687
v 0.094589 0.173904 -0.353543
v 0.065994 0.188797 -0.352514
v 0.065826 0.192276 -0.345532
v 0.090561 0.178741 -0.344496
v 0.064713 0.186157 -0.370876
v 0.096222 0.171661 -0.372471
v 0.097382 0.170883 -0.381314
v 0.065765 0.183823 -0.379193
v 0.064896 0.184372 -0.384292
v 0.097885 0.170944 -0.386385
v 0.100952 0.171417 -0.398242
v 0.064636 0.186447 -0.396659
v 0.040405 0.205185 -0.319095
v 0.034958 0.209534 -0.318604
v 0.038330 0.201035 -0.311201
v 0.070816 0.184357 -0.193325
v 0.081421 0.186050 -0.181407
v 0.089874 0.163849 -0.194501
v 0.058350 0.163452 -0.233685
v 0.066467 0.151489 -0.242396
v 0.059616 0.150574 -0.250140
v 0.053513 0.161728 -0.242039
v 0.039001 0.178391 -0.240558
v 0.042679 0.171387 -0.249346
v 0.046402 0.175842 -0.224143
v 0.050430 0.180023 -0.216864
v 0.072906 0.215775 -0.186009
v 0.081802 0.211929 -0.176979
v 0.025696 0.468704 -0.329559
v 0.024231 0.476974 -0.317928
v 0.023499 0.490067 -0.296214
v 0.020523 0.496017 -0.284488
v 0.013382 0.512787 -0.234481
v 0.012421 0.512589 -0.225621
v 0.011276 0.509232 -0.207382
v 0.012619 0.493530 -0.197661
v 0.017227 0.276764 -0.192498
v 0.003967 0.211914 -0.252161
v 0.006866 0.215378 -0.246383
v 0.007385 0.207230 -0.274115
v 0.013748 0.224655 -0.357189
v 0.014725 0.223923 -0.354777
v 0.021835 0.223923 -0.353807
v 0.019226 0.224380 -0.356822
v 0.063110 0.259277 -0.185823
v 0.071472 0.249634 -0.180295
v 0.018921 0.326416 -0.195104
v 0.051788 0.327057 -0.153936
v 0.047943 0.313293 -0.161177
v 0.035446 0.328629 -0.158345
v 0.013718 0.508118 -0.207126
v 0.015854 0.510345 -0.206293
v 0.112030 0.218979 -0.125968
v 0.110840 0.229691 -0.123172
v 0.117142 0.228592 -0.115799
v 0.117996 0.218002 -0.117990
v 0.167618 0.224640 -0.102895
v 0.057373 0.392960 -0.119382
v 0.081589 0.397964 -0.088539
v 0.083817 0.389954 -0.089203
v 0.060532 0.384857 -0.118589
v 0.049301 0.476807 -0.145013
v 0.044250 0.468216 -0.150848
v 0.087830 0.417465 -0.077468
v 0.077805 0.415787 -0.088058
v 0.021286 0.346436 -0.453757
v 0.039444 0.347977 -0.466599
v 0.037659 0.355347 -0.462256
v 0.020554 0.353745 -0.449507
v 0.056152 0.194351 -0.379724
v 0.052124 0.197830 -0.390408
v 0.033569 0.211578 -0.381147
v 0.020569 0.317139 -0.448145
v 0.024918 0.234451 -0.407521
v 0.009766 0.258835 -0.394930
v 0.011734 0.248260 -0.390685
v 0.026703 0.222321 -0.399205
v 0.033173 0.515778 -0.207178
v 0.058136 0.512726 -0.210087
v 0.068878 0.498978 -0.187360
v 0.038559 0.506332 -0.189816
v 0.054062 0.481949 -0.147198
v 0.157135 0.163528 -0.318398
v 0.182526 0.166412 -0.288428
v 0.188721 0.162445 -0.298357
v 0.161713 0.158844 -0.326095
v 0.168549 0.158325 -0.342065
v 0.200851 0.161484 -0.312363
v 0.205673 0.161224 -0.319624
v 0.169434 0.158966 -0.350007
v 0.136490 0.163162 -0.371327
v 0.132767 0.164185 -0.363680
v 0.245819 0.169815 -0.173064
v 0.231598 0.172409 -0.170491
v 0.278793 0.167969 -0.183543
v 0.295502 0.170456 -0.190185
v 0.321991 0.175140 -0.198573
v 0.332520 0.177826 -0.204550
v 0.176987 0.401062 -0.258976
v 0.193207 0.391006 -0.264821
v 0.224792 0.383133 -0.177692
v 0.197525 0.395325 -0.208691
v 0.209702 0.388626 -0.213432
v 0.237228 0.376709 -0.181651
v 0.158157 0.408783 -0.297224
v 0.141693 0.424469 -0.288802
v 0.209686 0.375366 -0.326092
v 0.247726 0.370041 -0.288999
v 0.195969 0.381104 -0.321483
v 0.205780 0.373901 -0.368535
v 0.183197 0.379074 -0.363508
v 0.089325 0.415100 -0.393289
v 0.125473 0.405243 -0.373434
v 0.105667 0.423218 -0.363838
v 0.097824 0.469681 -0.251771
v 0.127838 0.443634 -0.225450
v 0.115967 0.454773 -0.217777
v 0.281845 0.355591 -0.186083
v 0.314774 0.349548 -0.209597
v 0.323593 0.343689 -0.197464
v 0.286423 0.344772 -0.138222
v 0.296402 0.347244 -0.174078
v 0.305374 0.340866 -0.161829
v 0.293716 0.336960 -0.127510
v 0.194656 0.388260 -0.117404
v 0.208115 0.383453 -0.125894
v 0.163666 0.416031 -0.187745
v 0.329010 0.193420 -0.152368
v 0.320419 0.191299 -0.145963
v 0.279129 0.185776 -0.140664
v 0.273819 0.167496 -0.182592
v 0.264832 0.168594 -0.178440
v 0.267944 0.185287 -0.136400
v 0.297409 0.187561 -0.143257
v 0.284103 0.186508 -0.141252
v 0.151627 0.345383 -0.460902
v 0.136734 0.355392 -0.453690
v 0.193558 0.351822 -0.443850
v 0.175705 0.359131 -0.436113
v 0.233017 0.355835 -0.423018
v 0.213608 0.360641 -0.416608
v 0.084518 0.328247 -0.490671
v 0.115952 0.330078 -0.485116
v 0.104233 0.341415 -0.478821
v 0.082581 0.341705 -0.484320
v 0.166458 0.333328 -0.472958
v 0.153137 0.342102 -0.464446
v 0.195633 0.349152 -0.447587
v 0.106461 0.406998 -0.065882
v 0.098358 0.415543 -0.072377
v 0.155243 0.273529 -0.087165
v 0.199432 0.267471 -0.084486
v 0.191223 0.268829 -0.092774
v 0.185577 0.275116 -0.088968
v 0.192413 0.275803 -0.079585
v 0.190430 0.244461 -0.096889
v 0.193726 0.244568 -0.097475
v 0.044632 0.251190 -0.460906
v 0.026413 0.263168 -0.438357
v 0.027008 0.258026 -0.434865
v 0.044907 0.244888 -0.454443
v 0.048737 0.316589 -0.481651
v 0.044388 0.325592 -0.476878
v 0.037888 0.467072 -0.338973
v 0.069092 0.463242 -0.336191
v 0.068909 0.470688 -0.323333
v 0.037277 0.476471 -0.325687
v 0.031372 0.422028 -0.396522
v 0.072128 0.418076 -0.401010
v 0.033447 0.433914 -0.383310
v 0.045166 0.330612 -0.476089
v 0.038727 0.343216 -0.468160
v 0.065094 0.196365 -0.427101
v 0.045685 0.210861 -0.419871
v 0.046387 0.204819 -0.410246
v 0.063766 0.191315 -0.418800
v 0.065842 0.186020 -0.365795
v 0.061783 0.190720 -0.363725
v 0.068832 0.447952 -0.358748
v 0.086533 0.444748 -0.348177
v 0.154282 0.363312 -0.045054
v 0.163010 0.356903 -0.044949
v 0.175125 0.211899 -0.114639
v 0.021103 0.191223 -0.291471
v 0.014145 0.201752 -0.288944
v 0.010406 0.386246 -0.147801
v 0.009827 0.399292 -0.151786
v 0.027481 0.359482 -0.153713
v 0.008698 0.367722 -0.146272
v 0.007690 0.352295 -0.156047
v 0.007797 0.433395 -0.153744
v 0.030945 0.420624 -0.153332
v 0.009766 0.428329 -0.151527
v 0.010681 0.465668 -0.182708
v -0.001541 0.466110 -0.181547
v -0.002884 0.467789 -0.185608
v 0.010162 0.402710 -0.157788
v 0.050003 0.362686 -0.149754
v 0.006683 0.344360 -0.165537
v 0.021942 0.335480 -0.170481
v 0.024338 0.344086 -0.160986
v 0.005875 0.337265 -0.176827
v 0.095856 0.244461 -0.146887
v 0.002197 0.333328 -0.187569
v 0.001923 0.334045 -0.190919
v 0.034805 0.307190 -0.195279
v 0.018799 0.327057 -0.198544
v 0.115189 0.214798 -0.137547
v 0.120972 0.213547 -0.129160
v 0.142303 0.240967 -0.080066
v 0.143692 0.243195 -0.079052
v 0.152084 0.227921 -0.083445
v 0.157761 0.231232 -0.082413
v 0.156982 0.218201 -0.103156
v 0.163315 0.221939 -0.102812
v 0.147354 0.226837 -0.083989
v 0.152237 0.216736 -0.103651
v 0.149841 0.216003 -0.107199
v 0.145630 0.225037 -0.084880
v 0.080872 0.168915 -0.303684
v 0.084808 0.185928 -0.312870
v 0.085052 0.185974 -0.318055
v 0.165222 0.176392 -0.151186
v 0.181915 0.185944 -0.158091
v 0.179749 0.183395 -0.157724
v 0.036407 0.209946 -0.221762
v 0.069733 0.190063 -0.317189
v 0.067978 0.193008 -0.321845
v 0.090912 0.153442 -0.215777
v 0.076904 0.145889 -0.251476
v 0.088776 0.150711 -0.266631
v 0.080780 0.152710 -0.276519
v 0.068710 0.146713 -0.258594
v 0.158661 0.213760 -0.130086
v 0.013077 0.205109 -0.288325
v 0.107651 0.182999 -0.301079
v 0.037857 0.200745 -0.308923
v 0.085587 0.230011 -0.159399
v 0.085724 0.237946 -0.155866
v 0.089020 0.234879 -0.149698
v 0.088791 0.227310 -0.152593
v 0.087555 0.227097 -0.165129
v 0.090683 0.223450 -0.159286
v 0.060669 0.238907 -0.189646
v 0.125214 0.160843 -0.173460
v 0.118881 0.164902 -0.165453
v 0.126434 0.167130 -0.159291
v 0.017120 0.227707 -0.227468
v 0.010437 0.223831 -0.231730
v 0.014618 0.227448 -0.226691
v 0.014221 0.224197 -0.232790
v 0.031250 0.210083 -0.316958
v 0.035461 0.216644 -0.334958
v 0.033478 0.218063 -0.337515
v 0.031738 0.220352 -0.336182
v 0.033371 0.219406 -0.333415
v 0.017807 0.233902 -0.372848
v 0.022217 0.224503 -0.363943
v 0.010315 0.249725 -0.389091
v 0.010941 0.289154 -0.410812
v 0.016235 0.401230 -0.406542
v 0.016235 0.398880 -0.404749
v 0.013367 0.385300 -0.407503
v 0.013580 0.384842 -0.410173
v 0.022659 0.419266 -0.384141
v 0.023178 0.420639 -0.387320
v 0.027115 0.430054 -0.373337
v 0.026062 0.451508 -0.348983
v 0.025238 0.465790 -0.334311
v 0.020813 0.507477 -0.262204
v 0.018204 0.508392 -0.253440
v 0.017975 0.505341 -0.262080
v 0.016739 0.514496 -0.233902
v 0.015091 0.512543 -0.225510
v 0.071289 0.318573 -0.140635
v 0.070114 0.289200 -0.150806
v 0.158020 0.269791 -0.088179
v 0.163040 0.267731 -0.089134
v 0.155899 0.271484 -0.089190
v 0.166656 0.281891 -0.094437
v 0.134979 0.257050 -0.081084
v 0.093140 0.369217 -0.097516
v 0.133850 0.338409 -0.057886
v 0.151550 0.314468 -0.073648
v 0.062958 0.380325 -0.118086
v 0.066101 0.373871 -0.118059
v 0.073502 0.360947 -0.117854
v 0.164795 0.168427 -0.219007
v 0.132401 0.191040 -0.142421
v 0.070328 0.170395 -0.306056
v 0.404984 0.284088 -0.197125
v 0.200821 0.265930 -0.088929
v 0.198029 0.261719 -0.089304
v 0.244965 0.265732 -0.093877
v 0.233551 0.265869 -0.092843
v 0.285995 0.265213 -0.095758
v 0.406647 0.287186 -0.195419
v 0.391617 0.289032 -0.300866
v 0.393723 0.292084 -0.302281
v 0.047562 0.275818 -0.469274
v 0.045868 0.272217 -0.469584
v 0.032501 0.285980 -0.448593
v 0.030167 0.282745 -0.447991
v 0.029343 0.289169 -0.443675
v 0.028091 0.290878 -0.445482
v 0.022446 0.444656 -0.166270
v 0.021027 0.450439 -0.167913
v 0.179001 0.317581 -0.041389
v 0.125656 0.378326 -0.047776
v 0.027725 0.251755 -0.420445
v 0.031235 0.247345 -0.423960
v 0.227631 0.287979 -0.057431
v 0.235687 0.277634 -0.065474
v 0.087952 0.412476 -0.075828
v 0.096115 0.405716 -0.068551
v 0.060074 0.461929 -0.122561
v 0.066406 0.465805 -0.122162
v 0.074066 0.458069 -0.113358
v 0.065308 0.455261 -0.114635
v 0.027206 0.514221 -0.207026
v 0.032394 0.504837 -0.189545
v 0.036957 0.491486 -0.303829
v 0.034393 0.499359 -0.290742
v 0.024643 0.314346 -0.453432
v 0.022079 0.319870 -0.452009
v 0.031006 0.289291 -0.451743
v 0.027618 0.299210 -0.451213
v 0.024200 0.301895 -0.444947
v 0.027039 0.285919 -0.443055
v 0.025467 0.279144 -0.440185
v 0.028564 0.276276 -0.444853
v 0.022552 0.266174 -0.433105
v 0.023804 0.262177 -0.431047
v 0.030762 0.217407 -0.401520
v 0.028946 0.229553 -0.410516
v 0.031235 0.214172 -0.379908
v 0.143188 0.342026 -0.039537
v 0.133728 0.350861 -0.041283
v 0.342133 0.197906 -0.159122
v 0.347748 0.182297 -0.211318
v 0.337280 0.179642 -0.205152
v 0.333527 0.195770 -0.152706
v 0.327103 0.178848 -0.256401
v 0.339020 0.183624 -0.262150
v 0.276138 0.182999 -0.338667
v 0.232895 0.181992 -0.378613
v 0.231674 0.175980 -0.365672
v 0.271194 0.178452 -0.330837
v 0.155304 0.175858 -0.416979
v 0.191940 0.174286 -0.395114
v 0.157913 0.179764 -0.423975
v 0.110641 0.182266 -0.431924
v 0.114090 0.187851 -0.439884
v 0.029449 0.232315 -0.414707
v 0.046097 0.213486 -0.424191
v 0.045181 0.219757 -0.433639
v 0.027695 0.244522 -0.423648
v 0.302368 0.188675 -0.143476
v 0.315674 0.189438 -0.145885
v 0.291077 0.167908 -0.234738
v 0.300461 0.171326 -0.191015
v 0.317139 0.173798 -0.197850
v 0.306137 0.170883 -0.247139
v 0.248749 0.167053 -0.306731
v 0.270935 0.166702 -0.277759
v 0.286469 0.169632 -0.288041
v 0.260025 0.169815 -0.316381
v 0.180405 0.162216 -0.367531
v 0.218582 0.164185 -0.336334
v 0.224884 0.165817 -0.345570
v 0.185425 0.164307 -0.376999
v 0.101715 0.171982 -0.403296
v 0.144684 0.165924 -0.391161
v 0.148590 0.167877 -0.401811
v 0.104691 0.172485 -0.415145
v 0.050903 0.199234 -0.395108
v 0.064026 0.187408 -0.401711
v 0.063782 0.189453 -0.414114
v 0.046967 0.202667 -0.405850
v 0.164688 0.157791 -0.330041
v 0.192474 0.161652 -0.301503
v 0.197159 0.161346 -0.308910
v 0.165497 0.158432 -0.337985
v 0.208939 0.162033 -0.279290
v 0.227356 0.162064 -0.250612
v 0.234879 0.162231 -0.255228
v 0.217407 0.162445 -0.283439
v 0.245514 0.163452 -0.210798
v 0.250839 0.169571 -0.173422
v 0.259811 0.168427 -0.177768
v 0.253571 0.163589 -0.214218
v 0.086639 0.185074 -0.330556
v 0.115372 0.173996 -0.323198
v 0.119797 0.171173 -0.332605
v 0.090500 0.180252 -0.339634
v 0.172653 0.172104 -0.275486
v 0.184952 0.170883 -0.257905
v 0.192871 0.167587 -0.265947
v 0.178772 0.168182 -0.285546
v 0.197144 0.171402 -0.233449
v 0.206711 0.173248 -0.196356
v 0.221298 0.169235 -0.202388
v 0.207779 0.167740 -0.239997
v 0.212387 0.175720 -0.167684
v 0.209167 0.186478 -0.130638
v 0.225403 0.185303 -0.131230
v 0.226578 0.173141 -0.170301
v 0.350662 0.309677 -0.378012
v 0.222061 0.280258 -0.471722
v 0.126434 0.296310 -0.499251
v 0.099091 0.298447 -0.501359
v 0.057541 0.193329 -0.374962
v 0.060318 0.191284 -0.368546
v 0.036316 0.208313 -0.365208
v 0.023743 0.223007 -0.359324
v 0.025269 0.222076 -0.355965
v 0.036621 0.209579 -0.360814
v 0.022797 0.225677 -0.357260
v 0.023773 0.225037 -0.354616
v 0.030350 0.221161 -0.339991
v 0.029282 0.221863 -0.342126
v 0.025620 0.220367 -0.341146
v 0.027756 0.220291 -0.339259
v 0.016312 0.216919 -0.333206
v 0.015808 0.217911 -0.336409
v 0.030502 0.218826 -0.332926
v 0.028244 0.219116 -0.335499
v 0.031113 0.215240 -0.397090
v 0.026627 0.220459 -0.394615
v 0.030441 0.215530 -0.384703
v 0.032410 0.212997 -0.385882
v 0.012146 0.237549 -0.375635
v 0.014923 0.238144 -0.375894
v 0.016663 0.236084 -0.377397
v 0.024109 0.248993 -0.420204
v 0.007416 0.274048 -0.404921
v 0.009186 0.263611 -0.399267
v 0.025589 0.237183 -0.411720
v 0.007462 0.273010 -0.402742
v 0.007935 0.264496 -0.397777
v 0.004913 0.274170 -0.404139
v 0.186707 0.198120 -0.128823
v 0.178772 0.213135 -0.110006
v 0.199783 0.179260 -0.161303
v 0.207443 0.176895 -0.167620
v 0.188705 0.173935 -0.225586
v 0.197342 0.176788 -0.189952
v 0.201935 0.174484 -0.195351
v 0.192535 0.172684 -0.231772
v 0.174377 0.173813 -0.252396
v 0.180771 0.172211 -0.255389
v 0.145264 0.174530 -0.295928
v 0.167618 0.174484 -0.262233
v 0.168747 0.173599 -0.272681
v 0.146667 0.171982 -0.303098
v 0.112717 0.177536 -0.314801
v 0.114059 0.175552 -0.318519
v 0.086243 0.185745 -0.322967
v 0.086029 0.185944 -0.325664
v 0.041428 0.207306 -0.323596
v 0.068893 0.194443 -0.326648
v 0.066574 0.196793 -0.328908
v 0.042755 0.210556 -0.329254
v 0.036072 0.211060 -0.323808
v 0.035599 0.215576 -0.330176
v 0.030746 0.212540 -0.321572
v 0.033646 0.213699 -0.322623
v 0.034424 0.217255 -0.328693
v 0.031113 0.216965 -0.328475
v 0.015717 0.214325 -0.323743
v 0.016571 0.215332 -0.328428
v 0.015442 0.212738 -0.318911
v 0.014221 0.210388 -0.309484
v 0.251785 0.184158 -0.131563
v 0.246704 0.210007 -0.093604
v 0.259888 0.208344 -0.097363
v 0.262939 0.184631 -0.136060
v 0.203445 0.236053 -0.086515
v 0.206100 0.236298 -0.086781
v 0.210281 0.213348 -0.091441
v 0.202484 0.261337 -0.087744
v 0.178452 0.274612 -0.098644
v 0.194656 0.244385 -0.094184
v 0.207886 0.236832 -0.084744
v 0.217407 0.234970 -0.082573
v 0.236633 0.236313 -0.084245
v 0.247025 0.233841 -0.085927
v 0.327164 0.243942 -0.111061
v 0.334518 0.249695 -0.116205
v 0.286530 0.276382 -0.089561
v 0.277649 0.234985 -0.092251
v 0.290131 0.212234 -0.102464
v 0.282181 0.211731 -0.100183
v 0.266113 0.236298 -0.089098
v 0.308426 0.238983 -0.102520
v 0.317444 0.220444 -0.108959
v 0.306641 0.218857 -0.104374
v 0.297745 0.238953 -0.097529
v 0.337921 0.252640 -0.118477
v 0.312225 0.187180 -0.306073
v 0.343170 0.186096 -0.263854
v 0.346252 0.192032 -0.270992
v 0.316818 0.191956 -0.310370
v 0.352203 0.184753 -0.211802
v 0.362305 0.190445 -0.217510
v 0.365082 0.221008 -0.286611
v 0.356155 0.204681 -0.281429
v 0.379837 0.202988 -0.224808
v 0.386429 0.217804 -0.228884
v 0.015564 0.215424 -0.320685
v 0.031082 0.213089 -0.318314
v 0.035110 0.213470 -0.319403
v 0.037079 0.211212 -0.320727
v 0.041855 0.207809 -0.320494
v 0.069229 0.195496 -0.323637
v 0.086334 0.187775 -0.320394
v 0.144073 0.177261 -0.294503
v 0.163589 0.175735 -0.259465
v 0.166077 0.177032 -0.261085
v 0.172714 0.176315 -0.251295
v 0.186829 0.176498 -0.224977
v 0.195419 0.179398 -0.189860
v 0.197906 0.181824 -0.162348
v 0.185242 0.200256 -0.130893
v 0.178009 0.213760 -0.113503
v 0.016205 0.218002 -0.330154
v 0.030502 0.219971 -0.329919
v 0.034866 0.220718 -0.330506
v 0.037430 0.218094 -0.332331
v 0.044586 0.213150 -0.331275
v 0.043335 0.210892 -0.333949
v 0.068176 0.199158 -0.331246
v 0.066940 0.196701 -0.333706
v 0.087418 0.187637 -0.328337
v 0.115356 0.176712 -0.321289
v 0.148697 0.173065 -0.305507
v 0.183380 0.173599 -0.256903
v 0.171234 0.174927 -0.274447
v 0.195312 0.174042 -0.232855
v 0.204773 0.175766 -0.196082
v 0.210312 0.178024 -0.167992
v 0.200653 0.261246 -0.089324
v 0.212494 0.211487 -0.090607
v 0.224442 0.210220 -0.092329
v 0.243912 0.210434 -0.095230
v 0.249146 0.185593 -0.132416
v 0.234070 0.235352 -0.085889
v 0.229355 0.174713 -0.170851
v 0.228043 0.187012 -0.131970
v 0.248352 0.171402 -0.173680
v 0.224091 0.170593 -0.203238
v 0.210464 0.168991 -0.241282
v 0.243225 0.165451 -0.210330
v 0.225357 0.164017 -0.249557
v 0.195404 0.168732 -0.267588
v 0.207092 0.163971 -0.278031
v 0.204895 0.162750 -0.276492
v 0.190735 0.163559 -0.300158
v 0.156204 0.166382 -0.317060
v 0.181152 0.169174 -0.287451
v 0.163452 0.159821 -0.328297
v 0.219864 0.235840 -0.084382
v 0.121094 0.172165 -0.335432
v 0.154205 0.165497 -0.314624
v 0.127060 0.165619 -0.351340
v 0.126709 0.167740 -0.349207
v 0.095261 0.175018 -0.356339
v 0.094711 0.172928 -0.358536
v 0.067291 0.194504 -0.343645
v 0.091354 0.181274 -0.342605
v 0.042557 0.212387 -0.340810
v 0.041855 0.211090 -0.338187
v 0.066711 0.193451 -0.340690
v 0.040527 0.211716 -0.349571
v 0.040024 0.210297 -0.346812
v 0.014984 0.219955 -0.342815
v 0.015030 0.222672 -0.344526
v 0.031311 0.220993 -0.346105
v 0.030746 0.219376 -0.343418
v 0.032150 0.218338 -0.341464
v 0.031815 0.222580 -0.337557
v 0.034332 0.219574 -0.339504
v 0.028961 0.224289 -0.344192
v 0.024948 0.222916 -0.342710
v 0.024994 0.221863 -0.345865
v 0.015366 0.221603 -0.347583
v 0.015808 0.219254 -0.340399
v 0.015610 0.220337 -0.337339
v 0.027679 0.221466 -0.336410
v 0.007599 0.279037 -0.407453
v 0.010681 0.277374 -0.404958
v 0.009277 0.249008 -0.384584
v 0.378952 0.245651 -0.295140
v 0.306458 0.210281 -0.363200
v 0.308258 0.211029 -0.361541
v 0.014420 0.222580 -0.350780
v 0.014359 0.226913 -0.351053
v 0.013885 0.228989 -0.357648
v 0.012970 0.239075 -0.371048
v 0.018341 0.239929 -0.371840
v 0.034088 0.217255 -0.382173
v 0.020782 0.236908 -0.375125
v 0.035812 0.215149 -0.383298
v 0.018433 0.228668 -0.357329
v 0.022369 0.222473 -0.349344
v 0.021408 0.226852 -0.349983
v 0.023315 0.229858 -0.358842
v 0.026016 0.225815 -0.362016
v 0.038040 0.209244 -0.356201
v 0.039963 0.212418 -0.358941
v 0.029327 0.224106 -0.354471
v 0.027084 0.221252 -0.351721
v 0.059387 0.196701 -0.377457
v 0.063690 0.194000 -0.366630
v 0.054138 0.201584 -0.392501
v 0.066513 0.190292 -0.398787
v 0.067505 0.187195 -0.381784
v 0.067612 0.189362 -0.368753
v 0.095886 0.172150 -0.367380
v 0.097336 0.175720 -0.370131
v 0.098679 0.174515 -0.383648
v 0.102310 0.175552 -0.400155
v 0.143784 0.169556 -0.388225
v 0.130905 0.164581 -0.358949
v 0.132584 0.168350 -0.361335
v 0.110474 0.184296 -0.427626
v 0.065781 0.199036 -0.431441
v 0.067352 0.200577 -0.427186
v 0.109283 0.179626 -0.427722
v 0.105759 0.174072 -0.419791
v 0.105850 0.176437 -0.416249
v 0.149445 0.172012 -0.402778
v 0.115204 0.192337 -0.439528
v 0.158234 0.184341 -0.423768
v 0.048309 0.222977 -0.433804
v 0.067001 0.204147 -0.439741
v 0.069107 0.208191 -0.439515
v 0.046234 0.222473 -0.437796
v 0.067978 0.207047 -0.443821
v 0.048752 0.214432 -0.420288
v 0.049057 0.206146 -0.407123
v 0.065598 0.193130 -0.415357
v 0.029602 0.223160 -0.396193
v 0.033508 0.218475 -0.398458
v 0.032425 0.232773 -0.411013
v 0.004150 0.277908 -0.401716
v 0.008041 0.277908 -0.401142
v 0.013092 0.262741 -0.396506
v 0.010727 0.263870 -0.392910
v 0.006790 0.263336 -0.393015
v 0.015472 0.248001 -0.388210
v 0.189636 0.176529 -0.391625
v 0.153732 0.178101 -0.413074
v 0.159790 0.182617 -0.427704
v 0.195145 0.182922 -0.409479
v 0.186188 0.168518 -0.377882
v 0.170883 0.162933 -0.351797
v 0.172424 0.159317 -0.354053
v 0.138550 0.163284 -0.375977
v 0.137955 0.166946 -0.373361
v 0.167221 0.162415 -0.340060
v 0.198822 0.165451 -0.310748
v 0.207077 0.165283 -0.321291
v 0.216339 0.167725 -0.334105
v 0.178635 0.165802 -0.364976
v 0.215317 0.163330 -0.332596
v 0.177429 0.161407 -0.363521
v 0.225418 0.170029 -0.346606
v 0.228973 0.178238 -0.362473
v 0.232864 0.186676 -0.378779
v 0.268265 0.180756 -0.327909
v 0.231705 0.167023 -0.291753
v 0.234085 0.163452 -0.293381
v 0.209213 0.161713 -0.323191
v 0.229996 0.162964 -0.290467
v 0.219360 0.166534 -0.284882
v 0.221527 0.162567 -0.286349
v 0.237030 0.166321 -0.256433
v 0.260696 0.174042 -0.317341
v 0.287521 0.173874 -0.288805
v 0.298187 0.181458 -0.296067
v 0.301407 0.178986 -0.298496
v 0.308945 0.184509 -0.303341
v 0.309052 0.189102 -0.303452
v 0.276108 0.187637 -0.338805
v 0.339478 0.188065 -0.262218
v 0.323441 0.181656 -0.254986
v 0.288025 0.171463 -0.233901
v 0.268219 0.170273 -0.276140
v 0.255875 0.167587 -0.215267
v 0.262009 0.172409 -0.179082
v 0.275757 0.171432 -0.183964
v 0.268539 0.167694 -0.219995
v 0.266525 0.163696 -0.219076
v 0.297165 0.174774 -0.191346
v 0.333313 0.182419 -0.205333
v 0.342209 0.202026 -0.160954
v 0.346390 0.200592 -0.159653
v 0.348129 0.186676 -0.211928
v 0.329437 0.197739 -0.154275
v 0.318420 0.178055 -0.198749
v 0.316727 0.193436 -0.147580
v 0.280792 0.189590 -0.142728
v 0.264801 0.188492 -0.138016
v 0.261597 0.211578 -0.100415
v 0.278702 0.213104 -0.103284
v 0.291519 0.215576 -0.105561
v 0.298889 0.191589 -0.145121
v 0.317856 0.223602 -0.112630
v 0.332718 0.227783 -0.118138
v 0.336761 0.227951 -0.115906
v 0.323746 0.242737 -0.113571
v 0.309235 0.240417 -0.107129
v 0.294601 0.237991 -0.100616
v 0.303055 0.219406 -0.107107
v 0.279114 0.236542 -0.096660
v 0.263412 0.235031 -0.092658
v 0.248749 0.235275 -0.090292
v 0.237320 0.191223 -0.384706
v 0.290634 0.194946 -0.349207
v 0.290390 0.199707 -0.349214
v 0.293564 0.197861 -0.352294
v 0.316589 0.196701 -0.310032
v 0.345978 0.196808 -0.270778
v 0.361969 0.195175 -0.218133
v 0.356720 0.205444 -0.168626
v 0.356186 0.209702 -0.170509
v 0.347763 0.233231 -0.126757
v 0.352081 0.233749 -0.124551
v 0.348251 0.230148 -0.123006
v 0.334244 0.251022 -0.120846
v 0.378540 0.229691 -0.186071
v 0.397888 0.241776 -0.234113
v 0.393188 0.241455 -0.233726
v 0.369980 0.217117 -0.179988
v 0.375610 0.203369 -0.224253
v 0.352432 0.205383 -0.279281
v 0.367355 0.225281 -0.288479
v 0.363205 0.225418 -0.286091
v 0.384171 0.222076 -0.228906
v 0.376404 0.241562 -0.293202
v 0.332581 0.213638 -0.321010
v 0.324036 0.204224 -0.316632
v 0.243668 0.194046 -0.394254
v 0.241745 0.195633 -0.390398
v 0.011414 0.300064 -0.411494
v 0.011887 0.297012 -0.410706
v 0.012985 0.296951 -0.412545
v 0.023010 0.258713 -0.427449
v 0.045334 0.240982 -0.451218
v 0.027130 0.254272 -0.431472
v 0.174072 0.214066 -0.456967
v 0.126373 0.217438 -0.468857
v 0.122635 0.207123 -0.461537
v 0.171143 0.203491 -0.449310
v 0.257446 0.217072 -0.415331
v 0.256714 0.229416 -0.424215
v 0.115555 0.190735 -0.443843
v 0.164474 0.190460 -0.435943
v 0.118179 0.196365 -0.450025
v 0.321304 0.228027 -0.362311
v 0.347397 0.237747 -0.330899
v 0.319016 0.232239 -0.361804
v 0.303650 0.243271 -0.390763
v 0.303177 0.231674 -0.383219
v 0.303696 0.222412 -0.372307
v 0.305756 0.218124 -0.372559
v 0.248779 0.207474 -0.401900
v 0.250046 0.202911 -0.402169
v 0.255402 0.217560 -0.411401
v 0.254929 0.233612 -0.422853
v 0.256775 0.213394 -0.412006
v 0.207291 0.206955 -0.430827
v 0.208160 0.202637 -0.431479
v 0.200623 0.196655 -0.419219
v 0.201355 0.192001 -0.419528
v 0.202469 0.195114 -0.423354
v 0.164459 0.195190 -0.435330
v 0.209000 0.206177 -0.434936
v 0.169815 0.204361 -0.445073
v 0.210999 0.221191 -0.442297
v 0.174973 0.218018 -0.459993
v 0.173615 0.218567 -0.455469
v 0.212280 0.216827 -0.443611
v 0.177383 0.232391 -0.465703
v 0.177948 0.228577 -0.467637
v 0.214767 0.235153 -0.453660
v 0.215881 0.243622 -0.455478
v 0.179474 0.242905 -0.467341
v 0.129196 0.247711 -0.481273
v 0.178528 0.233017 -0.469735
v 0.131912 0.235977 -0.481622
v 0.131271 0.235519 -0.477365
v 0.081268 0.253204 -0.485010
v 0.126755 0.221970 -0.467338
v 0.119064 0.200989 -0.449250
v 0.072372 0.215439 -0.449672
v 0.122192 0.208008 -0.457088
v 0.009903 0.303848 -0.408648
v 0.010895 0.305267 -0.412896
v 0.010437 0.295319 -0.406791
v 0.016266 0.301605 -0.412169
v 0.012650 0.303558 -0.414864
v 0.013077 0.305344 -0.412948
v 0.013992 0.303604 -0.408213
v 0.028488 0.277359 -0.437074
v 0.024323 0.274948 -0.437557
v 0.026367 0.268661 -0.432988
v 0.023361 0.270248 -0.436095
v 0.016876 0.294800 -0.410914
v 0.014709 0.294937 -0.406498
v 0.026932 0.261322 -0.427437
v 0.006866 0.287857 -0.404858
v 0.030365 0.257690 -0.431431
v 0.029480 0.266205 -0.437759
v 0.027710 0.271713 -0.442885
v 0.031509 0.274353 -0.441683
v 0.044830 0.260315 -0.465137
v 0.047943 0.263382 -0.463238
v 0.047974 0.244873 -0.450754
v 0.047226 0.254532 -0.459974
v 0.077850 0.241333 -0.479538
v 0.076416 0.231583 -0.469003
v 0.074982 0.221313 -0.458123
v 0.073532 0.220703 -0.462603
v 0.070053 0.211258 -0.450416
v 0.286819 0.297531 -0.080687
v 0.315384 0.300323 -0.101638
v 0.316467 0.295609 -0.100802
v 0.287781 0.293045 -0.081827
v 0.345108 0.296448 -0.122135
v 0.346878 0.292328 -0.121588
v 0.378159 0.299576 -0.150982
v 0.379669 0.295792 -0.150248
v 0.361664 0.325974 -0.363845
v 0.236694 0.325287 -0.471893
v 0.266937 0.327118 -0.457211
v 0.128845 0.312027 -0.496141
v 0.130341 0.307587 -0.497748
v 0.047882 0.311569 -0.481590
v 0.046875 0.306580 -0.481124
v 0.201614 0.267380 -0.472849
v 0.271179 0.303284 -0.452291
v 0.387466 0.317596 -0.323771
v 0.375595 0.302719 -0.342622
v 0.385162 0.332840 -0.291641
v 0.387741 0.322754 -0.319525
v 0.158432 0.285538 -0.491234
v 0.183075 0.294952 -0.486441
v 0.208328 0.304138 -0.482446
v 0.318466 0.355652 -0.280865
v 0.332245 0.350388 -0.326349
v 0.309128 0.357330 -0.256472
v 0.299606 0.355408 -0.228139
v 0.310303 0.351089 -0.211390
v 0.286316 0.353592 -0.184916
v 0.292068 0.349335 -0.175644
v 0.276199 0.351898 -0.144593
v 0.282394 0.347397 -0.139835
v 0.359543 0.347519 -0.298359
v 0.328049 0.342056 -0.195724
v 0.346039 0.348587 -0.247403
v 0.353348 0.345093 -0.229266
v 0.336823 0.336075 -0.183579
v 0.318604 0.332214 -0.148062
v 0.309647 0.338699 -0.160229
v 0.297501 0.334167 -0.125391
v 0.304947 0.326309 -0.115219
v 0.394348 0.333954 -0.242718
v 0.373413 0.338303 -0.213587
v 0.386505 0.338181 -0.260864
v 0.366180 0.311508 -0.159434
v 0.375443 0.303482 -0.152322
v 0.337189 0.307846 -0.129457
v 0.343552 0.300583 -0.124248
v 0.198822 0.319016 -0.048092
v 0.207047 0.319931 -0.050738
v 0.210526 0.314194 -0.051629
v 0.164551 0.334259 -0.037370
v 0.169708 0.297180 -0.073945
v 0.175110 0.286606 -0.082663
v 0.178665 0.283203 -0.083691
v 0.182480 0.278534 -0.086932
v 0.184677 0.286087 -0.072591
v 0.190018 0.279404 -0.076338
v 0.377625 0.285873 -0.149790
v 0.346909 0.281464 -0.122498
v 0.347061 0.287430 -0.121325
v 0.380554 0.290985 -0.150648
v 0.316605 0.282684 -0.101860
v 0.287231 0.281036 -0.087763
v 0.287613 0.288239 -0.082808
v 0.316376 0.290665 -0.100897
v 0.409622 0.316055 -0.233110
v 0.408936 0.321701 -0.226439
v 0.083435 0.313690 -0.498871
v 0.128174 0.316376 -0.493814
v 0.116821 0.326096 -0.488090
v 0.084305 0.323608 -0.493088
v 0.046890 0.294266 -0.476521
v 0.084534 0.288834 -0.499555
v 0.085846 0.296783 -0.501231
v 0.046707 0.301590 -0.480016
v 0.024582 0.309647 -0.451600
v 0.027405 0.303802 -0.453301
v 0.020386 0.312866 -0.445416
v 0.023926 0.306229 -0.447595
v 0.021805 0.331772 -0.453478
v 0.021103 0.341461 -0.454563
v 0.383514 0.251328 -0.297517
v 0.402481 0.251678 -0.236822
v 0.378220 0.263321 -0.159174
v 0.397842 0.259399 -0.193751
v 0.369400 0.266388 -0.340767
v 0.391083 0.263580 -0.301509
v 0.391830 0.270782 -0.300791
v 0.369949 0.269608 -0.341502
v 0.409515 0.268646 -0.240814
v 0.410019 0.279861 -0.242775
v 0.054565 0.178680 -0.213881
v 0.058716 0.182663 -0.206844
v 0.062271 0.162979 -0.230509
v 0.067261 0.164490 -0.222376
v 0.070023 0.151520 -0.238666
v 0.077072 0.152267 -0.231021
v 0.092789 0.150284 -0.263602
v 0.080750 0.145584 -0.247804
v 0.089111 0.144760 -0.240905
v 0.100952 0.148376 -0.253911
v 0.062729 0.181519 -0.203630
v 0.065521 0.215012 -0.193237
v 0.069168 0.216660 -0.189266
v 0.067001 0.185287 -0.196815
v 0.080444 0.152466 -0.227201
v 0.071045 0.164230 -0.218993
v 0.076187 0.165512 -0.211053
v 0.087662 0.153061 -0.219638
v 0.019119 0.252960 -0.202723
v 0.034134 0.256241 -0.205400
v 0.015076 0.230164 -0.222396
v 0.020157 0.234070 -0.217907
v 0.019135 0.230347 -0.223545
v 0.038086 0.255951 -0.207721
v 0.042496 0.240891 -0.199118
v 0.037445 0.238007 -0.203269
v 0.050354 0.212708 -0.207570
v 0.046829 0.240509 -0.196239
v 0.053955 0.215042 -0.203257
v 0.085434 0.211578 -0.173470
v 0.094223 0.206970 -0.164420
v 0.085037 0.185349 -0.177742
v 0.095749 0.186707 -0.165926
v 0.093628 0.163071 -0.190917
v 0.103638 0.161835 -0.177993
v 0.050476 0.158051 -0.261610
v 0.056305 0.151474 -0.253985
v 0.007202 0.217804 -0.241909
v 0.009735 0.221207 -0.236123
v 0.006287 0.208084 -0.269124
v 0.003906 0.210220 -0.256894
v 0.009048 0.209259 -0.267592
v 0.031754 0.186249 -0.297864
v 0.030258 0.176865 -0.273475
v 0.038696 0.164810 -0.284898
v 0.031113 0.175308 -0.278867
v 0.107666 0.163727 -0.284708
v 0.101822 0.155075 -0.274690
v 0.109833 0.152283 -0.264075
v 0.115997 0.160950 -0.274761
v 0.120270 0.161163 -0.272033
v 0.128342 0.157959 -0.261624
v 0.053070 0.152405 -0.276315
v 0.055527 0.150955 -0.275478
v 0.067276 0.151154 -0.278590
v 0.141159 0.159088 -0.245315
v 0.051285 0.156464 -0.284497
v 0.084503 0.166412 -0.300906
v 0.091141 0.167831 -0.300600
v 0.153290 0.158661 -0.206247
v 0.161331 0.166138 -0.222007
v 0.125717 0.212601 -0.127897
v 0.122375 0.216354 -0.114678
v 0.125366 0.219894 -0.106962
v 0.128799 0.213730 -0.122048
v 0.133759 0.213638 -0.120982
v 0.136841 0.214767 -0.115097
v 0.130112 0.218521 -0.103915
v 0.127411 0.232285 -0.100846
v 0.131653 0.236725 -0.094061
v 0.133072 0.222076 -0.096193
v 0.101990 0.221893 -0.137515
v 0.101318 0.231476 -0.134413
v 0.107635 0.230682 -0.127015
v 0.108032 0.220978 -0.129416
v 0.100403 0.219574 -0.149192
v 0.094543 0.220963 -0.157008
v 0.091949 0.224823 -0.149061
v 0.098068 0.223938 -0.140840
v 0.077789 0.237442 -0.175504
v 0.074356 0.247284 -0.176835
v 0.077789 0.244766 -0.170449
v 0.077438 0.238663 -0.173659
v 0.099564 0.186523 -0.162478
v 0.098145 0.207581 -0.161223
v 0.102219 0.204132 -0.158626
v 0.102692 0.182404 -0.160777
v 0.106339 0.203888 -0.155700
v 0.110489 0.201263 -0.153119
v 0.114502 0.178101 -0.153625
v 0.125336 0.169571 -0.156750
v 0.122925 0.196243 -0.145826
v 0.127838 0.193069 -0.143617
v 0.107712 0.161606 -0.174663
v 0.121429 0.159500 -0.176558
v 0.143097 0.170670 -0.154758
v 0.017319 0.232437 -0.227492
v 0.048370 0.155533 -0.281530
v 0.078705 0.152878 -0.277939
v 0.116547 0.153137 -0.193789
v 0.118073 0.151688 -0.195078
v 0.128113 0.209442 -0.144875
v 0.014755 0.213425 -0.305881
v 0.003510 0.214493 -0.255742
v 0.006607 0.220108 -0.246055
v 0.009674 0.225922 -0.235881
v 0.019119 0.238266 -0.217732
v 0.014587 0.209259 -0.269879
v 0.011108 0.212433 -0.270869
v 0.012329 0.211914 -0.254848
v 0.008301 0.215057 -0.256115
v 0.007599 0.212906 -0.252353
v 0.015091 0.216766 -0.245774
v 0.011566 0.220047 -0.247211
v 0.014603 0.225433 -0.237573
v 0.017914 0.221725 -0.236037
v 0.012268 0.221146 -0.237760
v 0.014465 0.232208 -0.226660
v 0.026718 0.206985 -0.242724
v 0.022461 0.206604 -0.251661
v 0.017700 0.204636 -0.269261
v 0.017456 0.205261 -0.277161
v 0.033295 0.178635 -0.281488
v 0.019928 0.205750 -0.260672
v 0.034256 0.178467 -0.272282
v 0.036942 0.179443 -0.262914
v 0.040344 0.169373 -0.285572
v 0.033279 0.190491 -0.295721
v 0.024780 0.191010 -0.288347
v 0.081940 0.170151 -0.299173
v 0.053436 0.156937 -0.277653
v 0.050797 0.160706 -0.273973
v 0.049332 0.156967 -0.271402
v 0.031250 0.207230 -0.233423
v 0.043671 0.179321 -0.240342
v 0.041138 0.210846 -0.222682
v 0.047195 0.172516 -0.248573
v 0.052109 0.161972 -0.263883
v 0.047607 0.160492 -0.265025
v 0.067535 0.154053 -0.275306
v 0.091949 0.169327 -0.296474
v 0.086792 0.161713 -0.287726
v 0.095016 0.166199 -0.297322
v 0.089584 0.158127 -0.288216
v 0.103683 0.164047 -0.287963
v 0.104111 0.166794 -0.284004
v 0.097580 0.155273 -0.277544
v 0.098770 0.158752 -0.274498
v 0.090302 0.154358 -0.264076
v 0.079224 0.149750 -0.249704
v 0.067215 0.150848 -0.259964
v 0.059753 0.153961 -0.253007
v 0.062363 0.166092 -0.234042
v 0.054932 0.181366 -0.217932
v 0.071243 0.167206 -0.222648
v 0.063232 0.183914 -0.207850
v 0.102478 0.152023 -0.251357
v 0.091476 0.148590 -0.239184
v 0.104782 0.147858 -0.250671
v 0.092758 0.144470 -0.237024
v 0.116638 0.164047 -0.271134
v 0.111053 0.155777 -0.261060
v 0.114044 0.152023 -0.261158
v 0.122772 0.152771 -0.248084
v 0.125946 0.149841 -0.247367
v 0.128555 0.161179 -0.258595
v 0.114182 0.149689 -0.239120
v 0.113144 0.146057 -0.241208
v 0.101334 0.143585 -0.230327
v 0.103439 0.147430 -0.228945
v 0.090866 0.156494 -0.219388
v 0.071625 0.186447 -0.197680
v 0.093811 0.166550 -0.194294
v 0.086029 0.187088 -0.182139
v 0.096741 0.158966 -0.202909
v 0.099976 0.162415 -0.202401
v 0.113968 0.147476 -0.208849
v 0.100189 0.158798 -0.199156
v 0.123611 0.150131 -0.224535
v 0.120666 0.153351 -0.226345
v 0.137009 0.161560 -0.245760
v 0.107285 0.164474 -0.178149
v 0.123459 0.163910 -0.176517
v 0.137558 0.159988 -0.188843
v 0.136490 0.155518 -0.189790
v 0.153427 0.163025 -0.204543
v 0.160522 0.170151 -0.219475
v 0.158890 0.166214 -0.168486
v 0.145157 0.174805 -0.156094
v 0.100037 0.187775 -0.166937
v 0.050949 0.214539 -0.211807
v 0.046906 0.241150 -0.200704
v 0.038101 0.238876 -0.207850
v 0.018799 0.253113 -0.207460
v 0.032028 0.256241 -0.209752
v 0.039734 0.250092 -0.208858
v 0.066055 0.216110 -0.197846
v 0.058426 0.215286 -0.204917
v 0.073730 0.216675 -0.190789
v 0.086349 0.211960 -0.178145
v 0.098572 0.207108 -0.165818
v 0.106735 0.203918 -0.160378
v 0.107147 0.184052 -0.162010
v 0.114929 0.200806 -0.154899
v 0.122559 0.198074 -0.149718
v 0.131577 0.193344 -0.146731
v 0.038773 0.252411 -0.204535
v 0.036942 0.253616 -0.212779
v 0.125748 0.215469 -0.138691
v 0.144196 0.252960 -0.086284
v 0.146133 0.254959 -0.085043
v 0.173157 0.273590 -0.101585
v 0.096695 0.225510 -0.162496
v 0.064209 0.261444 -0.189947
v 0.059692 0.262177 -0.188475
v 0.076477 0.248932 -0.181206
v 0.080032 0.242615 -0.166344
v 0.082397 0.243698 -0.170409
v 0.087830 0.233185 -0.162423
v 0.088593 0.231750 -0.165863
v 0.083405 0.239822 -0.160080
v 0.088028 0.238754 -0.160034
v 0.093155 0.227859 -0.152225
v 0.093475 0.233948 -0.149911
v 0.091782 0.233246 -0.145654
v 0.094498 0.225174 -0.158080
v 0.102798 0.232239 -0.138927
v 0.102707 0.225220 -0.141109
v 0.104874 0.217880 -0.147312
v 0.104248 0.222412 -0.148616
v 0.112305 0.230499 -0.127683
v 0.112671 0.222336 -0.129601
v 0.114578 0.219345 -0.138778
v 0.110687 0.216553 -0.139155
v 0.124283 0.216492 -0.129066
v 0.122360 0.219620 -0.118231
v 0.121780 0.228760 -0.116451
v 0.120239 0.227859 -0.111857
v 0.131714 0.217621 -0.122318
v 0.139679 0.218658 -0.115407
v 0.137390 0.224075 -0.096965
v 0.142654 0.241119 -0.084303
v 0.138763 0.240921 -0.083114
v 0.144623 0.227646 -0.088093
v 0.146667 0.243515 -0.082010
v 0.147446 0.219666 -0.108688
v 0.153854 0.220657 -0.104565
v 0.163498 0.226379 -0.104097
v 0.158752 0.234467 -0.085314
v 0.155121 0.244019 -0.081466
v 0.156357 0.250336 -0.082192
v 0.163330 0.264786 -0.092405
v 0.166763 0.264359 -0.089658
v 0.089859 0.232071 -0.168545
v 0.316544 0.352463 -0.343930
v 0.409805 0.317337 -0.247125
v 0.409119 0.319946 -0.249692
v 0.136948 0.340652 -0.058684
v 0.135422 0.336777 -0.057867
v 0.172852 0.284744 -0.096663
v 0.178833 0.279251 -0.099463
v 0.007584 0.336716 -0.416852
v 0.006256 0.339386 -0.413239
v 0.005432 0.341965 -0.416752
v 0.023941 0.315735 -0.445332
v 0.012833 0.324982 -0.411675
v 0.010086 0.328461 -0.415183
v 0.007950 0.327774 -0.415650
v 0.008148 0.325455 -0.411681
v 0.009628 0.328796 -0.417233
v 0.014069 0.326324 -0.416740
v 0.010635 0.322540 -0.417042
v 0.027725 0.304977 -0.444848
v 0.027725 0.312729 -0.450475
v 0.025787 0.322311 -0.450758
v 0.049210 0.304626 -0.477806
v 0.046906 0.327225 -0.473181
v 0.025208 0.329163 -0.451118
v 0.084976 0.283661 -0.498507
v 0.085815 0.287186 -0.495152
v 0.049637 0.292801 -0.472841
v 0.046829 0.289398 -0.474932
v 0.050552 0.313766 -0.478680
v 0.084869 0.324142 -0.488276
v 0.086639 0.299622 -0.497948
v 0.098587 0.300705 -0.497596
v 0.130371 0.304581 -0.494602
v 0.098450 0.303375 -0.501078
v 0.115921 0.325638 -0.483426
v 0.166672 0.328766 -0.471948
v 0.082825 0.341904 -0.479706
v 0.102966 0.340775 -0.474385
v 0.040726 0.344315 -0.464326
v 0.151764 0.340729 -0.460130
v 0.194077 0.347214 -0.443624
v 0.128220 0.312500 -0.491759
v 0.130722 0.281464 -0.490982
v 0.156891 0.288651 -0.487984
v 0.181381 0.297760 -0.482981
v 0.199585 0.271011 -0.470509
v 0.221481 0.279633 -0.466987
v 0.206436 0.306534 -0.478854
v 0.233826 0.351364 -0.423265
v 0.287140 0.347321 -0.393748
v 0.266647 0.324280 -0.453472
v 0.244354 0.292618 -0.462032
v 0.245331 0.293716 -0.466541
v 0.296249 0.330627 -0.425782
v 0.293716 0.327087 -0.430272
v 0.301483 0.340042 -0.400031
v 0.259933 0.271027 -0.443609
v 0.290436 0.282318 -0.433537
v 0.287308 0.285370 -0.431622
v 0.318512 0.305115 -0.412275
v 0.314758 0.307281 -0.410312
v 0.307404 0.273331 -0.407931
v 0.328461 0.288116 -0.394629
v 0.348526 0.307922 -0.374143
v 0.344727 0.344131 -0.311597
v 0.334412 0.329575 -0.387992
v 0.331161 0.338486 -0.356652
v 0.330490 0.342926 -0.358047
v 0.333725 0.326828 -0.391422
v 0.328690 0.347244 -0.326410
v 0.315277 0.352127 -0.281632
v 0.369278 0.322220 -0.347446
v 0.359985 0.323059 -0.360244
v 0.361420 0.326004 -0.355426
v 0.371552 0.304886 -0.341794
v 0.382904 0.318634 -0.323373
v 0.355896 0.344208 -0.298363
v 0.382935 0.322006 -0.319559
v 0.380692 0.331284 -0.291409
v 0.393005 0.315689 -0.304163
v 0.395645 0.318283 -0.307023
v 0.394638 0.329193 -0.242112
v 0.352402 0.350555 -0.275930
v 0.349243 0.346970 -0.276660
v 0.296234 0.352234 -0.229367
v 0.282578 0.350861 -0.186043
v 0.311478 0.346588 -0.211179
v 0.342850 0.345276 -0.248625
v 0.354752 0.340683 -0.229433
v 0.324722 0.339066 -0.197483
v 0.337845 0.331635 -0.183875
v 0.344070 0.326950 -0.177858
v 0.319046 0.327744 -0.148530
v 0.292770 0.344696 -0.175621
v 0.272278 0.349640 -0.146114
v 0.282593 0.342712 -0.139902
v 0.306030 0.336136 -0.162028
v 0.293808 0.332123 -0.127618
v 0.264603 0.343292 -0.109232
v 0.264496 0.348053 -0.108401
v 0.258606 0.351028 -0.109134
v 0.254791 0.349396 -0.111547
v 0.269669 0.335037 -0.099989
v 0.350006 0.322464 -0.171966
v 0.352829 0.324097 -0.168958
v 0.392242 0.321060 -0.197983
v 0.362839 0.310150 -0.162734
v 0.333862 0.306824 -0.132875
v 0.362976 0.314743 -0.161625
v 0.308823 0.310699 -0.110269
v 0.311920 0.310928 -0.106622
v 0.282074 0.311951 -0.084004
v 0.279495 0.312546 -0.087979
v 0.374893 0.299637 -0.153703
v 0.398407 0.313538 -0.193450
v 0.342499 0.296799 -0.125498
v 0.312912 0.301224 -0.105021
v 0.274216 0.327606 -0.091436
v 0.205063 0.321823 -0.054680
v 0.172775 0.331604 -0.044054
v 0.153397 0.344284 -0.035788
v 0.242737 0.310059 -0.063202
v 0.240768 0.311340 -0.067356
v 0.409958 0.311447 -0.235126
v 0.405762 0.313568 -0.234372
v 0.405807 0.305069 -0.193157
v 0.402084 0.306808 -0.193693
v 0.377625 0.293121 -0.152597
v 0.404434 0.309631 -0.191752
v 0.374451 0.284042 -0.153006
v 0.401978 0.298340 -0.195023
v 0.405975 0.295639 -0.194582
v 0.344238 0.279709 -0.126040
v 0.344910 0.289749 -0.124163
v 0.314377 0.281219 -0.105798
v 0.314484 0.293304 -0.103747
v 0.285950 0.291260 -0.085275
v 0.285126 0.280182 -0.092037
v 0.227478 0.291824 -0.059567
v 0.228104 0.292511 -0.055321
v 0.248047 0.290085 -0.061229
v 0.246582 0.288788 -0.064960
v 0.247467 0.299835 -0.061354
v 0.246307 0.296967 -0.064421
v 0.247711 0.294891 -0.060853
v 0.202988 0.293991 -0.062279
v 0.184586 0.290726 -0.073660
v 0.181412 0.289536 -0.070420
v 0.192474 0.280685 -0.080240
v 0.212875 0.282181 -0.076039
v 0.184647 0.309967 -0.049813
v 0.172287 0.318802 -0.046458
v 0.168106 0.315460 -0.057203
v 0.164169 0.314423 -0.054653
v 0.146362 0.341385 -0.042985
v 0.142960 0.349854 -0.036592
v 0.145340 0.337494 -0.041080
v 0.164581 0.332458 -0.041805
v 0.170486 0.301758 -0.074998
v 0.166641 0.300858 -0.072411
v 0.178970 0.287704 -0.084973
v 0.186111 0.279816 -0.089684
v 0.347656 0.280533 -0.375919
v 0.338837 0.267670 -0.369206
v 0.342163 0.268127 -0.372505
v 0.367447 0.261917 -0.339691
v 0.365814 0.265701 -0.338294
v 0.387360 0.262589 -0.299900
v 0.367432 0.273056 -0.339543
v 0.388351 0.273926 -0.299633
v 0.406097 0.282608 -0.243040
v 0.405563 0.267242 -0.239960
v 0.381897 0.255722 -0.296909
v 0.400101 0.255844 -0.237005
v 0.395142 0.263123 -0.195212
v 0.248871 0.364502 -0.380336
v 0.289627 0.358643 -0.338573
v 0.273926 0.361404 -0.340927
v 0.234772 0.366455 -0.381075
v 0.192657 0.366394 -0.408363
v 0.210892 0.362366 -0.412683
v 0.156830 0.367798 -0.426524
v 0.173660 0.361588 -0.432219
v 0.121109 0.367096 -0.444752
v 0.135056 0.358566 -0.450157
v 0.090332 0.357559 -0.467998
v 0.077393 0.382492 -0.445285
v 0.031143 0.381607 -0.439941
v 0.037415 0.369232 -0.454195
v 0.078125 0.368118 -0.461785
v 0.119263 0.370300 -0.441319
v 0.098694 0.383759 -0.434722
v 0.231689 0.367615 -0.377215
v 0.270096 0.362289 -0.337741
v 0.208969 0.372696 -0.372286
v 0.158936 0.394180 -0.349594
v 0.192917 0.382690 -0.317802
v 0.179001 0.388641 -0.313461
v 0.139725 0.405563 -0.343481
v 0.122406 0.424652 -0.331082
v 0.087799 0.441666 -0.352003
v 0.104279 0.426102 -0.359875
v 0.138062 0.407944 -0.339367
v 0.176514 0.390732 -0.309665
v 0.160141 0.406189 -0.301061
v 0.068375 0.473434 -0.318931
v 0.091644 0.461212 -0.303699
v 0.080887 0.472626 -0.296425
v 0.068115 0.480911 -0.306147
v 0.099716 0.467407 -0.255867
v 0.110046 0.458618 -0.263326
v 0.142014 0.430588 -0.237175
v 0.179367 0.406036 -0.196907
v 0.166748 0.414200 -0.191314
v 0.130112 0.441666 -0.229502
v 0.211975 0.382309 -0.128973
v 0.189606 0.398346 -0.157677
v 0.205566 0.392731 -0.166964
v 0.225525 0.377457 -0.137385
v 0.075485 0.403717 -0.420878
v 0.110413 0.397781 -0.405229
v 0.090607 0.412140 -0.397170
v 0.072388 0.414978 -0.405210
v 0.170700 0.374252 -0.399698
v 0.134186 0.381302 -0.417858
v 0.154892 0.370346 -0.422640
v 0.190338 0.368210 -0.404261
v 0.246017 0.368484 -0.146503
v 0.224655 0.363998 -0.096745
v 0.125565 0.436050 -0.157545
v 0.154922 0.410263 -0.135169
v 0.117722 0.440430 -0.151191
v 0.144043 0.376251 -0.053506
v 0.187820 0.363205 -0.059764
v 0.152802 0.367523 -0.047536
v 0.127716 0.373734 -0.045380
v 0.137909 0.362610 -0.039790
v 0.125717 0.400467 -0.070442
v 0.156952 0.389267 -0.081707
v 0.169296 0.381027 -0.072348
v 0.133011 0.392273 -0.066291
v 0.096329 0.400558 -0.067673
v 0.106583 0.402588 -0.062634
v 0.114273 0.394119 -0.056136
v 0.105896 0.390976 -0.057962
v 0.109848 0.426682 -0.091747
v 0.135803 0.410400 -0.106800
v 0.142685 0.402557 -0.099651
v 0.116867 0.414932 -0.082462
v 0.089676 0.376083 -0.094234
v 0.078232 0.410858 -0.087662
v 0.080429 0.402863 -0.088370
v 0.055603 0.397751 -0.119888
v 0.038467 0.503784 -0.185262
v 0.067276 0.498184 -0.182333
v 0.032059 0.517807 -0.223376
v 0.056274 0.513580 -0.228017
v 0.058838 0.513168 -0.215460
v 0.032669 0.517105 -0.211969
v 0.025955 0.516617 -0.223157
v 0.026505 0.515762 -0.211583
v 0.025726 0.514771 -0.254137
v 0.031769 0.515762 -0.254257
v 0.030212 0.518112 -0.244885
v 0.023804 0.516785 -0.244642
v 0.063416 0.495544 -0.283409
v 0.069092 0.491440 -0.278956
v 0.034363 0.501999 -0.286318
v 0.032089 0.509842 -0.273231
v 0.035995 0.452118 -0.359152
v 0.037842 0.464127 -0.343163
v 0.101181 0.444473 -0.109191
v 0.082932 0.446808 -0.100657
v 0.074860 0.454498 -0.109406
v 0.095261 0.452286 -0.117186
v 0.065094 0.469055 -0.126292
v 0.055786 0.478790 -0.142552
v 0.037415 0.479340 -0.321439
v 0.036697 0.488739 -0.308166
v 0.015884 0.513031 -0.219794
v 0.015335 0.512131 -0.210851
v 0.012939 0.511780 -0.220228
v 0.011749 0.511597 -0.211264
v 0.015656 0.509552 -0.248347
v 0.015976 0.512604 -0.239601
v 0.012924 0.512726 -0.239903
v 0.023529 0.500000 -0.279606
v 0.029282 0.501404 -0.286174
v 0.025711 0.508057 -0.272968
v 0.020630 0.503891 -0.267153
v 0.013916 0.510849 -0.211706
v 0.058426 0.465332 -0.126353
v 0.051651 0.474380 -0.140591
v 0.024582 0.479553 -0.312983
v 0.023117 0.487823 -0.301281
v 0.029633 0.436676 -0.378029
v 0.034088 0.437119 -0.379290
v 0.035629 0.449081 -0.363289
v 0.029388 0.447189 -0.361239
v 0.024750 0.417038 -0.397631
v 0.021225 0.415436 -0.389848
v 0.017685 0.405899 -0.404250
v 0.023987 0.405579 -0.411222
v 0.030563 0.418701 -0.400393
v 0.028671 0.406860 -0.413668
v 0.012634 0.377838 -0.409813
v 0.009811 0.379745 -0.409731
v 0.006714 0.363541 -0.413863
v 0.010345 0.364761 -0.412855
v 0.012604 0.379959 -0.411581
v 0.009995 0.363586 -0.415843
v 0.022522 0.380646 -0.433090
v 0.021088 0.368027 -0.442488
v 0.036362 0.364975 -0.456882
v 0.038589 0.359879 -0.460081
v 0.080688 0.358261 -0.470967
v 0.016403 0.361649 -0.439589
v 0.021210 0.358551 -0.447936
v 0.020233 0.363480 -0.444548
v 0.027527 0.433975 -0.367669
v 0.028366 0.435516 -0.370307
v 0.027740 0.447647 -0.353789
v 0.018875 0.416061 -0.389039
v 0.013550 0.405106 -0.401902
v 0.017563 0.404892 -0.400909
v 0.224091 0.365662 -0.098556
v 0.114716 0.442978 -0.152223
v 0.048706 0.437500 -0.133946
v 0.018692 0.414963 -0.384403
v 0.019836 0.419479 -0.385378
v 0.023804 0.413910 -0.385036
v 0.025909 0.416656 -0.388083
v 0.024567 0.429337 -0.367985
v 0.025543 0.433914 -0.368778
v 0.031876 0.432007 -0.371565
v 0.029297 0.428543 -0.368261
v 0.031464 0.431961 -0.378058
v 0.027374 0.432022 -0.381029
v 0.026794 0.421051 -0.394670
v 0.028275 0.416412 -0.394298
v 0.031860 0.417313 -0.395990
v 0.071518 0.413330 -0.400769
v 0.025208 0.448151 -0.353458
v 0.024338 0.446899 -0.349005
v 0.028809 0.446304 -0.348676
v 0.031570 0.449585 -0.350792
v 0.036224 0.447495 -0.358693
v 0.032867 0.446945 -0.357885
v 0.069519 0.444794 -0.362846
v 0.068085 0.443192 -0.358569
v 0.038010 0.462372 -0.338718
v 0.033905 0.461838 -0.337960
v 0.028793 0.463791 -0.329782
v 0.031113 0.467087 -0.330560
v 0.023163 0.474976 -0.313815
v 0.027420 0.474487 -0.313223
v 0.029984 0.477417 -0.313936
v 0.033173 0.474091 -0.320682
v 0.019424 0.493393 -0.280707
v 0.020721 0.497864 -0.279210
v 0.023285 0.492966 -0.279757
v 0.022095 0.485687 -0.297383
v 0.026047 0.485229 -0.296619
v 0.028900 0.487869 -0.297267
v 0.026367 0.496002 -0.280234
v 0.030396 0.496613 -0.286175
v 0.032608 0.486465 -0.303345
v 0.036606 0.486816 -0.303814
v 0.065964 0.479141 -0.302264
v 0.061829 0.491028 -0.284083
v 0.034256 0.497253 -0.286381
v 0.017822 0.503860 -0.267509
v 0.016815 0.501114 -0.263968
v 0.020645 0.500702 -0.262991
v 0.023773 0.503983 -0.263323
v 0.028061 0.506577 -0.269279
v 0.026672 0.510849 -0.268423
v 0.031967 0.507507 -0.269341
v 0.014420 0.505325 -0.250341
v 0.015396 0.508438 -0.253758
v 0.018066 0.504745 -0.249553
v 0.018478 0.511368 -0.248094
v 0.021225 0.507584 -0.249455
v 0.024612 0.512650 -0.258914
v 0.026871 0.510284 -0.255384
v 0.031281 0.511154 -0.255569
v 0.012054 0.509476 -0.237146
v 0.018616 0.511139 -0.236081
v 0.025574 0.513992 -0.241771
v 0.025085 0.517792 -0.239747
v 0.030579 0.514862 -0.241954
v 0.051956 0.510208 -0.248385
v 0.030960 0.518738 -0.239882
v 0.054047 0.513672 -0.246075
v 0.026535 0.512802 -0.225926
v 0.017838 0.509705 -0.222610
v 0.031769 0.513901 -0.226065
v 0.031448 0.518036 -0.228480
v 0.025024 0.516769 -0.228168
v 0.056290 0.513458 -0.233459
v 0.054321 0.509995 -0.230770
v 0.014969 0.507675 -0.223239
v 0.011505 0.508484 -0.223447
v 0.033005 0.513092 -0.210416
v 0.056763 0.509811 -0.213302
v 0.027649 0.511932 -0.210429
v 0.017197 0.508713 -0.209738
v 0.011093 0.508041 -0.210832
v -0.006790 0.490036 -0.201397
v 0.010773 0.488983 -0.199972
v 0.014832 0.488602 -0.199350
v 0.017242 0.490845 -0.197280
v 0.034348 0.500443 -0.189755
v 0.038651 0.501495 -0.189372
v 0.066223 0.495209 -0.186034
v 0.087708 0.475876 -0.179121
v 0.084305 0.473358 -0.177358
v 0.092499 0.473297 -0.221673
v 0.088943 0.471069 -0.219412
v 0.085831 0.480316 -0.239869
v 0.029297 0.402161 -0.413136
v 0.032959 0.381012 -0.435501
v 0.076645 0.381302 -0.440638
v 0.024551 0.385117 -0.431477
v 0.026108 0.380844 -0.429963
v 0.032227 0.385559 -0.436702
v 0.023071 0.382339 -0.424094
v 0.018936 0.381577 -0.426221
v 0.020737 0.386246 -0.425409
v 0.016922 0.381439 -0.410166
v 0.020157 0.402023 -0.404372
v 0.018707 0.400238 -0.401024
v 0.013092 0.401306 -0.400252
v 0.013031 0.400879 -0.404372
v 0.015488 0.380356 -0.405728
v 0.009659 0.381149 -0.405227
v 0.010193 0.384659 -0.408477
v 0.006195 0.360428 -0.410522
v 0.006531 0.358566 -0.414720
v 0.013443 0.360519 -0.415851
v 0.012238 0.359955 -0.410864
v 0.009552 0.356522 -0.414172
v 0.009430 0.358566 -0.416636
v 0.020050 0.363052 -0.437302
v 0.017151 0.366470 -0.438048
v 0.023193 0.364182 -0.441212
v 0.038193 0.364990 -0.452746
v 0.119125 0.365494 -0.440723
v 0.096741 0.382263 -0.430759
v 0.132111 0.379211 -0.414237
v 0.132568 0.383865 -0.413825
v 0.109360 0.393005 -0.405604
v 0.111664 0.395142 -0.409349
v 0.148865 0.382416 -0.391113
v 0.146149 0.379715 -0.387802
v 0.168488 0.371506 -0.396568
v 0.211609 0.357758 -0.413394
v 0.173996 0.356903 -0.432324
v 0.135086 0.353867 -0.449576
v 0.089951 0.352966 -0.466948
v 0.080551 0.353760 -0.469423
v 0.039688 0.355713 -0.457991
v 0.023621 0.354797 -0.446091
v 0.088348 0.410431 -0.393333
v 0.124466 0.400604 -0.373965
v 0.102905 0.421402 -0.360302
v 0.085129 0.440170 -0.348370
v 0.119354 0.423035 -0.327840
v 0.121017 0.427429 -0.327104
v 0.136551 0.403320 -0.340395
v 0.127106 0.402496 -0.377349
v 0.161316 0.391922 -0.353434
v 0.158325 0.389618 -0.350636
v 0.249847 0.360062 -0.381549
v 0.271194 0.357849 -0.339082
v 0.232468 0.363068 -0.378487
v 0.210236 0.370667 -0.327320
v 0.180115 0.380890 -0.360015
v 0.180267 0.375931 -0.360867
v 0.240814 0.364212 -0.333293
v 0.272873 0.360214 -0.293097
v 0.192978 0.378220 -0.319161
v 0.212219 0.374023 -0.275529
v 0.212143 0.378906 -0.274481
v 0.175674 0.385880 -0.310819
v 0.230484 0.369720 -0.283075
v 0.229797 0.374176 -0.281721
v 0.156860 0.404343 -0.298274
v 0.192703 0.386444 -0.265973
v 0.102310 0.442535 -0.315622
v 0.138260 0.422607 -0.286073
v 0.089935 0.456833 -0.304481
v 0.067001 0.468857 -0.319332
v 0.123306 0.438553 -0.275389
v 0.124969 0.442780 -0.274071
v 0.077484 0.471161 -0.293458
v 0.067108 0.487259 -0.280089
v 0.108383 0.454437 -0.264785
v 0.140625 0.426453 -0.239022
v 0.112259 0.452637 -0.215863
v 0.160553 0.414703 -0.250093
v 0.156982 0.412643 -0.247759
v 0.182312 0.404160 -0.200550
v 0.178787 0.401672 -0.198633
v 0.144257 0.428558 -0.241228
v 0.126434 0.439545 -0.227427
v 0.163025 0.411758 -0.189727
v 0.103378 0.458862 -0.206331
v 0.135635 0.426956 -0.170728
v 0.136551 0.430557 -0.167838
v 0.103683 0.451904 -0.173547
v 0.105576 0.455063 -0.170472
v 0.086670 0.476303 -0.174191
v 0.124588 0.432587 -0.160591
v 0.245056 0.369644 -0.232713
v 0.244675 0.374298 -0.231380
v 0.196091 0.388763 -0.268341
v 0.227188 0.376831 -0.223755
v 0.261765 0.364166 -0.239583
v 0.261032 0.368591 -0.238019
v 0.248535 0.365524 -0.290426
v 0.166702 0.406342 -0.141504
v 0.154633 0.406586 -0.138150
v 0.158005 0.409760 -0.139152
v 0.128113 0.435516 -0.161868
v 0.190994 0.385345 -0.116896
v 0.180389 0.388412 -0.112951
v 0.185944 0.395508 -0.156520
v 0.208237 0.379395 -0.128320
v 0.186035 0.399689 -0.154382
v 0.205475 0.388489 -0.168901
v 0.225510 0.373444 -0.139776
v 0.229172 0.376282 -0.140666
v 0.209000 0.391235 -0.170346
v 0.242432 0.369797 -0.143202
v 0.242294 0.365677 -0.145498
v 0.221222 0.380417 -0.176111
v 0.221405 0.384796 -0.174333
v 0.194016 0.392883 -0.206650
v 0.237106 0.372269 -0.183471
v 0.209412 0.383987 -0.214836
v 0.253433 0.365219 -0.189521
v 0.119064 0.428833 -0.135923
v 0.154831 0.387207 -0.085495
v 0.141403 0.398010 -0.099175
v 0.166687 0.397339 -0.108288
v 0.092712 0.450577 -0.120992
v 0.133133 0.408661 -0.110392
v 0.107422 0.425354 -0.095684
v 0.115356 0.410461 -0.082507
v 0.123657 0.399078 -0.074572
v 0.131958 0.387802 -0.066713
v 0.168198 0.376678 -0.072202
v 0.212753 0.357483 -0.083086
v 0.177368 0.367798 -0.066355
v 0.142288 0.375473 -0.057910
v 0.126923 0.374420 -0.050245
v 0.106522 0.402542 -0.067581
v 0.098114 0.415222 -0.077156
v 0.090836 0.429367 -0.084523
v 0.090515 0.428558 -0.089225
v 0.099564 0.440125 -0.108697
v 0.138931 0.358673 -0.042322
v 0.152496 0.363464 -0.049211
v 0.193115 0.346817 -0.057912
v 0.161835 0.352859 -0.047195
v 0.186493 0.359222 -0.060702
v 0.065964 0.464432 -0.126640
v 0.061783 0.462067 -0.126927
v 0.055435 0.477066 -0.147130
v 0.053207 0.473907 -0.145245
v 0.074554 0.453323 -0.114120
v 0.068268 0.451599 -0.115844
v 0.074814 0.441071 -0.104679
v 0.048248 0.465790 -0.151639
v 0.045929 0.464752 -0.147557
v 0.023117 0.439041 -0.164047
v 0.024155 0.440598 -0.168729
v 0.004440 0.445251 -0.164526
v 0.004868 0.446304 -0.169162
v 0.005585 0.449890 -0.166176
v 0.002335 0.455429 -0.172249
v 0.002396 0.455490 -0.168214
v 0.032776 0.421600 -0.157136
v 0.032394 0.425797 -0.155743
v 0.006943 0.436798 -0.159324
v 0.006699 0.434647 -0.164613
v 0.026733 0.428467 -0.164312
v 0.024673 0.428391 -0.159230
v 0.008087 0.439575 -0.162427
v 0.008881 0.425690 -0.154433
v 0.053680 0.421158 -0.129128
v 0.089951 0.413910 -0.079530
v 0.080765 0.413177 -0.090130
v 0.098694 0.402527 -0.071210
v 0.084122 0.400955 -0.090942
v 0.059723 0.396255 -0.121872
v 0.038254 0.492584 -0.167952
v 0.040649 0.488861 -0.168599
v 0.064514 0.383820 -0.120518
v 0.070175 0.373459 -0.120484
v 0.087387 0.388626 -0.091732
v 0.108673 0.388489 -0.060565
v 0.116394 0.372086 -0.065626
v 0.091476 0.380219 -0.095731
v 0.087814 0.380615 -0.092641
v 0.122421 0.371750 -0.051966
v 0.114288 0.299301 -0.084071
v 0.067566 0.288574 -0.148712
v 0.083954 0.279312 -0.131443
v 0.097702 0.320084 -0.102508
v 0.112488 0.329758 -0.081003
v 0.087662 0.343231 -0.107903
v 0.076233 0.358215 -0.117421
v 0.068527 0.264130 -0.154799
v 0.115265 0.240555 -0.110089
v 0.074677 0.357391 -0.119573
v 0.107162 0.454620 -0.175308
v 0.248367 0.372833 -0.234493
v 0.250916 0.206131 -0.405973
v 0.084091 0.271255 -0.496321
v 0.304962 0.207062 -0.359644
v 0.246826 0.162506 -0.262268
v 0.239319 0.162338 -0.257615
v 0.258438 0.163559 -0.215720
v 0.196899 0.166061 -0.268570
v 0.245026 0.166199 -0.303408
v 0.121124 0.169479 -0.337222
v 0.125488 0.166656 -0.346654
v 0.142517 0.165253 -0.386591
v 0.050262 0.154358 -0.280115
v 0.008987 0.436035 -0.157143
v 0.001831 0.330933 -0.189177
v 0.049530 0.272949 -0.195468
v 0.134659 0.236649 -0.089913
v 0.050232 0.424225 -0.127491
v 0.174423 0.403290 -0.255205
v 0.168427 0.376053 -0.395546
v 0.105392 0.444168 -0.318810
v 0.045380 0.265091 -0.466889
v 0.046356 0.278702 -0.471723
v 0.068665 0.432465 -0.381132
v 0.038605 0.210281 -0.351656
v 0.028931 0.220016 -0.348056
v 0.033676 0.250107 -0.210135
v 0.025162 0.430435 -0.372532
v 0.007614 0.259262 -0.395278
v 0.002884 0.459274 -0.171160
v 0.029099 0.177078 -0.283189
v 0.040833 0.210526 -0.342797
v 0.025726 0.223923 -0.350366
v 0.027176 0.223038 -0.346913
v 0.127808 0.150314 -0.235702
v 0.218307 0.255768 -0.460085
v 0.182663 0.257095 -0.471877
v 0.017578 0.345886 -0.448828
v 0.049103 0.443390 -0.135801
v 0.149750 0.170181 -0.306895
v 0.279099 0.185638 -0.341747
v 0.112396 0.180222 -0.312836
v 0.227051 0.211716 -0.093572
v 0.026291 0.228149 -0.351780
v 0.028656 0.237396 -0.408102
v 0.246292 0.170593 -0.304701
v 0.248734 0.166580 -0.263292
v 0.307404 0.175171 -0.247762
v 0.026520 0.267532 -0.440718
v 0.044708 0.255524 -0.463402
v 0.079849 0.249557 -0.487759
v 0.076889 0.241898 -0.483810
v 0.129364 0.244095 -0.484350
v 0.074783 0.227188 -0.470042
v 0.180298 0.239426 -0.470537
v 0.085693 0.301926 -0.501647
v 0.402390 0.313721 -0.191951
v 0.314301 0.304855 -0.103267
v 0.285919 0.302322 -0.081485
v 0.211090 0.309219 -0.051001
v 0.405777 0.300522 -0.192869
v 0.122086 0.149292 -0.250613
v 0.010818 0.218430 -0.242461
v 0.124420 0.232635 -0.104959
v 0.098145 0.232773 -0.138234
v 0.160233 0.167542 -0.166618
v 0.006424 0.211578 -0.272452
v 0.025940 0.232422 -0.219563
v 0.069870 0.154846 -0.242084
v 0.047119 0.178604 -0.227622
v 0.080429 0.155670 -0.230686
v 0.128052 0.154755 -0.233770
v 0.128998 0.232773 -0.105510
v 0.129791 0.221878 -0.107658
v 0.136185 0.236893 -0.094592
v 0.149460 0.229645 -0.086502
v 0.030930 0.302521 -0.450292
v 0.023773 0.343353 -0.451723
v 0.020981 0.343246 -0.447568
v 0.267975 0.305847 -0.450037
v 0.382370 0.335861 -0.261146
v 0.369965 0.335327 -0.215494
v 0.306015 0.353867 -0.257568
v 0.230179 0.335648 -0.073277
v 0.284622 0.299057 -0.084012
v 0.197235 0.321228 -0.052042
v 0.209473 0.311020 -0.055053
v 0.215485 0.377121 -0.277788
v 0.194550 0.397354 -0.205167
v 0.158203 0.416946 -0.246184
v 0.111923 0.456223 -0.267380
v 0.146805 0.384659 -0.387081
v 0.098114 0.419693 -0.075782
v 0.068924 0.369568 -0.117970
v 0.047791 0.447495 -0.138618
v 0.025681 0.433334 -0.161971
v 0.034378 0.432510 -0.378803
v 0.024307 0.464279 -0.330213
v 0.037277 0.474579 -0.321280
v 0.015610 0.508728 -0.236639
v 0.014481 0.507217 -0.210787
v 0.154846 0.365509 -0.422753
v 0.190674 0.363480 -0.405053
v 0.206512 0.369431 -0.369813
v 0.290802 0.354294 -0.339977
v 0.096054 0.465622 -0.253418
v 0.173416 0.398773 -0.256624
v 0.085861 0.461029 -0.133278
v 0.080841 0.470779 -0.145898
v 0.124863 0.419266 -0.121412
v 0.051651 0.444550 -0.139364
v 0.007828 0.432800 -0.157703
v 0.072388 0.440048 -0.100501
v 0.072327 0.440231 -0.100687
v 0.071701 0.440033 -0.101460
v 0.011948 0.311798 -0.414401
v 0.011230 0.308899 -0.414354
v 0.143433 0.352539 -0.040602
v 0.158096 0.399796 -0.118990
v 0.154251 0.402084 -0.120749
v 0.144089 0.353912 -0.038339
v 0.102493 0.362976 -0.082890
v 0.112427 0.346878 -0.064212
v 0.077286 0.247574 -0.141519
v 0.087830 0.241562 -0.122471
v 0.011246 0.245026 -0.385959
v 0.012985 0.244705 -0.384297
v 0.103012 0.251770 -0.099238
v 0.119858 0.284546 -0.072565
v 0.115936 0.262772 -0.081226
v 0.123825 0.315826 -0.066199
f 1 2 3
f 4 5 6
f 7 8 9
f 10 11 12
f 13 14 15
f 16 17 18
f 19 20 21
f 20 22 23
f 24 25 26
f 27 28 29
f 30 31 32
f 33 34 35
f 36 37 38
f 39 40 41
f 42 43 44
f 45 46 47
f 48 49 50
f 51 52 53
f 54 55 56
f 57 58 59
f 60 61 62
f 62 63 64
f 65 66 67
f 68 69 70
f 71 72 73
f 74 75 76
f 77 78 79
f 80 81 82
f 83 84 85
f 86 87 88
f 89 90 91
f 92 93 94
f 95 96 97
f 98 99 100
f 101 102 103
f 104 105 106
f 107 108 109
f 110 111 112
f 113 114 104
f 115 116 117
f 118 119 120
f 121 122 123
f 124 125 126
f 127 128 129
f 130 131 132
f 133 134 135
f 136 137 138
f 139 140 141
f 142 143 144
f 145 146 147
f 148 149 150
f 151 152 153
f 156 157 154
f 158 159 160
f 161 162 163
f 164 165 166
f 167 168 169
f 170 120 171
f 172 173 174
f 175 176 177
f 109 108 179
f 180 181 182
f 183 184 185
f 186 187 188
f 189 190 191
f 192 193 194
f 157 155 154
f 195 116 115
f 196 197 154
f 199 200 201
f 202 203 204
f 205 206 207
f 205 208 206
f 206 210 169
f 211 212 132
f 213 214 215
f 216 217 218
f 219 51 53
f 220 221 222
f 223 51 219
f 227 228 202
f 231 232 233
f 231 235 236
f 237 238 239
f 240 241 242
f 242 243 244
f 245 246 247
f 202 248 249
f 248 202 228
f 250 251 252
f 131 253 132
f 254 255 256
f 143 257 144
f 258 259 260
f 261 262 263
f 67 264 265
f 76 266 267
f 268 269 270
f 271 272 273
f 274 275 276
f 277 278 279
f 282 283 284
f 285 286 287
f 149 288 289
f 290 291 292
f 290 293 291
f 294 295 296
f 294 297 295
f 303 304 302
f 305 306 307
f 305 308 306
f 309 310 311
f 309 312 310
f 313 314 315
f 313 316 314
f 317 318 319
f 317 320 318
f 321 322 323
f 321 324 322
f 325 326 327
f 325 328 326
f 329 330 331
f 329 332 330
f 333 334 46
f 337 338 339
f 341 342 343
f 344 345 346
f 347 348 349
f 350 351 352
f 353 347 354
f 355 356 357
f 355 68 356
f 359 361 360
f 362 363 81
f 364 365 366
f 371 366 365
f 372 373 374
f 375 63 62
f 376 377 378
f 379 264 67
f 380 266 76
f 381 382 372
f 383 384 385
f 386 387 388
f 389 390 391
f 392 393 394
f 395 396 397
f 398 399 400
f 401 398 400
f 402 403 401
f 404 405 388
f 388 387 406
f 407 408 409
f 410 411 412
f 413 414 415
f 416 417 418
f 419 420 421
f 422 423 424
f 425 426 427
f 428 429 385
f 430 431 432
f 433 434 435
f 436 437 438
f 439 440 441
f 442 443 444
f 445 446 447
f 448 449 450
f 382 381 451
f 129 128 452
f 453 454 455
f 456 457 458
f 459 460 461
f 462 463 464
f 465 466 467
f 468 469 470
f 473 474 475
f 476 477 478
f 476 107 477
f 479 480 455
f 479 187 480
f 481 482 465
f 481 483 185
f 485 486 487
f 485 484 469
f 488 489 490
f 491 492 493
f 491 494 492
f 491 495 494
f 496 497 498
f 499 500 501
f 502 503 504
f 502 505 503
f 506 507 508
f 509 510 511
f 509 512 513
f 514 515 516
f 519 520 521
f 521 522 523
f 524 525 526
f 524 527 525
f 528 529 530
f 531 532 533
f 534 535 536
f 537 538 539
f 537 540 538
f 543 544 545
f 546 547 548
f 549 550 551
f 549 552 550
f 553 554 555
f 553 556 93
f 557 558 559
f 560 561 562
f 563 564 565
f 563 566 567
f 568 569 570
f 571 573 572
f 571 574 573
f 575 576 577
f 575 578 576
f 575 579 578
f 580 581 582
f 583 584 585
f 583 586 587
f 592 593 594
f 592 595 593
f 598 599 600
f 601 602 603
f 601 604 602
f 605 606 607
f 608 609 610
f 608 611 609
f 612 613 614
f 612 615 613
f 616 617 618
f 616 619 617
f 620 621 622
f 623 625 624
f 626 89 627
f 628 629 630
f 628 624 629
f 628 631 624
f 632 633 634
f 635 636 637
f 638 639 640
f 638 641 639
f 642 643 644
f 642 645 643
f 646 647 648
f 649 650 651
f 652 653 654
f 652 655 653
f 656 657 658
f 659 660 661
f 659 662 660
f 663 664 665
f 666 667 668
f 666 669 667
f 670 671 672
f 670 673 671
f 674 675 676
f 677 678 679
f 680 681 682
f 683 684 685
f 686 687 688
f 686 689 687
f 690 148 691
f 692 149 693
f 692 694 149
f 472 695 696
f 697 3456 698
f 697 3457 3456
f 699 700 701
f 699 702 700
f 705 706 707
f 712 713 714
f 712 715 713
f 717 718 719
f 720 719 721
f 722 723 84
f 724 725 247
f 726 727 728
f 726 729 730
f 731 732 733
f 731 734 267
f 735 245 736
f 737 738 739
f 740 438 741
f 747 380 748
f 747 749 750
f 751 752 265
f 751 753 754
f 755 383 756
f 757 758 244
f 759 243 393
f 760 241 761
f 762 763 764
f 762 765 766
f 767 240 396
f 768 379 769
f 770 386 771
f 772 376 773
f 774 775 64
f 776 777 778
f 779 375 780
f 781 782 783
f 781 784 785
f 786 787 788
f 789 790 791
f 789 372 382
f 795 796 797
f 795 798 799
f 800 801 802
f 803 30 804
f 805 806 409
f 805 807 808
f 812 813 814
f 817 41 816
f 817 815 41
f 822 823 824
f 825 826 827
f 825 828 829
f 830 831 832
f 833 834 835
f 836 38 37
f 836 837 838
f 839 840 841
f 839 842 843
f 844 421 845
f 844 846 847
f 848 849 850
f 851 852 853
f 856 857 858
f 859 860 861
f 862 864 865
f 866 868 867
f 869 870 871
f 872 873 874
f 875 876 877
f 3458 820 821
f 878 879 880
f 881 238 361
f 882 213 883
f 884 885 886
f 884 69 885
f 884 70 69
f 887 888 236
f 889 235 890
f 891 892 217
f 893 894 895
f 896 897 898
f 899 900 901
f 902 903 904
f 905 897 896
f 906 17 16
f 907 900 899
f 908 909 910
f 911 908 910
f 912 913 914
f 915 916 917
f 918 919 920
f 921 922 923
f 924 925 926
f 927 928 929
f 930 931 932
f 933 934 935
f 936 937 938
f 939 940 941
f 944 945 946
f 949 950 951
f 949 952 953
f 954 955 956
f 957 142 958
f 959 960 257
f 963 134 964
f 963 135 134
f 965 967 966
f 968 969 970
f 968 971 969
f 972 22 973
f 972 23 22
f 975 974 976
f 977 979 978
f 980 905 981
f 983 982 984
f 985 987 988
f 985 989 987
f 990 991 992
f 992 993 994
f 995 997 996
f 998 999 1000
f 1001 1003 1002
f 1004 907 1005
f 1006 1008 1007
f 1009 906 1010
f 1011 9 1012
f 1013 1014 1015
f 1020 1021 1019
f 1022 1023 1020
f 3459 1025 3460
f 3460 1026 3459
f 1027 1028 1029
f 1030 1031 1032
f 1033 1034 253
f 1036 910 919
f 1037 876 909
f 1037 1038 876
f 1039 996 877
f 1040 1041 1042
f 1044 1043 1045
f 1051 1052 1050
f 1055 165 1056
f 1057 1058 1059
f 1060 1061 1062
f 1063 1064 166
f 1063 1065 1064
f 1066 1067 1068
f 3458 3461 880
f 3458 915 3461
f 1069 1070 1071
f 1069 1072 1070
f 1073 902 1074
f 1077 1078 1076
f 1079 1080 1081
f 1082 3462 1083
f 3463 3462 1084
f 209 1084 3462
f 1084 219 3463
f 3464 3465 118
f 1085 1086 1087
f 1088 1089 1090
f 45 47 892
f 218 888 1092
f 1093 363 1094
f 1095 511 510
f 95 493 96
f 1096 1097 1098
f 171 1099 1100
f 123 1101 121
f 126 1102 124
f 1103 1104 225
f 970 969 1105
f 857 1106 871
f 857 871 870
f 857 870 1107
f 857 1107 229
f 141 1108 139
f 153 1109 151
f 163 1110 161
f 252 1062 1111
f 1112 1113 1114
f 164 1056 165
f 1067 1116 1117
f 1064 1065 1068
f 1064 1068 1067
f 671 665 664
f 671 664 658
f 671 658 657
f 671 657 654
f 1118 1119 639
f 641 637 636
f 641 636 452
f 653 655 651
f 653 651 650
f 653 650 648
f 653 648 647
f 653 647 640
f 653 640 639
f 1120 1121 1122
f 178 693 149
f 182 1123 180
f 1124 522 1125
f 188 1126 186
f 1127 578 579
f 576 578 1127
f 1128 573 574
f 550 552 570
f 550 570 569
f 550 569 572
f 550 572 573
f 192 1129 538
f 540 548 547
f 540 547 551
f 540 551 550
f 539 538 1129
f 525 527 530
f 525 530 529
f 525 529 536
f 525 536 535
f 525 535 539
f 1130 508 507
f 1130 507 526
f 1131 501 500
f 1131 500 504
f 493 492 1131
f 1132 477 107
f 604 600 599
f 604 599 594
f 1134 1135 1136
f 1137 1138 1139
f 115 634 633
f 115 633 644
f 115 644 643
f 1140 611 607
f 606 603 1137
f 618 617 1141
f 1142 1143 1144
f 1141 667 669
f 1145 1146 1142
f 688 687 624
f 1146 1147 679
f 1146 679 678
f 1146 678 682
f 1146 682 681
f 1146 681 688
f 624 622 621
f 624 621 1148
f 1149 1150 1151
f 201 1152 199
f 1153 1154 698
f 220 1155 685
f 220 685 684
f 220 684 676
f 220 676 675
f 220 675 672
f 220 672 671
f 207 1117 205
f 209 208 205
f 1084 867 868
f 1084 868 1156
f 223 861 860
f 223 860 858
f 169 207 206
f 1160 291 293
f 296 295 1161
f 319 318 1162
f 1163 314 316
f 311 310 1164
f 1165 306 308
f 307 306 1165
f 1166 330 332
f 46 334 1167
f 217 892 1168
f 231 890 235
f 788 787 1169
f 1169 1170 883
f 1171 778 777
f 1171 777 64
f 1171 64 775
f 237 361 238
f 242 396 240
f 240 761 241
f 82 81 363
f 391 736 245
f 247 725 1172
f 84 723 1173
f 252 1098 250
f 211 132 253
f 259 3453 3454 260
f 1175 863 1176
f 879 1072 1177
f 867 1178 1070
f 1179 1180 721
f 1161 295 297
f 1181 838 837
f 331 330 1166
f 1167 334 1182
f 284 225 282
f 287 1183 285
f 289 150 149
f 3466 3467 1184
f 1185 1186 354
f 355 1187 885
f 370 1188 341
f 835 834 814
f 713 721 1180
f 1189 780 375
f 1190 773 376
f 1191 769 379
f 1192 748 380
f 1193 756 383
f 394 241 764
f 1194 771 386
f 401 1195 402
f 85 725 728
f 451 1196 382
f 455 1197 453
f 195 593 595
f 458 1198 456
f 461 1199 459
f 1200 533 532
f 464 467 462
f 467 464 465
f 470 1201 468
f 1202 94 93
f 668 667 1141
f 1203 660 662
f 661 660 1203
f 1204 1136 1205
f 696 1206 1207
f 614 613 1203
f 1141 617 619
f 198 1076 1078
f 967 1074 902
f 1208 800 978
f 979 981 905
f 979 905 896
f 800 1209 1007
f 1008 1010 906
f 1008 906 16
f 969 971 1210
f 1209 1210 1002
f 1003 1005 907
f 1003 907 899
f 1210 1211 996
f 997 1000 999
f 997 999 1212
f 875 910 909
f 875 909 876
f 875 1211 973
f 919 910 875
f 1213 986 1032
f 1213 1032 1031
f 1213 1028 1026
f 1214 1215 1216
f 1217 1218 1219
f 941 1220 939
f 3459 1221 3460
f 1222 3468 3465
f 3469 3470 3468 1222 3324
f 3469 3471 1223 222 221
f 1224 9 8 1225
f 1226 1227 1228 1229
f 1024 1228 1227 1021
f 1230 1231 1232 1233
f 952 1234 1235 953
f 1235 15 14 953
f 1236 1237 1238 1239
f 1240 1241 1242 1243
f 1244 1245 1246 1247
f 979 1248 1249 981
f 1250 988 1251 1252
f 1253 1250 1252 1254
f 1255 1256 23 970
f 802 801 1257 1258
f 1259 1260 1261 1262
f 1263 773 1190 1264
f 798 1263 1264 1265
f 799 798 1265 1266
f 1267 1268 1269 1270
f 785 784 1271 1272
f 784 780 1189 1271
f 1248 1273 1274 1249
f 1275 904 903 1276
f 1277 1278 1279 1280
f 958 142 1281 1282
f 1283 1086 1085 1284
f 1087 1089 1088 1085
f 852 1285 1286 853
f 847 846 849 1287
f 1288 1289 1290 1291
f 1091 819 1175 1176
f 1292 819 1091 41
f 808 1293 1294 1295
f 1293 810 1296 1294
f 810 1297 1298 1296
f 1299 1300 1301 1302
f 1303 1304 1305 1306
f 1307 1308 1309 1310
f 1311 1312 1313 1314
f 1315 1311 1314 1316
f 49 1317 1318 50
f 216 218 1092 1319
f 1320 890 231 1321
f 1322 1323 1324 1325
f 1092 1326 1327 1319
f 1321 1328 1329 1320
f 766 765 1330 1331
f 361 68 1332
f 357 1333 1334 1335
f 360 1336 1337 358
f 265 752 1338 1339
f 270 1180 1179 268
f 729 1340 1341 730
f 1342 1343 1344 1345
f 1343 147 146 1344
f 1346 1093 1094 1347
f 1348 1349 1350 1351
f 1352 1353 1354 1355
f 1356 1352 1355 1357
f 1358 444 443 1359
f 1360 1361 1362 1363
f 1364 1365 1366 1367
f 1368 1369 1370 1371
f 1372 1373 1374 1375
f 1376 1377 1378 1379
f 577 576 574 567
f 565 564 1380 1381
f 193 1376 1379 1382
f 1383 1384 1385 1386
f 1387 1385 1384 1388
f 1389 1390 1391 1392
f 1388 1393 1394 1387
f 1395 1396 544 1397
f 540 1398 1399 548
f 495 1400 501 494
f 1401 1402 1403 1404
f 1405 1406 1407 1408
f 1409 1410 1411 1412
f 1413 1414 1133 1415
f 542 1416 1417 1418
f 1419 1420 1421 1422
f 1423 1424 516 515
f 1422 1425 1426 1419
f 1416 1427 1428 1417
f 1429 1430 1431 1432
f 1433 1434 1435 1436
f 1437 1438 1439 1440
f 263 1441 1442 261
f 1098 252 1111 1096
f 117 1443 1444 1445
f 1446 1447 1448 1449
f 198 1077 1450 1451
f 1452 1453 1454 1455
f 633 1456 1457 644
f 171 120 119 1099
f 1100 173 170 171
f 174 173 1100 1458
f 1459 1460 172 1461
f 1462 1463 1442
f 1464 1465 1466 1467
f 225 226 1468 1103
f 224 177 204 203
f 1469 1470 1471 1472
f 1049 1473 1474
f 1475 1476 1042 1041
f 1477 1478 1479 1480
f 301 1481 1482 1483
f 704 702 1484
f 1485 1486 1487 1488
f 1489 1490 1491 1492
f 1018 4 6 1493
f 1386 1366 1365 1383
f 1494 1495 1496 1497
f 1498 1499 1500 1501
f 1502 1407 1406 1503
f 1504 1374 1373 1505
f 1371 1506 1507 1368
f 1367 1508 1509 1364
f 1361 1322 1325 1362
f 1245 1510 1511 1246
f 1512 1513 1514 1515
f 1516 1511 1510 1517
f 1518 1519 18 1520
f 1521 1274 1273 1522
f 1523 1524 1525 943
f 1526 1527 1528 956
f 1255 970 1105 1529
f 1530 799 1266 1531
f 1532 1533 1534 1535
f 1105 802 1258 1529
f 1536 1537 991 989
f 1527 1538 976 1528
f 1539 1509 1508 1540
f 1505 1315 1316 1504
f 1541 1542 1543 1544
f 1545 1507 1506 1546
f 1278 1547 1548 1279
f 1547 1549 1550 1548
f 1549 1551 1552 1550
f 1553 1554 1555 1556
f 1554 1557 1558 1555
f 711 433 435 1559
f 1233 1560 1561 1230
f 1562 222 1223 53
f 1563 1564 1565 1566
f 1567 1568 283 282
f 1569 1570 1571 1572
f 447 1573 1574 445
f 1575 1576 1577 1578
f 1579 1580 943 1581
f 1582 1553 1556 1583
f 1349 1569 1572 1350
f 1584 1585 1586 1587
f 1588 1589 299
f 1412 1482 1481 1409
f 945 1590 1591 946
f 1177 1592 1593 880
f 153 148 1594 1109
f 159 1595 1596 160
f 1597 698 1154 1598
f 1112 1599 1600 1113
f 1114 168 1601 1112
f 1602 1603 1604 1605
f 1599 1606 1607 1600
f 1096 1608 1609 1097
f 1610 1611 1052 1612
f 1613 1115 1614 1615
f 1616 1600 1607 1617
f 1111 1616 1617 1618
f 1114 1619 1117 207
f 1606 1599 1603 1602
f 1599 1112 1601 1603
f 1605 1604 1620 1621
f 167 1461 1622 1623
f 174 1624 1620 1622
f 1624 1625 1621 1620
f 654 653 1626 671
f 1627 1628 1629 1630
f 1631 128 127 1632
f 128 1631 1118 452
f 1118 1099 119 1119
f 1456 637 641 1457
f 681 125 124 688
f 1633 1464 1467 1634
f 1120 1122 220
f 1635 220 1636
f 1637 1122 1121 1638
f 1639 1637 1638 1640
f 1641 1642 1643 1644
f 505 498 1645 508
f 1646 1389 1392 1647
f 1648 630 1649 1650
f 515 156 1651 1423
f 1652 1646 1647 1653
f 545 544 1396 1654
f 1125 518 1124
f 1655 1656 1657 1658
f 1596 1660 160
f 160 1660 198
f 1660 109 198
f 152 1649 1659 153
f 1376 1128 1127 1377
f 1128 1376 193 192
f 573 1128 192 550
f 539 1129 1661 525
f 1389 1661 1129 1390
f 1661 1389 1646 1130
f 1661 1130 526 525
f 1415 1662 1131 1652
f 1132 97 96 1662
f 1140 1137 472 471
f 1137 1140 607 606
f 1142 1141 669 1145
f 688 624 1142 1146
f 689 1643 1642 691
f 1663 1664 1665 1666
f 1667 1663 1666 1668
f 1669 600 604
f 1670 1671 1672
f 105 104 155
f 187 1673 480
f 1674 1675 1673 1676
f 1132 1414 1677 478
f 1678 1679 1680 1681
f 1682 1151 1150 1683
f 1486 1684 1487
f 200 199 1685
f 1686 1687 1688 1689
f 1690 1691 1692
f 1693 161 1694
f 1693 162 161
f 1434 1101 123
f 1435 1434 123
f 1695 1696 1697
f 1438 1698 1699
f 1438 1699 1439
f 932 931 1058 1613
f 1460 1459 1700 1701
f 1459 169 210 1700
f 1702 229 1157 1703
f 225 1104 177 224
f 1704 1562 1705 230
f 220 222 1562 1704
f 220 1704 1702
f 220 1706 221
f 1084 1214 1070 1178
f 1084 223 219
f 1214 1084 209 1707
f 223 1084 1156 1708
f 51 223 1709 52
f 52 1709 230 1705
f 1065 1710 1711 1068
f 205 1117 1116 1712
f 569 1713 572
f 586 561 1714 587
f 489 486 1715 490
f 129 1716 1717 127
f 229 227 1157
f 225 224 203
f 225 149 694
f 178 1639 1640 693
f 1594 148 150
f 153 1659 148
f 47 1168 892
f 218 1718 888
f 787 1171 1169
f 1719 1720 1183 287
f 1563 1719 287 1564
f 1161 895 894 1160
f 1161 1160 293 296
f 1285 1721 1722 1286
f 1162 1181 1723 1163
f 1164 1165 308 311
f 1089 1165 1164 1090
f 47 46 1167 1168
f 1283 1168 1167 1086
f 218 217 1168 1718
f 1724 1718 1168 1283
f 1725 1328 1321 231
f 1726 788 1169 1725
f 883 213 215 1169
f 775 1170 1169 1171
f 397 237 1170 400
f 242 1093 1336 237
f 85 84 1173 1172
f 1727 1728 1353 1173
f 1728 1727 1729 1730
f 234 3456 1731 1732
f 1474 1733 1734 1049
f 826 1288 1291 1735
f 253 1034 1736 211
f 371 1737 1738 366
f 838 1181 1285 852
f 1739 1740 425 427
f 1741 1561 1560 1742
f 1743 1744 1745 1746
f 1747 1489 1492 1748
f 121 1749 1750 122
f 1484 1751 1752 704
f 1732 1753 1754 1755
f 1753 1732 1731 1729
f 1730 1729 1731 1756
f 1730 1756 1757 1758
f 1571 1570 1759 1760
f 1488 1761 1762 1485
f 1483 1763 301
f 1764 1156 868 1765
f 879 1177 880
f 1766 1767 1768 1769
f 1770 1768 1767 1771
f 1772 1773 1774 1775
f 1776 1777 304 1778
f 1779 1776 1778 1780
f 1781 1782 1783 1784
f 1785 1305 1304 1786
f 1787 1788 1789 1790
f 1791 1792 1793 1794
f 1795 1796 1797 1798
f 1799 1800 1801 1802
f 1803 1804 1805 1806
f 1807 1808 1809 1810
f 1811 1812 1813 1814
f 1815 1816 1817 1818
f 1819 1820 1821 1822
f 1823 1824 1825 1826
f 1827 1828 1829 1830
f 1831 1832 1833 1834
f 377 766 1331 1835
f 734 730 1341 1836
f 1837 77 79 1838
f 1408 1839 1840 1405
f 1841 1842 1843 1844
f 1842 1845 1846 1843
f 1847 1848 1849 1850
f 1851 1852 1853 1854
f 1852 1855 1856 1853
f 1857 1858 1859 1860
f 3466 1861 1862
f 1863 1859 1858 3466
f 1862 3467 3466
f 1864 1865 1866 1867
f 1865 1868 1869 1866
f 1870 1869 1868
f 1871 1869 1870 1872
f 1873 1874 284 281
f 1875 1873 281 1876
f 1877 1878 1879 1880
f 1881 1877 1880 1882
f 1883 1884 1885 1886
f 1887 1883 1886 1888
f 1889 1887 1888 1890
f 1891 1892 1893 1894
f 1895 1891 1894 1896
f 1897 1898 1899 1900
f 1901 1897 1900 1902
f 1903 1904 1905 1906
f 1907 1908 1909 1910
f 54 1911 1912 1913
f 1719 1161 297 1914
f 248 228 1564 287
f 1564 228 1915 1565
f 1916 1183 1720 1911
f 1917 1914 297 1918
f 293 1313 1312 296
f 1919 292 328 1920
f 308 1299 1302 311
f 1921 307 332 1922
f 1181 837 1923 1723
f 1924 1925 1926 1927
f 320 1924 1927 323
f 1721 1162 323 322
f 1928 1929 1930 1931
f 1163 1723 1090 1164
f 1182 331 1166 1167
f 1932 331 1182
f 225 284 1874 288
f 1933 1934 1935 1936
f 1934 1937 1938 1935
f 1939 276 275 1940
f 1940 1941 1942 1939
f 55 280 283 56
f 1943 1944 1945 1901
f 1945 1903 1677 1946
f 1901 1945 1946 1897
f 1946 1947 1898 1897
f 1947 1414 1948
f 1898 1947 1948 1895
f 1895 1948 1949 1891
f 1892 1950 1951 1889
f 1952 1391 1953 1954
f 1954 1955 1881 1884
f 1881 1955 1956 1877
f 1956 1379 1378 1957
f 1877 1956 1957 1878
f 1958 151 1109 1959
f 1875 1958 1959 1873
f 1960 1594 150 289
f 1874 1960 289 288
f 1961 1962 1902 1963
f 1964 1855 1852 1963
f 1900 1964 1963 1902
f 1965 1681 1855 1964
f 1965 1964 1900 1899
f 1678 1681 1965 1966
f 1967 1968 1678 1966
f 1894 1967 1966 1896
f 1969 1970 1968 1967
f 1970 1969 1971 1819
f 1819 1971 1972 1820
f 1886 1973 1972 1888
f 1974 1824 1823 1975
f 1882 1974 1975 1885
f 1976 1827 1824 1974
f 1880 1976 1974 1882
f 1976 1880 1879 1977
f 1978 1831 1828 1977
f 1876 1978 1977 1879
f 1978 1876 281 280
f 54 1913 280 55
f 1979 1914 1917 1912
f 1980 1917 1918 1981
f 1314 1982 1983 1316
f 1984 1919 1908 1982
f 1985 1834 1833 1986
f 1505 1985 1986 1315
f 1983 1907 1816 1987
f 1316 1983 1987 1504
f 1988 1829 1834 1985
f 1989 1830 1829 1988
f 1374 1990 1991 1375
f 1992 1825 1830 1989
f 1991 1812 1811 1993
f 1375 1991 1993 1994
f 1994 1993 1995 1496
f 1494 1996 1997 1495
f 1995 1808 1807 1998
f 293 290 1984 1313
f 294 296 1312 1999
f 2000 1821 2001 1996
f 1998 1807 2002 2003
f 2004 2005 299 298
f 1403 2006 2007 1404
f 2008 2009 2010 2006
f 2011 2012 1402 298
f 2013 2014 2015 2016
f 2017 2018 2012 2011
f 2019 1847 2020 2021
f 2022 1848 2018 2017
f 2023 2024 2025 2014
f 1849 2023 2014 2013
f 2026 2027 2028 1850
f 2029 2030 1737 371
f 3466 1184 2031
f 334 333 1182
f 1186 2032 354
f 2033 340 2034
f 2035 2036 2037 2038
f 2039 2035 2038 1453
f 2040 110 2041 2042
f 1452 2040 2042 2043
f 2044 1861 2045 2046
f 112 2044 2046 2047
f 1862 1861 2044
f 2048 1862 2044
f 2049 1859 1863 2050
f 1763 2049 2050 1682
f 1483 2051 2049 1763
f 2052 1149 110 2040
f 2038 2037 2053 2054
f 1453 2038 2054 1454
f 1455 1845 2055 2052
f 2055 2056 1683 1150
f 2056 1842 1841 300
f 1683 2056 300 301
f 2057 2058 2059 2060
f 301 300 2061 1481
f 2062 1840 1844 2058
f 1482 2063 2051 1483
f 1412 2064 2063 1482
f 1481 2061 2065 1409
f 1405 1840 2062 2066
f 1588 2066 2062 1589
f 2066 1588 2067 2068
f 1405 2066 2068 1406
f 1407 2069 2065 1408
f 1411 2070 2064 1412
f 2071 1800 1799 2070
f 2068 2067 2072 2073
f 1406 2068 2073 1503
f 2074 1779 2075 2076
f 2077 2074 2076 1584
f 2078 2079 2080 1394
f 2081 1780 1778 2082
f 2083 1783 2084 2085
f 2086 2083 2085 2087
f 2076 2075 1782 2088
f 1586 2089 2090 1587
f 1488 2091 2092 1761
f 1585 2088 2093 1762
f 1738 1784 1783 2083
f 1864 1784 1738 1737
f 2094 2095 3466 2031
f 2096 2094 2031 1684
f 2097 1872 1870 2098
f 2099 2030 2029 343
f 2098 1870 1868 2099
f 2100 1866 1869 2101
f 2100 2101 1486
f 2101 1869 2102
f 1184 3467 3466 2103
f 1184 2103 1487 1684
f 2104 1777 1776 2105
f 2082 1778 304 303
f 2106 2082 303 2107
f 1394 2080 2108 1387
f 2109 2110 2111 2112
f 1501 2109 2112 1502
f 2113 1810 1809 2114
f 2109 1501 1500 2115
f 2116 1796 1795 2117
f 2118 2116 2117 2119
f 2108 1798 1797 2120
f 1387 2108 2120 1385
f 2121 1774 1777 2104
f 1384 2121 2104 1388
f 2122 273 272 302
f 2123 1775 1774 2121
f 1383 2123 2121 1384
f 2124 2125 2126 2115
f 2127 2124 2115 1500
f 2114 1809 1814 2128
f 1499 2114 2128 2129
f 2128 1814 1813 2130
f 2131 1794 1793 2132
f 1386 2131 2132 1366
f 2133 2134 1775 2123
f 2135 2136 2137 1772
f 1771 2138 2136 2135
f 1364 2139 2133 1365
f 1368 2140 2141 1369
f 2142 1818 1817 2143
f 2144 1506 1371 2145
f 1542 2144 2145 2146
f 2147 1788 1787 2140
f 1509 2148 2139 1364
f 2149 2150 1937 2151
f 2152 1769 1768 2148
f 1539 2152 2148 1509
f 2153 1789 1786 2154
f 2155 1546 1506 2144
f 1543 2143 2156 1544
f 2156 1910 1909 2157
f 1308 2158 2155 1541
f 2159 1305 1785 2160
f 1925 2159 2160 1545
f 2161 1301 1769 2152
f 2149 1766 1300 2162
f 2163 2162 2164 1921
f 308 305 2164 1299
f 1301 2161 2165 1302
f 2166 1931 1930 2167
f 1303 2166 2167 1304
f 316 313 2166 1303
f 2168 1924 320 317
f 1306 2168 317 319
f 1307 2169 2158 1308
f 1309 2157 2170 1310
f 302 272 271 2171
f 2171 271 2172 2173
f 2174 2173 2175 1360
f 2176 1935 1938 2177
f 2177 1938 2178 2179
f 1322 2177 2179 1323
f 2180 2181 1323 2179
f 2182 2180 2179 2178
f 2183 1932 2181 2180
f 332 329 2183 1922
f 335 336 1182 333
f 50 2184 335 48
f 337 49 48 335
f 338 337 335 45
f 337 339 2185 2186
f 49 337 2186 1317
f 1324 2187 2188 1325
f 2188 1941 1940 2189
f 1325 2188 2189 1362
f 2190 2191 2192 1318
f 1317 2186 1186 2193
f 1185 71 2193 1186
f 349 1185 354 347
f 2194 276 1939 2191
f 73 2194 2191 2190
f 2189 1940 275 2195
f 340 274 276 2194
f 72 340 2194 73
f 2195 275 274 340
f 2196 2197 340 2033
f 2198 2199 2200
f 2201 342 341 2202
f 2029 371 2203 341
f 2204 2205 365 368
f 2206 2207 2208 2209
f 2210 350 352 2211
f 2212 2106 2213 2214
f 2034 349 348 2215
f 354 886 353
f 348 2216 2217 2215
f 57 353 1187 58
f 885 69 68 355
f 58 1187 355 357
f 356 358 1337 2218
f 357 356 2219 1333
f 2217 1335 1334 2220
f 2221 2220 2222 2223
f 2210 2224 2219 350
f 2218 1337 1346 2225
f 2226 2224 2227 2228
f 2223 2222 2229 2230
f 2229 2231 1345 2232
f 2230 2229 2232 2213
f 2227 2233 2209 2234
f 2235 1347 2236 2237
f 2238 2235 2237 2206
f 2239 2240 1094 2241
f 2242 80 1357 2243
f 2243 1357 1355 2244
f 2239 2245 2246 2247
f 2240 2239 2247 1348
f 2244 1355 1354 2248
f 2237 2236 1351 2249
f 2206 2237 2249 2207
f 2250 1344 146 2251
f 2234 2209 2208 2252
f 2253 2254 2255 2256
f 2257 2258 2259 2199
f 2260 2261 2262 2263
f 2260 2263 2198
f 2264 1757 2261 2260
f 2265 2264 2260 2198
f 2266 2267 2200 2268
f 200 2268 2269
f 370 1685 199 1188
f 2270 1760 1685 370
f 2203 2270 370 341
f 341 2271 2272 2202
f 1571 1760 2270 2273
f 1759 1570 2274 2266
f 2275 2276 2264 2265
f 2277 2278 2276 2275
f 2279 1572 1571 2273
f 367 368 365 364
f 369 367 364 366
f 1188 199 1152 2271
f 1188 2271 341
f 2280 1569 1349 2281
f 2282 1350 1572 2279
f 368 367 2283 2284
f 2285 2251 367 369
f 1180 270 714 713
f 2286 2287 2288 2289
f 2287 2290 2291 2288
f 2290 2292 2293 2291
f 375 62 61 1189
f 376 378 2294 1190
f 379 67 66 1191
f 380 76 75 1192
f 2295 739 2296 750
f 2297 2298 718 716
f 2299 1752 1751 2300
f 736 391 390 2301
f 1193 2302 753 756
f 386 388 405 1194
f 778 1171 2303 2304
f 791 790 2305 2306
f 83 85 728 2307
f 728 727 2308 2307
f 727 733 2309 2308
f 2310 2311 406 797
f 797 796 2312 2310
f 2313 2312 796 2314
f 2315 2313 2314 2316
f 2317 2315 2316 2318
f 2319 403 402 783
f 2320 2321 2322 2323
f 2323 2324 2325 2320
f 412 2326 2327 410
f 2328 793 2329 2330
f 415 2329 793 413
f 2331 418 417 2332
f 2333 2331 2332 2334
f 420 829 845 421
f 2335 2336 2337 827
f 2338 865 824 823
f 823 422 424 2338
f 870 2339 2340 1107
f 229 2341 2342 1158
f 2341 2343 2344 2342
f 2345 2346 2347 2348
f 2349 2350 2351 2352
f 831 2353 2354
f 846 843 850 849
f 428 385 384 746
f 2355 2356 2357 2358
f 441 2357 2356 439
f 741 438 437 714
f 2359 2360 2361 2362
f 2362 2363 2364 2359
f 2364 2363 2365 2366
f 2367 1582 1583 2368
f 450 2367 2368 448
f 354 2032 2369 886
f 2032 2185 2370 2369
f 339 338 2371 2372
f 2373 2374 2375 2376
f 2377 236 235 2378
f 2379 101 103 2380
f 2381 2379 2380 2382
f 2383 2381 2382 2384
f 2385 2386 2387 2388
f 2389 2390 2391 2392
f 2393 2394 2395 2396
f 1443 117 2397 2398
f 117 116 2399 2397
f 1716 129 1445 1444
f 2400 2401 2402 2403
f 2404 455 480
f 116 195 2405 2399
f 2406 1198 458 2407
f 1200 457 456 533
f 2408 2409 597 2410
f 2409 594 599 597
f 2411 607 611 2412
f 2413 2411 2412 2414
f 2415 2413 2414 2416
f 2390 1669 604 2391
f 1124 518 2417 2418
f 2419 2420 2421 2422
f 470 454 453 1201
f 2423 2424 2425 2426
f 2423 2426 463 2427
f 462 2427 463
f 482 1400 495 2428
f 2429 487 2430 2431
f 487 486 489 2430
f 2432 2433 2434 2435
f 535 2436 2437 539
f 510 2438 2439 2440
f 547 2441 556 551
f 513 512 497 2442
f 2443 511 1095 2444
f 507 2443 2444 526
f 2445 2446 555 554
f 2447 2448 2449 2450
f 678 2451 2452 682
f 2453 2454 2455 2456
f 1141 1203 662 668
f 2457 2458 2459 2460
f 2461 661 1205 2462
f 2462 2463 2464 2461
f 696 1207 471 472
f 2465 1139 645
f 645 2466 2467 2468
f 2469 2470 2471 2472
f 1203 610 609 1204
f 1203 1141 619 614
f 2473 614 619 2474
f 474 2473 2474 475
f 1671 2475 2476 1672
f 2475 2477 2478 2476
f 558 2479 589 2480
f 562 561 586 2481
f 2477 1148 621 2478
f 624 631 584
f 1673 2482 2404 480
f 487 484 485
f 2442 485 469 2483
f 1657 519 521 2484
f 1657 2484 521 523
f 2485 557 92 2486
f 2476 560 1672
f 1148 2487 1144 1143
f 2488 1906 1905 2489
f 107 476 2488 108
f 1446 2490 2491 1447
f 2492 1449 1448 2493
f 2419 2492 2493 2420
f 2421 2494 2495 2422
f 2496 2403 2402 2497
f 105 2496 2497 106
f 462 2498 2499 2427
f 2500 463 2501
f 180 2500 2501 2502
f 2501 463 2426 2490
f 2503 181 2504
f 2504 181 1449 2492
f 2505 2495 1674 1676
f 2506 460 2507 2505
f 186 2506 2505 1676
f 2482 1673 1675 2508
f 2404 2482 2508 2400
f 454 2509 479 455
f 2506 186 1126 2510
f 460 2506 2510 461
f 2500 180 1123 2511
f 463 2500 2511 464
f 467 2512 2498 462
f 2511 1123 483 481
f 464 2511 481 465
f 2431 2513 2514 1199
f 461 2510 2515 2429
f 2516 191 188 2509
f 484 189 191 2516
f 469 484 2516 470
f 2430 2517 2513 2431
f 481 185 184 488
f 488 184 183 2517
f 489 488 2517 2430
f 2518 95 1595 2519
f 2428 2518 2519 466
f 499 501 1400 488
f 496 498 505 502
f 2520 1645 512 509
f 2443 2520 509 511
f 2438 2521 2522 2523
f 514 1201 453 2524
f 2525 1423 1651 2526
f 1200 2527 2525 457
f 2528 2529 1424 2527
f 2417 2528 2527 1200
f 517 2439 2529 2528
f 518 517 2528 2417
f 2530 2440 2439 517
f 1125 2530 517 518
f 2531 2444 1095 2532
f 2533 2531 2532 2534
f 524 526 2444 2531
f 527 524 2531 2533
f 528 530 2535 2536
f 529 528 2536 2432
f 2536 2535 2537 2538
f 2538 2537 1656 2539
f 2433 2538 2539 2385
f 2539 1656 1655 2540
f 2385 2539 2540 2386
f 1658 2541 2542 1421
f 1124 2541 523 522
f 2542 2418 532 531
f 2543 1419 1426 2544
f 2394 2545 2546 2389
f 2547 2388 2387 2548
f 2549 2547 2548 2550
f 2436 2551 2552 2553
f 2551 2436 535 534
f 2435 2551 534 536
f 2554 2555 1398 2556
f 2557 2558 2559 2560
f 2561 2396 2395 541
f 1654 2561 541 542
f 541 2395 2392 2562
f 2415 2563 2564 2413
f 543 545 2565 2566
f 2567 543 2566 2568
f 543 2567 2569 2570
f 544 543 2570 1397
f 547 546 2571 2441
f 556 553 549 551
f 554 553 557 559
f 557 2485 2416 2572
f 2480 2573 2574 2575
f 2574 1381 1380 2576
f 2575 2574 2576 2445
f 2445 2576 2577 2446
f 571 572 564 563
f 2578 582 575 577
f 2579 91 90 580
f 2481 2579 580 2578
f 583 585 91 2579
f 590 2475 1671 588
f 2572 2416 2414 2580
f 2479 2572 2580 2469
f 2581 1198 2406 2582
f 2408 2581 2582 2409
f 458 2526 2583 2407
f 591 2403 2496
f 591 2496 105 155
f 2397 2584 2585 2398
f 2586 114 113 2584
f 2583 197 196 2587
f 2582 2406 595 592
f 2409 2582 592 594
f 598 600 1669 596
f 599 598 596 597
f 2588 103 102 596
f 2390 2588 596 1669
f 597 596 2589 2410
f 2544 1426 2410 2589
f 2546 2380 103 2588
f 2389 2546 2588 2390
f 601 603 1427 2590
f 604 601 2590 2391
f 2411 2591 605 607
f 2564 1417 1428 2591
f 2413 2564 2591 2411
f 2580 2414 2412 2592
f 2592 2412 611 608
f 2593 2471 615 612
f 2473 2593 612 614
f 2594 2472 2471 2593
f 2474 2595 590 475
f 616 618 100 2595
f 2596 2477 2475 590
f 98 2596 590 99
f 2596 98 1144 2487
f 2597 1714 561 560
f 584 583 623 624
f 2598 2587 2599 2405
f 628 630 1648 626
f 580 90 89 626
f 581 580 626 1648
f 1145 2600 1147 1146
f 220 2601 1155
f 148 690 178
f 1159 2603 1157 227
f 695 472 1137 1139
f 1135 2604 1205 1136
f 1456 633 632 2605
f 2606 2605 632 634
f 635 637 1456 2605
f 1457 2607 642 644
f 646 648 2608 2609
f 2467 2609 695 2468
f 2468 695 2465
f 1206 2610 2611 1207
f 2612 2613 2610 1206
f 2612 650 649 2613
f 2463 2614 2615 2616
f 2462 2617 2614 2463
f 658 2458 2618 656
f 2458 2457 2619 2618
f 2620 662 659 2621
f 2461 2621 659 661
f 665 1465 2622 663
f 1465 1464 2623 2622
f 2459 2622 2623 2460
f 2460 2623 2624 2625
f 2626 2447 1147 2600
f 2626 1634 1467 2627
f 2447 2626 2627 2448
f 2628 2629 2448 2627
f 672 2629 2628 670
f 2630 2451 678 677
f 2631 125 681 680
f 2632 126 125 2631
f 2456 2632 2631 2452
f 2601 220 1635 2633
f 1155 2601 2633 2634
f 2634 2633 2635 1102
f 2636 1636 220 2602
f 2635 1644 1643 2637
f 1102 2635 2637 124
f 2637 1643 689 686
f 124 2637 686 688
f 2638 1639 178 690
f 692 693 1640 2639
f 694 692 2639 1468
f 2639 1640 1638 2640
f 2640 1638 1121 2641
f 1121 1120 2642 2641
f 2641 2642 176 175
f 1703 2643 2642 1120
f 2603 1159 2644 2643
f 1157 2603 2643 1703
f 1667 1134 2645 2611
f 2462 1205 2604 2617
f 708 77 1837
f 1358 708 444
f 439 715 712
f 245 735 1340 246
f 1260 745 2646
f 1208 896 966
f 800 16 978
f 1209 899 1007
f 1210 1212 1002
f 808 806 805
f 2647 830 832 2648
f 2354 833 835
f 857 856 1106
f 1156 2649 2650 1708
f 1107 2651 229
f 1158 2652 1915 227
f 3457 697 2653 2654
f 2655 2656 2657 2658
f 2659 2655 2658 2660
f 2658 2657 874 699
f 2660 2658 699 701
f 701 700 702 133
f 703 450 449 702
f 704 703 702
f 702 873 2661 1484
f 2662 2663 2664 2665
f 2662 2665 1154 1153
f 2666 2663 2662 2667
f 2667 2662 1153 2668
f 1755 2669 2667 2668
f 1484 2661 2670 1751
f 2671 447 446 703
f 1752 2671 703 704
f 1751 2670 2672 2300
f 2673 1582 2367 2674
f 1574 2673 2674 445
f 2675 2676 2677 2678
f 705 2355 1573 2679
f 706 705 2679 2299
f 2673 1574 2358 2680
f 1582 2673 2680 1553
f 2681 2361 1838 2682
f 708 1837 2360 2676
f 2683 2298 2684 2682
f 79 2683 2682 1838
f 2680 2358 2357 2685
f 2685 2357 441 2686
f 2687 1556 1555 2688
f 1478 2689 2687 1277
f 1278 2688 2690 1547
f 2690 1558 1559 2691
f 2686 441 440 710
f 716 715 2692 2297
f 719 718 2298 2683
f 78 719 2683 79
f 708 1358 721 719
f 722 442 444 708
f 2693 443 442 722
f 2693 83 2307 2694
f 2694 2307 2308 2695
f 726 728 725 724
f 734 731 726 730
f 735 736 2301 2696
f 1340 735 2696 1341
f 1341 2696 2697 1836
f 2695 2308 2309 2698
f 268 2698 737 269
f 710 440 439 712
f 437 710 712 714
f 715 716 718 717
f 713 715 717 721
f 740 741 269 737
f 2295 740 737 739
f 711 710 742 433
f 2691 1559 435 2699
f 433 742 744 434
f 1275 744 745 904
f 745 431 430 2700
f 34 745 2700 35
f 2700 430 749 747
f 35 2700 747 748
f 747 750 2296 2701
f 747 2701 266 380
f 2697 390 389 2702
f 1836 2697 2702 2703
f 1193 429 2704 2705
f 1192 2704 2706 33
f 2706 428 746 745
f 264 755 751 265
f 752 751 757 244
f 243 759 2707 1338
f 2707 392 2708 2709
f 2709 2708 2710 2711
f 240 767 2712 1330
f 768 755 264 379
f 770 771 763 762
f 2712 395 399 2713
f 1330 2712 2713 1331
f 2713 399 398 2714
f 1331 2713 2714 1835
f 387 386 770 772
f 772 770 377 376
f 2715 406 387 772
f 1191 2716 2717 2718
f 1194 405 2716 2719
f 967 902 904 745
f 2720 2311 2310 2721
f 1261 2720 2721 1262
f 63 2722 774 64
f 2294 2723 2724 1190
f 776 778 2304 2725
f 2725 2304 2303 2726
f 779 2722 63 375
f 1190 2724 2727 1264
f 781 783 402 779
f 784 781 779 780
f 1189 2728 2729 1271
f 2730 2731 787 786
f 373 2730 786 788
f 789 791 2731 2730
f 789 382 1196 2732
f 790 789 2732 2328
f 2328 2732 792 793
f 798 795 2715 1263
f 2727 2319 2733 2734
f 1264 2727 2734 1265
f 896 1208 978 979
f 16 800 1007 1008
f 1258 2735 2736 1529
f 2737 2314 796 795
f 2734 2733 2321 2738
f 1265 2734 2738 1266
f 2739 2322 782 781
f 1266 2738 2740 1531
f 2741 2323 2322 2739
f 1267 2741 2739 1268
f 2742 415 414 804
f 32 2743 2741 1267
f 2744 2316 2314 2737
f 1533 2744 2737 1530
f 2736 2315 2317 2745
f 1529 2736 2745 1255
f 899 1209 1002 1003
f 1532 2746 2744 1533
f 2747 2325 2326 2748
f 2749 2750 2318 2746
f 2745 2317 2751 2752
f 1255 2745 2752 1256
f 1211 1210 971 973
f 807 409 2750 2749
f 2748 2326 412 2753
f 1535 2748 2753 27
f 2753 412 411 807
f 27 2753 807 28
f 809 2327 2324 2743
f 31 809 2743 32
f 44 792 811 42
f 2754 413 793 792
f 1297 804 2754 2755
f 803 1297 810 809
f 30 803 809 31
f 2756 418 2331 2757
f 2757 2331 2333 2758
f 2759 2757 2758 1298
f 2760 2761 2762 2763
f 1296 2760 2763 1294
f 2764 2332 417 2765
f 2766 2334 2332 2764
f 2290 2766 2764 2292
f 2287 2767 2766 2290
f 808 807 2768 1293
f 815 407 409 806
f 806 808 2336 2769
f 39 806 2769 40
f 19 815 875 20
f 2770 424 423 816
f 1091 2770 816 41
f 816 423 422 820
f 820 915 917
f 821 820 822 2771
f 2763 2762 2772 2773
f 2774 2775 830 2647
f 833 2354 2776 2777
f 2777 2776 2348 2778
f 2779 2777 2778 2293
f 1284 2780 2781 2782
f 1085 2783 2780 1284
f 2293 2778 2784 2291
f 2785 2349 2346 2783
f 2786 2352 2351 2787
f 2788 1923 837 836
f 2350 2788 836 37
f 2789 2790 2791 2792
f 1739 2789 2792 36
f 839 841 2793 2794
f 842 839 2794 2795
f 839 843 846 844
f 840 839 844 845
f 2790 2789 848 850
f 848 427 426 2796
f 849 848 2796 1287
f 2797 2798 1287 2796
f 2799 2344 425 2800
f 1566 2799 2800 893
f 893 2800 851 853
f 852 851 836 838
f 826 825 2801 1288
f 421 844 854 419
f 1291 2802 818 1735
f 2803 2804 1175 2802
f 1290 2803 2802 1291
f 864 862 859 861
f 2649 1156 1764 2805
f 868 866 878 1765
f 1765 878 3458 2806
f 824 2807 2805 822
f 2771 822 2805 1764
f 865 2338 2808 862
f 863 862 2808 1176
f 1176 2808 2770 1091
f 1289 854 2809 2810
f 869 871 2810 2809
f 2811 2341 229 2651
f 2812 2342 2344 2799
f 2652 1158 2342 2812
f 1915 2652 2812 1565
f 2813 882 883 239
f 892 891 2371
f 2814 2815 238 881
f 2816 2817 2814 1332
f 1326 2818 2817 2816
f 2819 2376 2375 2820
f 1329 2820 2821 1320
f 1092 2822 2818 1326
f 1327 2823 2824 1319
f 887 236 2377 2822
f 2821 2378 235 889
f 1320 2821 889 890
f 2825 2372 2371 891
f 2826 2827 2828 2829
f 2829 2830 2831 2826
f 2830 2832 2833 2831
f 2832 2834 2835 2833
f 2834 962 2836 2835
f 2837 2838 2839 2840
f 2840 2841 2842 2837
f 2843 2844 898 2845
f 2846 2847 2848 2849
f 2850 2851 2852 2853
f 2853 2854 2855 2850
f 2856 2857 2858 2859
f 2860 1238 1237 2861
f 2862 2863 2864 2865
f 2866 2867 2868 2869
f 2870 2871 2872 2873
f 2874 2875 2876 2877
f 2845 2874 2877 2843
f 1512 1212 999 2878
f 876 1038 2879 877
f 1213 1031 1029 1028
f 2880 2881 1023 2882
f 2883 911 2884 2885
f 2886 2883 2885 2887
f 2888 2889 2890 2891
f 2892 2893 2894 2895
f 2896 2897 2898 2899
f 1214 1707 2900 1215
f 1054 2901 2902 2903
f 2901 1741 1742 2902
f 920 917 916 918
f 2904 2905 1014 1017
f 2906 2907 2908 2909
f 2910 2906 2909 2911
f 2912 2913 2914 2915
f 2916 2917 948
f 2918 2916 948 2919
f 2920 1590 945 2921
f 2922 2923 2924 2925
f 937 2924 2923 938
f 926 2926 2927 924
f 2928 2856 2859 2929
f 2930 2910 2911 2931
f 2932 2933 2934 2935
f 2936 2937 2938
f 2939 2940 2941 2942
f 2933 2930 2931 2943
f 2926 2944 2945 2927
f 2946 940 939
f 2946 939 2947
f 2948 2946 2947 2949
f 2950 2936 2938 2951
f 2952 2953 2954 2955
f 2956 2957 2958 2959
f 2960 2956 2959 2961
f 2962 2963 2964 2965
f 2966 2962 2965 2967
f 2838 2968 2969 2839
f 962 2970 2971 2972
f 2973 135 2974 2975
f 2976 2977 2978
f 2979 2980 2981 2982
f 2979 2982 2983 2957
f 2879 2984 992 994
f 2882 1011 1012 2985
f 1023 1022 1019
f 2986 1043 1044
f 251 1060 1062
f 2987 2988 2989 2990
f 2991 2957 2992
f 2993 2994 2995 2996
f 2997 2977 2976 2998
f 2952 2977 2997 2999
f 3000 2999 2997 1692
f 3001 3002 3003 1579
f 3003 2960 2873 3004
f 1579 3003 3004 1580
f 3005 3006 3007 3008
f 3009 3005 3008 1693
f 3008 3007 2978 3010
f 1693 3008 3010
f 3010 3011 162 1693
f 2955 2954 3012 3013
f 3014 3015 3012 2954
f 1575 3016 944 1576
f 1110 2921 3016 3017
f 3017 3016 1575 141
f 140 1430 3018 3019
f 1431 3020 3021 1432
f 3022 2946 3020
f 139 3023 3022
f 3024 941 940 3023
f 3025 3026 3027 3028
f 1435 3025 3028 1436
f 3029 3026 3025
f 3030 2947 939 3031
f 1434 3030 3031
f 3031 939 3032
f 3033 3029 123
f 3034 2940 2939 3033
f 3032 939 1220 3035
f 1101 3032 3035 121
f 121 3035 3036 1749
f 3036 2929 2859 3037
f 1749 3036 3037 1236
f 3038 2916 2918 3039
f 2918 2940 3034 3039
f 1750 3039 3034 122
f 3040 3041 3042 3043
f 3044 3043 3042 2942
f 3044 3045 1695 1697
f 3045 2942 2941 3046
f 1695 3045 3046 3047
f 2941 2919 3048 3046
f 3047 3046 3048 138
f 3048 2919 948 947
f 3049 2936 2950 3050
f 3051 3049 3050 3052
f 3053 2936 3049
f 3054 2936 3053 3055
f 3055 3053 1696
f 3056 3057 3055 1696
f 947 1 2913 3058
f 1437 3059 3060 1438
f 3061 2937 2915 3062
f 1698 3061 3062 3063
f 3064 2914 3 3065
f 3066 3064 3065 3067
f 3068 2910 2930 3069
f 2906 2910 3068 3070
f 3071 3070 3068 3072
f 3073 3074 3070 3071
f 1699 3069 3075
f 3075 3076 1439 1699
f 1489 3077 3078 1490
f 2911 2909 3077 3079
f 3080 2931 2911 3079
f 3081 2935 2934 3082
f 263 3081 3082 1441
f 3083 1218 3084 3085
f 261 3083 3085 262
f 3086 1219 1218 3083
f 3087 930 1219 3086
f 3087 3086 1442
f 928 930 3087 3088
f 2904 929 3089 3090
f 3091 2905 2904 3090
f 1491 3091 3090 1492
f 3092 3093 3091 1491
f 3094 3095 3074 3073
f 955 3096 3067 3065
f 947 948 956 955
f 1 947 955 2
f 957 2870 2961 3097
f 3098 2838 2837 3099
f 3100 3101 3098 3102
f 3103 3104 2968 3101
f 3105 3103 3101 3100
f 3106 2966 3104 3103
f 1689 3106 3103 3105
f 2961 2959 959 3097
f 143 3097 959 257
f 960 959 3107 1686
f 2958 2983 3108 3107
f 3108 3109 3110 1687
f 3109 2982 2981 3111
f 3112 2962 2966 3106
f 3112 3106 1689 1688
f 3113 2963 2962 3112
f 3113 3112 1688 3114
f 3115 3116 2963 3113
f 3117 3115 3113 3114
f 3118 2964 3119 3120
f 3121 3118 3120 3122
f 3123 2967 2965 3124
f 3123 3124 3125 3126
f 3124 2965 2964 3118
f 3127 3128 2967 3123
f 2973 3127 3123 3126
f 2969 3129 3130 2839
f 3130 2970 962 961
f 3131 2841 2840 961
f 3132 2842 2875 3133
f 1282 3132 3133 3134
f 1281 3099 3132 1282
f 3135 2871 2870 957
f 3136 3135 957 958
f 3137 3138 3135 3136
f 3133 2875 2874 3139
f 3140 2831 2833 3141
f 1548 3142 3143 1279
f 3143 2836 2972 3144
f 3145 2971 2974 3146
f 1479 3145 3146 1480
f 2974 135 963 3146
f 1580 3004 3147 1523
f 1523 3147 3148 1524
f 1525 3149 942 943
f 1591 3150 3151 3152
f 3153 2853 2852 3149
f 2849 3153 3149 1525
f 3148 3154 3155 3156
f 3157 2826 2831 3140
f 3158 2844 2843 3159
f 2828 3158 3159 2829
f 3160 1518 3161 3162
f 1273 3160 3162 1522
f 3163 898 897 3164
f 1274 3163 3164 1249
f 965 966 2844 3158
f 3165 2847 2846 3156
f 3166 3167 2854 3168
f 3169 3170 2847 3165
f 1516 3171 3172 1511
f 3151 2850 2855 3171
f 3152 3151 3171 1516
f 1576 944 3173 1240
f 1240 3173 3174 1241
f 3175 2857 2856 3176
f 1243 3175 3176 1577
f 3177 3178 2857 3175
f 972 973 971 968
f 23 972 968 970
f 3037 2859 2858 3179
f 1236 3037 3179 1237
f 3180 2917 2916 3038
f 3181 2861 1237 3179
f 3182 2862 2861 3181
f 1528 3183 954 956
f 3184 3185 3177 1242
f 3186 3187 3182 3188
f 3189 2865 2864 3190
f 1527 3189 3190 1538
f 3095 3094 934 3191
f 1234 3095 3191 1235
f 3191 934 933 974
f 1235 3191 974 15
f 950 949 3192 3193
f 3194 3195 3196 3093
f 3197 2880 3195 3194
f 3198 3199 3167 3166
f 3172 3200 901 3201
f 3202 3203 3170 3169
f 17 3202 3169 18
f 977 978 1519 3204
f 1249 3164 980 981
f 15 975 982 13
f 3192 14 13 982
f 3193 3192 982 3205
f 3206 2881 2880 3197
f 3207 3206 3197 3208
f 983 984 1536 3209
f 3205 983 3209 12
f 12 3209 985 10
f 10 985 3210 11
f 3211 2867 2866 3212
f 3213 3211 3212 1537
f 3214 2868 2863 3187
f 3190 2864 2867 3211
f 1538 3190 3211 3213
f 3215 2869 2868 3214
f 3216 3215 3214 3217
f 995 996 2869 3215
f 3218 3219 998 1000
f 3220 1512 2878 3219
f 3221 3220 3219 3218
f 1512 3220 3222 1513
f 3223 1515 1514 3224
f 1244 3223 3224 1245
f 1003 1001 3223 1244
f 1247 3225 1004 1005
f 1246 3201 3225 1247
f 1016 1017 1014 1013
f 9 1011 1019 7
f 1019 921 923 3226
f 7 1019 3226 8
f 1020 1023 1026 3460
f 1030 1032 2889 3227
f 3228 2898 3229 1027
f 3226 923 2925 3230
f 8 3226 3230 1225
f 3231 2897 2896 3232
f 1228 3231 3232 1229
f 1230 3233 3228 1231
f 1232 3227 3234 1233
f 1253 3235 3236 1250
f 1250 3236 985 988
f 3237 908 911 3238
f 1251 3237 3238 1252
f 3239 2883 2886 3240
f 3238 911 2883 3239
f 1252 3238 3239 1254
f 1033 2894 2891 3235
f 3234 2888 2893 3241
f 1233 3234 3241 1560
f 1561 3242 3233 1230
f 3232 2896 3243 3244
f 1229 3232 3244 258
f 1035 2923 2922 3245
f 3246 2887 2885 3247
f 1177 3246 3247 1592
f 26 3248 3249 1593
f 1036 919 918 3248
f 25 1036 3248 26
f 24 3250 1036 25
f 1037 909 908 3237
f 1038 1037 3237 1251
f 996 1039 994 993
f 2944 2926 3251 3252
f 3253 2927 2945 3254
f 1493 3253 3254 1473
f 1745 3255 3256 1746
f 3257 938 2923 1035
f 1045 1043 3257 1174 3455
f 1473 3254 3258 1474
f 3258 3259 3260 3261
f 1474 3258 3261 1733
f 3261 3260 3262 3263
f 3263 3262 3264 3265
f 3266 3263 3265 3267
f 3268 3269 3270 3271
f 1046 1734 3271 3270
f 1734 1046 1048 1049
f 1016 1018 1049 1048
f 255 1016 1048 256
f 3272 3273 2986 1044
f 3274 3275 3276 3277
f 3278 3279 3280 3275
f 3281 1612 1052 1051
f 3282 914 913 1050
f 1741 3283 3242 1561
f 1475 3283 3284 1476
f 2893 2892 3285 3241
f 3286 2902 1742 3285
f 1470 3286 3285 2892
f 3287 2903 2902 3286
f 1469 3287 3286 1470
f 3288 1017 1016 3289
f 1053 1054 1061 1060
f 250 1053 1060 251
f 1472 3290 1063 166
f 1711 3291 1066 1068
f 3290 1472 1471 3292
f 1710 3290 3292 130
f 3293 131 130 3292
f 2895 3293 3292 1471
f 212 3294 3295 3296
f 2886 1216 3297 3240
f 1736 3240 3297 211
f 3297 1216 1215 3294
f 1593 3249 3458 880
f 1069 1071 2887 3246
f 3325 1080 1079 3326
f 1222 3327 3328 3324
f 3327 1079 1081 3329
f 3330 1082 1083 3329
f 3462 3463 3328 1083
f 118 120 3331 3464
f 3332 118 3465 3468
f 3471 219 53 1223
f 3462 1082 209
f 208 209 1082 3330
f 208 3330 3333 206
f 210 206 3333 1081
f 1701 1700 1080 3325
f 3094 3073 3067 3096
f 1490 951 3092 1491
f 951 950 3334 3092
f 950 3193 3208 3334
f 3193 3205 3207 3208
f 11 3207 3205 12
f 1031 1232 1231 1029
f 956 948 2917 1526
f 1576 1240 1243 1577
f 997 3216 3218 1000
f 1003 1244 1247 1005
f 1008 3335 3203 1010
f 1519 978 16 18
f 1256 21 20 23
f 1038 1251 988 2879
f 1592 24 26 1593
f 801 1259 1262 1257
f 1260 2646 2718 1261
f 1270 30 32 1267
f 1272 1269 1268 785
f 2774 2647 233 232
f 1726 233 2647 374
f 2646 769 1191 2718
f 967 2828 2827 1074
f 35 748 1192 33
f 232 1724 2782 2774
f 1724 1283 1284 2782
f 1090 1723 1923 1088
f 2350 37 36 2351
f 1286 894 893 853
f 40 1292 41
f 1175 2804 863
f 1297 2755 2759 1298
f 2755 44 43 2759
f 2163 1921 1922 2182
f 892 2371 338 45
f 2150 2163 2182 2178
f 864 861 2650 2807
f 1544 1309 1308 1541
f 1546 1926 1925 1545
f 1540 1930 1929 1539
f 2190 1318 1317 2193
f 1335 59 58 357
f 1326 2816 70 1327
f 1328 215 214 1329
f 1726 374 373 788
f 777 60 62 64
f 2816 1332 68 70
f 2193 71 73 2190
f 267 734 1836 2703
f 765 761 240 1330
f 1336 1093 1346 1337
f 739 738 732 2296
f 82 1356 1357 80
f 752 244 243 1338
f 3336 1334 1333 2226
f 2226 2228 2231 3336
f 1345 2231 2228 1342
f 2236 1347 1094 2240
f 2240 1348 1351 2236
f 246 1340 729 247
f 2675 3337 723 709
f 88 2174 3338 86
f 2174 1360 1363 3338
f 2146 3339 3340 3341
f 1650 579 581 1648
f 627 89 91 585
f 1672 565 1381 1670
f 1713 1380 564 572
f 1382 1953 194 193
f 1495 3342 1994 1496
f 2127 1500 1499 2129
f 3343 2118 2126 2125
f 2110 2126 2118 2119
f 3344 1494 1497 3345
f 1501 1502 1503 1498
f 2119 3346 2111 2110
f 895 1563 1566 893
f 1377 152 151 1378
f 527 2533 2535 530
f 2533 2534 2537 2535
f 2534 1657 1656 2537
f 510 2440 520 1095
f 1404 3344 3345 1401
f 2077 1584 1587 2078
f 2479 2469 2472 589
f 1654 542 2565 545
f 468 3347 2483 469
f 1425 2408 2410 1426
f 3298 1697 3051 3052
f 3273 3348 3274 3277
f 1623 1604 1603 1601
f 1624 174 1458 1627
f 1717 3299 3349 127
f 1075 113 104 106
f 1151 111 110 1149
f 1445 3350 115 117
f 1134 1667 1668 1135
f 669 1633 1634 1145
f 1461 167 169 1459
f 1623 1601 168 167
f 165 1469 1472 166
f 1062 252 251
f 1698 3063 3072 1699
f 1695 3047 3056 1696
f 126 3351 2634 1102
f 220 1702 1703 1120
f 3296 1711 1710 130
f 259 3352 1045 3455 3453
f 1470 2892 2895 1471
f 212 3296 130 132
f 2086 369 366
f 1761 1586 1585 1762
f 1689 3105 960 1686
f 2973 3126 133 135
f 234 1732 1755 2668
f 1759 200 1685 1760
f 1756 3457 2261 1757
f 3066 3067 3073 3071
f 1225 1745 1744 1224
f 2129 3340 3339 2127
f 3342 1372 1375 1994
f 2125 1370 1369 3343
f 1390 194 1953 1391
f 2078 1394 1393 2077
f 3346 1411 1410 2111
f 3341 1543 1542 2146
f 3216 3217 3221 3218
f 1513 3184 3353 1514
f 3184 1242 1241 3353
f 3161 1518 1520 3155
f 1522 3137 3354 1521
f 2849 1525 1524 2846
f 3137 3136 3134 3354
f 1282 3134 3136 958
f 3152 1516 1517 3355
f 1591 3152 3355 946
f 29 1532 1535 27
f 1531 1534 1533 1530
f 1536 984 3213 1537
f 984 976 1538 3213
f 1551 1275 1276 1552
f 1559 1558 1557 711
f 1229 258 260 1226
f 1254 1736 1034 1253
f 52 1705 1562 53
f 1709 857 229 230
f 1728 1730 1758 3356
f 1753 3357 2678 1754
f 1749 1236 1239 1750
f 3102 1281 142 144
f 1478 1277 1280 1479
f 3357 3337 2675 2678
f 1353 1728 3356 1354
f 2953 3358 3014 2954
f 3359 299 1589 2057
f 3360 3359 2057 2060
f 1580 1523 943
f 1765 2806 2771 1764
f 1714 622 625 587
f 100 618 1144 98
f 3361 196 154 155
f 197 1651 156 154
f 2659 2660 3121 3122
f 2987 2990 3362 3300
f 2096 1684 3363 3301
f 3009 1693 1694 3302
f 3110 3303 3117 3114
f 2255 2254 3457 2654
f 201 3364 3317 1152
f 1691 3001 3000 1692
f 3323 1610 1612 3365
f 169 168 1114 207
f 1614 1115 1047 3366
f 1625 1624 1627 1630
f 1608 1096 1111 1618
f 1733 3266 3271 1734
f 1058 1047 1115
f 3305 3274 3348 3304
f 3266 3267 3268 3271
f 3307 1614 3366 3306
f 1615 1614 3307 3309
f 1217 1615 3309 3308
f 932 1613 1615 1217
f 164 1113 1600 1616
f 1062 164 1616 1111
f 1064 1619 164 166
f 1062 1061 1056 164
f 1113 164 1619 1114
f 1067 1117 1619 1064
f 1604 1623 1622 1620
f 1460 170 173 172
f 1461 172 174 1622
f 671 673 665
f 3332 671 1626 118
f 1628 3349 3299 1629
f 1632 127 3349 1628
f 1458 1632 1628 1627
f 1100 1631 1632 1458
f 1631 1100 1099 1118
f 452 1118 639 641
f 1119 119 118 1626
f 639 1119 1626 653
f 2608 648 650 2612
f 1465 665 673 1466
f 3351 685 1155 2634
f 177 1104 1103 175
f 1644 1635 1636 1641
f 149 148 178
f 689 691 148 687
f 624 687 148 1659
f 170 1460 1701 120
f 3367 183 185 483
f 1763 1682 1683 301
f 97 1596 1595 95
f 512 1645 498 497
f 2039 1453 1452 2043
f 1076 198 109 179
f 483 1123 182 3367
f 1415 1652 1653 1413
f 3368 1403 1402 2012
f 1968 2009 1679 1678
f 1420 1655 1658 1421
f 1202 2569 2567 94
f 92 94 2567 2486
f 1674 3311 3310 1675
f 190 1126 188 191
f 629 624 1659
f 629 1659 1649 630
f 1649 152 1377 1127
f 1649 1127 579 1650
f 574 576 1127 1128
f 192 194 1390 1129
f 550 192 538 540
f 503 505 508 1130
f 1130 1646 1652 1131
f 492 494 501 1131
f 1131 504 503 1130
f 96 493 1131 1662
f 1660 1596 97 1132
f 1660 1132 107 109
f 1132 1662 1415 1133
f 1427 603 606 1428
f 1138 602 604 195
f 195 604 594 593
f 643 645 1139 1138
f 1136 1204 1140 1134
f 2645 1134 1140 471
f 643 1138 195 115
f 609 611 1140 1204
f 602 1138 1137 603
f 1141 1142 1144 618
f 624 625 622
f 1142 624 1148 1143
f 542 1418 2565
f 114 3361 155 104
f 186 1676 1673 187
f 180 2502 181
f 1446 1449 181 2502
f 1451 158 160 198
f 1133 1414 1132
f 1132 478 477
f 1681 1680 1856 1855
f 3360 2060 3369 3370
f 2053 2024 3370 3369
f 3363 1684 1486
f 3456 3457 2254 2262
f 3456 2262 2261 3457
f 1153 698 3456
f 3456 234 2668 1153
f 2041 110 112 2047
f 701 133 3126 3125
f 1687 3110 3114 1688
f 2990 1690 1692 3362
f 1430 140 139
f 1430 139 1431
f 1697 1696 3051
f 2660 701 3125 3121
f 1441 1462 1442
f 1463 1747 1748 1442
f 202 204 2644 1159
f 204 177 176 2644
f 1702 1704 230 229
f 671 3332 1706 220
f 867 1084 1178
f 1707 209 205 1712
f 223 858 857 1709
f 1708 2650 861 223
f 1106 1290 1289 2810
f 239 238 2815 2813
f 1398 2555 3371 1399
f 2555 1395 1397 3371
f 2483 3347 513 2442
f 229 1158 227
f 202 1159 227
f 227 1915 228
f 202 249 203
f 1468 226 225 694
f 149 225 288
f 400 1170 775
f 361 237 360
f 237 1336 360
f 1093 242 363
f 241 394 242
f 391 3372 758
f 85 1172 725
f 3337 1173 723
f 1721 327 326 1722
f 322 324 327 1721
f 316 319 1162 1163
f 332 307 1165 1166
f 1087 1166 1165 1089
f 888 1718 231 236
f 232 231 1718 1724
f 1726 1725 231 233
f 1328 1725 1169 215
f 883 1170 237 239
f 237 397 396 242
f 758 3372 242 244
f 394 393 243 242
f 363 242 3372 82
f 3373 1356 82 3372
f 245 3373 3372 391
f 1172 3373 245 247
f 1356 3373 1172 1352
f 1352 1172 1173 1353
f 3357 1727 1173 3337
f 1727 3357 1753 1729
f 3456 3457 1756 1731
f 1613 1058 1115
f 1611 1045 3352 1052
f 2790 850 843 842
f 2807 824 865 864
f 36 38 1740 1739
f 840 845 829 828
f 1493 1473 1049 1018
f 3063 3066 3071 3072
f 3047 138 137 3056
f 141 1575 1578 1108
f 163 2920 2921 1110
f 1581 3000 3001 1579
f 257 960 3105 3100
f 3102 144 257 3100
f 3374 1477 1480 964
f 1070 1072 879 867
f 256 1047 1058 254
f 1058 931 927 1059
f 3277 3375 2986 3273
f 1746 2986 3375 1743
f 1769 1301 1300 1766
f 1771 2135 2134 1770
f 1775 2134 2135 1772
f 1777 1774 1773 304
f 1780 2084 2075 1779
f 2084 1783 1782 2075
f 1867 1781 1784 1864
f 1786 1789 1788 1785
f 1790 1793 1792 1787
f 1794 1797 1796 1791
f 1798 1801 1800 1795
f 1804 1799 1802 1805
f 1860 1803 1806 1857
f 299 2005 2067 1588
f 2005 2002 2072 2067
f 2002 1807 1810 2072
f 1808 1811 1814 1809
f 1812 1815 1818 1813
f 1968 1970 2010 2009
f 1970 1819 1822 2010
f 1820 3376 2001 1821
f 3376 1823 1826 2001
f 1824 1827 1830 1825
f 1828 1831 1834 1829
f 2294 378 377 1835
f 1339 65 67 265
f 2703 74 76 267
f 721 1358 1359 1179
f 1839 1841 1844 1840
f 1455 1454 1846 1845
f 2012 2018 2019 3368
f 2019 2018 1848 1847
f 2013 2016 3312 2026
f 2013 2026 1850 1849
f 2024 2053 2037 2025
f 3313 2025 2037 2036
f 2045 1861 3466 2095
f 1863 3466 3467 1862
f 1878 1875 1876 1879
f 1884 1881 1882 1885
f 1889 1890 1893 1892
f 1895 1896 1899 1898
f 1943 1901 1902 1962
f 1677 1903 1906 478
f 1816 1907 1910 1817
f 1908 1919 1920 1909
f 326 328 292 1722
f 1160 1722 292 291
f 1160 894 1286 1722
f 1832 1980 1981 1833
f 1719 1563 895 1161
f 225 203 1567 282
f 248 287 286 249
f 203 249 286 1567
f 324 1307 1310 327
f 316 1303 1306 319
f 318 320 323 1162
f 1721 1285 1181 1162
f 312 1928 1931 315
f 310 312 315 1164
f 1163 1164 315 314
f 1086 1167 1166 1087
f 2181 1932 1182 336
f 1323 2181 336 1324
f 273 3377 2172 271
f 3377 1933 1936 2172
f 1937 2150 2178 1938
f 278 1942 1941 279
f 1944 1904 1903 1945
f 1677 1414 1947 1946
f 1414 1413 1949 1948
f 1949 1413 1653 1950
f 1891 1949 1950 1892
f 1950 1653 1647 1951
f 1951 1647 1392 3378
f 1889 1951 3378 1887
f 3378 1392 1391 1952
f 1887 3378 1952 1883
f 1883 1952 1954 1884
f 1954 1953 1382 1955
f 1955 1382 1379 1956
f 1957 1378 151 1958
f 1878 1957 1958 1875
f 1959 1109 1594 1960
f 1873 1959 1960 1874
f 1851 1961 1963 1852
f 1966 1965 1899 1896
f 1893 1969 1967 1894
f 1969 1893 1890 1971
f 1971 1890 1888 1972
f 1973 3376 1820 1972
f 1973 1886 1885 1975
f 3376 1973 1975 1823
f 1827 1976 1977 1828
f 1831 1978 280 1832
f 280 281 284 283
f 1913 1980 1832 280
f 285 1183 1916 1568
f 286 285 1568 1567
f 283 1568 1916 56
f 1720 1979 1912 1911
f 1720 1719 1914 1979
f 56 1916 1911 54
f 1917 1980 1913 1912
f 1986 1833 1981 3379
f 1315 1986 3379 1311
f 1982 1908 1907 1983
f 3379 1981 1918 1999
f 1311 3379 1999 1312
f 1313 1984 1982 1314
f 1987 1816 1815 1990
f 1504 1987 1990 1374
f 1373 1988 1985 1505
f 1372 1989 1988 1373
f 1990 1815 1812 1991
f 3342 1992 1989 1372
f 1997 1826 1825 1992
f 1495 1997 1992 3342
f 1993 1811 1808 1995
f 1996 2001 1826 1997
f 1496 1995 1998 1497
f 290 292 1919 1984
f 297 294 1999 1918
f 3344 2000 1996 1494
f 1497 1998 2003 3345
f 2007 1822 1821 2000
f 1404 2007 2000 3344
f 2003 2002 2005 2004
f 3345 2003 2004 1401
f 1401 2004 298 1402
f 2006 2010 1822 2007
f 3368 2008 2006 1403
f 3359 2011 298 299
f 2014 2025 3313 2015
f 3314 1854 1853 2027
f 3312 3314 2027 2026
f 3360 2017 2011 3359
f 3368 2019 2021 2008
f 2009 2008 2021 1679
f 2021 2020 1680 1679
f 2020 1847 1850 2028
f 2020 2028 1856 1680
f 2022 2017 3360 3370
f 1849 1848 2022 2023
f 2023 2022 3370 2024
f 2027 1853 1856 2028
f 2107 303 302
f 111 2044 112
f 2048 2044 111 1151
f 2050 1863 1862 2048
f 2050 2048 1151 1682
f 1860 1859 2049 2051
f 1455 2052 2040 1452
f 3380 1846 1454 2054
f 3380 2054 2053 3369
f 2052 2055 1150 1149
f 2055 1845 1842 2056
f 2059 1843 1846 3380
f 2060 2059 3380 3369
f 2058 1844 1843 2059
f 300 1841 1839 2061
f 1589 2062 2058 2057
f 2063 1803 1860 2051
f 2064 1804 1803 2063
f 2061 1839 1408 2065
f 2069 1410 1409 2065
f 2070 1799 1804 2064
f 3346 2071 2070 1411
f 2069 1407 1502 2112
f 1410 2069 2112 2111
f 2085 2084 1780 2081
f 2087 2085 2081 2212
f 2090 1805 1802 2079
f 1587 2090 2079 2078
f 2079 1802 1801 2080
f 2105 1776 1779 2074
f 1393 2105 2074 2077
f 2212 2081 2082 2106
f 1584 2076 2088 1585
f 2089 1806 1805 2090
f 2092 1857 1806 2089
f 1761 2092 2089 1586
f 1858 1857 2092 2091
f 1781 1867 3381 2093
f 1762 2093 3381 1485
f 2088 1782 1781 2093
f 366 1738 2083 2086
f 2030 1865 1864 1737
f 3381 1867 1866 2100
f 1485 3381 2100 1486
f 2103 3466 1858 2091
f 1487 2103 2091 1488
f 2102 1869 1871 3315
f 3363 2102 3315 3301
f 2201 2097 2098 342
f 2099 1868 1865 2030
f 342 2098 2099 343
f 1486 2101 2102 3363
f 2031 1184 1684
f 1388 2104 2105 1393
f 2080 1801 1798 2108
f 2117 1795 1800 2071
f 2119 2117 2071 3346
f 2073 2072 1810 2113
f 1503 2073 2113 1498
f 1498 2113 2114 1499
f 2110 2109 2115 2126
f 1773 2122 302 304
f 2137 3377 273 2122
f 1772 2137 2122 1773
f 2120 1797 1794 2131
f 1385 2120 2131 1386
f 3382 1791 1796 2116
f 3343 3382 2116 2118
f 2129 2128 2130 3340
f 3383 1370 2125 2124
f 3339 3383 2124 2127
f 2141 1792 1791 3382
f 1369 2141 3382 3343
f 1365 2133 2123 1383
f 2136 1933 3377 2137
f 2138 1934 1933 2136
f 2139 1770 2134 2133
f 2132 1793 1790 3384
f 1366 2132 3384 1367
f 2140 1787 1792 2141
f 3383 3339 2146 2145
f 1370 3383 2145 1371
f 2130 1813 1818 2142
f 3340 2130 2142 3341
f 3341 2142 2143 1543
f 1507 2147 2140 1368
f 3384 1790 1789 2153
f 1367 3384 2153 1508
f 2148 1768 1770 2139
f 2151 1937 1934 2138
f 1767 2151 2138 1771
f 1766 2149 2151 1767
f 1508 2153 2154 1540
f 2160 1785 1788 2147
f 1545 2160 2147 1507
f 1541 2155 2144 1542
f 2143 1817 1910 2156
f 1544 2156 2157 1309
f 2158 1926 1546 2155
f 2154 1786 1304 2167
f 1540 2154 2167 1930
f 1929 2161 2152 1539
f 2150 2149 2162 2163
f 2162 1300 1299 2164
f 305 307 1921 2164
f 2165 1928 312 309
f 1302 2165 309 311
f 2161 1929 1928 2165
f 313 315 1931 2166
f 2159 1925 1924 2168
f 1305 2159 2168 1306
f 2169 1927 1926 2158
f 321 323 1927 2169
f 324 321 2169 1307
f 325 327 1310 2170
f 328 325 2170 1920
f 2157 1909 1920 2170
f 87 302 2171 88
f 88 2171 2173 2174
f 2173 2172 1936 2175
f 2175 1936 1935 2176
f 1360 2175 2176 1361
f 1361 2176 2177 1322
f 1922 2183 2180 2182
f 329 331 1932 2183
f 45 335 333 46
f 335 277 279 2187
f 336 335 2187 1324
f 2184 278 277 335
f 2192 1942 278 2184
f 1318 2192 2184 50
f 2187 279 1941 2188
f 2191 1939 1942 2192
f 2186 2185 2032 1186
f 1362 2189 2195 1363
f 1363 2195 340 3338
f 340 72 71 1185
f 2034 340 1185 349
f 2197 86 3338 340
f 302 87 86 2197
f 2107 302 2197 2196
f 2198 3316 2257 2199
f 2265 2198 2200 2267
f 2275 2265 2267 3385
f 2277 2275 3385 3386
f 343 2029 341
f 3387 2277 3386 3388
f 3388 2246 3389 3387
f 3390 2204 368 2284
f 2207 3390 2284 2208
f 2086 2087 2285 369
f 2087 2212 2214 2285
f 3391 3389 2246 2245
f 2245 346 345 3391
f 2209 2233 2238 2206
f 2211 2238 2233 2210
f 2106 2107 2230 2213
f 2107 2196 2223 2230
f 2196 2033 2221 2223
f 2034 2215 2221 2033
f 353 57 59 2216
f 347 353 2216 348
f 2216 59 1335 2217
f 885 1187 353 886
f 359 360 358 356
f 361 359 356 68
f 351 356 2218 352
f 356 351 350 2219
f 2215 2217 2220 2221
f 2220 1334 3336 2222
f 2224 2226 1333 2219
f 352 2218 2225 2211
f 2225 1346 1347 2235
f 2211 2225 2235 2238
f 2224 2210 2233 2227
f 2222 3336 2231 2229
f 2228 2227 2234 1342
f 2245 2239 2241 346
f 345 2242 2243 3391
f 2241 1094 363 362
f 346 2241 362 344
f 362 81 80 2242
f 344 362 2242 345
f 3391 2243 2244 3389
f 2247 2246 3388 2281
f 1348 2247 2281 1349
f 3389 2244 2248 3387
f 2249 1351 1350 2282
f 2207 2249 2282 3390
f 2252 2208 2284 2283
f 1343 2252 2283 147
f 2214 2250 2251 2285
f 1342 2234 2252 1343
f 2232 1345 1344 2250
f 2213 2232 2250 2214
f 2198 2253 2256 3316
f 2258 3364 201 2259
f 2263 2262 2254 2253
f 2263 2253 2198
f 1759 2266 2268 200
f 2268 2200 2199 2269
f 2269 2199 2259
f 2269 2259 201 200
f 2271 1152 3317 2272
f 2205 2273 2270 2203
f 2266 2274 3385 2267
f 2276 1758 1757 2264
f 2278 3356 1758 2276
f 2280 3386 3385 2274
f 1569 2280 2274 1570
f 2204 2279 2273 2205
f 2248 1354 3356 2278
f 3387 2248 2278 2277
f 3386 2280 2281 3388
f 3390 2282 2279 2204
f 367 145 147 2283
f 2251 146 145 367
f 2205 2203 371 365
f 451 835 814 813
f 706 3392 2684 707
f 2795 2286 2289 2791
f 2292 3393 2779 2293
f 3393 814 834 2779
f 831 2354 835 832
f 381 832 835 451
f 2647 2648 372 374
f 2648 832 381 372
f 269 741 714 270
f 2684 2298 2297 707
f 2300 3392 706 2299
f 758 754 389 391
f 754 753 2302 389
f 383 385 429 1193
f 392 394 764 2708
f 764 763 2710 2708
f 1194 2710 763 771
f 397 400 399 395
f 775 1195 401 400
f 787 2731 2303 1171
f 2306 2303 2731 791
f 733 732 738 2309
f 2311 404 388 406
f 2318 2750 2751 2317
f 408 2751 2750 409
f 2326 2325 2324 2327
f 790 2328 2330 2305
f 2762 2761 3394 3395
f 2772 2762 3395 2793
f 782 2733 2319 783
f 2321 2733 782 2322
f 2761 2333 2334 3394
f 2791 2790 842 2795
f 3396 2772 2793 841
f 841 840 828 3396
f 2339 855 2798 2340
f 2336 808 1295 2337
f 1735 2335 827 826
f 2804 858 860 863
f 2810 871 1106
f 2343 426 425 2344
f 2352 2347 2346 2349
f 2348 2776 3397 2345
f 2353 3397 2776 2354
f 1287 2798 855 847
f 750 749 743 2295
f 432 743 749 430
f 1573 2355 2358 1574
f 1838 2361 2360 1837
f 2365 872 2666 2366
f 874 2663 2666 872
f 874 2657 2664 2663
f 3398 2664 2657 2656
f 2185 339 2372 2370
f 2815 2373 2376 2813
f 2378 2375 2374 2377
f 1196 451 813 794
f 2386 2383 2384 2387
f 2433 2385 2388 2434
f 2394 2389 2392 2395
f 2550 2393 2396 2559
f 2549 2550 2559 2558
f 2553 2549 2558 3399
f 2436 2553 3399 2437
f 3350 1445 129 452
f 2400 2403 2404
f 2403 1197 455 2404
f 195 595 2598 2405
f 2407 2598 595 2406
f 2568 2415 2416 2485
f 2567 2568 2485 2486
f 1200 532 2418 2417
f 2419 2422 2507 3400
f 459 3400 2507 460
f 2431 1199 461 2429
f 2428 466 465 482
f 529 2432 2435 536
f 2523 516 1424 2529
f 2529 2439 2438 2523
f 93 556 2441 1202
f 500 490 1715 504
f 552 555 2446 570
f 554 559 2575 2445
f 559 558 2480 2575
f 1147 2447 2450 679
f 2448 2629 3401 2449
f 2629 672 675 3401
f 2451 2453 2456 2452
f 662 2620 2625 668
f 2620 2457 2460 2625
f 2458 658 664 2459
f 1203 1204 1205 661
f 2463 2616 3402 2464
f 696 2608 2612 1206
f 2468 2465 645
f 2470 610 615 2471
f 613 615 610 1203
f 567 566 2578 577
f 566 562 2481 2578
f 585 584 631 627
f 2578 3403 580 582
f 2578 580 3403
f 108 2488 2489 179
f 476 478 1906 2488
f 1078 1077 198
f 3404 1451 1450 3318
f 2423 3404 3318 2424
f 2490 2426 2425 2491
f 2494 3311 1674 2495
f 2508 1675 3310 3405
f 2400 2508 3405 2401
f 2499 158 1451 3404
f 2499 3404 2423 2427
f 2498 158 2499
f 2501 2490 1446 2502
f 459 2503 2504 3400
f 2504 2492 2419 3400
f 2505 2507 2422 2495
f 2509 188 187 479
f 2514 182 181 2503
f 1199 2514 2503 459
f 2512 159 158 2498
f 2519 1595 159 2512
f 466 2519 2512 467
f 2513 3367 182 2514
f 2510 1126 190 2515
f 470 2516 2509 454
f 2515 190 189 484
f 2429 2515 484 487
f 2517 183 3367 2513
f 482 481 488 1400
f 491 493 95 2518
f 495 491 2518 2428
f 496 1715 486 485
f 497 496 485 2442
f 500 499 488 490
f 1715 496 502 504
f 506 508 1645 2520
f 507 506 2520 2443
f 509 513 3347 2521
f 510 509 2521 2438
f 3347 468 2522 2521
f 2522 468 1201 514
f 2523 2522 514 516
f 515 514 2524 156
f 2524 453 1197 3406
f 156 2524 3406 157
f 457 2525 2526 458
f 2527 1424 1423 2525
f 1125 522 521 2530
f 2440 2530 521 520
f 2532 1095 520 519
f 2534 2532 519 1657
f 2432 2536 2538 2433
f 2540 1655 1420 3407
f 2386 2540 3407 2383
f 3407 1420 1419 2543
f 2383 3407 2543 2381
f 2541 1124 2418 2542
f 2541 1658 1657 523
f 1421 2542 531 1422
f 3408 1425 1422 531
f 456 3408 531 533
f 2381 2543 2544 2379
f 2545 2382 2380 2546
f 3409 2384 2382 2545
f 2393 3409 2545 2394
f 2548 2387 2384 3409
f 2550 2548 3409 2393
f 2552 2434 2388 2547
f 2553 2552 2547 2549
f 2551 2435 2434 2552
f 537 539 2437 2556
f 540 537 2556 1398
f 3399 2554 2556 2437
f 2557 1395 2555 2554
f 2558 2557 2554 3399
f 1395 2557 2560 1396
f 2560 2559 2396 2561
f 1396 2560 2561 1654
f 542 541 2562 1416
f 2563 1418 1417 2564
f 2566 2565 1418 2563
f 2568 2566 2563 2415
f 3410 3371 1397 2570
f 1202 3410 2570 2569
f 2571 1399 3371 3410
f 2441 2571 3410 1202
f 546 548 1399 2571
f 553 555 552 549
f 553 93 92 557
f 558 557 2572 2479
f 563 565 1672 560
f 566 563 560 562
f 2573 1670 1381 2574
f 2576 1380 1713 2577
f 2577 1713 569 568
f 2446 2577 568 570
f 574 571 563 567
f 582 581 579 575
f 586 583 2579 2481
f 475 590 588 473
f 588 1671 1670 2573
f 589 588 2573 2480
f 588 589 2472 2594
f 473 588 2594 474
f 3408 456 1198 2581
f 1425 3408 2581 2408
f 2526 1651 197 2583
f 3406 1197 2403 591
f 157 3406 591 155
f 2584 113 1075 2585
f 2399 2586 2584 2397
f 2599 3361 114 2586
f 2599 2586 2399 2405
f 2407 2583 2587 2598
f 596 102 101 2589
f 2379 2544 2589 101
f 2590 1427 1416 2562
f 2391 2590 2562 2392
f 2591 1428 606 605
f 2469 2580 2592 2470
f 2470 2592 608 610
f 474 2594 2593 2473
f 2595 100 99 590
f 619 616 2595 2474
f 2477 2596 2487 1148
f 620 622 1714 2597
f 621 620 2597 2478
f 2478 2597 560 2476
f 583 587 625 623
f 2587 196 3361 2599
f 631 628 626 627
f 2466 640 647 2467
f 1664 651 655 1665
f 2616 654 657 3402
f 2454 676 684 2455
f 115 3350 2606 634
f 3350 452 636 2606
f 635 2605 2606 636
f 638 640 2466 2607
f 641 638 2607 1457
f 2466 645 642 2607
f 647 646 2609 2467
f 2608 696 695 2609
f 1663 1667 2611 2610
f 1664 1663 2610 2613
f 1664 2613 649 651
f 654 2616 2615 652
f 655 652 2615 1665
f 1666 1665 2615 2614
f 1668 1666 2614 2617
f 656 2618 3402 657
f 3402 2618 2619 2464
f 2457 2620 2621 2619
f 2464 2619 2621 2461
f 663 2622 2459 664
f 2623 1464 1633 2624
f 1633 669 666 2624
f 2625 2624 666 668
f 1634 2626 2600 1145
f 1466 2628 2627 1467
f 670 2628 1466 673
f 674 676 2454 3411
f 674 3411 3401 675
f 3411 2454 2453 3412
f 3401 3411 3412 2449
f 3412 2453 2451 2630
f 2449 3412 2630 2450
f 2450 2630 677 679
f 2452 2631 680 682
f 3413 3351 126 2632
f 2455 3413 2632 2456
f 683 685 3351 3413
f 684 683 3413 2455
f 2633 1635 1644 2635
f 1122 2636 2602 220
f 3414 1641 1636 2636
f 1637 3414 2636 1122
f 2638 1642 1641 3414
f 1639 2638 3414 1637
f 1642 2638 690 691
f 1468 2639 2640 1103
f 1103 2640 2641 175
f 2643 2644 176 2642
f 2465 695 1139
f 1207 2611 2645 471
f 1668 2617 2604 1135
f 721 717 719 720
f 1297 803 804
f 409 807 805
f 813 812 811
f 814 811 812
f 920 815 817
f 920 817 816
f 697 698 1597 2653
f 2665 2664 3398 3415
f 1154 2665 3415 1598
f 873 872 2365 2661
f 2669 2366 2666 2667
f 2364 2366 2669 3416
f 1754 3416 2669 1755
f 2365 2363 2670 2661
f 2367 450 703 2674
f 445 2674 703 446
f 2671 1752 2299 2679
f 447 2671 2679 1573
f 2670 2363 2362 2672
f 2677 2359 2364 3416
f 2678 2677 3416 1754
f 2676 2360 2359 2677
f 2672 2362 2361 2681
f 2300 2672 2681 3392
f 3392 2681 2682 2684
f 709 708 2676 2675
f 2692 2356 2355 705
f 2297 2692 705 707
f 1553 2680 2685 1554
f 1554 2685 2686 1557
f 1277 2687 2688 1278
f 2689 1583 1556 2687
f 3417 2368 1583 2689
f 1477 3417 2689 1478
f 448 2368 3417 3418
f 3374 3418 3417 1477
f 702 449 448 3418
f 133 702 3418 3374
f 2688 1555 1558 2690
f 1547 2690 2691 1549
f 1557 2686 710 711
f 715 439 2356 2692
f 77 708 719 78
f 723 722 708 709
f 83 2693 722 84
f 443 2693 2694 1359
f 1359 2694 2695 1179
f 729 726 724 247
f 731 733 727 726
f 2696 2301 390 2697
f 1179 2695 2698 268
f 2698 2309 738 737
f 742 436 438 740
f 743 742 740 2295
f 710 437 436 742
f 1549 2691 2699 1551
f 2699 435 434 744
f 1551 2699 744 1275
f 742 743 432 744
f 744 432 431 745
f 731 267 266 2701
f 732 731 2701 2296
f 2702 389 2302 3419
f 2703 2702 3419 74
f 3419 2302 1193 2705
f 74 3419 2705 75
f 75 2705 2704 1192
f 2704 429 428 2706
f 33 2706 745 34
f 755 756 753 751
f 751 754 758 757
f 759 393 392 2707
f 1338 2707 2709 1339
f 1339 2709 2711 65
f 762 764 241 760
f 765 762 760 761
f 767 396 395 2712
f 384 383 755 768
f 745 746 384 768
f 2646 745 768 769
f 2711 2710 1194 2719
f 65 2711 2719 66
f 377 770 762 766
f 2714 398 401 2723
f 1835 2714 2723 2294
f 1263 2715 772 773
f 2716 405 404 2717
f 66 2719 2716 1191
f 2717 404 2311 2720
f 2718 2717 2720 1261
f 1208 966 967 745
f 1259 1208 745 1260
f 2722 1195 775 774
f 401 403 2724 2723
f 777 776 2725 60
f 60 2725 2726 61
f 402 1195 2722 779
f 2724 403 2319 2727
f 2728 2306 2305 2729
f 2303 2306 2728 2726
f 61 2726 2728 1189
f 789 2730 373 372
f 2729 2305 2330 3420
f 1271 2729 3420 1272
f 2732 1196 794 792
f 3420 2330 2329 3421
f 1272 3420 3421 1269
f 795 797 406 2715
f 1208 1259 801 800
f 2721 2310 2312 3422
f 1262 2721 3422 1257
f 800 802 1105 1209
f 2735 2313 2315 2736
f 3422 2312 2313 2735
f 1257 3422 2735 1258
f 1530 2737 795 799
f 1268 2739 781 785
f 2738 2321 2320 2740
f 3421 2329 415 2742
f 1269 3421 2742 1270
f 1270 2742 804 30
f 2743 2324 2323 2741
f 2740 2320 2325 2747
f 1531 2740 2747 1534
f 1105 969 1210 1209
f 2746 2318 2316 2744
f 1534 2747 2748 1535
f 29 2749 2746 1532
f 1212 1210 996 997
f 996 1211 875 877
f 20 875 973 22
f 2752 2751 408 3423
f 1256 2752 3423 21
f 28 807 2749 29
f 792 794 813 811
f 2755 2754 792 44
f 804 414 413 2754
f 2768 410 2327 809
f 1293 2768 809 810
f 811 416 418 2756
f 42 811 2756 43
f 43 2756 2757 2759
f 2758 2333 2761 2760
f 1298 2758 2760 1296
f 2765 417 416 811
f 3393 2765 811 814
f 2292 2764 2765 3393
f 2767 3394 2334 2766
f 3424 3395 3394 2767
f 2286 3424 2767 2287
f 807 411 410 2768
f 41 815 806 39
f 3423 408 407 815
f 21 3423 815 19
f 920 919 875 815
f 2336 2335 3425 2769
f 40 2769 3425 1292
f 3425 2335 1735 818
f 1292 3425 818 819
f 920 816 820 917
f 2771 2806 3458 821
f 3458 3461 915 820
f 820 422 823 822
f 825 827 2337 3426
f 828 825 3426 3396
f 3426 2337 1295 2773
f 3396 3426 2773 2772
f 1294 2763 2773 1295
f 2794 2793 3395 3424
f 2795 2794 3424 2286
f 2775 2353 831 830
f 2781 3397 2353 2775
f 2782 2781 2775 2774
f 834 833 2777 2779
f 2780 2345 3397 2781
f 2783 2346 2345 2780
f 2778 2348 2347 2784
f 2784 2347 2352 2786
f 2291 2784 2786 2288
f 1088 2785 2783 1085
f 2788 2350 2349 2785
f 1923 2788 2785 1088
f 2288 2786 2787 2289
f 2792 2791 2289 2787
f 36 2792 2787 2351
f 2789 1739 427 848
f 2343 2797 2796 426
f 2800 425 1740 851
f 851 1740 38 836
f 829 420 2801 825
f 844 847 855 854
f 2801 420 419 854
f 1288 2801 854 1289
f 1175 819 818 2802
f 856 858 2804 2803
f 1106 856 2803 1290
f 862 863 860 859
f 2650 2649 2805 2807
f 866 867 879 878
f 3461 3458 878 880
f 2338 424 2770 2808
f 854 855 2339 2809
f 870 869 2809 2339
f 2797 2343 2341 2811
f 2798 2797 2811 2340
f 2340 2811 2651 1107
f 1565 2812 2799 1566
f 1332 2814 881 361
f 2817 2373 2815 2814
f 2818 2374 2373 2817
f 882 2813 2376 2819
f 213 882 2819 214
f 214 2819 2820 1329
f 2820 2375 2378 2821
f 2822 2377 2374 2818
f 884 886 2369 2823
f 70 884 2823 1327
f 2823 2369 2370 2824
f 2824 2370 2372 2825
f 1319 2824 2825 216
f 888 887 2822 1092
f 216 2825 891 217
f 2841 2876 2875 2842
f 2844 966 896 898
f 3335 3427 3170 3203
f 3427 2848 2847 3170
f 3358 2852 2851 3014
f 2854 3167 3200 2855
f 3167 3199 901 3200
f 3199 1007 899 901
f 3217 3186 3428 3221
f 3429 3428 3186 3188
f 3188 3430 3178 3429
f 2857 3178 3430 2858
f 2861 2862 2865 2860
f 2863 2868 2867 2864
f 2869 996 993 2866
f 2871 3431 3154 2872
f 3155 3154 3431 3161
f 1515 1002 1212 1512
f 2881 1213 1026 1023
f 2985 3195 2880 2882
f 3196 3195 2985 1015
f 910 2884 911
f 2889 1032 986 2890
f 2891 2894 2893 2888
f 3229 2898 2897 1025
f 2899 3432 3243 2896
f 1041 3243 3432 1475
f 1216 2886 2887 1071
f 1216 1071 1070 1214
f 1707 1712 3433 2900
f 1712 1116 1067 3433
f 2903 1056 1061 1054
f 914 1042 1476 912
f 1015 1014 2905 3196
f 929 2904 1017 3288
f 952 2908 2907 1234
f 2913 1 3 2914
f 922 2922 2925 923
f 3264 3262 3280 3279
f 3288 1059 927 929
f 927 931 930 928
f 1217 1219 930 932
f 1217 3308 3084 1218
f 941 2928 2929 1220
f 2940 2918 2919 2941
f 3054 2912 2915 2937
f 3096 935 934 3094
f 2944 3434 3259 2945
f 3260 3259 3434 3435
f 2933 2943 2934
f 3026 2939 2942
f 3026 2942 3042
f 3027 3026 3042 3041
f 2936 3054 2937
f 3262 3260 3435 3280
f 2977 2952 2955 2978
f 2957 2983 2958
f 2873 2960 2961 2870
f 2963 3116 3119 2964
f 3104 2966 2967 3128
f 2968 3104 3128 2969
f 2972 2836 962
f 2970 2975 2974 2971
f 2995 2994 3007 3006
f 2994 2976 2978 3007
f 3374 964 134 133
f 873 702 699 874
f 3096 955 954
f 15 974 975
f 3205 982 983
f 2879 990 992 2984
f 1019 1022 1020
f 3460 1221 3459
f 1098 1051 1050
f 2988 2980 2979 2989
f 2992 2957 2956 3002
f 1691 2992 3002 3001
f 2991 2992 1691 1690
f 2989 2979 2957 2991
f 2989 2991 1690 2990
f 3362 2993 2996 3300
f 2997 2998 1692
f 2998 2976 2994 2993
f 2998 2993 3362 1692
f 2953 2952 2999 3436
f 1581 3436 2999 3000
f 2956 2960 3003 3002
f 942 3358 2953 3436
f 943 942 3436 1581
f 3010 2978 3011
f 3011 2978 2955 3013
f 162 3011 3013 163
f 163 3013 3012 2920
f 3015 1590 2920 3012
f 3016 2921 945 944
f 3019 161 1110 3017
f 140 3019 3017 141
f 161 3019 3018
f 3018 1430 3437
f 3018 3437 1694 161
f 3319 3302 1694 3437
f 1429 3319 3437 1430
f 3020 2946 2948 3021
f 3022 3020 1431 139
f 940 2946 3022 3023
f 1108 3024 3023 139
f 2928 941 3024 3438
f 1578 3438 3024 1108
f 3176 2856 2928 3438
f 1577 3176 3438 1578
f 3320 2949 2947 3030
f 1433 3320 3030 1434
f 3029 3025 1435 123
f 3031 3032 1101 1434
f 2939 3026 3029 3033
f 122 3034 3033 123
f 1220 2929 3036 3035
f 1239 3038 3039 1750
f 3298 3040 3043 1697
f 1697 3043 3044
f 3044 2942 3045
f 138 3048 947 136
f 3053 3049 3051 1696
f 3057 2912 3054 3055
f 2913 2912 3057 3058
f 137 3058 3057 3056
f 136 947 3058 137
f 3059 2951 2938 3060
f 2915 2914 3064 3062
f 3062 3064 3066 3063
f 3439 2937 3061
f 3439 3061 1698 1438
f 2938 2937 3439 3060
f 1438 3060 3439
f 3072 3068 3069 1699
f 3074 2907 2906 3070
f 2930 2933 3075 3069
f 3075 2933 3076
f 3076 2933 2932 3321
f 1439 3076 3321 1440
f 3077 2909 2908 3078
f 3079 3077 1489 1747
f 1463 3080 3079 1747
f 3440 2943 2931 3080
f 3440 3080 1463 1462
f 2934 2943 3440 3082
f 3440 1462 1441 3082
f 1442 3086 3083 261
f 1442 3088 3087
f 3089 929 928 3088
f 1748 3089 3088 1442
f 1492 3090 3089 1748
f 3078 2908 952 949
f 1490 3078 949 951
f 3093 3196 2905 3091
f 3095 1234 2907 3074
f 2 955 3065 3
f 142 957 3097 143
f 3102 3098 3099 1281
f 3101 2968 2838 3098
f 959 2959 2958 3107
f 1686 3107 3108 1687
f 3108 2983 2982 3109
f 3110 3109 3111 3303
f 3124 3118 3121 3125
f 2973 2975 3129 3127
f 3128 3127 3129 2969
f 3129 2975 2970 3130
f 2839 3130 961 2840
f 2834 3131 961 962
f 3441 2876 2841 3131
f 2832 3441 3131 2834
f 3099 2837 2842 3132
f 3138 3431 2871 3135
f 3134 3133 3139 3354
f 3442 2877 2876 3441
f 2830 3442 3441 2832
f 1552 3140 3141 1550
f 3141 2833 2835 3142
f 1550 3141 3142 1548
f 3142 2835 2836 3143
f 1279 3143 3144 1280
f 3144 2972 2971 3145
f 1280 3144 3145 1479
f 1480 3146 963 964
f 3004 2873 2872 3147
f 3147 2872 3154 3148
f 3149 2852 3358 942
f 3015 3014 2851 3150
f 1590 3015 3150 1591
f 3150 2851 2850 3151
f 1524 3148 3156 2846
f 3162 3161 3431 3138
f 1522 3162 3138 3137
f 3139 2874 2845 3443
f 3354 3139 3443 1521
f 3159 2843 2877 3442
f 2829 3159 3442 2830
f 1276 3157 3140 1552
f 3444 2827 2826 3157
f 903 3444 3157 1276
f 3443 2845 898 3163
f 1521 3443 3163 1274
f 3204 1519 1518 3160
f 1248 3204 3160 1273
f 967 965 3158 2828
f 1520 3165 3156 3155
f 3168 2854 2853 3153
f 2848 3168 3153 2849
f 3427 3166 3168 2848
f 18 3169 3165 1520
f 3171 2855 3200 3172
f 944 946 3355 3173
f 3173 3355 1517 3174
f 1242 3177 3175 1243
f 1238 3180 3038 1239
f 3180 1238 2860 3445
f 2917 3180 3445 1526
f 3430 3181 3179 2858
f 3188 3182 3181 3430
f 3445 2860 2865 3189
f 1526 3445 3189 1527
f 3183 935 3096 954
f 3185 3429 3178 3177
f 3174 1517 1510 3446
f 1241 3174 3446 3353
f 3222 3428 3429 3185
f 1513 3222 3185 3184
f 3187 2863 2862 3182
f 974 933 935 3183
f 976 974 3183 1528
f 949 953 14 3192
f 3334 3194 3093 3092
f 3208 3197 3194 3334
f 3224 1514 3353 3446
f 1245 3224 3446 1510
f 3335 3198 3166 3427
f 1511 3172 3201 1246
f 979 977 3204 1248
f 3164 897 905 980
f 975 976 984 982
f 3210 1213 2881 3206
f 11 3210 3206 3207
f 3209 1536 989 985
f 985 986 1213 3210
f 3212 2866 993 992
f 1537 3212 992 991
f 3217 3214 3187 3186
f 997 995 3215 3216
f 3219 2878 999 998
f 3220 3221 3428 3222
f 1001 1002 1515 3223
f 3225 900 907 1004
f 3201 901 900 3225
f 1006 1007 3199 3198
f 1008 1006 3198 3335
f 3202 17 906 1009
f 3203 3202 1009 1010
f 3447 926 925 1012
f 1224 3447 1012 9
f 1012 925 924 3448
f 5 1012 3448 6
f 1013 1015 2985 1012
f 4 1013 1012 5
f 1018 1016 1013 4
f 1011 2882 1023 1019
f 1021 1020 3460 1024
f 1027 3229 1025 3459
f 1028 1027 3459 1026
f 1031 1030 3227 1232
f 1231 3228 1027 1029
f 3460 1025 2897 3231
f 1024 3460 3231 1228
f 3449 922 921 1019
f 1227 3449 1019 1021
f 3245 2922 922 3449
f 1226 3245 3449 1227
f 3233 2899 2898 3228
f 3227 2889 2888 3234
f 3235 2891 2890 3236
f 3236 2890 986 985
f 1254 3239 3240 1736
f 1034 1033 3235 1253
f 3242 3432 2899 3233
f 260 1035 3245 1226
f 3230 2925 2924 3255
f 1225 3230 3255 1745
f 3251 2926 926 3447
f 1744 3251 3447 1224
f 3448 924 2927 3253
f 6 3448 3253 1493
f 3247 2885 2884 3250
f 1592 3247 3250 24
f 3248 918 916 3249
f 3250 2884 910 1036
f 987 989 991 990
f 988 987 990 2879
f 1039 877 2879 994
f 1743 3252 3251 1744
f 2924 937 3256 3255
f 1174 3257 1035 260 3454
f 3243 1041 1040 3244
f 258 3244 1040 259
f 1040 1042 914 3282
f 259 1040 3282 3352
f 1043 936 938 3257
f 3256 937 936 1043
f 1746 3256 1043 2986
f 3450 3434 2944 3252
f 3375 3450 3252 1743
f 3254 2945 3259 3258
f 1733 3261 3263 3266
f 3269 3306 3366 3270
f 1047 1046 3270 3366
f 1046 1047 256 1048
f 3276 3435 3434 3450
f 3277 3276 3450 3375
f 1611 3272 1044 1045
f 3272 1611 1610 3451
f 3273 3272 3451 3348
f 3275 3280 3435 3276
f 3305 3278 3275 3274
f 3322 3304 3348 3451
f 3323 3322 3451 1610
f 3281 1097 1609 3452
f 1612 3281 3452 3365
f 1097 3281 1051 1098
f 3352 3282 1050 1052
f 1475 3432 3242 3283
f 3283 1741 2901 3284
f 1053 912 1476 3284
f 1054 1053 3284 2901
f 1560 3241 3285 1742
f 1055 1056 2903 3287
f 165 1055 3287 1469
f 1057 1059 3288 3289
f 1058 1057 3289 254
f 254 3289 1016 255
f 1050 913 912 1053
f 1098 1050 1053 250
f 3290 1710 1065 1063
f 3291 3433 1067 1066
f 3295 2900 3433 3291
f 3296 3295 3291 1711
f 3294 1215 2900 3295
f 211 3297 3294 212
f 2895 2894 1033 3293
f 131 3293 1033 253
f 3249 916 915 3458
f 1072 1069 3246 1177
f 3444 903 902 1073
f 2827 3444 1073 1074
f 3330 3329 1081 3333
f 3326 1222 3465 3464
f 3331 3325 3326 3464
f 3327 1222 3326 1079
f 3471 3469 3324 3328
f 3327 3329 1083 3328
f 219 3471 3328 3463
f 3332 3468 3470 1706
f 1706 3470 3469 221
f 1700 210 1081 1080
f 120 1701 3325 3331
f 3454 3453 1174
f 3453 3455 1174
f 3472 3474 3473
f 3475 3477 3476
f 3478 3480 3479
f 3481 3483 3482
f 3484 3486 3485
f 3487 3489 3488
f 3490 3492 3491
f 3491 3494 3493
f 3495 3497 3496
f 3498 3500 3499
f 3501 3503 3502
f 3504 3506 3505
f 3507 3509 3508
f 3510 3512 3511
f 3513 3515 3514
f 3516 3518 3517
f 3519 3521 3520
f 3522 3524 3523
f 3525 3527 3526
f 3528 3530 3529
f 3531 3533 3532
f 3533 3535 3534
f 3536 3538 3537
f 3539 3541 3540
f 3542 3544 3543
f 3545 3547 3546
f 3548 3550 3549
f 3551 3553 3552
f 3554 3556 3555
f 3557 3559 3558
f 3560 3562 3561
f 3563 3565 3564
f 3566 3568 3567
f 3569 3571 3570
f 3572 3574 3573
f 3575 106 3576
f 3577 3579 3578
f 3580 3582 3581
f 3583 3575 3584
f 3585 3587 3586
f 3588 3590 3589
f 3591 3593 3592
f 3594 3596 3595
f 3597 3599 3598
f 3600 3602 3601
f 3603 3605 3604
f 3606 3608 3607
f 3609 3611 3610
f 3612 3614 3613
f 3615 3617 3616
f 3618 3620 3619
f 3621 3623 3622
f 3626 3624 3627
f 3628 3630 3629
f 3631 3633 3632
f 3634 3636 3635
f 3637 3639 3638
f 3640 3641 3590
f 3642 3644 3643
f 3645 3647 3646
f 3579 179 3578
f 3649 3651 3650
f 3652 3654 3653
f 3655 3657 3656
f 3658 3660 3659
f 3661 3663 3662
f 3627 3624 3625
f 3664 3585 3586
f 3665 3624 3666
f 3668 3670 3669
f 3671 3673 3672
f 3674 3676 3675
f 3674 3675 3677
f 3675 3639 3679
f 3680 3602 3681
f 3682 3684 3683
f 3685 3687 3686
f 3688 3524 3522
f 3689 3691 3690
f 3692 3688 3522
f 3696 3671 3697
f 3700 3702 3701
f 3700 3705 3704
f 3706 3708 3707
f 3709 3711 3710
f 3711 3713 3712
f 3714 3716 3715
f 3671 3718 3717
f 3717 3697 3671
f 3719 3721 3720
f 3601 3602 3722
f 3723 3725 3724
f 3613 3614 3726
f 3727 3729 3728
f 3730 263 262
f 3538 3732 3731
f 3547 3734 3733
f 3735 3737 3736
f 3738 3740 3739
f 3741 3743 3742
f 3744 3746 3745
f 3749 3751 3750
f 3752 3754 3753
f 3619 3756 3755
f 3757 3759 3758
f 3757 3758 3760
f 3761 3763 3762
f 3761 3762 3764
f 3770 3769 3771
f 3772 3774 3773
f 3772 3773 3775
f 3776 3778 3777
f 3776 3777 3779
f 3780 3782 3781
f 3780 3781 3783
f 3784 3786 3785
f 3784 3785 3787
f 3788 3790 3789
f 3788 3789 3791
f 3792 3794 3793
f 3792 3793 3795
f 3796 3798 3797
f 3796 3797 3799
f 3800 3517 3801
f 3804 3806 3805
f 3808 3810 3809
f 3811 3813 3812
f 3814 3816 3815
f 3817 3819 3818
f 3820 3821 3814
f 3822 3824 3823
f 3822 3823 3539
f 3826 3827 3828
f 3829 3552 3830
f 3831 3833 3832
f 3838 3832 3833
f 3839 3841 3840
f 3842 3533 3534
f 3843 3845 3844
f 3846 3538 3731
f 3847 3547 3733
f 3848 3839 3849
f 3850 3852 3851
f 3853 3855 3854
f 3856 3858 3857
f 3859 3861 3860
f 3862 3864 3863
f 3865 3867 3866
f 3868 3867 3865
f 3869 3868 3870
f 3871 3855 3872
f 3855 3873 3854
f 3874 3876 3875
f 3877 3879 3878
f 3880 3882 3881
f 3883 3885 3884
f 3886 3888 3887
f 3889 3891 3890
f 3892 3894 3893
f 3895 3852 3896
f 3897 3899 3898
f 3900 3902 3901
f 3903 3905 3904
f 3906 3908 3907
f 3909 3911 3910
f 3912 3914 3913
f 3915 3917 3916
f 3849 3918 3848
f 3599 3919 3598
f 3920 3922 3921
f 3923 3925 3924
f 3926 3928 3927
f 3929 3931 3930
f 3932 3934 3933
f 3935 3937 3936
f 3940 3942 3941
f 3943 3945 3944
f 3943 3944 3577
f 3946 3922 3947
f 3946 3947 3656
f 3948 3932 3949
f 3948 3654 3950
f 3952 3954 3953
f 3952 3936 3951
f 3955 3957 3956
f 3958 3960 3959
f 3958 3959 3961
f 3958 3961 3962
f 3963 3965 3964
f 3966 3968 3967
f 3969 3971 3970
f 3969 3970 3972
f 3973 3975 3974
f 3976 3978 3977
f 3976 3980 3979
f 3981 3983 3982
f 3986 3988 3987
f 3988 3990 3989
f 3991 3993 3992
f 3991 3992 3994
f 3995 3997 3996
f 3998 4000 3999
f 4001 4003 4002
f 4004 4006 4005
f 4004 4005 4007
f 4010 4012 4011
f 4013 4015 4014
f 4016 4018 4017
f 4016 4017 4019
f 4020 4022 4021
f 4020 3564 4023
f 4024 4026 4025
f 4027 4029 4028
f 4030 4032 4031
f 4030 4034 4033
f 4035 4037 4036
f 4038 4039 4040
f 4038 4040 4041
f 4042 4044 4043
f 4042 4043 4045
f 4042 4045 4046
f 4047 4049 4048
f 4050 4052 4051
f 4050 4054 4053
f 4059 4061 4060
f 4059 4060 4062
f 4065 4067 4066
f 4068 4070 4069
f 4068 4069 4071
f 4072 4074 4073
f 4075 4077 4076
f 4075 4076 4078
f 4079 4081 4080
f 4079 4080 4082
f 4083 4085 4084
f 4083 4084 4086
f 4087 4089 4088
f 4090 4091 4092
f 4093 4094 3560
f 4095 4097 4096
f 4095 4096 4091
f 4095 4091 4098
f 4099 4101 4100
f 4102 4104 4103
f 4105 4107 4106
f 4105 4106 4108
f 4109 4111 4110
f 4109 4110 4112
f 4113 4115 4114
f 4116 4118 4117
f 4119 4121 4120
f 4119 4120 4122
f 4123 4125 4124
f 4126 4128 4127
f 4126 4127 4129
f 4130 4132 4131
f 4133 4135 4134
f 4133 4134 4136
f 4137 4139 4138
f 4137 4138 4140
f 4141 4143 4142
f 4144 4146 4145
f 4147 4149 4148
f 4150 4152 4151
f 4153 4155 4154
f 4153 4154 4156
f 4157 4158 3618
f 4159 4160 3619
f 4159 3619 4161
f 3939 4163 4162
f 4164 4165 6771
f 4164 6771 6772
f 4166 4168 4167
f 4166 4167 4169
f 4172 4174 4173
f 4179 4181 4180
f 4179 4180 4182
f 4184 4186 4185
f 4187 4188 4186
f 4189 3555 4190
f 4191 3716 4192
f 4193 4195 4194
f 4193 4197 4196
f 4198 4200 4199
f 4198 3734 4201
f 4202 4203 3714
f 4204 4206 4205
f 4207 4208 3905
f 4214 4215 3847
f 4214 4217 4216
f 4218 3732 4219
f 4218 4221 4220
f 4222 4223 3850
f 4224 3713 4225
f 4226 3860 3712
f 4227 4228 3710
f 4229 4231 4230
f 4229 4233 4232
f 4234 3863 3709
f 4235 4236 3846
f 4237 4238 3853
f 4239 4240 3843
f 4241 3535 4242
f 4243 4245 4244
f 4246 4247 3842
f 4248 4250 4249
f 4248 4252 4251
f 4253 4255 4254
f 4256 4258 4257
f 4256 3849 3839
f 4262 4264 4263
f 4262 4266 4265
f 4267 4269 4268
f 4270 4271 3501
f 4272 3876 4273
f 4272 4275 4274
f 4279 4281 4280
f 4284 4283 3512
f 4284 3512 4282
f 4289 4291 4290
f 4292 4294 4293
f 4292 4296 4295
f 4297 4299 4298
f 4300 4302 4301
f 4303 3508 3509
f 4303 4305 4304
f 4306 4308 4307
f 4306 4310 4309
f 4311 4312 3888
f 4311 4314 4313
f 4315 4317 4316
f 4318 4320 4319
f 4323 4325 4324
f 4326 4328 4327
f 4329 4332 4331
f 4333 4334 4335
f 4336 4338 4337
f 4339 4341 4340
f 4342 4344 4343
f 6773 4288 4287
f 4345 4347 4346
f 4348 3828 3707
f 4349 4350 3682
f 4351 4353 4352
f 4351 4352 3540
f 4351 3540 3541
f 4354 3705 4355
f 4356 4357 3704
f 4358 3686 4359
f 4360 4362 4361
f 4363 4365 4364
f 4366 4368 4367
f 4369 4371 4370
f 4372 4363 4364
f 4373 3487 3488
f 4374 4366 4367
f 4375 4377 4376
f 4378 4377 4375
f 4379 4381 4380
f 4382 4384 4383
f 4385 4387 4386
f 4388 4390 4389
f 4391 4393 4392
f 4394 4396 4395
f 4397 4399 4398
f 4400 4402 4401
f 4403 4405 4404
f 4406 4408 4407
f 4411 4413 4412
f 4416 4418 4417
f 4416 4420 4419
f 4421 4423 4422
f 4424 4425 3612
f 4426 3726 4427
f 4430 4431 3604
f 4430 3604 3605
f 4432 4433 4434
f 4435 4437 4436
f 4435 4436 4438
f 4439 4440 3493
f 4439 3493 3494
f 4442 4443 4441
f 4444 4445 4446
f 4447 4448 4372
f 4450 4451 4449
f 4452 4455 4454
f 4452 4454 4456
f 4457 4459 4458
f 4459 4461 4460
f 4462 4463 4464
f 4465 4467 4466
f 4468 4469 4470
f 4471 4472 4374
f 4473 4474 4475
f 4476 4477 4373
f 4478 4479 3480
f 4480 4482 4481
f 4487 4486 4488
f 4489 4487 4490
f 6774 6775 4492
f 6775 6774 4493
f 4494 4496 4495
f 4497 4499 4498
f 4500 3722 4501
f 4503 4386 4377
f 4504 4376 4343
f 4504 4343 4505
f 4506 4344 4463
f 4507 4509 4508
f 4511 4512 4510
f 4518 4517 4519
f 4522 4523 3635
f 4524 4526 4525
f 4527 4529 4528
f 4530 3636 4531
f 4530 4531 4532
f 4533 4535 4534
f 6773 4347 6776
f 6773 6776 4382
f 4536 4538 4537
f 4536 4537 4539
f 4540 4541 4369
f 1077 1076 4542
f 4543 4545 4544
f 4546 4547 6777
f 6778 4548 6777
f 3678 6777 4548
f 4548 6778 3688
f 6779 3588 6780
f 4549 4551 4550
f 4552 4554 4553
f 3516 4359 3518
f 3687 4556 4355
f 4557 4558 3830
f 4559 3977 3978
f 3566 3567 3960
f 4560 4562 4561
f 3641 4564 4563
f 3593 3591 4565
f 3596 3594 4566
f 4567 3694 4568
f 4437 4569 4436
f 4324 4338 4570
f 4324 4337 4338
f 4324 4571 4337
f 4324 3698 4571
f 3611 3609 4572
f 3623 3621 4573
f 3633 3631 4574
f 3721 4575 4529
f 4576 4578 4577
f 3634 3635 4523
f 4534 4581 4580
f 4531 4535 4532
f 4531 4534 4535
f 4138 4131 4132
f 4138 4125 4131
f 4138 4124 4125
f 4138 4121 4124
f 4582 4106 4583
f 4108 4103 4104
f 4108 3919 4103
f 4120 4118 4122
f 4120 4117 4118
f 4120 4115 4117
f 4120 4114 4115
f 4120 4107 4114
f 4120 4106 4107
f 4584 4586 4585
f 3648 3619 4160
f 3651 3649 4587
f 4588 4589 3989
f 3657 3655 4590
f 4591 4046 4045
f 4043 4591 4045
f 4592 4041 4040
f 4017 4037 4019
f 4017 4036 4037
f 4017 4039 4036
f 4017 4040 4039
f 3661 4005 4593
f 4007 4014 4015
f 4007 4018 4014
f 4007 4017 4018
f 4006 4593 4005
f 3992 3997 3994
f 3992 3996 3997
f 3992 4003 3996
f 3992 4002 4003
f 3992 4006 4002
f 4594 3974 3975
f 4594 3993 3974
f 4595 3967 3968
f 4595 3971 3967
f 3960 4595 3959
f 4596 3577 3944
f 4071 4066 4067
f 4071 4061 4066
f 4598 4600 4599
f 4601 4603 4602
f 3585 4100 4101
f 3585 4111 4100
f 3585 4110 4111
f 4604 4074 4078
f 4073 4601 4070
f 4085 4605 4084
f 4606 4608 4607
f 4605 4136 4134
f 4609 4606 4610
f 4155 4091 4154
f 4610 4146 4611
f 4610 4145 4146
f 4610 4149 4145
f 4610 4148 4149
f 4610 4155 4148
f 4091 4088 4089
f 4091 4612 4088
f 4613 4615 4614
f 3670 3668 4616
f 4617 4165 4618
f 3689 4152 4619
f 3689 4151 4152
f 3689 4143 4151
f 3689 4142 4143
f 3689 4139 4142
f 3689 4138 4139
f 3676 3674 4581
f 3678 3674 3677
f 4548 4335 4334
f 4548 4620 4335
f 3692 4327 4328
f 3692 4325 4327
f 3639 3675 3676
f 4624 3760 3758
f 3763 4625 3762
f 3786 4626 3785
f 4627 3783 3781
f 3778 4628 3777
f 4629 3775 3773
f 3774 4629 3773
f 4630 3799 3797
f 3517 4631 3801
f 3686 4632 4359
f 3700 3704 4357
f 4255 4633 4254
f 4633 4350 4634
f 4635 4244 4245
f 4635 3535 4244
f 4635 4242 3535
f 3706 3707 3828
f 3711 3709 3863
f 3709 3710 4228
f 3553 3830 3552
f 3858 3714 4203
f 3716 4636 4192
f 3555 4637 4190
f 3721 3719 4562
f 3680 3722 3602
f 3728 3729 6769 6768
f 4639 4640 4330
f 4346 4641 4539
f 4334 4537 4642
f 4643 4188 4644
f 4625 3764 3762
f 4645 4304 4305
f 3798 4630 3797
f 4631 4646 3801
f 3751 3749 3694
f 3754 3752 4647
f 3756 3619 3620
f 6781 4648 6782
f 4649 3821 4650
f 3822 4352 4651
f 3837 3808 4652
f 4302 4281 4301
f 4180 4644 4188
f 4653 3842 4247
f 4654 3843 4240
f 4655 3846 4236
f 4656 3847 4215
f 4657 3850 4223
f 3861 4231 3710
f 4658 3853 4238
f 3868 3869 4659
f 3556 4195 4192
f 3918 3849 4660
f 3922 3920 4661
f 3664 4062 4060
f 3925 3923 4662
f 3928 3926 4663
f 4664 3999 4000
f 3931 3929 3934
f 3934 3932 3931
f 3937 3935 4665
f 4666 3564 3565
f 4135 4605 4134
f 4667 4129 4127
f 4128 4667 4127
f 4668 4669 4600
f 4163 4671 4670
f 4081 4667 4080
f 4605 4086 4084
f 3667 4542 1076
f 4434 4369 4541
f 4672 4445 4267
f 4446 4372 4448
f 4446 4363 4372
f 4267 4474 4673
f 4475 4373 4477
f 4475 3487 4373
f 4436 4674 4438
f 4673 4469 4674
f 4470 4374 4472
f 4470 4366 4374
f 4674 4463 4675
f 4464 4466 4467
f 4464 4676 4466
f 4342 4376 4377
f 4342 4343 4376
f 4342 4440 4675
f 4386 4342 4377
f 4677 4499 4453
f 4677 4498 4499
f 4677 4493 4495
f 4678 4680 4679
f 4681 4683 4682
f 4408 4406 4684
f 6774 6775 4685
f 4686 6780 6783
f 6784 6645 4686 6783 6785
f 6784 3690 3691 4687 6786
f 4688 4689 3479 3480
f 4690 4693 4692 4691
f 4491 4488 4691 4692
f 4694 4697 4696 4695
f 4419 4420 4699 4698
f 4699 4420 3485 3486
f 4700 4703 4702 4701
f 4704 4707 4706 4705
f 4708 4711 4710 4709
f 4446 4448 4713 4712
f 4714 4716 4715 4455
f 4717 4718 4716 4714
f 4719 4437 3494 4720
f 4269 4722 4721 4268
f 4723 4726 4725 4724
f 4727 4728 4654 4240
f 4265 4729 4728 4727
f 4266 4730 4729 4265
f 4731 4734 4733 4732
f 4252 4736 4735 4251
f 4251 4735 4653 4247
f 4712 4713 4738 4737
f 4739 4740 4370 4371
f 4741 4744 4743 4742
f 4425 4746 4745 3612
f 4747 4748 4549 4550
f 4551 4549 4552 4553
f 4319 4320 4750 4749
f 4314 4751 4316 4313
f 4752 4755 4754 4753
f 4555 4640 4639 4286
f 4756 3512 4555 4286
f 4275 4759 4758 4757
f 4757 4758 4760 4277
f 4277 4760 4762 4761
f 4763 4766 4765 4764
f 4767 4770 4769 4768
f 4771 4774 4773 4772
f 4775 4778 4777 4776
f 4779 4780 4778 4775
f 3520 3521 4782 4781
f 3685 4783 4556 3687
f 4784 4785 3700 4357
f 4786 4789 4788 4787
f 4556 4783 4791 4790
f 4785 4784 4793 4792
f 4233 4795 4794 4232
f 3828 4796 3539
f 3824 4799 4798 4797
f 3827 3825 4801 4800
f 3732 4803 4802 4219
f 3737 3735 4643 4644
f 4196 4197 4805 4804
f 4806 4809 4808 4807
f 4807 4808 3616 3617
f 4810 4811 4558 4557
f 4812 4815 4814 4813
f 4816 4819 4818 4817
f 4820 4821 4819 4816
f 4822 4823 3910 3911
f 4824 4827 4826 4825
f 4828 4831 4830 4829
f 4832 4835 4834 4833
f 4836 4839 4838 4837
f 4840 4843 4842 4841
f 4044 4034 4041 4043
f 4032 4845 4844 4031
f 3662 4846 4843 4840
f 4847 4850 4849 4848
f 4851 4852 4848 4849
f 4853 4856 4855 4854
f 4852 4851 4858 4857
f 4859 4861 4011 4860
f 4007 4015 4863 4862
f 3962 3961 3968 4864
f 4865 4868 4867 4866
f 4869 4872 4871 4870
f 4873 4876 4875 4874
f 4877 4879 4597 4878
f 4009 4882 4881 4880
f 4883 4886 4885 4884
f 4887 3982 3983 4888
f 4886 4883 4890 4889
f 4880 4881 4892 4891
f 1429 1432 4894 4893
f 1433 1436 4896 4895
f 1437 1440 4898 4897
f 263 3730 4900 4899
f 4562 4560 4575 3721
f 3587 4901 1444 1443
f 4902 4903 1448 1447
f 3667 4904 1450 1077
f 4905 4908 4907 4906
f 4100 4111 4910 4909
f 3641 4563 3589 3590
f 4564 3641 3640 3643
f 3644 4911 4564 3643
f 4912 4914 3642 4913
f 4915 4900 4916
f 4917 4920 4919 4918
f 3694 4567 4921 3695
f 3693 3672 3673 3647
f 4922 4925 4924 4923
f 4516 4927 4926
f 4928 4508 4509 4929
f 4930 4933 4932 4931
f 3768 4936 4935 4934
f 4171 4937 4169
f 4938 4941 4940 4939
f 4942 4945 4944 4943
f 4485 4946 3477 3475
f 4850 4847 4829 4830
f 4947 4950 4949 4948
f 4951 4954 4953 4952
f 4955 4956 4870 4871
f 4957 4958 4837 4838
f 4835 4832 4960 4959
f 4831 4828 4962 4961
f 4825 4826 4789 4786
f 4709 4710 4964 4963
f 4965 4968 4967 4966
f 4969 4970 4963 4964
f 4971 4973 3489 4972
f 4974 4975 4737 4738
f 4976 4410 4978 4977
f 4979 4423 4981 4980
f 4719 4982 4569 4437
f 4983 4984 4730 4266
f 4985 4988 4987 4986
f 4569 4982 4722 4269
f 4989 4456 4458 4990
f 4980 4981 4443 4991
f 4992 4993 4961 4962
f 4958 4957 4780 4779
f 4994 4997 4996 4995
f 4998 4999 4959 4960
f 4742 4743 5001 5000
f 5000 5001 5003 5002
f 5002 5003 5005 5004
f 5006 5009 5008 5007
f 5007 5008 5011 5010
f 4178 5012 3902 3900
f 4697 4694 5014 5013
f 5015 3524 4687 3691
f 5016 5019 5018 5017
f 5020 3749 3750 5021
f 5022 5025 5024 5023
f 3914 3912 5027 5026
f 5028 5031 5030 5029
f 5032 5034 4410 5033
f 5035 5036 5009 5006
f 4813 4814 5025 5022
f 5037 5040 5039 5038
f 5041 3766 5042
f 4876 4873 4934 4935
f 4412 4413 5044 5043
f 4641 4347 5046 5045
f 3623 4573 5047 3618
f 3629 3630 5049 5048
f 1597 1598 4618 4165
f 4576 4577 5051 5050
f 4578 4576 5052 3638
f 1602 1605 5054 5053
f 5050 5051 1607 1606
f 4560 4561 1609 1608
f 5055 5057 4519 5056
f 5058 5060 5059 4579
f 5061 1617 1607 5051
f 4575 1618 1617 5061
f 4578 3676 4581 5062
f 1606 1602 5053 5050
f 5050 5053 5052 4576
f 1605 1621 5063 5054
f 3637 5065 5064 4914
f 3644 5064 5063 5066
f 5066 5063 1621 1625
f 4121 4138 5067 4120
f 5068 1630 1629 5069
f 5070 5071 3597 3598
f 3598 3919 4582 5070
f 4582 4583 3589 4563
f 4909 4910 4108 4104
f 4148 4155 3594 3595
f 5072 5073 4920 4917
f 4584 3689 4586
f 5074 5075 3689
f 5076 5077 4585 4586
f 5078 5079 5077 5076
f 5080 5083 5082 5081
f 3972 3975 5084 3965
f 5085 5086 4856 4853
f 5087 5089 5088 4097
f 3982 4887 5090 3626
f 5091 5092 5086 5085
f 4012 5093 4860 4011
f 4589 4588 3985
f 5094 5097 5096 5095
f 5049 3630 5099
f 3630 3667 5099
f 5099 3667 3579
f 3622 3623 5098 5088
f 4840 4841 4591 4592
f 4592 3661 3662 4840
f 4040 4017 3661 4592
f 4006 3992 5100 4593
f 4853 4854 4593 5100
f 5100 4594 5085 4853
f 5100 3992 3993 4594
f 4879 5091 4595 5101
f 4596 5101 3567 3568
f 4604 3938 3939 4601
f 4601 4073 4074 4604
f 4606 4609 4136 4605
f 4155 4610 4606 4091
f 4156 4158 5081 5082
f 5102 5105 5104 5103
f 5106 5107 5105 5102
f 5108 4071 4067
f 5109 5111 5110
f 3576 3625 3575
f 3656 3947 5112
f 5113 5115 5112 5114
f 4596 3945 5116 4878
f 5117 5120 5119 5118
f 5121 5122 4614 4615
f 4939 4940 5123
f 3669 5124 3668
f 5125 5128 5127 5126
f 5129 5131 5130
f 5132 5133 3631
f 5132 3631 3632
f 4895 3593 4565
f 4896 3593 4895
f 5134 5136 5135
f 4897 5138 5137
f 4897 4898 5138
f 4399 5058 4525 4398
f 4913 5140 5139 4912
f 4912 5139 3679 3639
f 5141 5142 4621 3698
f 3694 3693 3647 4568
f 5143 3699 5144 5015
f 3689 5143 5015 3691
f 3689 5141 5143
f 3689 3690 5145
f 4548 4642 4537 4678
f 4548 3688 3692
f 4678 5146 3678 4548
f 3692 5147 4620 4548
f 3522 3523 5148 3692
f 3523 5144 3699 5148
f 4532 4535 5150 5149
f 3674 5151 4580 4581
f 4036 4039 5152
f 4053 4054 5153 4028
f 3956 3957 5154 3953
f 3599 3597 1717 1716
f 3698 4621 3696
f 3694 3672 3693
f 3694 4161 3619
f 3648 4160 5079 5078
f 5047 3620 3618
f 3623 3618 5098
f 3518 4359 4632
f 3687 4355 5155
f 4254 4633 4635
f 5156 3754 4647 5157
f 5016 5017 3754 5156
f 4625 4624 4361 4362
f 4625 3763 3760 4624
f 4749 4750 5159 5158
f 4626 4627 5160 4645
f 4628 3778 3775 4629
f 4553 4554 4628 4629
f 3518 4632 4631 3517
f 4747 4550 4631 4632
f 3687 5155 4632 3686
f 5161 4747 4632 5155
f 5162 3700 4785 4792
f 5163 5162 4633 4255
f 4350 4633 3684 3682
f 4242 4635 4633 4634
f 3864 3867 4634 3706
f 3711 3706 4800 4557
f 3556 4636 4637 3555
f 5164 4637 4817 5165
f 5165 5167 5166 5164
f 3703 5169 5168 6771
f 4927 4516 5171 5170
f 4293 5172 4755 4752
f 3722 3680 5173 4501
f 3838 3833 5175 5174
f 4305 4319 4749 4645
f 5176 3894 3892 5177
f 5178 5179 5013 5014
f 5180 5183 5182 5181
f 5184 5185 4945 4942
f 3591 3592 5187 5186
f 4937 4171 5189 5188
f 5169 5192 5191 5190
f 5190 5166 5168 5169
f 5167 5193 5168 5166
f 5167 5195 5194 5193
f 5024 5197 5196 5023
f 4941 4938 5199 5198
f 4936 3768 5200
f 5201 5202 4335 4620
f 4346 4347 4641
f 5203 5206 5205 5204
f 5207 5208 5204 5205
f 5209 5212 5211 5210
f 5213 5215 3771 5214
f 5216 5217 5215 5213
f 5218 5221 5220 5219
f 5222 5223 4768 4769
f 5224 5227 5226 5225
f 5228 5231 5230 5229
f 5232 5235 5234 5233
f 5236 5239 5238 5237
f 5240 5243 5242 5241
f 5244 5247 5246 5245
f 5248 5251 5250 5249
f 5252 5255 5254 5253
f 5256 5259 5258 5257
f 5260 5263 5262 5261
f 5264 5267 5266 5265
f 5268 5271 5270 5269
f 3844 5272 4795 4233
f 4201 5273 4805 4197
f 5274 5275 3550 3548
f 4872 4869 5277 5276
f 5278 5281 5280 5279
f 5279 5280 5283 5282
f 5284 5287 5286 5285
f 1851 1854 5289 5288
f 5288 5289 5291 5290
f 5292 5295 5294 5293
f 6781 5297 5296
f 5298 6781 5293 5294
f 5297 6781 6782
f 5299 5302 5301 5300
f 5300 5301 5304 5303
f 5305 5303 5304
f 1871 1872 5305 5304
f 5306 3748 3751 5307
f 5308 5309 3748 5306
f 5310 5313 5312 5311
f 5314 5315 5313 5310
f 5316 5319 5318 5317
f 5320 5321 5319 5316
f 5322 5323 5321 5320
f 5324 5327 5326 5325
f 5328 5329 5327 5324
f 5330 5333 5332 5331
f 5334 5335 5333 5330
f 5336 5337 1905 1904
f 5338 5341 5340 5339
f 3525 5344 5343 5342
f 5156 5345 3764 4625
f 3717 3754 5017 3697
f 5017 5018 5346 3697
f 5347 5342 5157 4647
f 5348 5349 3764 5345
f 3760 3763 4776 4777
f 5350 5351 3795 3759
f 3775 3778 4766 4763
f 5352 5353 3799 3774
f 4645 5160 5354 4304
f 5355 5358 5357 5356
f 3787 3790 5358 5355
f 5158 3789 3790 4626
f 5359 5362 5361 5360
f 4627 4628 4554 5160
f 4646 4631 4630 3798
f 5363 4646 3798
f 3694 3755 5307 3751
f 5364 5367 5366 5365
f 5365 5366 5369 5368
f 5370 5371 3742 3743
f 5371 5370 5373 5372
f 3526 3527 3750 3747
f 1943 5334 5374 1944
f 5374 5375 5116 5336
f 5334 5330 5375 5374
f 5375 5330 5331 5376
f 5376 5377 4878
f 5331 5328 5377 5376
f 5328 5324 5378 5377
f 5325 5322 5380 5379
f 5381 5383 5382 4855
f 5383 5317 5314 5384
f 5314 5310 5385 5384
f 5385 5386 4842 4843
f 5310 5311 5386 5385
f 5387 5388 4573 3621
f 5308 5306 5388 5387
f 5389 3756 3620 5047
f 5307 3755 3756 5389
f 1961 5390 5335 1962
f 5391 5390 5288 5290
f 5333 5335 5390 5391
f 5392 5391 5290 5120
f 5392 5332 5333 5391
f 5117 5393 5392 5120
f 5394 5393 5117 5395
f 5327 5329 5393 5394
f 5396 5394 5395 5397
f 5397 5256 5398 5396
f 5256 5257 5399 5398
f 5319 5321 5399 5400
f 5401 5402 5260 5261
f 5315 5318 5402 5401
f 5403 5401 5261 5264
f 5313 5315 5401 5403
f 5403 5404 5312 5313
f 5405 5404 5265 5268
f 5309 5312 5404 5405
f 5405 3747 3748 5309
f 3525 3526 3747 5344
f 5406 5343 5348 5345
f 5407 5408 5349 5348
f 4778 4780 5410 5409
f 5411 5409 5339 5350
f 5412 5413 5270 5271
f 4958 4779 5413 5412
f 5410 5414 5253 5338
f 4780 4957 5414 5410
f 5415 5412 5271 5266
f 5416 5415 5266 5267
f 4838 4839 5418 5417
f 5419 5416 5267 5262
f 5418 5420 5248 5249
f 4839 5421 5420 5418
f 5421 4949 5422 5420
f 4947 4948 5424 5423
f 5422 5425 5244 5245
f 3760 4777 5411 3757
f 3761 5426 4776 3763
f 5427 5423 5428 5258
f 5425 5430 5429 5244
f 5431 3765 3766 5432
f 4867 4868 5434 5433
f 5435 5433 5437 5436
f 5438 3765 4866 5439
f 5440 2016 2015 5441
f 5442 5438 5439 5443
f 5444 5446 5445 5284
f 5447 5442 5443 5285
f 5448 5441 5450 5449
f 5286 5440 5441 5448
f 5451 5287 5453 5452
f 5454 3838 5174 5455
f 6781 5456 4648
f 3801 4646 3800
f 4650 3821 5457
f 5458 5459 3807
f 2035 5461 5460 2036
f 2039 4906 5461 2035
f 5462 2042 2041 3580
f 4905 2043 2042 5462
f 5463 2046 2045 5296
f 3582 2047 2046 5463
f 5297 5463 5296
f 5464 5463 5297
f 5465 5466 5298 5294
f 5200 5121 5466 5465
f 4936 5200 5465 5467
f 5468 5462 3580 4613
f 5461 5470 5469 5460
f 4906 4907 5470 5461
f 4908 5468 5471 5282
f 5471 4614 5122 5472
f 5472 3767 5278 5279
f 5122 3768 3767 5472
f 5473 5476 5475 5474
f 3768 4934 5477 3767
f 5478 5474 5281 5277
f 4935 4936 5467 5479
f 4876 4935 5479 5480
f 4934 4873 5481 5477
f 4869 5482 5478 5277
f 5041 5042 5478 5482
f 5482 5484 5483 5041
f 4869 4870 5484 5482
f 4871 4872 5481 5485
f 4875 4876 5480 5486
f 5487 5486 5236 5237
f 5484 5489 5488 5483
f 4870 4956 5489 5484
f 5490 5492 5491 5216
f 5493 5037 5492 5490
f 5494 4858 5496 5495
f 5497 5498 5215 5217
f 5499 5501 5500 5220
f 5502 5503 5501 5499
f 5492 5504 5219 5491
f 5039 5040 5506 5505
f 4941 5198 5508 5507
f 5038 5199 5509 5504
f 5175 5499 5220 5221
f 5299 5174 5175 5221
f 2094 5456 6781 2095
f 2096 5123 5456 2094
f 2097 5510 5305 1872
f 5511 3810 5454 5455
f 5510 5511 5303 5305
f 5512 5513 5304 5301
f 5512 4939 5513
f 5513 5514 5304
f 4648 5515 6781 6782
f 4648 5123 4940 5515
f 5516 5517 5213 5214
f 5498 3770 3771 5215
f 5518 5519 3770 5498
f 4858 4851 5520 5496
f 5521 5524 5523 5522
f 4954 4955 5524 5521
f 5525 5526 5246 5247
f 5521 5527 4953 4954
f 5528 5529 5232 5233
f 5530 5531 5529 5528
f 5520 5532 5234 5235
f 4851 4849 5532 5520
f 5533 5516 5214 5211
f 4848 4852 5516 5533
f 5534 3769 3739 3740
f 5535 5533 5211 5212
f 4847 4848 5533 5535
f 5536 5527 5538 5537
f 5539 4953 5527 5536
f 5526 5540 5251 5246
f 4952 5541 5540 5526
f 5540 5542 5250 5251
f 5543 5544 5230 5231
f 4850 4830 5544 5543
f 5545 5535 5212 5546
f 5547 5209 5549 5548
f 5208 5547 5548 5550
f 4828 4829 5545 5551
f 4832 4833 5553 5552
f 5554 5555 5254 5255
f 5556 5557 4835 4959
f 4995 5558 5557 5556
f 5559 5552 5224 5225
f 4962 4828 5551 5560
f 5561 5563 5368 5562
f 5564 5560 5205 5206
f 4992 4962 5560 5564
f 5565 5566 5223 5226
f 5567 5556 4959 4999
f 4996 4997 5568 5555
f 5568 5569 5340 5341
f 4772 4994 5567 5570
f 5571 5572 5222 4769
f 5356 4998 5572 5571
f 5573 5564 5206 4765
f 5561 5574 4764 5203
f 5575 5352 5576 5574
f 3775 4763 5576 3772
f 4765 4766 5577 5573
f 5578 5579 5361 5362
f 4767 4768 5579 5578
f 3783 4767 5578 3780
f 5580 3784 3787 5355
f 4770 3786 3784 5580
f 4771 4772 5570 5581
f 4773 4774 5582 5569
f 3769 5583 3738 3739
f 5583 5585 5584 3738
f 5586 4824 5587 5585
f 5588 5589 5369 5366
f 5589 5591 5590 5369
f 4786 4787 5591 5589
f 5592 5591 4787 5593
f 5594 5590 5591 5592
f 5595 5592 5593 5363
f 3799 5353 5595 3796
f 3802 3800 4646 3803
f 3521 3519 3802 5596
f 3804 3802 3519 3520
f 3805 3516 3802 3804
f 3804 5598 5597 3806
f 3520 4781 5598 3804
f 4788 4789 5600 5599
f 5600 5601 5371 5372
f 4789 4826 5601 5600
f 5602 4782 5604 5603
f 4781 5605 4650 5598
f 4649 4650 5605 3542
f 3816 3814 3821 4649
f 5606 5603 5370 3743
f 3544 5602 5603 5606
f 5601 5607 3742 5371
f 3807 5606 3743 3741
f 3543 3544 5606 3807
f 5607 3807 3741 3742
f 5608 5458 3807 5609
f 5610 5612 5611
f 2201 2202 3808 3809
f 5454 3808 5613 3838
f 5614 3835 3832 5615
f 5616 5619 5618 5617
f 5620 5621 3819 3817
f 5622 5624 5623 5518
f 5459 5625 3815 3816
f 3821 3820 4353
f 3815 5625 5627 5626
f 3528 3529 4651 3820
f 4352 3822 3539 3540
f 3529 3824 3822 4651
f 3823 5628 4801 3825
f 3824 4797 5629 3823
f 5627 5630 4798 4799
f 5631 5633 5632 5630
f 5620 3817 5629 5634
f 5628 5635 4810 4801
f 5636 5638 5637 5634
f 5633 5640 5639 5632
f 5639 5642 4809 5641
f 5640 5623 5642 5639
f 5637 5644 5619 5643
f 5645 5647 5646 4811
f 5648 5616 5647 5645
f 5649 5651 4558 5650
f 5652 5653 4821 3551
f 5653 5654 4819 4821
f 5649 5657 5656 5655
f 5650 4812 5657 5649
f 5654 5658 4818 4819
f 5647 5659 4815 5646
f 5616 5617 5659 5647
f 5660 5661 3616 4808
f 5644 5662 5618 5619
f 5663 2256 2255 5664
f 2257 5611 5665 2258
f 5666 5669 5668 5667
f 5666 5610 5669
f 5670 5666 5667 5194
f 5671 5610 5666 5670
f 5672 5674 5612 5673
f 3669 5675 5674
f 3837 4652 3668 5124
f 5676 3837 5124 5197
f 5613 3808 3837 5676
f 3808 2202 2272 5677
f 5024 5678 5676 5197
f 5196 5672 5679 5023
f 5680 5671 5670 5681
f 5682 5680 5681 5683
f 5684 5678 5024 5025
f 3834 3831 3832 3835
f 3836 3833 3831 3834
f 4652 5677 4616 3668
f 4652 3808 5677
f 5685 5686 4813 5022
f 5687 5684 5025 4814
f 3835 5689 5688 3834
f 5690 3836 3834 5661
f 4644 4180 4181 3737
f 5691 5694 5693 5692
f 5692 5693 5696 5695
f 5695 5696 5698 5697
f 3842 4653 3532 3533
f 3843 4654 5699 3845
f 3846 4655 3537 3538
f 3847 4656 3546 3547
f 5700 4217 5701 4206
f 5702 4183 4185 5703
f 5704 5705 5188 5189
f 4203 5706 3857 3858
f 4657 4223 4220 5707
f 3853 4658 3872 3855
f 4245 5709 5708 4635
f 4258 5711 5710 4257
f 3554 5712 4195 3556
f 4195 5712 5713 4194
f 4194 5713 5714 4200
f 5715 4264 3873 5716
f 4264 5715 5717 4263
f 5718 5719 4263 5717
f 5720 5721 5719 5718
f 5722 5723 5721 5720
f 5724 4250 3869 3870
f 5725 5728 5727 5726
f 5728 5725 5730 5729
f 3879 3877 5732 5731
f 5733 5735 5734 4260
f 3882 3880 4260 5734
f 5736 5737 3884 3885
f 5738 5739 5737 5736
f 3887 3888 4312 4296
f 5740 4294 5742 5741
f 5743 4290 4291 4332
f 4290 5743 3891 3889
f 4337 4571 5745 5744
f 3698 4622 5747 5746
f 5746 5747 5749 5748
f 5750 5753 5752 5751
f 5754 5757 5756 5755
f 4298 5759 5758
f 4313 4316 4317 4310
f 3895 4213 3851 3852
f 5760 5763 5762 5761
f 3908 3906 5761 5762
f 4208 4181 3904 3905
f 5764 5767 5766 5765
f 5767 5764 5769 5768
f 5769 5771 5770 5768
f 5772 5773 5036 5035
f 3917 3915 5773 5772
f 3821 4353 5774 5457
f 5457 5774 5775 5597
f 3806 5777 5776 3805
f 5778 5781 5780 5779
f 5782 5783 3704 3705
f 5784 5785 3574 3572
f 5786 5787 5785 5784
f 5788 5789 5787 5786
f 5790 5793 5792 5791
f 5794 5797 5796 5795
f 5798 5801 5800 5799
f 1443 2398 5802 3587
f 3587 5802 5803 3586
f 1716 1444 4901 3599
f 5804 5805 2402 2401
f 5806 3947 3922
f 3586 5803 5807 3664
f 5808 5809 3925 4662
f 4664 4000 3923 3924
f 5810 5812 4064 5811
f 5811 4064 4066 4061
f 5813 5814 4078 4074
f 5815 5816 5814 5813
f 5817 5818 5816 5815
f 5795 5796 4071 5108
f 4588 5820 5819 3985
f 5821 5822 2421 2420
f 3937 4665 3920 3921
f 5823 5824 2425 2424
f 5823 5825 3930 5824
f 3929 3930 5825
f 3949 5826 3962 4864
f 5827 5829 5828 3954
f 3954 5828 3956 3953
f 5830 5833 5832 5831
f 4002 4006 5835 5834
f 3977 5838 5837 5836
f 4014 4018 4023 5839
f 3980 5840 3964 3979
f 5841 5842 4559 3978
f 3974 3993 5842 5841
f 5843 4021 4022 5844
f 5845 5848 5847 5846
f 4145 4149 5850 5849
f 5851 5854 5853 5852
f 4605 4135 4129 4667
f 5855 5858 5857 5856
f 5859 5860 4669 4128
f 5860 5859 5862 5861
f 4163 3939 3938 4671
f 5863 4112 4603
f 4112 5866 5865 5864
f 5867 5870 5869 5868
f 4667 4668 4076 4077
f 4667 4081 4086 4605
f 5871 5872 4086 4081
f 3941 3942 5872 5871
f 5110 5111 5874 5873
f 5873 5874 5876 5875
f 4025 5878 4056 5877
f 4029 5879 4053 4028
f 5875 5876 4088 4612
f 4091 4051 4098
f 5112 3947 5806 5880
f 3954 3952 3951
f 5840 5881 3936 3952
f 5096 5882 3988 3986
f 5096 3990 3988 5882
f 5883 5884 3563 4024
f 5874 5111 4027
f 4612 4607 4608 5885
f 5886 2489 1905 5337
f 3577 3578 5886 3943
f 4902 1447 2491 5887
f 5888 2493 1448 4903
f 5821 2420 2493 5888
f 2421 5822 5889 2494
f 5890 2497 2402 5805
f 3576 106 2497 5890
f 3929 5825 5892 5891
f 5893 5894 3930
f 3649 5895 5894 5893
f 5894 5887 5824 3930
f 5896 5897 3650
f 5897 5888 4903 3650
f 5898 5115 5113 5889
f 5899 5898 5900 3927
f 3655 5115 5898 5899
f 5880 5901 5114 5112
f 5806 5804 5901 5880
f 3921 3922 3946 5902
f 5899 5903 4590 3655
f 3927 3928 5903 5899
f 5893 5904 4587 3649
f 3930 3931 5904 5893
f 3934 3929 5891 5905
f 5904 3948 3950 4587
f 3931 3932 3948 5904
f 5829 4663 5907 5906
f 3928 5827 5908 5903
f 5909 5902 3657 3660
f 3951 5909 3660 3658
f 3936 3937 5909 3951
f 5828 5829 5906 5910
f 3948 3955 3653 3654
f 3955 5910 3652 3653
f 3956 5828 5910 3955
f 5911 5912 5048 3566
f 5826 3933 5912 5911
f 3966 3955 4864 3968
f 3963 3969 3972 3965
f 5913 3976 3979 5084
f 5841 3978 3976 5913
f 5836 5916 5915 5914
f 3981 5917 3920 4665
f 5918 5919 5090 4887
f 4664 3924 5918 5920
f 5921 5920 4888 5922
f 5819 4664 5920 5921
f 3984 5921 5922 5837
f 3985 5819 5921 3984
f 5923 3984 5837 5838
f 4589 3985 3984 5923
f 5924 5925 4559 5842
f 5926 5927 5925 5924
f 3991 5924 5842 3993
f 3994 5926 5924 3991
f 3995 5929 5928 3997
f 3996 5830 5929 3995
f 5929 5931 5930 5928
f 5931 5932 5095 5930
f 5831 5790 5932 5931
f 5932 5933 5094 5095
f 5790 5791 5933 5932
f 5097 4885 5935 5934
f 4588 3989 3990 5934
f 5935 3998 3999 5820
f 5936 5937 4890 4883
f 5799 5794 5939 5938
f 5940 5941 5792 5793
f 5942 5943 5941 5940
f 5834 5946 5945 5944
f 5944 4001 4002 5834
f 5833 4003 4001 5944
f 5947 5949 4862 5948
f 5950 5953 5952 5951
f 5954 4008 5800 5801
f 5093 4009 4008 5954
f 4008 5955 5797 5800
f 5817 5815 5957 5956
f 4010 5959 5958 4012
f 5960 5961 5959 4010
f 4010 5963 5962 5960
f 4011 4861 5963 4010
f 4014 5839 5964 4013
f 4023 4018 4016 4020
f 4021 4026 4024 4020
f 4024 5965 5818 5883
f 5878 5968 5967 5966
f 5967 5969 4844 4845
f 5968 5843 5969 5967
f 5843 5844 5970 5969
f 4038 4030 4031 4039
f 5971 4044 4042 4049
f 5972 4047 3561 3562
f 5879 5971 4047 5972
f 4050 5972 3562 4052
f 4057 4055 5110 5873
f 5965 5973 5816 5818
f 5877 5867 5973 5965
f 5974 5975 5808 4662
f 5810 5811 5975 5974
f 3925 5809 5976 5919
f 4058 5890 5805
f 4058 3625 3576 5890
f 5802 2398 2585 5977
f 5978 5977 3583 3584
f 5976 5979 3665 3666
f 5975 4059 4062 5808
f 5811 4061 4059 5975
f 4065 4063 5108 4067
f 4066 4064 4063 4065
f 5980 4063 3573 3574
f 5795 5108 4063 5980
f 4064 5812 5981 4063
f 5937 5981 5812 4890
f 5939 5980 3574 5785
f 5794 5795 5980 5939
f 4068 5982 4891 4070
f 4071 5796 5982 4068
f 5813 4074 4072 5983
f 5957 5983 4892 4881
f 5815 5813 5983 5957
f 5973 5984 5814 5816
f 5984 4075 4078 5814
f 5985 4079 4082 5869
f 5871 4081 4079 5985
f 5986 5985 5869 5870
f 5872 3942 4057 5987
f 4083 5987 3571 4085
f 5988 4057 5873 5875
f 3569 3570 4057 5988
f 5988 5885 4608 3569
f 5989 4027 4028 5153
f 4051 4091 4090 4050
f 5990 5807 5991 5979
f 4095 4093 5087 4097
f 4047 4093 3560 3561
f 4048 5087 4093 4047
f 4609 4610 4611 5992
f 3689 4619 5993
f 3618 3648 4157
f 4623 3696 4621 5995
f 4162 4603 4601 3939
f 4599 4600 4669 5996
f 4909 5997 4099 4100
f 5998 4101 4099 5997
f 4102 5997 4909 4104
f 4910 4111 4109 5999
f 4113 6001 6000 4115
f 5865 5866 4162 6001
f 5866 5863 4162
f 4670 4671 6003 6002
f 6004 4670 6002 6005
f 6004 6005 4116 4117
f 5861 6008 6007 6006
f 5860 5861 6006 6009
f 4125 4123 6010 5856
f 5856 6010 6011 5855
f 6012 6013 4126 4129
f 5859 4128 4126 6013
f 4132 4130 6014 4918
f 4918 6014 6015 4917
f 5857 5858 6015 6014
f 5858 6017 6016 6015
f 6018 5992 4611 5845
f 6018 6019 4920 5073
f 5845 5846 6019 6018
f 6020 6019 5846 6021
f 4139 4137 6020 6021
f 6022 4144 4145 5849
f 6023 4147 4148 3595
f 6024 6023 3595 3596
f 5854 5850 6023 6024
f 5993 6025 5074 3689
f 4619 6026 6025 5993
f 6026 4566 6027 6025
f 6028 5994 3689 5075
f 6027 6029 5082 5083
f 4566 3594 6029 6027
f 6029 4153 4156 5082
f 3594 4155 4153 6029
f 6030 4157 3648 5078
f 4159 6031 5079 4160
f 4161 4921 6031 4159
f 6031 6032 5077 5079
f 6032 6033 4585 5077
f 4585 6033 6034 4584
f 6033 3645 3646 6034
f 5142 4584 6034 6035
f 5995 6035 6036 4623
f 4621 5142 6035 5995
f 5106 6003 6037 4598
f 5860 6009 5996 4669
f 4175 5274 3548
f 4822 3911 4175
f 3906 4179 4182
f 3714 3715 4804 4202
f 4724 6038 4212
f 4672 4433 4363
f 4267 4445 3487
f 4673 4474 4366
f 4674 4469 4676
f 4275 4272 4273
f 6039 6040 4299 4297
f 5759 4302 4300
f 4324 4570 4323
f 4620 5147 6042 6041
f 4571 3698 6043
f 4622 3696 5346 6044
f 6772 2654 2653 4164
f 2655 6046 6045 2656
f 2659 6047 6046 2655
f 6046 4166 4341 6045
f 6047 4168 4166 6046
f 4168 3603 4169 4167
f 4170 4169 3916 3917
f 4171 4169 4170
f 4169 4937 6048 4340
f 6049 6052 6051 6050
f 6049 4617 4618 6052
f 6053 6054 6049 6050
f 6054 6055 4617 6049
f 5192 6055 6054 6056
f 4937 5188 6057 6048
f 6058 4170 3913 3914
f 5189 4171 4170 6058
f 5188 5705 6059 6057
f 6060 6061 5772 5035
f 5027 3912 6061 6060
f 6062 6065 6064 6063
f 4172 6066 5026 5760
f 4173 5704 6066 4172
f 6060 6067 5763 5027
f 5035 5006 6067 6060
f 6068 6069 5275 5766
f 4175 6063 5765 5274
f 6070 6069 6071 5703
f 3550 5275 6069 6070
f 6067 6072 5762 5763
f 6072 6073 3908 5762
f 6074 6075 5008 5009
f 4931 4741 6074 6076
f 4742 5000 6077 6075
f 6077 6078 5012 5011
f 6073 4177 3907 3908
f 4183 5702 6079 4182
f 4186 6070 5703 4185
f 3549 3550 6070 4186
f 4175 4186 4188 4822
f 4189 4175 3911 3909
f 6080 4189 3909 3910
f 6080 6081 5712 3554
f 6081 6082 5713 5712
f 4193 4191 4192 4195
f 4201 4197 4193 4198
f 4202 6083 5706 4203
f 4804 4805 6083 4202
f 4805 5273 6084 6083
f 6082 6085 5714 5713
f 3735 3736 4204 6085
f 4177 4179 3906 3907
f 3904 4181 4179 4177
f 4182 4184 4185 4183
f 4180 4188 4184 4182
f 4207 4204 3736 4208
f 5700 4206 4204 4207
f 4178 3900 4209 4177
f 6078 6086 3902 5012
f 3900 3901 4211 4209
f 4739 4371 4212 4211
f 4212 6087 3897 3898
f 3505 3506 6087 4212
f 6087 4214 4216 3897
f 3506 4215 4214 6087
f 4214 6088 5701 4217
f 4214 3847 3733 6088
f 6084 6089 3856 3857
f 5273 6090 6089 6084
f 4657 6092 6091 3896
f 4656 3504 6093 6091
f 6093 4212 4213 3895
f 3731 3732 4218 4222
f 4219 3713 4224 4218
f 3712 4802 6094 4226
f 6094 6096 6095 3859
f 6096 6098 6097 6095
f 3709 4794 6099 4234
f 4235 3846 3731 4222
f 4237 4229 4230 4238
f 6099 6100 3866 3862
f 4794 4795 6100 6099
f 6100 6101 3865 3866
f 4795 5272 6101 6100
f 3854 4239 4237 3853
f 4239 3843 3844 4237
f 6102 4239 3854 3873
f 4655 6105 6104 6103
f 4658 6106 6103 3872
f 4434 4212 4371 4369
f 6107 6108 5715 5716
f 4725 4726 6108 6107
f 3534 3535 4241 6109
f 5699 4654 6111 6110
f 4243 6112 5709 4245
f 6112 6113 5708 5709
f 4246 3842 3534 6109
f 4654 4728 6114 6111
f 4248 4246 3869 4250
f 4251 4247 4246 4248
f 4653 4735 6116 6115
f 6117 4253 4254 6118
f 3840 4255 4253 6117
f 4256 6117 6118 4258
f 4256 6119 4660 3849
f 4257 5733 6119 4256
f 5733 4260 4259 6119
f 4265 4727 6102 4262
f 6114 6121 6120 5724
f 4728 4729 6121 6114
f 4363 4446 4445 4672
f 3487 4475 4474 4267
f 4722 4982 6123 6122
f 6124 4262 4263 5719
f 6121 6125 5726 6120
f 4729 4730 6125 6121
f 6126 4248 4249 5727
f 4730 4984 6127 6125
f 6128 6126 5727 5728
f 4731 4732 6126 6128
f 6129 4271 3881 3882
f 3503 4731 6128 6130
f 6131 6124 5719 5721
f 4986 4983 6124 6131
f 6123 6132 5722 5720
f 4982 4719 6132 6123
f 4366 4470 4469 4673
f 4985 4986 6131 6133
f 6134 6135 5731 5730
f 6136 6133 5723 6137
f 6132 6139 6138 5722
f 4719 4720 6139 6132
f 4675 4440 4438 4674
f 4274 6136 6137 3876
f 6135 6140 3879 5731
f 4988 3498 6140 6135
f 6140 4274 3878 3879
f 3498 3499 4274 6140
f 4276 6130 5729 5732
f 3502 3503 6130 4276
f 3515 3513 4278 4259
f 6141 4259 4260 3880
f 4761 6142 6141 4271
f 4270 4276 4277 4761
f 3501 3502 4276 4270
f 6143 6144 5736 3885
f 6144 6145 5738 5736
f 6146 4762 6145 6144
f 6147 6150 6149 6148
f 4760 4758 6150 6147
f 6151 6152 3884 5737
f 6153 6151 5737 5739
f 5695 5697 6151 6153
f 5692 5695 6153 6154
f 4275 4757 6155 4274
f 4282 4273 3876 3874
f 4273 6156 5741 4275
f 3510 3511 6156 4273
f 3490 3491 4342 4282
f 6157 4283 3890 3891
f 4555 3512 4283 6157
f 4283 4287 3889 3890
f 4287 4384 4382
f 4288 6158 4289 4287
f 6150 6160 6159 6149
f 6161 6039 4297 6162
f 4300 6164 6163 5759
f 6164 6165 5753 6163
f 6166 5698 6165 6164
f 4748 6169 6168 6167
f 4549 4748 6167 6170
f 5698 5696 6171 6165
f 6172 6170 5751 5754
f 6173 6174 5756 5757
f 6175 4303 4304 5354
f 5755 3508 4303 6175
f 6176 6179 6178 6177
f 5176 3507 6179 6176
f 4306 6181 6180 4308
f 4309 6182 6181 4306
f 4306 4311 4313 4310
f 4307 4312 4311 4306
f 6177 4317 4315 6176
f 4315 6183 3893 3894
f 4316 4751 6183 4315
f 6184 6183 4751 6185
f 6186 6187 3892 5749
f 5019 4360 6187 6186
f 4360 4320 4318 6187
f 4319 4305 4303 4318
f 4293 4752 6188 4292
f 3888 3886 4321 4311
f 4755 5172 4285 6189
f 6190 6189 4639 6191
f 4754 4755 6189 6190
f 4331 4328 4326 4329
f 6041 6192 5201 4620
f 4335 5202 4345 4333
f 5202 6193 6773 4345
f 4291 4289 6192 6194
f 6158 5201 6192 4289
f 4332 4329 6195 5743
f 4330 4640 6195 4329
f 4640 4555 6157 6195
f 4753 6197 6196 4321
f 4336 6196 6197 4338
f 6198 6043 3698 5746
f 6199 6186 5749 5747
f 6044 6199 5747 4622
f 5346 5018 6199 6044
f 6200 3708 4350 4349
f 4359 5776 4358
f 6201 4348 3707 6202
f 6203 4796 6201 6204
f 4790 6203 6204 6205
f 6206 6207 5780 5781
f 4793 4784 6208 6207
f 4556 4790 6205 6209
f 4791 4783 6211 6210
f 4354 6209 5782 3705
f 6208 4356 3704 5783
f 4784 4357 4356 6208
f 6212 4358 5776 5777
f 6213 6216 6215 6214
f 6216 6213 6218 6217
f 6217 6218 6220 6219
f 6219 6220 6222 6221
f 6221 6222 6223 4429
f 6224 6227 6226 6225
f 6227 6224 6229 6228
f 6230 6232 4365 6231
f 6233 6236 6235 6234
f 6237 6240 6239 6238
f 6240 6237 6242 6241
f 6243 6246 6245 6244
f 6247 6248 4701 4702
f 6249 6252 6251 6250
f 6253 6256 6255 6254
f 6257 6260 6259 6258
f 6261 6264 6263 6262
f 6232 6230 6264 6261
f 4965 6265 4466 4676
f 4343 4344 6266 4505
f 4677 4495 4496 4498
f 6267 6269 4490 6268
f 6270 6272 6271 4378
f 6273 6274 6272 6270
f 6275 6278 6277 6276
f 6279 6282 6281 6280
f 6283 6286 6285 6284
f 4678 4679 6287 5146
f 4521 6290 6289 6288
f 6288 6289 5179 5178
f 4387 4385 4383 4384
f 6291 4484 4481 6292
f 6293 6296 6295 6294
f 6297 6298 6296 6293
f 6299 6302 6301 6300
f 6303 4415 6304
f 6305 6306 4415 6303
f 6307 6308 4412 5043
f 6309 6312 6311 6310
f 4404 4405 6310 6311
f 4393 4391 6314 6313
f 6315 6316 6246 6243
f 6317 6318 6298 6297
f 2932 2935 6320 6319
f 6321 6323 6322
f 6324 6327 6326 6325
f 6319 6328 6318 6317
f 6313 6314 6330 6329
f 6331 4406 4407
f 6331 6332 4406
f 2948 2949 6332 6331
f 2950 2951 6323 6321
f 6333 6336 6335 6334
f 6337 6340 6339 6338
f 6341 6342 6340 6337
f 6343 6346 6345 6344
f 6347 6348 6346 6343
f 6225 6226 6350 6349
f 4429 6353 6352 6351
f 6354 6356 6355 3605
f 6357 6359 6358
f 6360 6361 2981 2980
f 6360 6338 6362 6361
f 6266 4461 4459 6363
f 6269 6364 4479 4478
f 4490 4486 4489
f 6365 4511 4510
f 3720 4529 4527
f 2987 6367 6366 2988
f 6368 6369 6338
f 6370 2996 2995 6371
f 6372 6373 6357 6358
f 6333 6374 6372 6358
f 6375 5131 6372 6374
f 6376 5032 6378 6377
f 6378 6379 6260 6341
f 5032 5033 6379 6378
f 3005 6381 6380 3006
f 3009 5132 6381 3005
f 6381 6382 6359 6380
f 5132 6382 6381
f 6382 5132 3632 6383
f 6336 6385 6384 6335
f 6386 6335 6384 6387
f 5028 5029 4411 6388
f 4574 6389 6388 6308
f 6389 3611 5028 6388
f 3610 6391 6390 4893
f 4894 1432 3021 6392
f 6393 6392 6331
f 3609 6393 6394
f 6395 6394 4407 4408
f 6396 3028 3027 6397
f 4896 1436 3028 6396
f 6398 6396 6397
f 6399 6400 4406 6332
f 4895 6400 6399
f 6400 6401 4406
f 6402 3593 6398
f 6403 6402 6324 6325
f 6401 6404 4684 4406
f 4565 3591 6404 6401
f 3591 5186 6405 6404
f 6405 6406 6246 6316
f 5186 4700 6406 6405
f 6407 6408 6305 6303
f 6305 6408 6403 6325
f 5187 3592 6403 6408
f 3040 6410 6409 3041
f 6411 6327 6409 6410
f 6411 5136 5134 6412
f 6412 6413 6326 6327
f 5134 6414 6413 6412
f 6326 6413 6415 6306
f 6414 3608 6415 6413
f 6415 4414 4415 6306
f 6416 3050 2950 6321
f 6417 3052 3050 6416
f 6418 6416 6321
f 6419 6420 6418 6321
f 6420 5135 6418
f 6421 5135 6420 6422
f 4414 6423 6300 3472
f 1437 4897 6424 3059
f 6425 6426 6302 6322
f 5137 6427 6426 6425
f 6428 6429 3474 6301
f 6430 6431 6429 6428
f 6432 6433 6317 6297
f 6293 6434 6432 6297
f 6435 6436 6432 6434
f 6437 6435 6434 6438
f 5138 6439 6433
f 6439 5138 4898 6440
f 4942 4943 6442 6441
f 6298 6443 6441 6296
f 6444 6443 6298 6318
f 3081 6445 6320 2935
f 263 4899 6445 3081
f 6446 3085 3084 4682
f 3730 262 3085 6446
f 6447 6446 4682 4683
f 6448 6447 4683 4397
f 6448 4900 6447
f 4395 6449 6448 4397
f 6291 6451 6450 4396
f 6452 6451 6291 6292
f 4944 4945 6451 6452
f 6453 4944 6452 6454
f 6455 6437 6438 6456
f 4422 6429 6431 6457
f 4414 4422 4423 4415
f 3472 3473 4422 4414
f 4424 6458 6342 6257
f 6459 6460 6224 6225
f 6461 6463 6459 6462
f 6464 6462 6349 6465
f 6466 6461 6462 6464
f 6467 6464 6465 6347
f 5128 6466 6464 6467
f 6342 6458 4426 6340
f 3613 3726 4426 6458
f 4427 5125 6468 4426
f 6339 6468 6469 6362
f 6469 5126 6471 6470
f 6470 3111 2981 6361
f 6472 6467 6347 6343
f 6472 5127 5128 6467
f 6473 6472 6343 6344
f 6473 6474 5127 6472
f 3115 6473 6344 3116
f 3117 6474 6473 3115
f 6475 3120 3119 6345
f 6476 3122 3120 6475
f 6477 6478 6346 6348
f 6477 6480 6479 6478
f 6478 6475 6345 6346
f 6481 6477 6348 6482
f 6354 6480 6477 6481
f 6350 6226 6484 6483
f 6484 4428 4429 6351
f 6485 4428 6227 6228
f 6486 6487 6262 6229
f 4746 6488 6487 6486
f 4745 4746 6486 6460
f 6489 4424 6257 6258
f 6490 4425 4424 6489
f 6491 6490 6489 6492
f 6487 6493 6261 6262
f 6494 6495 6220 6218
f 5001 4743 6497 6496
f 6497 6498 6353 6223
f 6499 6500 6355 6352
f 4932 4933 6500 6499
f 6355 6500 4430 3605
f 5033 4976 6501 6379
f 4976 4977 6502 6501
f 4978 4410 4409 6503
f 5044 6506 6505 6504
f 6507 6503 6239 6240
f 6236 4978 6503 6507
f 6502 6510 6509 6508
f 6511 6494 6218 6213
f 6512 6513 6230 6231
f 6215 6216 6513 6512
f 6514 6516 6515 4971
f 4737 4975 6516 6514
f 6517 6518 4364 4365
f 4738 4713 6518 6517
f 4432 6512 6231 4433
f 6519 6510 6233 6234
f 6520 6522 6241 6521
f 6523 6519 6234 6524
f 4969 4964 6526 6525
f 6505 6525 6242 6237
f 6506 4969 6525 6505
f 5029 4704 6527 4411
f 4704 4705 6528 6527
f 6529 6530 6243 6244
f 4707 5030 6530 6529
f 6531 6529 6244 6532
f 4439 4435 4438 4440
f 3494 4437 4435 4439
f 6406 6533 6245 6246
f 4700 4701 6533 6406
f 6534 6407 6303 6304
f 6535 6533 4701 6248
f 6536 6535 6248 6249
f 4981 4423 4421 6537
f 6538 4706 6531 6539
f 6540 6542 6536 6541
f 6543 6544 6251 6252
f 4980 4991 6544 6543
f 6456 6545 4401 6455
f 4698 4699 6545 6456
f 6545 4441 4400 4401
f 4699 3486 4441 6545
f 4417 6547 6546 4416
f 6548 6454 6550 6549
f 6551 6548 6549 6267
f 6552 6520 6521 6553
f 6526 6555 4368 6554
f 6556 6523 6524 6557
f 3488 3489 6523 6556
f 4444 6558 4972 4445
f 4713 4448 4447 6518
f 3486 3484 4449 4442
f 6546 4449 3484 3485
f 6547 6559 4449 6546
f 6560 6551 6267 6268
f 6561 6562 6551 6560
f 4450 6563 4989 4451
f 6559 3483 6563 4450
f 3483 3481 4452 6563
f 3481 3482 6564 4452
f 6565 6566 6253 6254
f 6567 4990 6566 6565
f 6568 6541 6250 6255
f 6544 6565 6254 6251
f 4991 6567 6565 6544
f 6569 6568 6255 6256
f 6570 6571 6568 6569
f 4462 6569 6256 4463
f 6572 4467 4465 6573
f 6574 6573 6265 4965
f 6575 6572 6573 6574
f 4965 4966 6576 6574
f 6577 6578 4967 4968
f 4708 4709 6578 6577
f 4470 4708 6577 4468
f 4711 4472 4471 6579
f 4710 4711 6579 6555
f 4483 4480 4481 4484
f 3480 3478 4486 4478
f 4486 6580 4390 4388
f 3478 3479 6580 4486
f 4487 6775 4493 4490
f 4497 6581 6276 4499
f 6582 4494 6583 6285
f 6580 6584 6312 4390
f 3479 4689 6584 6580
f 6585 6586 6283 6284
f 4692 4693 6586 6585
f 4694 4695 6582 6587
f 4696 4697 6588 6581
f 4717 4714 6590 6589
f 4714 4455 4452 6590
f 6591 6592 4378 4375
f 4715 4716 6592 6591
f 6593 6594 6273 6270
f 6592 6593 6270 4378
f 4716 4718 6593 6592
f 4500 6589 6278 6281
f 6588 6595 6280 6275
f 4697 5013 6595 6588
f 5014 4694 6587 6596
f 6586 6598 6597 6283
f 4693 3727 6598 6586
f 4502 6599 6309 6310
f 6600 6601 6272 6274
f 4641 5045 6601 6600
f 3497 5046 6603 6602
f 4503 6602 4385 4386
f 3496 3497 6602 4503
f 3495 3496 4503 6604
f 4504 6591 4375 4376
f 4505 4715 6591 4504
f 4463 4460 4461 4506
f 6329 6606 6605 6313
f 6607 6608 6330 6314
f 4946 4926 6608 6607
f 5182 5183 6610 6609
f 6611 4502 6310 4405
f 4512 6770 4638 6611 4510
f 4926 4927 6612 6608
f 6612 6615 6614 6613
f 4927 5170 6615 6612
f 6615 6617 6616 6614
f 6617 3265 3264 6616
f 6618 3267 3265 6617
f 3268 6620 6619 3269
f 4513 6619 6620 5171
f 5171 4516 4515 4513
f 4483 4515 4516 4485
f 3724 3725 4515 4483
f 6621 4511 6365 6622
f 6623 6626 6625 6624
f 3278 6624 6627 3279
f 6628 4518 4519 5057
f 6629 4517 4380 4381
f 5178 5014 6596 6630
f 4928 4929 6631 6630
f 6280 6595 6632 6279
f 6633 6632 5179 6289
f 4923 6279 6632 6633
f 6634 6633 6289 6290
f 4922 4923 6633 6634
f 6635 6636 4483 4484
f 4520 4527 4528 4521
f 3719 3720 4527 4520
f 4925 3636 4530 6637
f 5150 4535 4533 6638
f 6637 6639 4924 4925
f 5149 3600 6639 6637
f 6640 6639 3600 3601
f 6282 4924 6639 6640
f 3681 6643 6642 6641
f 6273 6594 6644 4680
f 5173 3680 6644 6594
f 6644 6641 4679 4680
f 5046 4347 6773 6603
f 4536 6600 6274 4538
f 6646 6647 4543 4544
f 4686 6645 6649 6648
f 6648 6650 4545 4543
f 6651 6650 4547 4546
f 6777 4547 6649 6778
f 3588 6779 6652 3590
f 6653 6783 6780 3588
f 6786 4687 3524 3688
f 6777 3678 4546
f 3677 6651 4546 3678
f 3677 3675 6654 6651
f 3679 4545 6654 3675
f 5140 6646 4544 5139
f 6455 6457 6431 6437
f 4943 4944 6453 4418
f 4418 6453 6655 4417
f 4417 6655 6562 6547
f 6547 6562 6561 6559
f 3482 3483 6559 6561
f 4498 4496 4695 4696
f 4423 4979 6304 4415
f 5029 5030 4707 4704
f 4464 4467 6572 6570
f 4470 4472 4711 4708
f 4475 4477 6557 6656
f 4972 3489 3487 4445
f 4720 3494 3491 3492
f 4505 6266 4455 4715
f 5045 5046 3497 3495
f 4268 4721 4726 4723
f 4724 4725 6105 6038
f 4734 4731 3503 3501
f 4736 4252 4732 4733
f 6161 3701 3702 6039
f 5163 3841 6039 3702
f 6038 6105 4655 4236
f 4434 4541 6214 6215
f 3506 3504 4656 4215
f 3701 6161 6169 5161
f 5161 6169 4748 4747
f 4554 4552 5354 5160
f 5755 5756 3507 3508
f 4750 4320 4360 4361
f 3511 3512 4756
f 4639 4330 6191
f 4761 4762 6146 6142
f 6142 6146 3514 3515
f 5575 5594 5353 5352
f 4359 3516 3805 5776
f 5562 5590 5594 5575
f 4331 6194 6042 4328
f 4997 4994 4772 4773
f 4999 4998 5356 5357
f 4993 4992 5360 5361
f 5602 5605 4781 4782
f 4799 3824 3529 3530
f 4790 4791 3541 6203
f 4792 4793 3683 3684
f 5163 4255 3840 3841
f 4244 3535 3533 3531
f 6203 3541 3539 4796
f 5605 5602 3544 3542
f 3734 6090 5273 4201
f 4232 4794 3709 4228
f 4800 4801 4810 4557
f 4206 5701 4199 4205
f 3553 3551 4821 4820
f 4219 4802 3712 3713
f 6657 5636 4797 4798
f 5636 6657 5641 5638
f 4809 4806 5638 5641
f 5646 5650 4558 4811
f 5650 5646 4815 4812
f 3715 3716 4196 4804
f 6062 4176 4190 6658
f 3559 3557 6659 5586
f 5586 6659 4827 4824
f 5558 6662 6661 6660
f 5089 5087 4048 4046
f 4094 4052 3562 3560
f 5111 5109 4845 4032
f 5152 4039 4031 4844
f 4846 3662 3663 5382
f 4948 4949 5421 6663
f 5539 5541 4952 4953
f 6664 5537 5538 5530
f 5522 5531 5530 5538
f 6665 6666 4950 4947
f 4954 4951 4956 4955
f 5531 5522 5523 6667
f 4362 4360 5019 5016
f 4841 4842 3621 3622
f 3994 3997 5928 5926
f 5926 5928 5930 5927
f 5927 5930 5095 5096
f 3977 4559 3987 5838
f 4868 4865 6666 6665
f 5493 5494 5040 5037
f 5877 4056 5870 5867
f 5093 4012 5958 4009
f 3935 3936 5881 6668
f 4889 4890 5812 5810
f 3298 3052 6417 5136
f 6622 6626 6623 6669
f 5065 5052 5053 5054
f 5066 5068 4911 3644
f 1717 3597 6670 3299
f 1075 106 3575 3583
f 4615 4613 3580 3581
f 4901 3587 3585 6671
f 4598 4599 5107 5106
f 4136 4609 5073 5072
f 4914 4912 3639 3637
f 5065 3637 3638 5052
f 3635 3636 4925 4922
f 4529 3720 3721
f 5137 5138 6436 6427
f 5134 5135 6421 6414
f 3596 4566 6026 6672
f 3689 4584 5142 5141
f 6643 3600 5149 5150
f 3728 6768 6770 4512 6673
f 4923 4924 6282 6279
f 3681 3602 3600 6643
f 5502 3833 3836
f 5198 5199 5038 5039
f 5128 5125 4427 6466
f 6354 3605 3603 6480
f 3703 6055 5192 5169
f 5196 5197 5124 3669
f 5193 5194 5667 6772
f 6430 6435 6437 6431
f 4689 4688 5181 5182
f 5541 5539 6660 6661
f 6663 5421 4839 4836
f 5537 6664 4833 4834
f 4854 4855 5382 3663
f 5494 5493 4857 4858
f 6667 5523 4874 4875
f 6662 5558 4995 4996
f 6570 6572 6575 6571
f 4966 4967 6674 6538
f 6538 6674 4705 4706
f 6515 6509 4973 4971
f 4975 4974 6675 6491
f 6236 6233 4977 4978
f 6491 6675 6488 6490
f 4746 4425 6490 6488
f 6506 6676 4970 4969
f 5044 4413 6676 6506
f 3500 3498 4988 4985
f 4984 4983 4986 4987
f 4989 4990 6567 4451
f 4451 6567 4991 4443
f 5004 5005 4740 4739
f 5012 4178 5010 5011
f 4693 4690 3729 3727
f 4718 4717 4501 5173
f 3523 3524 5015 5144
f 5148 3699 3698 4324
f 5165 6677 5195 5167
f 5190 5191 6065 6678
f 5186 5187 4703 4700
f 6463 3614 3612 4745
f 4931 4932 4744 4741
f 6678 6065 6062 6658
f 4817 4818 6677 5165
f 6334 6335 6386 6679
f 6680 5473 5042 3766
f 6681 5476 5473 6680
f 5033 4410 4976
f 5202 5201 6158 6193
f 5153 4054 4092 4089
f 3571 3569 4608 4085
f 6682 3625 3624 3665
f 3666 3624 3626 5090
f 2659 3122 6476 6047
f 2987 3300 6683 6367
f 2096 3301 6684 5123
f 3009 3302 5133 5132
f 6471 6474 3117 3303
f 2255 2654 6772 5664
f 3670 4616 3317 3364
f 5130 5131 6375 6376
f 3323 3365 5057 5055
f 3639 3676 4578 3638
f 5059 6685 4514 4579
f 1625 1630 5068 5066
f 1608 1618 4575 4560
f 5170 5171 6620 6618
f 4525 4579 4514
f 3305 3304 6669 6623
f 6618 6620 3268 3267
f 3307 3306 6685 5059
f 5060 3309 3307 5059
f 4681 3308 3309 5060
f 4399 4681 5060 5058
f 3634 5061 5051 4577
f 4529 4575 5061 3634
f 4531 3636 3634 5062
f 4529 3634 4523 4528
f 4577 4578 5062 3634
f 4534 4531 5062 4581
f 5054 5063 5064 5065
f 4913 3642 3643 3640
f 4914 5064 3644 3642
f 4138 4132 4140
f 6653 3588 5067 4138
f 5069 1629 3299 6670
f 5071 5069 6670 3597
f 4911 5068 5069 5071
f 4564 4911 5071 5070
f 5070 4582 4563 4564
f 3919 4108 4106 4582
f 4583 5067 3588 3589
f 4106 4120 5067 4583
f 6000 6004 4117 4115
f 4918 4919 4140 4132
f 6672 6026 4619 4152
f 3647 3645 4567 4568
f 5083 5080 5075 5074
f 3619 3648 3618
f 4156 4154 3618 4158
f 4091 5098 3618 4154
f 3640 3590 5140 4913
f 6686 3950 3654 3652
f 5200 3768 5122 5121
f 3568 3566 5048 5049
f 3979 3964 3965 5084
f 2039 2043 4905 4906
f 1076 179 3579 3667
f 3950 6686 3651 4587
f 4879 4877 5092 5091
f 6687 5439 4866 4867
f 5395 5117 5118 5436
f 4884 4885 5097 5094
f 4666 3565 5960 5962
f 3563 5884 5960 3565
f 5113 5114 3310 3311
f 3659 3660 3657 4590
f 4096 5098 4091
f 4096 4097 5088 5098
f 5088 4591 4841 3622
f 5088 5089 4046 4591
f 4041 4592 4591 4043
f 3661 4593 4854 3663
f 4017 4007 4005 3661
f 3970 4594 3975 3972
f 4594 4595 5091 5085
f 3959 4595 3968 3961
f 4595 4594 3970 3971
f 3567 5101 4595 3960
f 5099 4596 3568 5049
f 5099 3579 3577 4596
f 4596 4597 4879 5101
f 4891 4892 4073 4070
f 4602 3664 4071 4069
f 3664 4060 4061 4071
f 4110 4602 4603 4112
f 4600 4598 4604 4668
f 6037 3938 4604 4598
f 4110 3585 3664 4602
f 4076 4668 4604 4078
f 4069 4070 4601 4602
f 4605 4085 4608 4606
f 4091 4089 4092
f 4606 4607 4612 4091
f 4009 5958 4882
f 3584 3575 3625 6682
f 3655 3656 5112 5115
f 3649 3650 5895
f 4902 5895 3650 4903
f 4904 3667 3630 3628
f 4597 4596 4878
f 4596 3944 3945
f 5120 5290 5291 5119
f 6681 6689 6688 5476
f 5469 6688 6689 5449
f 6684 4939 5123
f 6771 5668 5664 6772
f 6771 6772 5667 5668
f 4617 6771 4165
f 6771 4617 6055 3703
f 2041 2047 3582 3580
f 4168 6479 6480 3603
f 5126 5127 6474 6471
f 6367 6683 5131 5129
f 4893 3609 3610
f 4893 4894 3609
f 5136 6417 5135
f 6047 6476 6479 4168
f 4899 4900 4915
f 4916 4900 5185 5184
f 3671 4623 6036 3673
f 3673 6036 3646 3647
f 5141 3698 3699 5143
f 4138 3689 5145 6653
f 4334 4642 4548
f 5146 5151 3674 3678
f 3692 5148 4324 4325
f 5147 3692 4328 6042
f 4570 6197 4753 4754
f 3708 6200 6202 3707
f 4862 4863 6690 5948
f 5948 6690 4861 4859
f 5881 5840 3980 6668
f 3698 3696 4622
f 3671 3696 4623
f 3696 3697 5346
f 3671 3672 3718
f 4921 4161 3694 3695
f 3619 3755 3694
f 3867 4242 4634
f 3828 3827 3706
f 3706 3827 4800
f 4557 3830 3711
f 3710 3711 3861
f 3858 4225 6691
f 3556 4192 4636
f 6658 4190 4637
f 5158 5159 3793 3794
f 3789 5158 3794 3791
f 3783 4627 4626 3786
f 3799 4630 4629 3774
f 4551 4553 4629 4630
f 4355 3705 3700 5155
f 3701 5161 5155 3700
f 5163 3702 3700 5162
f 4792 3684 4633 5162
f 4350 3708 3706 4634
f 3706 3711 3863 3864
f 4225 3713 3711 6691
f 3861 3711 3712 3860
f 3830 3553 6691 3711
f 6692 6691 3553 4820
f 3714 3858 6691 6692
f 4636 3716 3714 6692
f 4820 4816 4636 6692
f 4816 4817 4637 4636
f 6678 6658 4637 5164
f 5164 5166 5190 6678
f 6771 5168 5193 6772
f 5058 4579 4525
f 5056 4519 6673 4512
f 6177 4309 4310 4317
f 6194 4331 4332 4291
f 3507 5176 5177 3509
f 4307 4295 4296 4312
f 4946 4485 4516 4926
f 6427 6436 6435 6430
f 6414 6421 3607 3608
f 3611 4572 5031 5028
f 3633 4574 6308 6307
f 5034 5032 6376 6375
f 3726 6461 6466 4427
f 6463 6461 3726 3614
f 6693 4431 4933 4930
f 4537 4334 4346 4539
f 3725 3723 4525 4514
f 4525 4526 4394 4398
f 6626 6622 6365 6694
f 5183 5180 6694 6365
f 5206 5203 4764 4765
f 5208 5207 5546 5547
f 5212 5209 5547 5546
f 5214 3771 5210 5211
f 5217 5216 5491 5500
f 5500 5491 5219 5220
f 5302 5299 5221 5218
f 5223 5222 5225 5226
f 5227 5224 5229 5230
f 5231 5228 5233 5234
f 5235 5232 5237 5238
f 5241 5242 5239 5236
f 5295 5292 5243 5240
f 3766 5041 5483 5432
f 5432 5483 5488 5429
f 5429 5488 5247 5244
f 5245 5246 5251 5248
f 5249 5250 5255 5252
f 5395 5436 5437 5397
f 5397 5437 5259 5256
f 5257 5258 5428 6695
f 6695 5428 5263 5260
f 5261 5262 5267 5264
f 5265 5266 5271 5268
f 5699 5272 3844 3845
f 4803 3732 3538 3536
f 6090 3734 3547 3545
f 4188 4643 4823 4822
f 5276 5277 5281 5278
f 4908 5282 5283 4907
f 5439 6687 5444 5443
f 5444 5284 5285 5443
f 5440 5451 3312 2016
f 5440 5286 5287 5451
f 5449 5450 5460 5469
f 3313 2036 5460 5450
f 2045 2095 6781 5296
f 5298 5297 6782 6781
f 5311 5312 5309 5308
f 5317 5318 5315 5314
f 5322 5325 5326 5323
f 5328 5331 5332 5329
f 1943 1962 5335 5334
f 5116 3945 5337 5336
f 5253 5254 5341 5338
f 5339 5340 5351 5350
f 3793 5159 3759 3795
f 4624 3758 3759 5159
f 4624 5159 4750 4361
f 5269 5270 5408 5407
f 5156 4625 4362 5016
f 3694 3749 5020 3672
f 3717 3718 3753 3754
f 3672 5020 3753 3718
f 3791 3794 4774 4771
f 3783 3786 4770 4767
f 3785 4626 3790 3787
f 5158 4626 4645 4749
f 3779 3782 5362 5359
f 3777 4628 3782 3779
f 4627 3781 3782 4628
f 4550 4551 4630 4631
f 5593 3803 4646 5363
f 4787 4788 3803 5593
f 3740 3738 5584 6696
f 6696 5584 5367 5364
f 5368 5369 5590 5562
f 3745 3746 5372 5373
f 1944 5374 5336 1904
f 5116 5375 5376 4878
f 4878 5377 5378 4877
f 5378 5379 5092 4877
f 5324 5325 5379 5378
f 5379 5380 5086 5092
f 5380 6697 4856 5086
f 5322 5320 6697 5380
f 6697 5381 4855 4856
f 5320 5316 5381 6697
f 5316 5317 5383 5381
f 5383 5384 4846 5382
f 5384 5385 4843 4846
f 5386 5387 3621 4842
f 5311 5308 5387 5386
f 5388 5389 5047 4573
f 5306 5307 5389 5388
f 1851 5288 5390 1961
f 5393 5329 5332 5392
f 5326 5327 5394 5396
f 5396 5398 5323 5326
f 5398 5399 5321 5323
f 5400 5399 5257 6695
f 5400 5402 5318 5319
f 6695 5260 5402 5400
f 5264 5265 5404 5403
f 5268 5269 3747 5405
f 3747 3750 3751 3748
f 5344 3747 5269 5407
f 3752 5021 5347 4647
f 3753 5020 5021 3752
f 3750 3527 5347 5021
f 5157 5342 5343 5406
f 5157 5406 5345 5156
f 3527 3525 5342 5347
f 5348 5343 5344 5407
f 5413 6698 5408 5270
f 4779 4775 6698 5413
f 5409 5410 5338 5339
f 6698 5426 5349 5408
f 4775 4776 5426 6698
f 4777 4778 5409 5411
f 5414 5417 5252 5253
f 4957 4838 5417 5414
f 4837 4958 5412 5415
f 4836 4837 5415 5416
f 5417 5418 5249 5252
f 6663 4836 5416 5419
f 5424 5419 5262 5263
f 4948 6663 5419 5424
f 5420 5422 5245 5248
f 5423 5424 5263 5428
f 4949 4950 5425 5422
f 3757 5411 5350 3759
f 3764 5349 5426 3761
f 6665 4947 5423 5427
f 4950 6666 5430 5425
f 5434 5427 5258 5259
f 4868 6665 5427 5434
f 5430 5431 5432 5429
f 6666 4865 5431 5430
f 4865 4866 3765 5431
f 5433 5434 5259 5437
f 6687 4867 5433 5435
f 6680 3766 3765 5438
f 5441 2015 3313 5450
f 3314 5452 5289 1854
f 3312 5451 5452 3314
f 6681 6680 5438 5442
f 6687 5435 5446 5444
f 5436 5118 5446 5435
f 5446 5118 5119 5445
f 5445 5453 5287 5284
f 5445 5119 5291 5453
f 5447 6689 6681 5442
f 5286 5448 5447 5285
f 5448 5449 6689 5447
f 5452 5453 5291 5289
f 5519 3769 3770
f 3581 3582 5463
f 5464 4615 3581 5463
f 5466 5464 5297 5298
f 5466 5121 4615 5464
f 5295 5467 5465 5294
f 4908 4905 5462 5468
f 6699 5470 4907 5283
f 6699 6688 5469 5470
f 5468 4613 4614 5471
f 5471 5472 5279 5282
f 5475 6699 5283 5280
f 5476 6688 6699 5475
f 5474 5475 5280 5281
f 3767 5477 5276 5278
f 5042 5473 5474 5478
f 5479 5467 5295 5240
f 5480 5479 5240 5241
f 5477 5481 4872 5276
f 5485 5481 4873 4874
f 5486 5480 5241 5236
f 6667 4875 5486 5487
f 5485 5524 4955 4871
f 4874 5523 5524 5485
f 5501 5497 5217 5500
f 5503 5622 5497 5501
f 5506 5495 5239 5242
f 5040 5494 5495 5506
f 5495 5496 5238 5239
f 5517 5490 5216 5213
f 4857 5493 5490 5517
f 5622 5518 5498 5497
f 5037 5038 5504 5492
f 5505 5506 5242 5243
f 5508 5505 5243 5292
f 5198 5039 5505 5508
f 5293 5507 5508 5292
f 5218 5509 6700 5302
f 5199 4938 6700 5509
f 5504 5509 5218 5219
f 3833 5502 5499 5175
f 5455 5174 5299 5300
f 6700 5512 5301 5302
f 4938 4939 5512 6700
f 5515 5507 5293 6781
f 4940 4941 5507 5515
f 5514 3315 1871 5304
f 6684 3301 3315 5514
f 2201 3809 5510 2097
f 5511 5455 5300 5303
f 3809 3810 5511 5510
f 4939 6684 5514 5513
f 5456 5123 4648
f 4852 4857 5517 5516
f 5496 5520 5235 5238
f 5529 5487 5237 5232
f 5531 6667 5487 5529
f 5489 5525 5247 5488
f 4956 4951 5525 5489
f 4951 4952 5526 5525
f 5522 5538 5527 5521
f 5210 3771 3769 5534
f 5549 5534 3740 6696
f 5209 5210 5534 5549
f 5532 5543 5231 5234
f 4849 4850 5543 5532
f 6701 5528 5233 5228
f 6664 5530 5528 6701
f 5541 6661 5542 5540
f 6702 5536 5537 4834
f 6660 5539 5536 6702
f 5553 6701 5228 5229
f 4833 6664 6701 5553
f 4829 4847 5535 5545
f 5548 5549 6696 5364
f 5550 5548 5364 5365
f 5551 5545 5546 5207
f 5544 6703 5227 5230
f 4830 4831 6703 5544
f 5552 5553 5229 5224
f 6702 5557 5558 6660
f 4834 4835 5557 6702
f 5542 5554 5255 5250
f 6661 6662 5554 5542
f 6662 4996 5555 5554
f 4960 4832 5552 5559
f 6703 5565 5226 5227
f 4831 4961 5565 6703
f 5560 5551 5207 5205
f 5563 5550 5365 5368
f 5204 5208 5550 5563
f 5203 5204 5563 5561
f 4961 4993 5566 5565
f 5572 5559 5225 5222
f 4998 4960 5559 5572
f 4994 4995 5556 5567
f 5555 5568 5341 5254
f 4997 4773 5569 5568
f 5570 5567 4999 5357
f 5566 5579 4768 5223
f 4993 5361 5579 5566
f 5360 4992 5564 5573
f 5562 5575 5574 5561
f 5574 5576 4763 4764
f 3772 5576 5352 3774
f 5577 3776 3779 5359
f 4766 3778 3776 5577
f 5573 5577 5359 5360
f 3780 5578 5362 3782
f 5571 5580 5355 5356
f 4769 4770 5580 5571
f 5581 5570 5357 5358
f 3788 5581 5358 3790
f 3791 4771 5581 3788
f 3792 5582 4774 3794
f 3795 5351 5582 3792
f 5569 5582 5351 5340
f 3558 3559 5583 3769
f 3559 5586 5585 5583
f 5585 5587 5367 5584
f 5587 5588 5366 5367
f 4824 4825 5588 5587
f 4825 4786 5589 5588
f 5353 5594 5592 5595
f 3796 5595 5363 3798
f 3516 3517 3800 3802
f 3802 5599 3746 3744
f 3803 4788 5599 3802
f 5596 3802 3744 3745
f 5604 5596 3745 5373
f 4782 3521 5596 5604
f 5599 5600 5372 3746
f 5603 5604 5373 5370
f 5598 4650 5457 5597
f 4826 4827 5607 5601
f 4827 6659 3807 5607
f 3807 4649 3542 3543
f 5459 3816 4649 3807
f 5609 3807 6659 3557
f 3769 5609 3557 3558
f 5519 5608 5609 3769
f 5610 5611 2257 3316
f 5671 5673 5612 5610
f 5680 6704 5673 5671
f 5682 6705 6704 5680
f 3810 3808 5454
f 6706 6707 6705 5682
f 6707 6706 6708 5656
f 6709 5689 3835 5614
f 5617 5618 5689 6709
f 5502 3836 5690 5503
f 5503 5690 5624 5622
f 6710 5655 5656 6708
f 5655 6710 3812 3813
f 5619 5616 5648 5643
f 5621 5620 5643 5648
f 5518 5623 5640 5519
f 5519 5640 5633 5608
f 5608 5633 5631 5458
f 5459 5458 5631 5625
f 3820 5626 3530 3528
f 3814 3815 5626 3820
f 5626 5627 4799 3530
f 4352 4353 3820 4651
f 3826 3823 3825 3827
f 3828 3539 3823 3826
f 3818 3819 5628 3823
f 3823 5629 3817 3818
f 5625 5631 5630 5627
f 5630 5632 6657 4798
f 5634 5629 4797 5636
f 3819 5621 5635 5628
f 5635 5645 4811 4810
f 5621 5648 5645 5635
f 5634 5637 5643 5620
f 5632 5639 5641 6657
f 5638 4806 5644 5637
f 5655 3813 5651 5649
f 3812 6710 5653 5652
f 5651 3829 3830 4558
f 3813 3811 3829 5651
f 3829 5652 3551 3552
f 3811 3812 5652 3829
f 6710 6708 5654 5653
f 5657 5686 6707 5656
f 4812 4813 5686 5657
f 6708 6706 5658 5654
f 5659 5687 4814 4815
f 5617 6709 5687 5659
f 5662 5688 5689 5618
f 4807 3617 5688 5662
f 5624 5690 5661 5660
f 4806 4807 5662 5644
f 5642 5660 4808 4809
f 5623 5624 5660 5642
f 5610 3316 2256 5663
f 2258 5665 3670 3364
f 5669 5663 5664 5668
f 5669 5610 5663
f 5196 3669 5674 5672
f 5674 5675 5611 5612
f 5675 5665 5611
f 5675 3669 3670 5665
f 5677 2272 3317 4616
f 5615 5613 5676 5678
f 5672 5673 6704 5679
f 5681 5670 5194 5195
f 5683 5681 5195 6677
f 5685 5679 6704 6705
f 5022 5023 5679 5685
f 5614 5615 5678 5684
f 5658 5683 6677 4818
f 6706 5682 5683 5658
f 6705 6707 5686 5685
f 6709 5614 5684 5687
f 3834 5688 3617 3615
f 5661 3834 3615 3616
f 5615 3832 3838 5613
f 3918 4280 4281 4302
f 4173 4174 6071 6711
f 6182 6178 5694 5691
f 5697 5698 6166 6712
f 6712 6166 4301 4281
f 4298 4299 4302 5759
f 3848 3918 4302 4299
f 6039 3841 3839 6040
f 6040 3839 3848 4299
f 3736 3737 4181 4208
f 6071 4174 5702 5703
f 5705 5704 4173 6711
f 4225 3858 3856 4221
f 4221 3856 5707 4220
f 3850 4657 3896 3852
f 3859 6095 4231 3861
f 4231 6095 6097 4230
f 4658 4238 4230 6097
f 3864 3862 3866 3867
f 4242 3867 3868 4659
f 4254 4635 5708 6118
f 5711 4258 6118 5708
f 4200 5714 4205 4199
f 5716 3873 3855 3871
f 5723 5722 6138 6137
f 3875 3876 6137 6138
f 5731 5732 5729 5730
f 4257 5710 5735 5733
f 6149 6714 6713 6148
f 6159 6180 6714 6149
f 4249 4250 5724 6120
f 5726 5727 4249 6120
f 6148 6713 5739 5738
f 6178 6182 4309 6177
f 6715 4308 6180 6159
f 4308 6715 4295 4307
f 5744 5745 6185 4322
f 5741 5742 4759 4275
f 5172 4293 4294 5740
f 6191 4330 4327 4325
f 6197 4570 4338
f 5748 5749 3892 3893
f 5757 5754 5751 5752
f 5753 5750 6716 6163
f 5758 5759 6163 6716
f 4751 4314 4322 6185
f 4217 5700 4210 4216
f 3899 3897 4216 4210
f 5026 5027 5763 5760
f 5275 5274 5765 5766
f 5770 5771 6053 4339
f 4341 4339 6053 6050
f 4341 6050 6051 6045
f 3398 2656 6045 6051
f 5597 5775 5777 3806
f 6202 6200 5781 5778
f 5783 5782 5779 5780
f 4660 4261 4280 3918
f 5791 5792 5789 5788
f 5831 5832 5793 5790
f 5799 5800 5797 5794
f 5943 5952 5801 5798
f 5942 5951 5952 5943
f 5946 6717 5951 5942
f 5834 5835 6717 5946
f 6671 3919 3599 4901
f 5804 5806 5805
f 5805 5806 3922 4661
f 3664 5807 5990 4062
f 5809 5808 4062 5990
f 5961 5883 5818 5817
f 5960 5884 5883 5961
f 4664 5819 5820 3999
f 5821 6718 5900 5822
f 3926 3927 5900 6718
f 5829 5827 3928 4663
f 5826 3949 3932 3933
f 3996 4003 5833 5830
f 5916 5922 4888 3983
f 5922 5916 5836 5837
f 3564 4666 5839 4023
f 3967 3971 5154 3957
f 4019 4037 5844 4022
f 4021 5843 5968 4026
f 4026 5968 5878 4025
f 4611 4146 5848 5845
f 5846 5847 6719 6021
f 6021 6719 4142 4139
f 5849 5850 5854 5851
f 4129 4135 6017 6012
f 6012 6017 5858 5855
f 5856 5857 4131 4125
f 4667 4128 4669 4668
f 5861 5862 6720 6008
f 4163 4670 6004 6000
f 5866 4112 5863
f 5868 5869 4082 4077
f 4080 4667 4077 4082
f 4034 4044 5971 4033
f 4033 5971 5879 4029
f 4052 4094 4098 4051
f 5971 4049 4047 6721
f 5971 6721 4047
f 3578 179 2489 5886
f 3943 5886 5337 3945
f 4542 3667 1077
f 6722 3318 1450 4904
f 5823 2424 3318 6722
f 5887 2491 2425 5824
f 2494 5889 5113 3311
f 5901 3405 3310 5114
f 5804 2401 3405 5901
f 5892 6722 4904 3628
f 5892 5825 5823 6722
f 5891 5892 3628
f 5894 5895 4902 5887
f 3926 6718 5897 5896
f 5897 6718 5821 5888
f 5898 5889 5822 5900
f 5902 3946 3656 3657
f 5907 5896 3650 3651
f 4663 3926 5896 5907
f 5905 5891 3628 3629
f 5912 5905 3629 5048
f 3933 3934 5905 5912
f 5906 5907 3651 6686
f 5903 5908 3659 4590
f 3937 3921 5902 5909
f 5908 3951 3658 3659
f 5827 3954 3951 5908
f 5910 5906 6686 3652
f 3949 4864 3955 3948
f 3958 5911 3566 3960
f 3962 5826 5911 3958
f 3963 3952 3953 5154
f 3964 5840 3952 3963
f 3967 3957 3955 3966
f 5154 3971 3969 3963
f 3973 5913 5084 3975
f 3974 5841 5913 3973
f 3976 5914 6668 3980
f 3977 5836 5914 3976
f 6668 5914 5915 3935
f 5915 3981 4665 3935
f 5916 3983 3981 5915
f 3982 3626 5917 3981
f 5917 6723 4661 3920
f 3626 3627 6723 5917
f 3924 3925 5919 5918
f 5920 5918 4887 4888
f 4589 5923 3988 3989
f 5838 3987 3988 5923
f 5925 3986 3987 4559
f 5927 5096 3986 5925
f 5830 5831 5931 5929
f 5933 6724 4884 5094
f 5791 5788 6724 5933
f 6724 5936 4883 4884
f 5788 5786 5936 6724
f 5934 5935 5820 4588
f 5934 3990 5096 5097
f 4885 4886 3998 5935
f 6725 3998 4886 4889
f 3923 4000 3998 6725
f 5786 5784 5937 5936
f 5938 5939 5785 5787
f 6726 5938 5787 5789
f 5798 5799 5938 6726
f 5941 6726 5789 5792
f 5943 5798 6726 5941
f 5945 5940 5793 5832
f 5946 5942 5940 5945
f 5944 5945 5832 5833
f 4004 5949 5835 4006
f 4007 4862 5949 4004
f 6717 5835 5949 5947
f 5950 5947 5948 4859
f 5951 6717 5947 5950
f 4859 4860 5953 5950
f 5953 5954 5801 5952
f 4860 5093 5954 5953
f 4009 4880 5955 4008
f 5956 5957 4881 4882
f 5959 5956 4882 5958
f 5961 5817 5956 5959
f 6727 5963 4861 6690
f 4666 5962 5963 6727
f 5964 6727 6690 4863
f 5839 4666 6727 5964
f 4013 5964 4863 4015
f 4020 4016 4019 4022
f 4020 4024 3563 3564
f 4025 5877 5965 4024
f 4030 4027 5111 4032
f 4033 4029 4027 4030
f 5966 5967 4845 5109
f 5969 5970 5152 4844
f 5970 4035 4036 5152
f 5844 4037 4035 5970
f 4041 4034 4030 4038
f 4049 4042 4046 4048
f 4053 5879 5972 4050
f 3942 3940 4055 4057
f 4055 5966 5109 5110
f 4056 5878 5966 4055
f 4055 5986 5870 4056
f 3940 3941 5986 4055
f 6725 5974 4662 3923
f 4889 5810 5974 6725
f 5919 5976 3666 5090
f 6723 4058 5805 4661
f 3627 3625 4058 6723
f 5977 2585 1075 3583
f 5803 5802 5977 5978
f 5991 5978 3584 6682
f 5991 5807 5803 5978
f 5809 5990 5979 5976
f 4063 5981 3572 3573
f 5784 3572 5981 5937
f 5982 5955 4880 4891
f 5796 5797 5955 5982
f 5983 4072 4073 4892
f 5867 5868 5984 5973
f 5868 4077 4075 5984
f 3941 5871 5985 5986
f 5987 4057 3570 3571
f 4086 5872 5987 4083
f 5875 4612 5885 5988
f 4087 5989 5153 4089
f 4088 5876 5989 4087
f 5876 5874 4027 5989
f 4050 4090 4092 4054
f 5979 5991 6682 3665
f 4098 4094 4093 4095
f 5864 5865 4114 4107
f 5103 5104 4122 4118
f 6008 6720 4124 4121
f 5852 5853 4151 4143
f 3585 4101 5998 6671
f 6671 5998 4103 3919
f 4102 4103 5998 5997
f 4105 5999 5864 4107
f 4108 4910 5999 4105
f 5864 5999 4109 4112
f 4114 5865 6001 4113
f 6000 6001 4162 4163
f 5102 6002 6003 5106
f 5103 6005 6002 5102
f 5103 4118 4116 6005
f 4121 4119 6007 6008
f 4122 5104 6007 4119
f 5105 6006 6007 5104
f 5107 6009 6006 5105
f 4123 4124 6720 6010
f 6720 5862 6011 6010
f 5855 6011 6013 6012
f 5862 5859 6013 6011
f 4130 4131 5857 6014
f 6015 6016 5072 4917
f 5072 6016 4133 4136
f 6017 4135 4133 6016
f 5073 4609 5992 6018
f 4919 4920 6019 6020
f 4137 4140 4919 6020
f 4141 6728 5852 4143
f 4141 4142 6719 6728
f 6728 6729 5851 5852
f 6719 5847 6729 6728
f 6729 6022 5849 5851
f 5847 5848 6022 6729
f 5848 4146 4144 6022
f 5850 4149 4147 6023
f 6730 6024 3596 6672
f 5853 5854 6024 6730
f 4150 6730 6672 4152
f 4151 5853 6730 4150
f 6025 6027 5083 5074
f 4586 3689 5994 6028
f 6731 6028 5075 5080
f 5076 4586 6028 6731
f 6030 6731 5080 5081
f 5078 5076 6731 6030
f 5081 4158 4157 6030
f 4921 4567 6032 6031
f 4567 3645 6033 6032
f 6035 6034 3646 6036
f 5863 4603 4162
f 4671 3938 6037 6003
f 5107 4599 5996 6009
f 4188 4187 4186 4184
f 4761 4271 4270
f 3876 4272 4274
f 4280 4278 4279
f 4281 4279 4278
f 4387 4284 4282
f 4387 4283 4284
f 4164 2653 1597 4165
f 6052 3415 3398 6051
f 4618 1598 3415 6052
f 4340 6048 5770 4339
f 6056 6054 6053 5771
f 5769 6732 6056 5771
f 5191 5192 6056 6732
f 5770 6048 6057 5768
f 5772 6061 4170 3917
f 3912 3913 4170 6061
f 6058 6066 5704 5189
f 3914 5026 6066 6058
f 6057 6059 5767 5768
f 6064 6732 5769 5764
f 6065 5191 6732 6064
f 6063 6064 5764 5765
f 6059 6068 5766 5767
f 5705 6711 6068 6059
f 6711 6071 6069 6068
f 4176 6062 6063 4175
f 6079 4172 5760 5761
f 5702 4174 4172 6079
f 5006 5007 6072 6067
f 5007 5010 6073 6072
f 4741 4742 6075 6074
f 6076 6074 5009 5036
f 6733 6076 5036 5773
f 4930 4931 6076 6733
f 3915 6734 6733 5773
f 6693 4930 6733 6734
f 4169 6734 3915 3916
f 3603 6693 6734 4169
f 6075 6077 5011 5008
f 5000 5002 6078 6077
f 5010 4178 4177 6073
f 4182 6079 5761 3906
f 3548 3549 4186 4175
f 4190 4176 4175 4189
f 3554 3555 4189 6080
f 3910 4823 6081 6080
f 4823 4643 6082 6081
f 4196 3716 4191 4193
f 4198 4193 4194 4200
f 6083 6084 3857 5706
f 4643 3735 6085 6082
f 6085 4204 4205 5714
f 4209 4207 3905 3903
f 4210 5700 4207 4209
f 4177 4209 3903 3904
f 5002 5004 6086 6078
f 6086 4211 3901 3902
f 5004 4739 4211 6086
f 4209 4211 3899 4210
f 4211 4212 3898 3899
f 4198 6088 3733 3734
f 4199 5701 6088 4198
f 6089 6735 5707 3856
f 6090 3545 6735 6089
f 6735 6092 4657 5707
f 3545 3546 6092 6735
f 3546 4656 6091 6092
f 6091 6093 3895 3896
f 3504 3505 4212 6093
f 4222 4218 4220 4223
f 4218 4224 4225 4221
f 4226 6094 3859 3860
f 4802 4803 6096 6094
f 4803 3536 6098 6096
f 4229 4227 3710 4231
f 4232 4228 4227 4229
f 4234 6099 3862 3863
f 3851 4235 4222 3850
f 4212 4235 3851 4213
f 6038 4236 4235 4212
f 6098 6106 4658 6097
f 3536 3537 6106 6098
f 3844 4233 4229 4237
f 6101 6110 3868 3865
f 5272 5699 6110 6101
f 4727 4240 4239 6102
f 6103 6104 3871 3872
f 3537 4655 6103 6106
f 6104 6107 5716 3871
f 6105 4725 6107 6104
f 4672 4212 4434 4433
f 4723 4724 4212 4672
f 6109 4241 4242 4659
f 3868 6110 6111 3870
f 4244 3531 6112 4243
f 3531 3532 6113 6112
f 3869 4246 6109 4659
f 6111 6114 5724 3870
f 6115 6116 5710 5711
f 5708 6113 6115 5711
f 3532 4653 6115 6113
f 4256 3839 3840 6117
f 6116 6736 5735 5710
f 4735 4736 6736 6116
f 6119 4259 4261 4660
f 6736 6737 5734 5735
f 4736 4733 6737 6736
f 4262 6102 3873 4264
f 4672 4267 4268 4723
f 6108 6738 5717 5715
f 4726 4721 6738 6108
f 4267 4673 4569 4269
f 6122 6123 5720 5718
f 6738 6122 5718 5717
f 4721 4722 6122 6738
f 4983 4266 4262 6124
f 4732 4252 4248 6126
f 6125 6127 5725 5726
f 6737 6129 3882 5734
f 4733 4734 6129 6737
f 4734 3501 4271 6129
f 6130 6128 5728 5729
f 6127 6134 5730 5725
f 4984 4987 6134 6127
f 4569 4673 4674 4436
f 6133 6131 5721 5723
f 4987 4988 6135 6134
f 3500 4985 6133 6136
f 4676 4464 4463 4674
f 4463 4344 4342 4675
f 3491 3493 4440 4342
f 6139 6739 3875 6138
f 4720 3492 6739 6139
f 3499 3500 6136 4274
f 4259 4278 4280 4261
f 6142 3515 4259 6141
f 4271 6141 3880 3881
f 6155 4276 5732 3877
f 4757 4277 4276 6155
f 4278 6143 3885 3883
f 3513 3514 6143 4278
f 3514 6146 6144 6143
f 6145 6147 6148 5738
f 4762 4760 6147 6145
f 6152 4278 3883 3884
f 6712 4281 4278 6152
f 5697 6712 6152 6151
f 6154 6153 5739 6713
f 6740 6154 6713 6714
f 5691 5692 6154 6740
f 4274 6155 3877 3878
f 3512 3510 4273 4282
f 6739 4282 3874 3875
f 3492 3490 4282 6739
f 4387 4282 4342 4386
f 5741 6156 6741 5740
f 3511 4756 6741 6156
f 6741 4285 5172 5740
f 4756 4286 4285 6741
f 4387 4384 4287 4283
f 6158 4288 6773 6193
f 6773 4287 4382 6776
f 4287 4289 4290 3889
f 4292 6742 5742 4294
f 4295 6715 6742 4292
f 6742 6160 4759 5742
f 6715 6159 6160 6742
f 4758 4759 6160 6150
f 6181 6740 6714 6180
f 6182 5691 6740 6181
f 6162 4297 4298 5758
f 6168 6162 5758 6716
f 6169 6161 6162 6168
f 4301 6166 6164 4300
f 6167 6168 6716 5750
f 6170 6167 5750 5751
f 6165 6171 5752 5753
f 6171 6173 5757 5752
f 5696 5693 6173 6171
f 4552 4549 6170 6172
f 6175 6172 5754 5755
f 5354 4552 6172 6175
f 5693 5694 6174 6173
f 6179 6174 5694 6178
f 3507 5756 6174 6179
f 6176 4315 3894 5176
f 5748 3893 6183 6184
f 6187 4318 5177 3892
f 4318 4303 3509 5177
f 4296 4292 6188 3887
f 4311 4321 4322 4314
f 6188 4321 3886 3887
f 4752 4753 4321 6188
f 4639 6189 4285 4286
f 4323 6190 6191 4325
f 4570 4754 6190 4323
f 4329 4326 4327 4330
f 6042 6194 6192 6041
f 4333 4345 4346 4334
f 6776 4347 4345 6773
f 5743 6195 6157 3891
f 4321 6196 5744 4322
f 4337 5744 6196 4336
f 6184 6198 5746 5748
f 6185 5745 6198 6184
f 5745 4571 6043 6198
f 5018 5019 6186 6199
f 4796 3828 4348 6201
f 6204 6201 6202 5778
f 6205 6204 5778 5779
f 4349 6206 5781 6200
f 3682 3683 6206 4349
f 3683 4793 6207 6206
f 6207 6208 5783 5780
f 6209 6205 5779 5782
f 4351 6210 5774 4353
f 3541 4791 6210 4351
f 6210 6211 5775 5774
f 6211 6212 5777 5775
f 4783 3685 6212 6211
f 4355 4556 6209 4354
f 3685 3686 4358 6212
f 6228 6229 6262 6263
f 6231 4365 4363 4433
f 6656 6557 6524 6743
f 6743 6524 6234 6235
f 6679 6386 6238 6239
f 6241 6242 6554 6521
f 6521 6554 4368 6553
f 6553 4368 4366 4474
f 6571 6575 6744 6540
f 6745 6542 6540 6744
f 6542 6745 6532 6746
f 6244 6245 6746 6532
f 6248 6247 6252 6249
f 6250 6251 6254 6255
f 6256 6253 4460 4463
f 6258 6259 6508 6747
f 6509 6515 6747 6508
f 4968 4965 4676 4469
f 6268 4490 4493 4677
f 6364 6269 6267 6549
f 6550 4482 6364 6549
f 4377 4378 6271
f 6276 6277 4453 4499
f 6278 6275 6280 6281
f 6583 4492 6284 6285
f 6286 6283 6597 6748
f 4508 4928 6748 6597
f 4680 4538 6274 6273
f 4680 4678 4537 4538
f 5146 6287 6749 5151
f 5151 6749 4534 4580
f 6290 4521 4528 4523
f 4381 4379 4929 4509
f 4482 6550 6292 4481
f 4396 6635 4484 6291
f 4419 4698 6294 6295
f 6300 6301 3474 3472
f 4389 4390 6312 6309
f 3264 3279 6627 6616
f 6635 4396 4394 4526
f 4394 4395 4397 4398
f 4681 4399 4397 4683
f 4681 4682 3084 3308
f 4408 4684 6316 6315
f 6325 6326 6306 6305
f 6419 6322 6302 6299
f 6457 6455 4401 4402
f 6329 6330 6613 6750
f 6614 6751 6750 6613
f 6319 6320 6328
f 6397 6327 6324
f 6397 6409 6327
f 3027 3041 6409 6397
f 6321 6322 6419
f 6616 6627 6751 6614
f 6358 6359 6336 6333
f 6338 6339 6362
f 6260 6257 6342 6341
f 6344 6345 3119 3116
f 6465 6482 6348 6347
f 6349 6350 6482 6465
f 6353 4429 6223
f 6351 6352 6355 6356
f 2995 3006 6380 6371
f 6371 6380 6359 6357
f 6693 3603 3604 4431
f 4340 4341 4166 4169
f 6457 4421 4422
f 3486 4442 4441
f 6559 4450 4449
f 6266 6363 4459 4457
f 4486 4487 4489
f 6775 6774 4685
f 4562 4517 4518
f 2988 6366 6360 2980
f 6369 6377 6337 6338
f 5130 6376 6377 6369
f 6368 5129 5130 6369
f 6366 6368 6338 6360
f 6366 6367 5129 6368
f 6683 3300 2996 6370
f 6372 5131 6373
f 6373 6370 6371 6357
f 6373 5131 6683 6370
f 6334 6752 6374 6333
f 5034 6375 6374 6752
f 6337 6377 6378 6341
f 4409 6752 6334 6679
f 4410 5034 6752 4409
f 6382 6383 6359
f 6383 6385 6336 6359
f 3632 3633 6385 6383
f 3633 6307 6384 6385
f 6387 6384 6307 5043
f 6388 4411 4412 6308
f 6391 6389 4574 3631
f 3610 3611 6389 6391
f 3631 6390 6391
f 6390 6753 4893
f 6390 3631 5133 6753
f 3319 6753 5133 3302
f 1429 4893 6753 3319
f 6392 3021 2948 6331
f 6393 3609 4894 6392
f 4407 6394 6393 6331
f 4572 3609 6394 6395
f 6315 6754 6395 4408
f 5031 4572 6395 6754
f 6530 6754 6315 6243
f 5030 5031 6754 6530
f 3320 6399 6332 2949
f 1433 4895 6399 3320
f 6398 3593 4896 6396
f 6400 4895 4565 6401
f 6324 6402 6398 6397
f 3592 3593 6402 6403
f 4684 6404 6405 6316
f 4703 5187 6408 6407
f 3298 5136 6410 3040
f 5136 6411 6410
f 6411 6412 6327
f 3608 3606 4414 6415
f 6418 5135 6417 6416
f 6422 6420 6419 6299
f 6300 6423 6422 6299
f 3607 6421 6422 6423
f 3606 3607 6423 4414
f 3059 6424 6323 2951
f 6302 6426 6428 6301
f 6426 6427 6430 6428
f 6755 6425 6322
f 6755 4897 5137 6425
f 6323 6424 6755 6322
f 4897 6755 6424
f 6436 5138 6433 6432
f 6438 6434 6293 6294
f 6317 6433 6439 6319
f 6439 6440 6319
f 6440 3321 2932 6319
f 4898 1440 3321 6440
f 6441 6442 6295 6296
f 6443 5184 4942 6441
f 4916 5184 6443 6444
f 6756 6444 6318 6328
f 6756 4915 4916 6444
f 6320 6445 6756 6328
f 6756 6445 4899 4915
f 4900 3730 6446 6447
f 4900 6448 6449
f 6450 6449 4395 4396
f 5185 4900 6449 6450
f 4945 5185 6450 6451
f 6442 4416 4419 6295
f 4943 4418 4416 6442
f 6454 6452 6292 6550
f 6456 6438 6294 4698
f 3473 3474 6429 4422
f 3612 3613 6458 4424
f 6463 4745 6460 6459
f 6462 6459 6225 6349
f 4426 6468 6339 6340
f 5125 5126 6469 6468
f 6469 6470 6361 6362
f 6471 3303 3111 6470
f 6478 6479 6476 6475
f 6354 6481 6483 6356
f 6482 6350 6483 6481
f 6483 6484 6351 6356
f 6226 6227 4428 6484
f 6221 4429 4428 6485
f 6757 6485 6228 6263
f 6219 6221 6485 6757
f 6460 6486 6229 6224
f 6492 6489 6258 6747
f 6488 6675 6493 6487
f 6758 6757 6263 6264
f 6217 6219 6757 6758
f 5005 5003 6495 6494
f 6495 6496 6222 6220
f 5003 5001 6496 6495
f 6496 6497 6223 6222
f 4743 4744 6498 6497
f 6498 6499 6352 6353
f 4744 4932 6499 6498
f 4933 4431 4430 6500
f 6379 6501 6259 6260
f 6501 6502 6508 6259
f 6503 4409 6679 6239
f 6387 6504 6238 6386
f 5043 5044 6504 6387
f 6504 6505 6237 6238
f 4977 6233 6510 6502
f 6516 6492 6747 6515
f 4975 6491 6492 6516
f 6493 6759 6232 6261
f 6675 4974 6759 6493
f 6513 6758 6264 6230
f 6216 6217 6758 6513
f 4740 5005 6494 6511
f 6760 6511 6213 6214
f 4370 4740 6511 6760
f 6759 6517 4365 6232
f 4974 4738 6517 6759
f 6558 6514 4971 4972
f 4712 4737 6514 6558
f 4434 6215 6512 4432
f 4973 6509 6510 6519
f 6522 6507 6240 6241
f 6235 6236 6507 6522
f 6743 6235 6522 6520
f 3489 4973 6519 6523
f 6525 6526 6554 6242
f 4411 6527 6676 4413
f 6527 6528 4970 6676
f 4706 4707 6529 6531
f 4702 4703 6407 6534
f 6534 6761 6247 4702
f 6304 4979 6761 6534
f 6746 6245 6533 6535
f 6542 6746 6535 6536
f 6761 6543 6252 6247
f 4979 4980 6543 6761
f 6537 4421 6457 4402
f 6539 6531 6532 6745
f 6528 6762 4963 4970
f 4705 6674 6762 6528
f 6576 6539 6745 6744
f 4966 6538 6539 6576
f 6541 6536 6249 6250
f 4441 6537 4402 4400
f 4443 4981 6537 4441
f 4416 6546 3485 4420
f 6655 6453 6454 6548
f 6562 6655 6548 6551
f 6578 6762 6674 4967
f 4709 4963 6762 6578
f 6656 6743 6520 6552
f 4964 4710 6555 6526
f 4446 4712 6558 4444
f 6518 4447 4372 4364
f 4442 4449 4451 4443
f 6564 6560 6268 4677
f 3482 6561 6560 6564
f 6563 4452 4456 4989
f 4452 6564 4677 4453
f 6566 4459 4460 6253
f 4990 4458 4459 6566
f 6571 6540 6541 6568
f 4464 6570 6569 4462
f 6573 4465 4466 6265
f 6574 6576 6744 6575
f 4468 6577 4968 4469
f 6579 4471 4374 4367
f 6555 6579 4367 4368
f 4473 6552 6553 4474
f 4475 6656 6552 4473
f 6556 4476 4373 3488
f 6557 4477 4476 6556
f 6763 4479 4392 4393
f 4688 3480 4479 6763
f 4479 6764 4391 4392
f 3476 3477 6764 4479
f 4480 4479 6364 4482
f 3475 3476 4479 4480
f 4485 3475 4480 4483
f 4478 4486 4490 6269
f 4488 4491 6775 4487
f 4494 6774 4492 6583
f 4495 4493 6774 4494
f 4498 4696 6581 4497
f 4695 4496 4494 6582
f 6775 6585 6284 4492
f 4491 4692 6585 6775
f 6765 4486 4388 4389
f 4691 4488 4486 6765
f 6599 6765 4389 6309
f 4690 4691 6765 6599
f 6587 6582 6285 6286
f 6581 6588 6275 6276
f 6589 6590 6277 6278
f 6590 4452 4453 6277
f 4718 5173 6594 6593
f 4501 4717 6589 4500
f 6596 6587 6286 6748
f 3729 4690 6599 4502
f 6584 6609 6311 6312
f 4689 5182 6609 6584
f 6605 6763 4393 6313
f 5181 4688 6763 6605
f 6764 6607 6314 4391
f 3477 4946 6607 6764
f 6601 6604 6271 6272
f 5045 3495 6604 6601
f 6602 6603 4383 4385
f 6604 4503 4377 6271
f 4454 4457 4458 4456
f 4455 6266 4457 4454
f 4506 4461 6266 4344
f 5180 5181 6605 6606
f 6311 6609 6610 4404
f 4638 6769 3729 4502 6611
f 6597 6598 4507 4508
f 3727 3728 4507 6598
f 4507 6629 4381 4509
f 3728 6673 6629 4507
f 4510 6611 4405 4403
f 6610 4510 4403 4404
f 5183 6365 4510 6610
f 6766 6606 6329 6750
f 6694 5180 6606 6766
f 6608 6612 6613 6330
f 5170 6618 6617 6615
f 3269 6619 6685 3306
f 4514 6685 6619 4513
f 4513 4515 3725 4514
f 6625 6766 6750 6751
f 6626 6694 6766 6625
f 5056 4512 4511 6621
f 6621 6767 5055 5056
f 6622 6669 6767 6621
f 6624 6625 6751 6627
f 3305 6623 6624 3278
f 3322 6767 6669 3304
f 3323 5055 6767 3322
f 6628 3452 1609 4561
f 5057 3365 3452 6628
f 4561 4562 4518 6628
f 6673 4519 4517 6629
f 4928 6630 6596 6748
f 6630 6631 6288 5178
f 4520 6631 4929 4379
f 4521 6288 6631 4520
f 5013 5179 6632 6595
f 4522 6634 6290 4523
f 3635 4922 6634 4522
f 4524 6636 6635 4526
f 4525 3723 6636 4524
f 3723 3724 4483 6636
f 4517 4520 4379 4380
f 4562 3719 4520 4517
f 6637 4530 4532 5149
f 6638 4533 4534 6749
f 6642 6638 6749 6287
f 6643 5150 6638 6642
f 6641 6642 6287 4679
f 3680 3681 6641 6644
f 6282 6640 4500 6281
f 3601 3722 4500 6640
f 6603 6773 4382 4383
f 4539 4641 6600 4536
f 6760 4540 4369 4370
f 6214 4541 4540 6760
f 6651 6654 4545 6650
f 6647 6779 6780 4686
f 6652 6779 6647 6646
f 6648 4543 6647 4686
f 6786 6649 6645 6784
f 6648 6649 4547 6650
f 3688 6778 6649 6786
f 6653 5145 6785 6783
f 5145 3690 6784 6785
f 5139 4544 4545 3679
f 3590 6652 6646 5140
f 6769 4638 6768
f 6768 4638 6770
