# BrainViewer — regione: frontal
# generato da tools/split_lobes.py, non modificare a mano
o frontal
v -0.028793 0.634109 0.333586
v -0.027267 0.623779 0.327061
v -0.016296 0.594818 0.299701
v 0.003754 0.631638 0.328713
v -0.015900 0.796951 0.301675
v -0.015900 0.793991 0.309531
v -0.017563 0.770981 0.309422
v -0.029022 0.576981 0.515314
v -0.018967 0.567902 0.496902
v -0.015808 0.599792 0.485674
v -0.010681 0.545319 0.324072
v -0.009552 0.550491 0.312587
v -0.007797 0.591232 0.392655
v -0.009201 0.649963 0.429599
v -0.012146 0.633713 0.442816
v -0.012131 0.629410 0.440453
v -0.020721 0.669891 0.476729
v -0.010101 0.659409 0.480950
v -0.012985 0.640671 0.455257
v -0.017349 0.989914 0.418269
v -0.031540 1.004379 0.433768
v -0.025513 0.960052 0.450109
v -0.009949 1.016647 0.337660
v -0.007462 0.988831 0.332342
v -0.013351 0.993927 0.323370
v -0.013016 0.996109 0.319098
v -0.005203 1.000717 0.308780
v -0.011566 0.948380 0.310760
v -0.005692 0.940536 0.338250
v -0.016449 0.922150 0.325428
v -0.007401 0.837723 0.501797
v -0.004639 0.834702 0.459136
v -0.021347 0.927048 0.507262
v -0.040283 0.934097 0.527445
v -0.016968 0.867538 0.557611
v -0.016968 0.808395 0.567604
v -0.016357 0.793228 0.570239
v -0.007828 0.789795 0.537284
v -0.051727 0.966675 0.492090
v -0.012939 0.905685 0.492985
v -0.020325 0.933365 0.475104
v -0.036514 0.946533 0.455601
v -0.041107 0.966858 0.455271
v -0.011261 0.927155 0.398795
v -0.011368 0.958069 0.401046
v -0.018112 0.941177 0.428922
v -0.024689 1.019928 0.157389
v -0.041855 0.964432 0.156642
v -0.005264 1.017014 0.286890
v -0.002594 1.012772 0.299037
v -0.000336 0.982483 0.264221
v -0.005676 0.972626 0.282084
v -0.009613 0.965042 0.262125
v -0.045044 0.939407 0.266242
v -0.048065 0.932007 0.275644
v -0.040497 0.946945 0.221981
v -0.038162 0.901978 0.321123
v -0.045547 0.927307 0.291977
v -0.014481 0.875793 0.374876
v -0.009613 0.890671 0.388642
v -0.012177 0.833344 0.411197
v -0.068466 0.611008 0.639593
v -0.071808 0.588364 0.631223
v -0.028473 0.595779 0.615814
v -0.013901 0.735123 0.341044
v -0.012573 0.780334 0.338536
v -0.036240 0.736572 0.390060
v -0.028458 0.692764 0.377704
v -0.017609 0.695114 0.371033
v -0.026764 0.651215 0.346259
v -0.039322 0.749588 0.398273
v -0.038223 0.762726 0.398901
v -0.021378 0.760696 0.422102
v -0.007141 0.634247 0.488782
v -0.005814 0.654526 0.494150
v -0.005356 0.662857 0.515972
v -0.004242 0.752197 0.579491
v -0.008987 0.711578 0.584833
v -0.010025 0.679947 0.564177
v -0.013092 0.680145 0.460928
v -0.021271 0.673294 0.472852
v -0.013031 0.642181 0.448155
v -0.012573 0.710037 0.420012
v -0.009842 0.724716 0.447775
v -0.007828 0.691589 0.442733
v -0.007523 0.830154 0.511207
v -0.007645 0.843277 0.513593
v -0.008942 0.852768 0.537034
v -0.014008 0.783493 0.511315
v -0.007889 0.820511 0.503446
v -0.014175 0.782898 0.504009
v -0.008514 0.787903 0.492883
v -0.014618 0.713013 0.146489
v -0.013687 0.757553 0.144737
v -0.013657 0.729858 0.184124
v -0.032898 0.630234 0.238149
v -0.035156 0.663452 0.258745
v -0.031357 0.686996 0.240457
v -0.025604 0.653732 0.598971
v -0.026642 0.671036 0.596954
v -0.061310 0.661713 0.624828
v -0.055206 0.698029 0.641464
v -0.020111 0.703522 0.606978
v -0.053436 0.723679 0.639635
v -0.027649 1.059586 0.296705
v -0.023972 1.071487 0.282945
v -0.043518 1.074448 0.297703
v -0.020050 1.108276 0.162138
v -0.055527 1.106125 0.149229
v -0.045273 1.106445 0.174612
v -0.058884 1.088318 0.258904
v -0.050644 1.078629 0.292397
v -0.030090 1.106613 0.128127
v -0.154190 0.532639 0.542109
v -0.112671 0.512405 0.553409
v -0.111771 0.512573 0.560302
v -0.346588 0.566818 0.464862
v -0.357513 0.557922 0.441370
v -0.333008 0.532135 0.443606
v -0.369980 0.580994 0.422844
v -0.361725 0.546799 0.376725
v -0.360443 0.602310 0.446060
v -0.382446 0.611786 0.409758
v -0.342743 0.608688 0.458353
v -0.353012 0.648300 0.461088
v -0.318237 0.673050 0.533270
v -0.315598 0.653168 0.545321
v -0.297028 0.661102 0.548601
v -0.313324 0.695953 0.519303
v -0.313507 0.706818 0.519711
v -0.322906 0.695099 0.511923
v -0.323685 0.609055 0.532146
v -0.324799 0.596588 0.512480
v -0.314102 0.589798 0.532157
v -0.270844 0.652847 0.571966
v -0.262772 0.667236 0.546166
v -0.266830 0.655014 0.556505
v -0.281281 0.697800 0.560114
v -0.292770 0.698502 0.539677
v -0.285065 0.683914 0.534775
v -0.255157 0.682541 0.579205
v -0.260437 0.701889 0.585525
v -0.211838 0.594421 0.609519
v -0.202576 0.604279 0.610366
v -0.224609 0.619492 0.612950
v -0.200378 0.607254 0.612858
v -0.201141 0.612396 0.621781
v -0.219559 0.623016 0.616177
v -0.200119 0.626129 0.629684
v -0.012802 1.038223 0.350664
v -0.011734 1.044586 0.334093
v -0.028564 1.055420 0.355865
v -0.023727 0.577469 0.532182
v -0.041138 0.553665 0.534028
v -0.016968 0.884933 0.179818
v -0.015686 0.868225 0.177075
v -0.015778 0.881042 0.136353
v -0.008408 1.023285 0.333676
v -0.036545 0.956314 0.201873
v -0.038101 0.951492 0.193563
v -0.040970 0.941315 0.281549
v -0.035416 0.947693 0.271196
v -0.020645 0.963242 0.296162
v -0.214508 0.547562 0.534105
v -0.148560 1.074203 0.143404
v -0.119690 1.089035 0.121646
v -0.135834 1.054764 0.158786
v -0.103363 1.099258 0.114786
v -0.109253 1.092987 0.123579
v -0.106628 1.082367 0.154919
v -0.080994 1.093185 0.169203
v -0.124435 1.059525 0.163223
v -0.169952 1.032913 0.306127
v -0.167603 1.038330 0.303774
v -0.196472 1.037186 0.250125
v -0.159409 1.040070 0.311877
v -0.143738 1.058853 0.278074
v -0.170059 1.056793 0.243154
v -0.262863 0.902252 0.437189
v -0.275604 0.886856 0.423784
v -0.279709 0.877914 0.421431
v -0.256424 0.923050 0.401031
v -0.257492 0.919815 0.418189
v -0.238937 0.930801 0.423301
v -0.219131 0.951050 0.395520
v -0.231842 0.965790 0.368838
v -0.264191 0.942429 0.351497
v -0.234833 0.980530 0.313222
v -0.251373 0.966125 0.306805
v -0.258713 0.957657 0.310409
v -0.210724 0.971375 0.372581
v -0.186462 0.919876 0.410498
v -0.225815 0.935471 0.407533
v -0.165695 0.886017 0.528944
v -0.152725 0.895630 0.523885
v -0.139465 0.919388 0.514923
v -0.114960 0.911133 0.511116
v -0.153702 0.890137 0.530690
v -0.149582 0.870224 0.565067
v -0.107468 0.957825 0.495226
v -0.101227 0.942780 0.520953
v -0.078445 0.968246 0.502462
v -0.106827 0.914307 0.513981
v -0.253021 0.991745 0.187687
v -0.274185 0.979431 0.174314
v -0.272980 0.982407 0.206423
v -0.219345 0.932114 0.417176
v -0.214478 0.926056 0.433902
v -0.193863 0.918411 0.415504
v -0.116806 0.954208 0.492357
v -0.119965 0.962891 0.484408
v -0.147705 0.960724 0.469976
v -0.169968 0.919571 0.474720
v -0.179459 0.923386 0.448546
v -0.184021 0.887482 0.450312
v -0.142044 0.980621 0.439157
v -0.144531 0.983185 0.432021
v -0.084030 0.996841 0.417810
v -0.131470 0.985291 0.436055
v -0.101028 0.994797 0.441658
v -0.127304 0.992111 0.425869
v -0.080124 1.002686 0.406983
v -0.104874 1.019012 0.401534
v -0.136627 1.048615 0.316909
v -0.141388 1.049103 0.310011
v -0.126511 1.048721 0.319316
v -0.111877 1.042313 0.350638
v -0.097717 1.037262 0.335574
v -0.094315 1.039993 0.331973
v -0.094345 1.061630 0.320193
v -0.126709 1.052292 0.312283
v -0.134567 1.053101 0.306684
v -0.070404 1.070984 0.311328
v -0.100952 1.074509 0.273521
v -0.167740 1.027740 0.320800
v -0.175293 1.009583 0.315030
v -0.180389 1.003418 0.330777
v -0.178238 0.981903 0.319677
v -0.241150 0.907654 0.456960
v -0.232101 0.925797 0.438686
v -0.369781 0.670380 0.421938
v -0.366837 0.676086 0.434228
v -0.365005 0.694336 0.434982
v -0.367264 0.645020 0.382732
v -0.383377 0.631531 0.397199
v -0.369995 0.662537 0.421563
v -0.394714 0.659744 0.361122
v -0.368454 0.649261 0.378171
v -0.319916 0.754028 0.489990
v -0.313797 0.762955 0.493203
v -0.313904 0.777634 0.484522
v -0.345062 0.758240 0.392861
v -0.335434 0.740524 0.375567
v -0.350296 0.728500 0.427709
v -0.352234 0.713699 0.456060
v -0.349426 0.699310 0.467322
v -0.330963 0.724731 0.487989
v -0.324463 0.904800 0.216148
v -0.339996 0.883087 0.213112
v -0.339478 0.890579 0.248228
v -0.289795 0.894592 0.379159
v -0.285583 0.909424 0.365239
v -0.287033 0.909195 0.360707
v -0.279449 0.913132 0.369226
v -0.269409 0.916306 0.385222
v -0.260254 0.920456 0.380209
v -0.294083 0.862183 0.401991
v -0.283966 0.874603 0.414892
v -0.278885 0.884689 0.416909
v -0.300751 0.879822 0.369003
v -0.314178 0.844772 0.357150
v -0.306763 0.847717 0.379064
v -0.326996 0.794540 0.443020
v -0.320267 0.818832 0.417620
v -0.335480 0.801117 0.403601
v -0.308182 0.766525 0.495090
v -0.281967 0.808258 0.497236
v -0.243820 0.803192 0.548158
v -0.254715 0.807175 0.532014
v -0.270096 0.792831 0.532187
v -0.297699 0.947937 0.192604
v -0.308975 0.927094 0.208439
v -0.300171 0.945114 0.229751
v -0.311295 0.901016 0.288114
v -0.298019 0.913315 0.298157
v -0.291656 0.923813 0.298412
v -0.303665 0.886200 0.295082
v -0.302567 0.885178 0.299479
v -0.306442 0.891113 0.313914
v -0.295944 0.913696 0.305580
v -0.285904 0.918396 0.338608
v -0.288345 0.924606 0.307904
v -0.261307 0.932022 0.368293
v -0.279694 0.918213 0.361243
v -0.258652 0.923706 0.376063
v -0.038956 0.626129 0.250592
v -0.062057 0.624161 0.286307
v -0.051346 0.642975 0.292799
v -0.020462 0.728653 0.108068
v -0.027374 0.745499 0.114510
v -0.268890 0.725693 0.129780
v -0.256104 0.753143 0.078348
v -0.240860 0.771866 0.081098
v -0.240173 0.764771 0.127862
v -0.230072 0.765747 0.593882
v -0.211761 0.785675 0.589940
v -0.203506 0.763748 0.606034
v -0.298218 0.769470 0.506813
v -0.293106 0.770645 0.500354
v -0.310837 0.760056 0.497373
v -0.176208 1.010284 0.309595
v -0.186874 1.011368 0.296216
v -0.180725 0.984222 0.305502
v -0.042709 0.876251 0.574718
v -0.062195 0.867920 0.588059
v -0.039764 0.844589 0.584752
v -0.128220 0.900284 0.536471
v -0.113007 0.904846 0.517858
v -0.068436 1.099777 0.171534
v -0.104050 0.513840 0.593704
v -0.306671 0.734375 0.521061
v -0.303558 0.711792 0.532545
v -0.298386 0.895782 0.346194
v -0.315674 0.863663 0.325008
v -0.316849 0.914749 0.267899
v -0.287064 0.936813 0.279860
v -0.311722 0.921066 0.247213
v -0.381577 0.819458 0.269767
v -0.384140 0.800049 0.282940
v -0.374252 0.819626 0.292397
v -0.340378 0.853378 0.251007
v -0.331680 0.863876 0.279859
v -0.014954 0.683380 0.342616
v -0.010956 0.688202 0.352868
v -0.023682 0.650772 0.340126
v -0.020477 0.621521 0.231779
v -0.017838 0.659348 0.213309
v -0.014206 0.665268 0.228036
v -0.069061 0.563766 0.608102
v -0.078156 0.557999 0.607133
v -0.062195 0.559784 0.607912
v -0.292618 0.542603 0.440567
v -0.283661 0.544174 0.441289
v -0.327438 0.696121 0.505201
v -0.327637 0.689545 0.508240
v -0.311996 0.689880 0.521751
v -0.307129 0.694580 0.523622
v -0.194916 0.550949 0.444451
v -0.105759 0.509384 0.554325
v -0.387741 0.783508 0.270164
v -0.383667 0.786041 0.277180
v -0.358093 0.617874 0.230562
v -0.277954 0.943726 0.268391
v -0.259521 0.960541 0.298351
v -0.275040 0.958176 0.267178
v -0.265106 0.953873 0.295818
v -0.279617 0.940018 0.270600
v -0.303894 0.912186 0.209980
v -0.304626 0.900742 0.191483
v -0.305801 0.908676 0.211071
v -0.352524 0.721207 0.442091
v -0.352554 0.721497 0.430654
v -0.304031 0.798813 0.349620
v -0.310638 0.831772 0.294886
v -0.306412 0.835693 0.305576
v -0.347931 0.823776 0.200780
v -0.214035 0.984634 0.171320
v -0.183762 0.978592 0.312287
v -0.229416 0.933548 0.414479
v -0.177307 1.037582 0.144762
v -0.167053 1.035782 0.154042
v -0.136734 1.052704 0.166790
v -0.078369 1.093521 0.177892
v -0.172623 0.915314 0.480019
v -0.196350 0.894623 0.484913
v -0.190399 0.784393 0.589810
v -0.198898 0.794144 0.575985
v -0.177856 0.757462 0.604446
v -0.173279 0.761139 0.606688
v -0.232712 0.812759 0.503159
v -0.227036 0.822693 0.495906
v -0.267670 0.862122 0.478396
v -0.300842 0.824356 0.462828
v -0.291199 0.818542 0.486989
v -0.112381 0.812164 0.626435
v -0.100235 0.849426 0.603450
v -0.127487 0.840530 0.605288
v -0.061066 0.997650 0.443136
v -0.065063 0.990936 0.440670
v -0.046875 0.966797 0.464569
v -0.067856 0.988770 0.442039
v -0.073532 0.996231 0.420104
v -0.077438 0.990036 0.444813
v -0.014816 0.913559 0.408337
v -0.015442 0.908920 0.410949
v -0.012253 0.908188 0.400633
v -0.126495 1.067291 0.246668
v -0.099808 1.074249 0.246881
v -0.098282 1.066071 0.235898
v -0.103134 1.079285 0.224839
v -0.126266 1.067932 0.239940
v -0.098663 1.066864 0.232100
v -0.003799 1.083954 0.155679
v -0.007690 1.104935 0.135558
v -0.027740 1.056564 0.302267
v -0.005280 1.008850 0.238206
v -0.004211 1.003769 0.246084
v -0.002930 1.002243 0.227620
v -0.024139 1.065140 0.190482
v -0.024826 1.069290 0.187937
v -0.017166 0.893478 0.182025
v -0.016754 0.892746 0.167856
v -0.015930 0.803421 0.306717
v -0.045197 0.923538 0.286632
v -0.023499 0.749649 0.421573
v -0.017990 0.744049 0.450246
v -0.024734 0.729828 0.409984
v -0.033798 0.585907 0.214606
v -0.038605 0.589813 0.223787
v -0.257324 0.750336 0.055469
v -0.018784 0.840607 0.289351
v -0.017258 0.862457 0.296258
v -0.014542 0.817505 0.322146
v -0.029617 0.940521 0.146502
v -0.019180 0.588303 0.306078
v -0.017685 0.918839 0.142791
v -0.016586 0.913895 0.191147
v -0.011444 0.666901 0.400355
v -0.012253 0.631104 0.452374
v -0.012650 0.611206 0.473773
v -0.020615 0.837006 0.572744
v -0.024506 1.019302 0.161749
v -0.011185 1.018707 0.167868
v -0.020157 0.961792 0.301681
v -0.021927 0.792404 0.369689
v -0.034439 0.805557 0.383064
v -0.038361 0.766052 0.390687
v -0.009598 0.612503 0.526642
v -0.005783 0.653976 0.551768
v -0.009537 0.639069 0.573394
v -0.014175 0.682938 0.519232
v -0.019531 0.780716 0.591783
v -0.017120 0.751083 0.600740
v -0.053131 1.076035 0.300303
v -0.194077 0.540756 0.517733
v -0.225845 0.548309 0.524003
v -0.248154 0.556213 0.526495
v -0.262833 0.599640 0.589004
v -0.241455 0.606201 0.609044
v -0.247681 0.630936 0.611544
v -0.307632 0.540588 0.462559
v -0.292831 0.549347 0.472046
v -0.319260 0.574661 0.474603
v -0.277817 0.627930 0.578330
v -0.269730 0.593323 0.569253
v -0.176056 0.703705 0.607937
v -0.172043 0.712494 0.608510
v -0.190887 0.725632 0.613614
v -0.167053 0.701569 0.609942
v -0.134033 1.068283 0.238826
v -0.142029 1.066040 0.239851
v -0.137833 1.077942 0.206688
v -0.188202 0.912155 0.419539
v -0.214096 0.856903 0.527266
v -0.208832 0.842804 0.542150
v -0.177078 0.845184 0.566149
v -0.057037 0.799622 0.610101
v -0.046829 0.812317 0.588938
v -0.076401 0.846130 0.596052
v -0.170990 1.065765 0.198109
v -0.196136 1.051178 0.196274
v -0.169434 0.921387 0.487092
v -0.165558 0.927948 0.481640
v -0.161774 0.927887 0.495252
v -0.139114 0.990250 0.426765
v -0.134079 1.022659 0.384708
v -0.182297 0.982513 0.371550
v -0.163666 1.032562 0.323476
v -0.166443 1.004227 0.376681
v -0.061981 1.100647 0.179832
v -0.069000 1.097992 0.181723
v -0.062073 1.096527 0.199821
v -0.369720 0.664719 0.430525
v -0.351532 0.725800 0.440759
v -0.348450 0.735306 0.447070
v -0.285950 0.748642 0.547568
v -0.265030 0.755371 0.568547
v -0.290680 0.842285 0.409742
v -0.298828 0.842651 0.420463
v -0.284012 0.864792 0.427578
v -0.262985 0.954956 0.302372
v -0.265610 0.707275 0.200657
v -0.267944 0.732620 0.066461
v -0.271652 0.725906 0.078211
v -0.263565 0.738327 0.065477
v -0.030090 0.622787 0.231390
v -0.025711 0.660477 0.214872
v -0.113998 0.514877 0.547546
v -0.257935 0.543686 0.442441
v -0.355774 0.609680 0.236916
v -0.265442 0.735489 0.060140
v -0.181625 0.945389 0.419203
v -0.101685 0.659760 0.636920
v -0.108414 0.968582 0.484199
v -0.020218 0.728607 0.489881
v -0.019897 0.739288 0.491658
v -0.035858 0.721542 0.513142
v -0.016144 1.102295 0.178823
v -0.010315 1.097610 0.171175
v -0.137558 1.064819 0.249675
v -0.028427 0.637421 0.340455
v -0.035873 0.618988 0.238451
v -0.023346 0.752609 0.304625
v -0.022934 0.783066 0.266905
v -0.012894 0.682968 0.341902
v -0.018982 0.583084 0.244613
v -0.019135 0.583679 0.209485
v -0.029434 0.808945 0.226469
v -0.039703 0.831772 0.172027
v -0.011734 0.700104 0.215322
v 0.004257 0.710938 0.322112
v -0.051331 0.845108 0.128620
v -0.016922 0.719315 0.326353
v -0.016098 0.900162 0.134970
v -0.024918 0.916626 0.265801
v -0.018066 0.893616 0.258276
v -0.023849 0.933762 0.196792
v -0.026230 0.885468 0.311255
v -0.023422 0.843124 0.346954
v -0.021454 0.851501 0.172295
v -0.037613 0.834534 0.173542
v -0.024658 0.864853 0.128951
v -0.010544 0.564560 0.215615
v -0.019760 0.861496 0.244850
v -0.014648 0.845200 0.233643
v -0.017532 0.829941 0.228044
v -0.028671 0.812912 0.225755
v -0.020386 0.869781 0.249311
v -0.023453 0.786423 0.267871
v -0.016861 0.802292 0.268902
v -0.039291 0.556046 0.525836
v -0.012604 0.560211 0.436354
v -0.022354 0.681702 0.387777
v -0.010742 0.616592 0.371479
v -0.017426 0.627930 0.355819
v -0.015121 0.605286 0.490683
v -0.032547 0.566589 0.574971
v -0.023254 0.579086 0.577317
v -0.011124 1.073318 0.170922
v -0.010361 1.025146 0.142179
v -0.014832 1.021515 0.371144
v -0.006149 0.979660 0.354424
v -0.009109 0.891708 0.459055
v -0.009537 0.875961 0.432436
v -0.013550 0.899429 0.417883
v -0.013702 0.915039 0.446957
v -0.046326 0.963654 0.471863
v -0.026855 0.924438 0.438650
v -0.035873 0.942841 0.460261
v -0.027542 0.928833 0.435562
v -0.013870 0.970993 0.209751
v -0.016068 1.053116 0.316183
v -0.005447 0.995331 0.187295
v -0.002090 1.020462 0.189104
v -0.004013 0.982681 0.217907
v -0.007462 0.744034 0.548440
v -0.064331 0.636124 0.635707
v -0.024536 0.624893 0.609579
v -0.070053 0.573410 0.620002
v -0.030899 0.579315 0.607222
v -0.061630 0.543900 0.610734
v -0.041199 0.563049 0.595476
v -0.035156 0.861633 0.359816
v -0.033279 0.810104 0.389522
v -0.039459 0.897079 0.317783
v -0.036575 0.856781 0.355093
v -0.017181 0.721359 0.328997
v -0.029724 0.690918 0.380931
v -0.013397 0.600327 0.582033
v -0.011322 0.620041 0.587614
v -0.040024 0.568237 0.596830
v -0.037582 0.704834 0.516560
v -0.014847 0.711288 0.483050
v -0.009338 0.789520 0.434007
v -0.035080 0.716248 0.524840
v -0.003616 0.785263 0.459646
v -0.013123 0.732040 0.105419
v -0.016434 0.685226 0.188731
v -0.061508 0.934616 0.538394
v -0.090454 0.983017 0.471463
v -0.047791 1.003632 0.441652
v -0.044052 1.071777 0.311167
v -0.028580 1.065094 0.326582
v -0.028427 1.083099 0.202656
v -0.014465 1.089706 0.183269
v -0.018890 1.094940 0.190284
v -0.011459 1.064636 0.271260
v -0.063248 1.085098 0.234080
v -0.026794 1.090073 0.214279
v -0.021027 1.089264 0.232652
v -0.032990 1.094406 0.198887
v -0.015091 1.028229 0.270446
v -0.009033 1.039505 0.255497
v -0.136307 0.529892 0.525272
v -0.123627 0.534515 0.511444
v -0.161392 0.548325 0.478395
v -0.170135 0.539734 0.495833
v -0.199890 0.542465 0.471349
v -0.229050 0.541534 0.489136
v -0.255981 0.543411 0.465082
v -0.288010 0.551376 0.476200
v -0.279861 0.543777 0.458372
v -0.278183 0.550385 0.488812
v -0.245789 0.564850 0.556189
v -0.247498 0.566406 0.539486
v -0.219147 0.551178 0.549778
v -0.239014 0.568939 0.581579
v -0.202881 0.547836 0.564507
v -0.190186 0.555740 0.588226
v -0.149384 0.537445 0.579312
v -0.314240 0.529785 0.424039
v -0.222305 0.584396 0.605745
v -0.262589 0.646622 0.601213
v -0.376282 0.568817 0.351334
v -0.365067 0.664459 0.445360
v -0.341904 0.683762 0.479448
v -0.341049 0.612762 0.479149
v -0.340881 0.624283 0.497790
v -0.342178 0.663284 0.490005
v -0.347900 0.643311 0.476928
v -0.330917 0.674316 0.513918
v -0.331177 0.638519 0.524324
v -0.288361 0.719376 0.558753
v -0.265366 0.723236 0.584271
v -0.287186 0.678284 0.533686
v -0.308670 0.623199 0.554047
v -0.290161 0.626312 0.561472
v -0.263062 0.550949 0.510339
v -0.280945 0.587906 0.549134
v -0.297592 0.574829 0.526799
v -0.272461 0.594269 0.557635
v -0.278397 0.632263 0.565160
v -0.259323 0.665482 0.591061
v -0.220932 0.710785 0.608569
v -0.227402 0.730972 0.609758
v -0.205353 0.738953 0.614499
v -0.219452 0.676010 0.615233
v -0.211136 0.695511 0.605927
v -0.227310 0.636536 0.620695
v -0.227081 0.653793 0.620848
v -0.228607 0.627686 0.614961
v -0.169449 0.589096 0.619081
v -0.164246 0.605591 0.634334
v -0.128906 0.586517 0.634108
v -0.132263 0.570679 0.617326
v -0.179749 0.564651 0.597970
v -0.141846 0.545319 0.591667
v -0.133621 0.558319 0.593493
v -0.170609 0.578918 0.599252
v -0.095627 0.538818 0.608021
v -0.132233 0.562561 0.597264
v -0.190933 0.646454 0.633677
v -0.116974 0.613754 0.645203
v -0.147293 0.648026 0.638028
v -0.156143 0.626617 0.640171
v -0.110779 0.637726 0.643262
v -0.181229 0.668686 0.628283
v -0.186600 0.760269 0.604766
v -0.130722 0.686737 0.646443
v -0.125320 0.702560 0.653777
v -0.137268 0.728760 0.645784
v -0.152435 0.719284 0.631615
v -0.095993 0.697968 0.658111
v -0.099747 0.731491 0.654391
v -0.097870 0.676224 0.650116
v -0.164886 0.780502 0.608415
v -0.161896 0.763916 0.617307
v -0.146179 0.772430 0.630852
v -0.149796 0.797012 0.620541
v -0.105316 0.773880 0.641615
v -0.052673 0.760178 0.629189
v -0.059387 0.679886 0.633751
v -0.135620 0.670807 0.630153
v -0.022446 0.755569 0.304841
v -0.192505 1.022964 0.158045
v -0.171631 1.058777 0.177007
v -0.131729 1.076996 0.183402
v -0.191376 1.022598 0.163606
v -0.198410 1.040115 0.177259
v -0.217163 1.021423 0.193649
v -0.209412 1.038422 0.206268
v -0.208633 1.015503 0.245077
v -0.207672 0.990051 0.243250
v -0.101410 1.088608 0.205589
v -0.253357 0.983124 0.253899
v -0.208786 0.985535 0.311740
v -0.230850 0.990860 0.244754
v -0.211197 0.986465 0.243299
v -0.189194 0.961426 0.372139
v -0.221222 0.904297 0.458781
v -0.170273 0.806351 0.587848
v -0.172760 0.786514 0.579395
v -0.159958 0.825333 0.596701
v -0.222870 0.846451 0.513140
v -0.191147 0.895294 0.503883
v -0.072357 0.854019 0.590140
v -0.088272 0.917999 0.552922
v -0.097198 0.902481 0.550562
v -0.276962 0.869095 0.450561
v -0.167068 0.944702 0.457562
v -0.110001 0.982208 0.468872
v -0.169205 0.965927 0.425581
v -0.185013 0.962631 0.372767
v -0.081055 1.030716 0.367914
v -0.095734 1.035645 0.374297
v -0.070160 1.049088 0.370496
v -0.076645 1.032974 0.367232
v -0.178284 0.791779 0.560537
v -0.217667 0.810486 0.525311
v -0.228897 0.810028 0.536560
v -0.215210 0.814056 0.524940
v -0.213593 0.830170 0.535905
v -0.394882 0.624634 0.276616
v -0.356201 0.598938 0.256268
v -0.347687 0.590134 0.284627
v -0.383270 0.612823 0.314713
v -0.394135 0.639053 0.246745
v -0.363388 0.606842 0.333221
v -0.393158 0.648987 0.231041
v -0.403351 0.682236 0.238770
v -0.426239 0.725403 0.238274
v -0.409805 0.723129 0.248164
v -0.413544 0.675674 0.259472
v -0.419159 0.720352 0.271637
v -0.408905 0.722351 0.252764
v -0.415558 0.664200 0.300816
v -0.416290 0.710190 0.314939
v -0.376678 0.588333 0.343710
v -0.393860 0.699127 0.366317
v -0.371994 0.736145 0.361013
v -0.395813 0.749710 0.319305
v -0.406097 0.757492 0.278295
v -0.410141 0.769196 0.248975
v -0.402191 0.761032 0.258763
v -0.393936 0.792786 0.264159
v -0.393814 0.809799 0.247665
v -0.415833 0.781830 0.226174
v -0.338745 0.769943 0.440848
v -0.347183 0.767319 0.413450
v -0.335129 0.750275 0.464955
v -0.344574 0.854126 0.219717
v -0.332581 0.829865 0.249527
v -0.371170 0.796448 0.316277
v -0.385559 0.789261 0.290564
v -0.346313 0.802811 0.335880
v -0.350082 0.832016 0.296666
v -0.296341 0.823349 0.378685
v -0.329575 0.800812 0.379533
v -0.313583 0.824051 0.397532
v -0.297348 0.819977 0.381642
v -0.264084 0.795029 0.503046
v -0.269882 0.797577 0.516991
v -0.246872 0.811554 0.520984
v -0.251282 0.854645 0.487262
v -0.265839 0.797394 0.499357
v -0.289856 0.845917 0.405759
v -0.302399 0.923111 0.238559
v -0.086868 0.619934 0.328327
v -0.082504 0.655502 0.336681
v -0.109055 0.635162 0.356746
v -0.113693 0.665314 0.362360
v -0.113205 0.708069 0.341515
v -0.080765 0.698227 0.324122
v -0.107712 0.753815 0.297679
v -0.076706 0.742569 0.285104
v -0.106354 0.805542 0.181170
v -0.071609 0.785477 0.174380
v -0.074295 0.772400 0.230616
v -0.104538 0.786255 0.240671
v -0.071091 0.790222 0.122020
v -0.109467 0.813843 0.124699
v -0.049088 0.678406 0.296208
v -0.041824 0.768478 0.166639
v -0.028839 0.738998 0.160200
v -0.030853 0.721451 0.203570
v -0.043365 0.753479 0.219160
v -0.040131 0.772293 0.117361
v -0.045227 0.721451 0.268655
v -0.262604 0.683838 0.257418
v -0.270172 0.731232 0.097014
v -0.238098 0.724533 0.260067
v -0.239563 0.689819 0.308083
v -0.238113 0.748764 0.197192
v -0.213181 0.686325 0.349375
v -0.212463 0.723434 0.313547
v -0.207870 0.757172 0.262222
v -0.211655 0.794815 0.131441
v -0.205215 0.782333 0.196693
v -0.147217 0.814270 0.190683
v -0.176956 0.806091 0.195980
v -0.182419 0.820160 0.133827
v -0.150024 0.826202 0.132294
v -0.148438 0.712524 0.349130
v -0.178619 0.706985 0.353299
v -0.179337 0.746414 0.313573
v -0.147797 0.755646 0.308577
v -0.146561 0.669800 0.372478
v -0.176361 0.662338 0.377280
v -0.137344 0.622345 0.371900
v -0.176620 0.780182 0.262461
v -0.123962 0.710312 0.345145
v -0.124084 0.667419 0.367748
v -0.118942 0.756119 0.301099
v -0.146194 0.790710 0.255163
v -0.115936 0.789459 0.244409
v -0.118256 0.810349 0.183851
v -0.121704 0.819778 0.126412
v -0.050568 1.030029 0.412621
v -0.066086 1.020645 0.418457
v -0.052841 1.059280 0.360170
v -0.063614 1.088486 0.212948
v -0.035629 1.099380 0.191094
v -0.101486 0.898422 0.550771
v -0.117371 0.892899 0.558280
v -0.273819 0.906570 0.399195
v -0.361710 0.833115 0.259688
v -0.010071 0.568604 0.247480
v -0.168610 0.582718 0.602605
v -0.032623 0.560745 0.574925
v -0.286118 0.543762 0.457245
v -0.316101 0.579285 0.478802
v -0.339905 0.610657 0.463347
v -0.349258 0.648605 0.467792
v -0.340652 0.678024 0.483646
v -0.391129 0.648788 0.235661
v -0.401749 0.759277 0.263069
v -0.284027 0.915787 0.355543
v -0.338943 0.737381 0.371646
v -0.300476 0.927063 0.236331
v -0.180023 0.819443 0.568021
v -0.176239 0.783234 0.579359
v -0.291962 0.773697 0.497899
v -0.016251 0.752914 0.455787
v -0.071228 1.003540 0.409713
v -0.013840 1.024170 0.275448
v -0.004868 1.080811 0.224149
v -0.011917 1.084030 0.208206
v -0.065475 1.074753 0.222573
v -0.014465 0.986954 0.172069
v -0.005142 1.019302 0.227324
v -0.002991 1.063614 0.214153
v -0.009949 1.067322 0.197711
v -0.040009 0.752167 0.391794
v -0.018555 0.832214 0.284093
v -0.014694 0.818848 0.275584
v -0.064056 0.613861 0.281185
v -0.091217 0.608566 0.328225
v -0.116516 0.631088 0.361888
v -0.032150 1.031830 0.397789
v -0.029129 0.746078 0.375861
v -0.044266 0.819565 0.585120
v -0.029022 0.684845 0.607895
v -0.302475 0.599167 0.548257
v -0.314301 0.578003 0.497748
v -0.100601 1.088348 0.191113
v -0.360962 0.716049 0.415459
v -0.378098 0.823151 0.225777
v -0.300461 0.762161 0.511847
v -0.301971 0.836578 0.438404
v -0.023087 0.689224 0.185614
v -0.021500 0.711807 0.146231
v -0.050644 0.588486 0.249970
v -0.316147 0.753265 0.496138
v 0.003754 0.631638 0.328713
v 0.004578 0.747162 0.293814
v 0.004578 0.747162 0.293814
v 0.004898 0.779480 0.258345
v 0.004898 0.779480 0.258345
v 0.004013 0.678085 0.337316
v 0.004013 0.678085 0.337316
v 0.003754 0.583847 0.243186
v 0.003754 0.583847 0.243186
v 0.003647 0.598022 0.300932
v 0.003647 0.598022 0.300932
v 0.003860 0.583771 0.211773
v 0.003860 0.583771 0.211773
v 0.004028 0.620132 0.228563
v 0.004028 0.620132 0.228563
v 0.005173 0.801041 0.217409
v 0.005173 0.801041 0.217409
v 0.005493 0.821579 0.162903
v 0.005493 0.821579 0.162903
v 0.004852 0.733643 0.191270
v 0.004852 0.733643 0.191270
v 0.004593 0.706497 0.218148
v 0.004593 0.706497 0.218148
v 0.004272 0.664566 0.234772
v 0.004272 0.664566 0.234772
v 0.005173 0.762070 0.148720
v 0.005173 0.762070 0.148720
v 0.005692 0.831848 0.122266
v 0.004257 0.710938 0.322112
v -0.023041 0.614532 0.316760
v -0.027924 0.628769 0.329294
v -0.023376 0.612869 0.316306
v -0.019669 0.614914 0.316787
v -0.016998 0.783539 0.306949
v -0.016174 0.792892 0.305947
v -0.016388 0.783936 0.311147
v -0.016785 0.786072 0.302551
v -0.019821 0.586395 0.498221
v -0.024536 0.572159 0.509409
v -0.016357 0.584198 0.488973
v -0.021393 0.591187 0.498549
v -0.007614 0.571182 0.355906
v -0.008591 0.552872 0.323832
v -0.007767 0.574600 0.355960
v -0.008514 0.567230 0.361666
v -0.010590 0.638702 0.435956
v -0.010559 0.639618 0.436077
v -0.012161 0.632507 0.442415
v -0.010559 0.641586 0.431777
v -0.013626 0.652405 0.465932
v -0.016373 0.667084 0.480383
v -0.011276 0.648178 0.465565
v -0.015762 0.652359 0.462163
v -0.023987 0.983200 0.439871
v -0.023682 1.000275 0.426049
v -0.028992 0.982834 0.445288
v -0.019821 0.973465 0.435971
v -0.009979 1.004608 0.332976
v -0.008682 1.005630 0.339067
v -0.010437 0.990982 0.326511
v -0.011597 1.007309 0.331669
v -0.009094 1.008163 0.324716
v -0.009186 0.997391 0.314025
v -0.007004 1.011215 0.322862
v -0.011353 1.008514 0.328931
v -0.008621 0.937897 0.320778
v -0.006622 0.948471 0.322121
v -0.008652 0.928925 0.332576
v -0.014206 0.935684 0.314442
v -0.023743 0.906189 0.535393
v -0.030579 0.930847 0.519590
v -0.029846 0.903809 0.544462
v -0.017303 0.897766 0.531793
v -0.011292 0.794571 0.554077
v -0.018875 0.799988 0.568373
v -0.010468 0.789154 0.553087
v -0.010712 0.801178 0.550113
v -0.037811 0.947815 0.508204
v -0.034927 0.948822 0.498896
v -0.047485 0.954025 0.511264
v -0.016479 0.926178 0.490156
v -0.015045 0.922455 0.481164
v -0.021118 0.934113 0.489817
v -0.015350 0.914963 0.502978
v -0.034988 0.955368 0.456166
v -0.031235 0.949387 0.454029
v -0.034149 0.964584 0.453574
v -0.039490 0.955612 0.457716
v -0.013138 0.940262 0.412498
v -0.010544 0.942764 0.396259
v -0.014496 0.950073 0.418691
v -0.014938 0.932770 0.416606
v -0.000748 0.998260 0.278706
v -0.003204 1.015305 0.292541
v -0.000656 0.995132 0.281211
v -0.001907 0.999130 0.273520
v -0.002426 0.971451 0.270205
v -0.001709 0.977509 0.275309
v -0.008118 0.965668 0.274334
v -0.002930 0.972275 0.259914
v -0.044739 0.941238 0.249332
v -0.046890 0.935669 0.274240
v -0.043686 0.938431 0.249047
v -0.043396 0.943710 0.246659
v -0.034363 0.919083 0.309835
v -0.028168 0.909088 0.325028
v -0.042282 0.915878 0.304829
v -0.030853 0.926651 0.306431
v -0.010696 0.861618 0.395344
v -0.010010 0.883728 0.379890
v -0.010452 0.863998 0.401750
v -0.014618 0.853348 0.392048
v -0.050522 0.597778 0.629781
v -0.071869 0.598938 0.636749
v -0.047440 0.590439 0.624895
v -0.045914 0.605194 0.629217
v -0.013168 0.759064 0.330071
v -0.015335 0.750870 0.325064
v -0.013763 0.774796 0.325031
v -0.013489 0.758621 0.341844
v -0.028732 0.716034 0.384071
v -0.033142 0.719666 0.387401
v -0.023438 0.692276 0.374787
v -0.027145 0.719650 0.382681
v -0.024246 0.669327 0.360286
v -0.020767 0.667068 0.355751
v -0.027649 0.666534 0.360159
v -0.031769 0.755096 0.409266
v -0.039352 0.754700 0.399599
v -0.029968 0.764328 0.408856
v -0.031235 0.754227 0.409902
v -0.004868 0.651611 0.499935
v -0.005981 0.645706 0.488726
v -0.005203 0.660812 0.503762
v -0.005280 0.648438 0.506392
v -0.005905 0.715408 0.576164
v -0.006531 0.727722 0.583932
v -0.008682 0.699142 0.577768
v -0.005280 0.716995 0.571487
v -0.015030 0.659500 0.457322
v -0.018066 0.677109 0.468999
v -0.016296 0.655197 0.458819
v -0.012650 0.659851 0.452010
v -0.008591 0.711823 0.436746
v -0.011383 0.722275 0.432327
v -0.007874 0.710373 0.447368
v -0.009018 0.699417 0.430356
v -0.007385 0.844101 0.524303
v -0.007355 0.837753 0.512076
v -0.008011 0.851974 0.521255
v -0.007858 0.837769 0.528594
v -0.008087 0.805542 0.516733
v -0.007568 0.811966 0.525283
v -0.011032 0.783569 0.521325
v -0.009140 0.809036 0.509309
v -0.008591 0.805084 0.500706
v -0.009232 0.807510 0.503315
v -0.012497 0.782028 0.499999
v -0.007812 0.807693 0.499397
v -0.007507 0.811569 0.499403
v -0.007416 0.827438 0.503590
v -0.006683 0.811401 0.494248
v -0.013824 0.732101 0.157051
v -0.013641 0.734940 0.142435
v -0.011322 0.741318 0.163311
v -0.013901 0.719040 0.166051
v -0.031677 0.657471 0.242846
v -0.034103 0.648300 0.250888
v -0.033234 0.674576 0.252697
v -0.031113 0.657837 0.238039
v -0.041565 0.663574 0.609658
v -0.025650 0.663177 0.595705
v -0.043320 0.668076 0.611881
v -0.042480 0.657135 0.612569
v -0.038528 0.706818 0.629367
v -0.036987 0.699051 0.626145
v -0.034637 0.716339 0.624656
v -0.054993 0.709824 0.642521
v -0.033188 1.068497 0.298157
v -0.026291 1.065750 0.294411
v -0.034073 1.073883 0.288488
v -0.036224 1.067520 0.301358
v -0.038986 1.108505 0.162958
v -0.035110 1.108246 0.155347
v -0.049728 1.107056 0.164741
v -0.032959 1.108231 0.169760
v -0.053421 1.082916 0.279065
v -0.054291 1.083252 0.278727
v -0.048477 1.076828 0.297106
v -0.048508 1.083054 0.274585
v -0.043198 1.106369 0.137982
v -0.035049 1.106384 0.128790
v -0.047104 1.106613 0.136591
v -0.039307 1.106720 0.140075
v -0.129166 0.520859 0.548698
v -0.129669 0.521484 0.546775
v -0.112152 0.512070 0.554624
v -0.129120 0.521606 0.553993
v -0.346054 0.548828 0.456127
v -0.354202 0.563599 0.457442
v -0.347366 0.543518 0.442163
v -0.339066 0.548492 0.460187
v -0.364517 0.560135 0.412385
v -0.364258 0.570282 0.434981
v -0.368805 0.566223 0.399527
v -0.359421 0.550858 0.412434
v -0.373886 0.600311 0.426213
v -0.366760 0.590591 0.437072
v -0.372192 0.611130 0.429962
v -0.377289 0.593491 0.412357
v -0.352402 0.623718 0.455550
v -0.349335 0.605026 0.455220
v -0.348770 0.628265 0.458486
v -0.358536 0.626495 0.450792
v -0.311859 0.664917 0.543631
v -0.318802 0.664047 0.538707
v -0.307220 0.656250 0.549669
v -0.308807 0.669205 0.540686
v -0.317352 0.698380 0.516373
v -0.312653 0.701050 0.520546
v -0.318878 0.699722 0.515374
v -0.318527 0.695038 0.515239
v -0.321823 0.595932 0.525412
v -0.326279 0.603394 0.520963
v -0.318802 0.589996 0.521572
v -0.319229 0.598648 0.533718
v -0.266129 0.658600 0.559582
v -0.265152 0.660736 0.562044
v -0.263397 0.660049 0.551306
v -0.268143 0.654861 0.561828
v -0.287048 0.693161 0.544060
v -0.289581 0.699677 0.547364
v -0.291168 0.692352 0.535705
v -0.281021 0.688919 0.548076
v -0.268295 0.693314 0.574427
v -0.256516 0.692871 0.583979
v -0.273087 0.700577 0.573581
v -0.268936 0.688782 0.567637
v -0.215607 0.609497 0.611969
v -0.206360 0.599121 0.609799
v -0.214401 0.613998 0.612539
v -0.220993 0.608154 0.611935
v -0.211273 0.616379 0.616768
v -0.200470 0.608765 0.616825
v -0.212341 0.619186 0.619441
v -0.212509 0.616226 0.614475
v -0.210236 0.622070 0.622723
v -0.199280 0.617355 0.626389
v -0.212357 0.625519 0.622978
v -0.017670 1.049210 0.349025
v -0.011139 1.040619 0.340484
v -0.019409 1.053177 0.344914
v -0.020157 1.046707 0.356946
v -0.033463 0.566696 0.526443
v -0.032425 0.565781 0.534415
v -0.036285 0.565460 0.525041
v -0.025894 0.578445 0.520433
v -0.015549 0.879745 0.159761
v -0.016098 0.876221 0.180570
v -0.015808 0.874420 0.155910
v -0.015854 0.884445 0.156943
v -0.039719 0.952866 0.202261
v -0.039719 0.951706 0.212390
v -0.037247 0.947418 0.208987
v -0.039673 0.955215 0.192928
v -0.031464 0.951431 0.289401
v -0.039764 0.944763 0.272944
v -0.028580 0.953140 0.287275
v -0.031296 0.951462 0.290121
v -0.160767 1.067780 0.144648
v -0.129364 1.075775 0.139680
v -0.131714 1.083191 0.132067
v -0.141678 1.063812 0.152384
v -0.124908 1.074387 0.138537
v -0.081696 1.102524 0.132345
v -0.096695 1.093170 0.147771
v -0.108490 1.087631 0.141131
v -0.095306 1.087479 0.162948
v -0.092056 1.096451 0.144781
v -0.103424 1.076752 0.167785
v -0.115509 1.072067 0.159305
v -0.101898 1.075134 0.169793
v -0.182739 1.037201 0.278928
v -0.168594 1.037170 0.304258
v -0.181168 1.039124 0.276860
v -0.184921 1.034256 0.278377
v -0.160202 1.051529 0.277971
v -0.153748 1.050079 0.292038
v -0.156876 1.057343 0.263811
v -0.166977 1.048203 0.276371
v -0.271591 0.891922 0.428926
v -0.271042 0.893021 0.428993
v -0.277542 0.883820 0.422179
v -0.272049 0.889587 0.431292
v -0.248871 0.927246 0.416106
v -0.256989 0.922531 0.409498
v -0.247391 0.926086 0.423918
v -0.246704 0.928116 0.411447
v -0.240845 0.952759 0.373825
v -0.227539 0.959427 0.384495
v -0.246567 0.956635 0.359797
v -0.241745 0.947739 0.376413
v -0.244415 0.972198 0.310359
v -0.244202 0.972595 0.309778
v -0.253738 0.963669 0.306642
v -0.244873 0.970123 0.317919
v -0.220108 0.964523 0.386351
v -0.220917 0.971466 0.371502
v -0.211670 0.960052 0.389958
v -0.205750 0.932907 0.408337
v -0.201187 0.937088 0.403559
v -0.222336 0.941315 0.400842
v -0.205048 0.927551 0.411095
v -0.150864 0.904205 0.522659
v -0.159302 0.892929 0.525906
v -0.146622 0.905334 0.521355
v -0.154602 0.905197 0.519695
v -0.136612 0.905136 0.518583
v -0.135498 0.900543 0.518768
v -0.125687 0.916504 0.513139
v -0.156647 0.879379 0.546986
v -0.160538 0.886337 0.532480
v -0.158844 0.875900 0.549000
v -0.152374 0.881714 0.547961
v -0.096832 0.959427 0.506726
v -0.105072 0.950851 0.507801
v -0.090378 0.955521 0.515691
v -0.093964 0.966782 0.496903
v -0.107727 0.937622 0.508277
v -0.108749 0.935532 0.503187
v -0.105560 0.927994 0.519319
v -0.117508 1.077454 0.143712
v -0.120590 1.075058 0.139716
v -0.269470 0.988953 0.184616
v -0.262314 0.988007 0.174892
v -0.277084 0.981232 0.189318
v -0.263351 0.990845 0.196746
v -0.207260 0.925247 0.420651
v -0.218216 0.930222 0.425314
v -0.203064 0.922653 0.423517
v -0.205826 0.925049 0.415413
v -0.130966 0.960617 0.480785
v -0.116928 0.961731 0.487142
v -0.129944 0.963028 0.479151
v -0.133316 0.955994 0.484308
v -0.119141 0.932190 0.505146
v -0.127090 0.939316 0.501992
v -0.112686 0.933746 0.501940
v -0.176163 0.908859 0.459588
v -0.173874 0.921814 0.464452
v -0.180038 0.905762 0.447731
v -0.174484 0.905029 0.462863
v -0.146225 0.971466 0.452494
v -0.145767 0.971558 0.452945
v -0.142807 0.980362 0.438696
v -0.149231 0.969482 0.450985
v -0.104370 0.993912 0.428208
v -0.105362 0.992554 0.423937
v -0.117371 0.989853 0.440246
v -0.091019 0.996994 0.428163
v -0.106583 1.001297 0.416189
v -0.105896 0.994980 0.419477
v -0.091461 1.011459 0.404642
v -0.118103 1.005081 0.415189
v -0.147903 1.045670 0.311464
v -0.138565 1.050262 0.310243
v -0.148422 1.045609 0.311031
v -0.148438 1.041351 0.321297
v -0.113876 1.044312 0.329581
v -0.121552 1.045670 0.334835
v -0.103058 1.040604 0.341401
v -0.113159 1.043289 0.323772
v -0.106903 1.050217 0.320149
v -0.093262 1.049210 0.329578
v -0.111374 1.056168 0.316485
v -0.110596 1.045395 0.320546
v -0.148010 1.046005 0.310436
v -0.138763 1.050629 0.309040
v -0.148193 1.047104 0.307334
v -0.088562 1.070938 0.298599
v -0.082352 1.074692 0.290227
v -0.099731 1.068420 0.296904
v -0.080002 1.067413 0.317068
v -0.174103 1.018463 0.320165
v -0.171021 1.022049 0.315388
v -0.178040 1.008102 0.320845
v -0.174957 1.016342 0.327278
v -0.178711 0.997162 0.319085
v -0.180603 0.991119 0.327478
v -0.176941 0.995560 0.314680
v -0.244919 0.914307 0.444729
v -0.251343 0.904861 0.450151
v -0.234818 0.918701 0.448135
v -0.246460 0.916473 0.439008
v -0.366226 0.682724 0.434830
v -0.367554 0.673874 0.432202
v -0.365753 0.682465 0.436771
v -0.369827 0.682724 0.425244
v -0.373199 0.650726 0.404804
v -0.375122 0.637268 0.386846
v -0.376938 0.649643 0.411879
v -0.367920 0.657654 0.405673
v -0.376541 0.661896 0.393453
v -0.380524 0.668579 0.395881
v -0.379227 0.651703 0.371281
v -0.368927 0.661194 0.402080
v -0.315002 0.767136 0.490653
v -0.318512 0.755371 0.491678
v -0.310913 0.773590 0.491406
v -0.317612 0.763290 0.488369
v -0.345535 0.736267 0.399408
v -0.339417 0.749207 0.381496
v -0.344543 0.729523 0.400593
v -0.348694 0.741547 0.410932
v -0.343277 0.714386 0.472949
v -0.351654 0.704987 0.462005
v -0.340637 0.710541 0.478485
v -0.342163 0.719803 0.471502
v -0.337814 0.895538 0.225394
v -0.332703 0.894745 0.212154
v -0.342102 0.886887 0.229208
v -0.333359 0.901215 0.232826
v -0.287827 0.903519 0.370071
v -0.287506 0.903717 0.370592
v -0.285370 0.910980 0.363014
v -0.289078 0.902161 0.368450
v -0.271973 0.916672 0.374038
v -0.276031 0.913834 0.375992
v -0.266296 0.918121 0.380764
v -0.271606 0.917160 0.370660
v -0.287598 0.870956 0.410972
v -0.288284 0.867691 0.410674
v -0.282120 0.878387 0.416172
v -0.287094 0.874603 0.407963
v -0.308334 0.861557 0.370087
v -0.309158 0.865280 0.362507
v -0.311356 0.843018 0.368700
v -0.304169 0.865677 0.376432
v -0.329056 0.805557 0.420408
v -0.323380 0.808899 0.430127
v -0.328156 0.811798 0.407755
v -0.333771 0.797012 0.420698
v -0.297821 0.785355 0.496273
v -0.311279 0.765121 0.494403
v -0.295471 0.785538 0.496699
v -0.298416 0.786682 0.495465
v -0.257751 0.804291 0.535514
v -0.250900 0.807846 0.536124
v -0.260818 0.804016 0.531030
v -0.256302 0.797607 0.542963
v -0.306107 0.940704 0.211852
v -0.305313 0.935867 0.200755
v -0.307724 0.934570 0.219585
v -0.300262 0.949081 0.209477
v -0.302414 0.911697 0.294296
v -0.303299 0.908905 0.294001
v -0.296295 0.917740 0.298886
v -0.302460 0.913895 0.291525
v -0.302780 0.903900 0.294608
v -0.308182 0.889999 0.292154
v -0.300003 0.903564 0.296995
v -0.301300 0.901062 0.303685
v -0.305328 0.886124 0.304542
v -0.300598 0.904114 0.310685
v -0.299316 0.902588 0.300635
v -0.290115 0.918396 0.321513
v -0.286041 0.923340 0.322408
v -0.293274 0.918793 0.307072
v -0.291977 0.914932 0.322886
v -0.269653 0.923279 0.365569
v -0.272171 0.925827 0.361771
v -0.270584 0.919830 0.367167
v -0.259903 0.927490 0.372434
v -0.047607 0.630142 0.270826
v -0.048630 0.624985 0.264100
v -0.058502 0.632706 0.292321
v -0.043427 0.633011 0.268916
v -0.023911 0.735123 0.112569
v -0.245422 0.763947 0.099461
v -0.248672 0.762451 0.079837
v -0.238449 0.771561 0.103219
v -0.249283 0.758514 0.102851
v -0.231125 0.788910 0.574205
v -0.221497 0.777954 0.591508
v -0.227478 0.796036 0.568426
v -0.239502 0.785324 0.569810
v -0.214157 0.771957 0.599941
v -0.205643 0.774963 0.599958
v -0.214981 0.763062 0.603864
v -0.304031 0.763733 0.500259
v -0.295151 0.770630 0.503673
v -0.303955 0.763504 0.498216
v -0.307022 0.762238 0.501481
v -0.176041 1.021301 0.307162
v -0.171753 1.023010 0.310437
v -0.180099 1.023987 0.299029
v -0.180618 1.010666 0.305777
v -0.180786 0.998428 0.307071
v -0.177658 0.995880 0.310120
v -0.186050 0.996704 0.298515
v -0.047562 0.859848 0.587548
v -0.053940 0.874802 0.582181
v -0.050888 0.851807 0.590346
v -0.038849 0.857910 0.582011
v -0.132767 0.899323 0.526405
v -0.140549 0.895294 0.536271
v -0.120285 0.903519 0.528754
v -0.134140 0.898285 0.521557
v -0.082489 0.513870 0.601009
v -0.307861 0.719757 0.524405
v -0.311661 0.719788 0.518710
v -0.308472 0.710724 0.525660
v -0.304108 0.724197 0.529763
v -0.309189 0.884171 0.328203
v -0.303055 0.894806 0.328441
v -0.312408 0.875671 0.316519
v -0.309875 0.878738 0.336906
v -0.304916 0.926346 0.265577
v -0.303314 0.925217 0.274613
v -0.300385 0.928970 0.262093
v -0.315994 0.918442 0.256055
v -0.272339 0.930023 0.357547
v -0.261719 0.937073 0.362839
v -0.274872 0.929031 0.354568
v -0.381348 0.813644 0.281908
v -0.384659 0.809662 0.275721
v -0.379822 0.810135 0.289554
v -0.377243 0.822144 0.280473
v -0.340591 0.869370 0.262702
v -0.342575 0.871323 0.249372
v -0.336441 0.854996 0.268500
v -0.337387 0.878418 0.267965
v -0.017120 0.666718 0.344862
v -0.012146 0.686081 0.346998
v -0.016876 0.666061 0.347688
v -0.019791 0.662811 0.341376
v -0.017532 0.645462 0.224952
v -0.019516 0.642075 0.222864
v -0.015732 0.662476 0.218822
v -0.014709 0.643570 0.228884
v -0.065826 0.562012 0.609145
v -0.075012 0.561615 0.606890
v -0.068466 0.557983 0.609671
v -0.062164 0.562759 0.607493
v -0.284882 0.543915 0.438004
v -0.287689 0.544418 0.440799
v -0.326859 0.692734 0.508815
v -0.329025 0.691177 0.504900
v -0.324875 0.692535 0.510641
v -0.324936 0.695053 0.510092
v -0.311661 0.693588 0.520655
v -0.313889 0.693329 0.519017
v -0.308258 0.691666 0.522281
v -0.310699 0.696686 0.521724
v -0.201157 0.551193 0.438710
v -0.186752 0.552368 0.441621
v -0.106110 0.508804 0.556154
v -0.105743 0.509232 0.561508
v -0.106369 0.508896 0.555358
v -0.269562 0.953979 0.282218
v -0.268478 0.951660 0.283970
v -0.264801 0.961563 0.284297
v -0.278366 0.948944 0.268229
v -0.272980 0.946762 0.286191
v -0.269852 0.948624 0.285762
v -0.283173 0.938660 0.273423
v -0.273300 0.947510 0.289720
v -0.306870 0.912323 0.202266
v -0.307480 0.919205 0.210840
v -0.306061 0.916306 0.197908
v -0.303772 0.905975 0.199924
v -0.311264 0.903931 0.203789
v -0.313416 0.908112 0.213004
v -0.305176 0.903488 0.200607
v -0.315781 0.899750 0.201759
v -0.352997 0.717819 0.446211
v -0.352478 0.719040 0.447779
v -0.352859 0.721420 0.439141
v -0.354218 0.715744 0.444819
v -0.177567 0.978638 0.312818
v -0.182114 0.979721 0.303765
v -0.178894 0.976791 0.321088
v -0.177109 0.982895 0.312654
v -0.224808 0.935822 0.414008
v -0.219666 0.933304 0.413576
v -0.229675 0.934097 0.408834
v -0.224976 0.934326 0.418279
v -0.133316 1.051193 0.165158
v -0.137939 1.048615 0.163923
v -0.126831 1.057785 0.168037
v -0.130417 1.057022 0.158089
v -0.100418 1.075195 0.171165
v -0.077759 1.092270 0.175483
v -0.102417 1.075623 0.172677
v -0.182205 0.900665 0.470438
v -0.176208 0.902573 0.466229
v -0.192627 0.885056 0.470412
v -0.183365 0.907272 0.480885
v -0.199951 0.788834 0.589192
v -0.199387 0.784393 0.592967
v -0.192276 0.789642 0.584623
v -0.207169 0.792496 0.581949
v -0.262238 0.919922 0.387873
v -0.256577 0.922440 0.391553
v -0.263367 0.919312 0.393757
v -0.284882 0.838120 0.478656
v -0.285065 0.843231 0.471128
v -0.297424 0.819977 0.475632
v -0.278687 0.839996 0.485728
v -0.110855 0.833145 0.617026
v -0.101425 0.829056 0.617554
v -0.112625 0.847610 0.604566
v -0.122574 0.826355 0.617947
v -0.108170 0.907242 0.511672
v -0.115173 0.904816 0.513545
v -0.106995 0.907059 0.516502
v -0.108551 0.914383 0.508902
v -0.056168 0.981216 0.454672
v -0.064041 0.994354 0.441270
v -0.056366 0.978867 0.455352
v -0.053986 0.982117 0.455063
v -0.073425 0.993668 0.429583
v -0.071640 0.994354 0.427800
v -0.077072 0.994507 0.428913
v -0.070435 0.988586 0.443851
v -0.013275 0.908264 0.404961
v -0.015411 0.910889 0.409479
v -0.013077 0.905334 0.404336
v -0.012833 0.910324 0.403924
v -0.112839 1.067856 0.242630
v -0.114944 1.070328 0.247472
v -0.098450 1.070114 0.239967
v -0.114822 1.065598 0.240499
v -0.113342 1.070236 0.234096
v -0.116867 1.072922 0.233669
v -0.115311 1.066315 0.237270
v -0.098892 1.072876 0.228610
v -0.004578 1.097290 0.147676
v -0.003494 1.004379 0.237554
v -0.005081 1.007294 0.242306
v -0.002945 0.999802 0.238361
v -0.003311 1.006409 0.229173
v -0.167358 1.052979 0.145795
v -0.175552 1.052170 0.130704
v -0.016998 0.890228 0.177385
v -0.017548 0.887070 0.187101
v -0.016769 0.889648 0.171205
v -0.016922 0.893890 0.172001
v -0.015869 0.796341 0.306182
v -0.015915 0.801544 0.302666
v -0.015671 0.798065 0.309299
v -0.049713 0.928345 0.286076
v -0.048264 0.924667 0.290654
v -0.046967 0.929489 0.277010
v -0.049179 0.929932 0.285484
v -0.021515 0.742615 0.428469
v -0.020447 0.738052 0.429660
v -0.024490 0.742630 0.416665
v -0.019974 0.748337 0.435481
v -0.029770 0.745453 0.408665
v -0.030853 0.750809 0.409629
v -0.032028 0.736710 0.401946
v -0.036499 0.585129 0.215972
v -0.036331 0.580673 0.213200
v -0.039612 0.582520 0.221992
v -0.035751 0.590317 0.218445
v -0.251984 0.758469 0.053048
v -0.015945 0.838089 0.304925
v -0.017471 0.851257 0.291091
v -0.016159 0.842957 0.311606
v -0.016510 0.827423 0.305939
v -0.014862 0.805161 0.315559
v -0.015244 0.809311 0.313312
v -0.014679 0.801361 0.317174
v -0.023941 0.609314 0.316032
v -0.019165 0.593002 0.298143
v -0.024261 0.609924 0.320975
v -0.016266 0.910355 0.166933
v -0.017273 0.918823 0.165881
v -0.016464 0.902863 0.188486
v -0.016693 0.906326 0.160963
v -0.010651 0.650589 0.420160
v -0.010971 0.645676 0.416317
v -0.009628 0.662521 0.415867
v -0.010620 0.645706 0.464589
v -0.012146 0.635559 0.452183
v -0.010132 0.644760 0.466903
v -0.012100 0.915680 0.402879
v -0.013596 0.919098 0.407143
v -0.010986 0.917084 0.394454
v -0.015244 0.833755 0.567392
v -0.017853 0.847855 0.568774
v -0.018768 0.823761 0.572072
v -0.014816 0.833969 0.564542
v -0.028168 0.994766 0.159772
v -0.032639 0.991928 0.157840
v -0.018799 1.020554 0.164832
v -0.025909 0.991943 0.161503
v -0.025574 0.947845 0.295797
v -0.029877 0.950104 0.292281
v -0.016144 0.956924 0.305230
v -0.026184 0.941940 0.297502
v -0.032562 0.783157 0.384665
v -0.028763 0.802399 0.377345
v -0.036896 0.781860 0.389559
v -0.030701 0.776306 0.382208
v -0.007462 0.632645 0.549569
v -0.006592 0.635818 0.538368
v -0.007019 0.646118 0.563207
v -0.008606 0.623734 0.552362
v -0.010742 0.640167 0.437208
v -0.012238 0.635193 0.443898
v -0.010483 0.646729 0.438941
v -0.010818 0.765411 0.590347
v -0.018829 0.768661 0.597622
v -0.008835 0.750626 0.590648
v -0.010056 0.770859 0.585863
v -0.054733 1.083084 0.279431
v -0.050034 1.076981 0.297709
v -0.059158 1.082214 0.279807
v -0.220154 0.546814 0.521255
v -0.214127 0.544998 0.520907
v -0.235748 0.551346 0.524608
v -0.221725 0.546600 0.519124
v -0.105774 0.511154 0.577107
v -0.111572 0.514435 0.575934
v -0.102417 0.506866 0.575443
v -0.252991 0.612289 0.603911
v -0.251297 0.600067 0.600197
v -0.245514 0.618042 0.610575
v -0.258270 0.617325 0.600300
v -0.305878 0.555481 0.473143
v -0.298569 0.544586 0.467962
v -0.303665 0.561279 0.475880
v -0.314636 0.554825 0.470478
v -0.320068 0.699814 0.514297
v -0.320023 0.704239 0.512700
v -0.274109 0.608337 0.578198
v -0.276260 0.610199 0.573440
v -0.267197 0.593750 0.577205
v -0.271866 0.614960 0.584692
v -0.179489 0.714111 0.611230
v -0.170914 0.705185 0.608256
v -0.179764 0.719315 0.611007
v -0.183456 0.712585 0.610890
v -0.042786 0.944580 0.246719
v -0.044739 0.939209 0.273064
v -0.042175 0.945419 0.244865
v -0.113022 1.072067 0.255029
v -0.099609 1.076202 0.256932
v -0.118362 1.070404 0.259549
v -0.119049 1.073502 0.233771
v -0.131073 1.068161 0.240995
v -0.119919 1.074799 0.230147
v -0.137833 1.072739 0.224093
v -0.137619 1.067352 0.239051
v -0.133698 1.074417 0.222520
v -0.142410 1.071518 0.223066
v -0.271149 0.893188 0.428406
v -0.277206 0.885071 0.421374
v -0.270493 0.896057 0.425743
v -0.245560 0.931808 0.387473
v -0.243042 0.929626 0.391883
v -0.244217 0.936066 0.386121
v -0.245605 0.971771 0.308326
v -0.254593 0.963638 0.304523
v -0.247406 0.972717 0.301862
v -0.200882 0.921295 0.424088
v -0.189194 0.915649 0.415341
v -0.200470 0.917923 0.427688
v -0.200592 0.846878 0.548445
v -0.215240 0.846909 0.535453
v -0.196625 0.842316 0.553108
v -0.197144 0.851318 0.546260
v -0.060898 0.821304 0.599431
v -0.049118 0.806946 0.597149
v -0.060974 0.827454 0.594527
v -0.069244 0.822250 0.606006
v -0.180893 1.058777 0.211434
v -0.169510 1.063232 0.217173
v -0.185196 1.058548 0.194945
v -0.186691 1.053955 0.216649
v -0.229889 0.932251 0.427643
v -0.234192 0.932465 0.418060
v -0.235672 0.928650 0.431998
v -0.227615 0.931534 0.428033
v -0.182816 0.910294 0.484717
v -0.170563 0.920288 0.485173
v -0.182495 0.910538 0.486692
v -0.163605 0.926804 0.490315
v -0.165207 0.925140 0.486193
v -0.167847 0.922989 0.491497
v -0.162857 0.930588 0.486877
v -0.144760 0.972397 0.452352
v -0.140701 0.981430 0.438966
v -0.139832 0.974503 0.453557
v -0.137955 1.004349 0.409399
v -0.140579 0.989166 0.427124
v -0.134766 1.006165 0.408824
v -0.142136 1.001801 0.408560
v -0.177505 1.005875 0.342567
v -0.182327 0.993393 0.348508
v -0.174591 1.007660 0.346113
v -0.165039 1.020752 0.347827
v -0.162674 1.033966 0.322509
v -0.166809 1.017670 0.349496
v -0.161102 1.022781 0.348400
v -0.114212 1.057907 0.314568
v -0.129089 1.054031 0.310217
v -0.114700 1.059402 0.309511
v -0.062637 1.098511 0.189861
v -0.064682 1.099411 0.181076
v -0.067184 1.097198 0.191705
v -0.059525 1.099136 0.189555
v -0.377823 0.649933 0.415184
v -0.370377 0.664703 0.427942
v -0.377686 0.648056 0.416846
v -0.350586 0.729294 0.442494
v -0.351807 0.725723 0.437877
v -0.350677 0.727936 0.445115
v -0.350143 0.733978 0.436836
v -0.274124 0.769043 0.548138
v -0.280045 0.769638 0.539036
v -0.276764 0.751144 0.558671
v -0.265411 0.775146 0.552876
v -0.289856 0.852859 0.420968
v -0.294937 0.841888 0.413593
v -0.290543 0.854874 0.426955
v -0.286697 0.855759 0.419179
v -0.272476 0.948395 0.291862
v -0.262756 0.956070 0.300189
v -0.273849 0.946442 0.292983
v -0.041595 0.633804 0.266848
v -0.035339 0.626633 0.244885
v -0.041214 0.638000 0.267899
v -0.264557 0.722122 0.162838
v -0.270340 0.729111 0.071380
v -0.266525 0.732086 0.071410
v -0.264984 0.735092 0.066697
v -0.266113 0.733795 0.073590
v -0.028564 0.642105 0.223787
v -0.031036 0.628143 0.232470
v -0.029037 0.646759 0.225540
v -0.027008 0.641907 0.223302
v -0.106827 0.509247 0.554739
v -0.112930 0.512955 0.551711
v -0.109497 0.512802 0.548882
v -0.229034 0.547150 0.439878
v -0.265503 0.734589 0.064299
v -0.269836 0.731400 0.064442
v -0.266998 0.733322 0.059094
v -0.265060 0.735168 0.064602
v -0.259460 0.959061 0.302423
v -0.262070 0.956757 0.297377
v -0.258759 0.959763 0.302874
v -0.069275 1.098389 0.176547
v -0.074203 1.098358 0.167868
v -0.068146 1.098831 0.177280
v -0.065704 1.099670 0.177547
v -0.063354 1.101089 0.174607
v -0.066345 1.099380 0.177684
v -0.182663 0.927063 0.428657
v -0.180634 0.934631 0.435453
v -0.183685 0.933640 0.414889
v -0.182526 0.918152 0.431515
v -0.161713 0.889130 0.527283
v -0.154480 0.891983 0.525273
v -0.007370 0.832764 0.505689
v -0.007889 0.826050 0.506006
v -0.007324 0.834885 0.506564
v -0.029343 0.723724 0.504542
v -0.021286 0.732101 0.491053
v -0.027924 0.730515 0.504798
v -0.028717 0.721130 0.503910
v -0.133316 1.052246 0.310882
v -0.132401 1.049088 0.320549
v -0.127701 1.050140 0.313528
v -0.133698 1.052338 0.310242
v -0.141327 0.983917 0.433566
v -0.140656 0.984314 0.433694
v -0.013474 1.104294 0.170005
v -0.018021 1.105911 0.171955
v -0.012283 1.100632 0.175324
v -0.011948 1.103241 0.164592
v -0.137375 1.065460 0.244669
v -0.141144 1.064072 0.247979
v -0.136581 1.065704 0.244676
v -0.029617 0.633560 0.334097
v -0.027832 0.628098 0.333244
v -0.029160 0.634766 0.334888
v -0.032303 0.622894 0.235570
v -0.032639 0.617706 0.233098
v -0.032883 0.623093 0.236118
v -0.009247 0.765472 0.281065
v -0.009384 0.749878 0.299219
v 0.001175 0.748520 0.271955
v -0.009018 0.781281 0.262625
v -0.019775 0.767456 0.284846
v -0.009277 0.654404 0.335038
v -0.012512 0.632874 0.331150
v 0.000580 0.647049 0.324604
v -0.004440 0.680527 0.339609
v -0.018005 0.657669 0.337372
v -0.006775 0.589859 0.271652
v 0.001114 0.598953 0.278279
v -0.006332 0.596420 0.300316
v -0.014343 0.587570 0.272004
v -0.007614 0.583466 0.243899
v -0.008011 0.583588 0.227210
v -0.007614 0.583466 0.243899
v -0.014832 0.581482 0.227153
v -0.007645 0.583725 0.210629
v 0.000900 0.597977 0.240081
v -0.008286 0.602509 0.220528
v -0.018539 0.602570 0.220986
v -0.008224 0.620819 0.230171
v 0.000946 0.617920 0.231441
v -0.007645 0.583725 0.210629
v -0.014908 0.816437 0.193313
v -0.012131 0.804993 0.221939
v 0.000198 0.801971 0.192675
v -0.017105 0.826675 0.167465
v -0.029724 0.819626 0.197880
v -0.004364 0.717712 0.201817
v -0.004410 0.731750 0.187697
v 0.002533 0.731674 0.202077
v -0.003571 0.703293 0.216735
v -0.010941 0.713348 0.195376
v -0.003708 0.683899 0.224345
v -0.003571 0.703293 0.216735
v 0.002472 0.697968 0.227634
v -0.004959 0.664917 0.231404
v -0.011047 0.682068 0.219519
v -0.003586 0.767715 0.126347
v -0.010544 0.759918 0.125198
v 0.003143 0.778442 0.122221
v -0.004257 0.759811 0.146729
v -0.010544 0.616196 0.317103
v -0.012512 0.632874 0.331150
v -0.006332 0.596420 0.300316
v 0.003693 0.614838 0.314823
v -0.007431 0.733276 0.310924
v -0.006332 0.715134 0.324232
v 0.001404 0.714157 0.297938
v -0.009384 0.749878 0.299219
v -0.017059 0.735474 0.314639
v -0.005707 0.698669 0.331659
v -0.004440 0.680527 0.339609
v 0.001633 0.682083 0.317310
v -0.006332 0.715134 0.324232
v -0.012711 0.700638 0.333829
v -0.020782 0.833084 0.145293
v -0.017105 0.826675 0.167465
v -0.001083 0.817932 0.147166
v -0.022812 0.838486 0.125444
v -0.039322 0.837189 0.149225
v -0.010864 0.793716 0.241419
v -0.009018 0.781281 0.262625
v 0.000992 0.777786 0.237610
v -0.012131 0.804993 0.221939
v -0.022446 0.795670 0.245537
v -0.004120 0.745789 0.167332
v -0.004257 0.759811 0.146729
v 0.002792 0.756683 0.166381
v -0.004410 0.731750 0.187697
v -0.006607 0.642029 0.230768
v 0.001526 0.657181 0.237175
v -0.008224 0.620819 0.230171
v -0.004959 0.664917 0.231404
v -0.016464 0.909378 0.135996
v -0.033829 0.948624 0.119128
v -0.036072 0.949692 0.150662
v -0.029053 0.941956 0.113284
v -0.018890 0.916122 0.229140
v -0.019653 0.904572 0.263286
v -0.017227 0.905319 0.225398
v -0.019073 0.924225 0.194169
v -0.022552 0.925232 0.230779
v -0.020493 0.890488 0.287621
v -0.020554 0.874329 0.304372
v -0.018021 0.879196 0.280383
v -0.025787 0.901215 0.292023
v -0.019577 0.853195 0.321975
v -0.018051 0.831680 0.336505
v -0.025162 0.865372 0.330512
v -0.014069 0.790268 0.321473
v -0.013412 0.799881 0.333275
v -0.034073 0.947556 0.174036
v -0.040253 0.955200 0.176335
v -0.030930 0.942566 0.197472
v -0.026993 0.938232 0.171352
v -0.034134 0.849396 0.149383
v -0.029968 0.842163 0.172303
v -0.042755 0.841751 0.150412
v -0.036285 0.855118 0.127239
v -0.023285 0.859146 0.150924
v -0.020798 0.566391 0.199506
v -0.013809 0.571579 0.212570
v -0.016815 0.866791 0.211118
v -0.017044 0.854111 0.239531
v -0.015228 0.857941 0.205176
v -0.018616 0.874252 0.213673
v -0.026047 0.832809 0.199301
v -0.019272 0.841782 0.199835
v -0.023300 0.820831 0.226448
v -0.032776 0.824722 0.199763
v -0.017761 0.867416 0.153465
v -0.018509 0.872879 0.130667
v -0.017090 0.860123 0.174042
v -0.016647 0.902710 0.156169
v -0.016403 0.895798 0.156369
v -0.017776 0.892776 0.221550
v -0.018906 0.880615 0.253386
v -0.018951 0.882553 0.217033
v -0.021500 0.807938 0.247873
v -0.025497 0.800201 0.247790
v -0.016800 0.816818 0.249927
v -0.020355 0.793747 0.267686
v -0.029877 0.561081 0.516795
v -0.035202 0.564255 0.521965
v -0.032059 0.553940 0.518956
v -0.022018 0.557281 0.501750
v -0.017792 0.554031 0.474981
v -0.015259 0.563141 0.473049
v -0.014725 0.541321 0.386359
v -0.015167 0.650894 0.379607
v -0.016830 0.676239 0.391638
v -0.011566 0.643661 0.388905
v -0.013504 0.622375 0.362466
v -0.019547 0.654129 0.373444
v -0.018143 0.700439 0.402393
v -0.018219 0.719162 0.414121
v -0.012512 0.691528 0.408927
v -0.024582 0.707977 0.398509
v -0.008728 0.642426 0.473293
v -0.009674 0.632935 0.469110
v -0.007278 0.657013 0.488518
v -0.017731 0.595490 0.510039
v -0.016098 0.593109 0.528285
v -0.021027 0.593231 0.502428
v -0.012634 0.607559 0.503466
v -0.014023 0.577225 0.472851
v -0.012238 0.585510 0.457181
v -0.013535 0.601913 0.477496
v -0.030334 0.567932 0.551564
v -0.035767 0.562042 0.554374
v -0.022873 0.578094 0.552980
v -0.028549 0.571594 0.575705
v -0.012894 0.621277 0.460791
v -0.012344 0.614639 0.455378
v -0.012787 0.627716 0.449459
v -0.012375 0.622299 0.463686
v -0.029419 0.976593 0.137057
v -0.005478 1.055328 0.150751
v -0.009903 1.051605 0.156679
v -0.006592 1.077225 0.164396
v -0.005539 1.013824 0.317832
v -0.002991 1.004791 0.302203
v -0.005890 1.019073 0.319305
v -0.009338 1.021317 0.337988
v -0.009003 1.006058 0.350631
v -0.011353 1.020233 0.353477
v -0.009659 1.000671 0.363968
v -0.006058 0.985901 0.340954
v -0.009933 0.981964 0.300906
v -0.014893 0.980545 0.307612
v -0.013412 0.967804 0.289861
v -0.004715 0.985916 0.294195
v -0.011642 0.972198 0.316131
v -0.007858 0.968781 0.321988
v -0.015396 0.977325 0.312654
v -0.007858 0.921310 0.369798
v -0.010513 0.904129 0.391212
v -0.007477 0.916031 0.360960
v -0.007492 0.935120 0.367312
v -0.010605 0.896698 0.438271
v -0.008530 0.881927 0.444720
v -0.010941 0.886200 0.426029
v -0.013626 0.907272 0.432171
v -0.010666 0.906769 0.453322
v -0.007431 0.857956 0.442617
v -0.009125 0.859222 0.425601
v -0.006882 0.864395 0.460388
v -0.006836 0.833878 0.437624
v -0.009857 0.872772 0.510507
v -0.007980 0.845856 0.507758
v -0.009720 0.873322 0.496525
v -0.011047 0.882797 0.517111
v -0.013321 0.890427 0.525264
v -0.012039 0.861206 0.546870
v -0.012695 0.915848 0.468528
v -0.010895 0.899551 0.474856
v -0.016037 0.923569 0.461475
v -0.013290 0.835175 0.559520
v -0.011673 0.827515 0.552893
v -0.032486 0.947998 0.488315
v -0.032623 0.948120 0.476903
v -0.047775 0.965057 0.480058
v -0.023773 0.929535 0.455992
v -0.020493 0.921021 0.442475
v -0.031677 0.933395 0.451135
v -0.028427 0.938522 0.465511
v -0.016663 0.963501 0.427502
v -0.021271 0.950180 0.440342
v -0.013428 0.975403 0.408941
v -0.007202 0.950455 0.368725
v -0.005127 0.960251 0.344450
v -0.008224 0.969177 0.376529
v -0.018250 0.925751 0.419703
v -0.020706 0.920258 0.420745
v -0.023285 0.933914 0.433873
v -0.026108 0.956787 0.240604
v -0.036743 0.950333 0.239384
v -0.025467 0.963394 0.206489
v -0.012177 0.966507 0.238239
v -0.023819 0.954956 0.267224
v -0.007660 1.034897 0.311103
v -0.006378 1.030396 0.316928
v -0.010193 1.036835 0.303024
v -0.013184 1.049393 0.326087
v -0.002838 1.000763 0.204939
v -0.003784 1.005096 0.185841
v -0.002304 1.009232 0.207332
v -0.002762 0.992386 0.223633
v -0.004929 0.989258 0.199091
v -0.021301 0.956940 0.281250
v -0.009140 0.909119 0.355339
v -0.014511 0.899918 0.351460
v -0.007751 0.767181 0.565009
v -0.009079 0.770844 0.558208
v -0.009140 0.774780 0.574198
v -0.004456 0.746613 0.563927
v -0.042801 0.616531 0.626979
v -0.065765 0.623474 0.638952
v -0.025452 0.610229 0.613266
v -0.041824 0.630692 0.623402
v -0.046555 0.583572 0.620944
v -0.046066 0.576996 0.615935
v -0.028641 0.586197 0.610848
v -0.071106 0.579987 0.625892
v -0.050110 0.556259 0.604891
v -0.062500 0.552795 0.609830
v -0.048111 0.546860 0.606493
v -0.039124 0.556747 0.597233
v -0.051819 0.561844 0.602825
v -0.024734 0.891342 0.346136
v -0.035995 0.883820 0.340481
v -0.024933 0.867752 0.367074
v -0.024963 0.843216 0.384126
v -0.033905 0.836380 0.376682
v -0.024261 0.818542 0.397583
v -0.031952 0.873047 0.335209
v -0.033371 0.892883 0.315162
v -0.037796 0.878433 0.336769
v -0.030594 0.851288 0.352691
v -0.029068 0.826187 0.367115
v -0.021622 0.819443 0.359142
v -0.034958 0.831436 0.371160
v -0.012115 0.706467 0.342491
v -0.014740 0.702988 0.337809
v -0.014923 0.725739 0.333108
v -0.012024 0.711563 0.350423
v -0.024460 0.656174 0.365080
v -0.027008 0.687149 0.383677
v -0.022705 0.632217 0.347729
v -0.028061 0.661331 0.361426
v -0.025604 0.790176 0.406307
v -0.035187 0.783691 0.396470
v -0.017838 0.793655 0.415011
v -0.009277 0.615219 0.560234
v -0.011353 0.604324 0.555673
v -0.010147 0.627106 0.579410
v -0.010864 0.611008 0.583755
v -0.014435 0.660065 0.580595
v -0.009918 0.657379 0.572532
v -0.015976 0.672913 0.582499
v -0.015320 0.647659 0.586990
v -0.015945 0.608414 0.600957
v -0.017593 0.597397 0.600095
v -0.014664 0.621887 0.597718
v -0.047226 0.571716 0.609847
v -0.070404 0.568146 0.613010
v -0.051102 0.566742 0.604327
v -0.035217 0.573318 0.602111
v -0.008026 0.669434 0.503447
v -0.008118 0.674042 0.519326
v -0.013092 0.675522 0.501055
v -0.023087 0.684662 0.500375
v -0.024994 0.692795 0.518517
v -0.029327 0.688416 0.496948
v -0.021454 0.690506 0.536150
v -0.024719 0.692337 0.540602
v -0.012680 0.681686 0.539576
v -0.010315 0.729248 0.593375
v -0.011978 0.708939 0.592695
v -0.017975 0.729050 0.604504
v -0.026001 0.716064 0.501623
v -0.017105 0.721466 0.487495
v -0.037903 0.712799 0.514313
v -0.025726 0.707687 0.499075
v -0.023926 0.695618 0.488884
v -0.014053 0.698410 0.473776
v -0.029602 0.691650 0.493489
v -0.009964 0.662949 0.444486
v -0.008331 0.670670 0.434788
v -0.009430 0.685486 0.452686
v -0.009232 0.680817 0.421232
v -0.013550 0.794754 0.421340
v -0.009537 0.806763 0.426806
v -0.013321 0.776230 0.431058
v -0.009186 0.706940 0.460665
v -0.010254 0.719528 0.465571
v -0.022278 0.749985 0.503504
v -0.015091 0.757935 0.491845
v -0.025421 0.750229 0.508860
v -0.018661 0.752411 0.525913
v -0.020645 0.728867 0.534491
v -0.024963 0.749954 0.516518
v -0.009094 0.764862 0.539805
v -0.005554 0.812057 0.439548
v -0.005829 0.787109 0.444641
v -0.002792 0.809158 0.459245
v -0.012939 0.741638 0.125163
v -0.013992 0.723679 0.125113
v -0.011978 0.749008 0.104672
v -0.014008 0.705734 0.180242
v -0.014145 0.691757 0.198705
v -0.015732 0.698059 0.169202
v -0.034225 0.797516 0.591116
v -0.031998 0.803009 0.581769
v -0.035278 0.788284 0.601030
v -0.019653 0.789459 0.583570
v -0.027298 0.855240 0.574570
v -0.030304 0.874207 0.566855
v -0.027496 0.839661 0.577875
v -0.038757 0.903000 0.552493
v -0.050049 0.935730 0.532966
v -0.051346 0.905167 0.558270
v -0.058029 0.957169 0.514339
v -0.064499 0.970123 0.496094
v -0.069534 0.954391 0.520378
v -0.072540 0.980469 0.474217
v -0.083359 0.987244 0.459525
v -0.082581 0.978180 0.483097
v -0.065552 0.980087 0.468165
v -0.050415 0.983887 0.453000
v -0.055252 1.001129 0.443113
v -0.044846 0.967331 0.459688
v -0.044312 0.984634 0.450138
v -0.035751 0.983261 0.448138
v -0.039474 1.005096 0.438530
v -0.010910 0.778091 0.580479
v -0.029953 1.065674 0.312909
v -0.035431 1.068649 0.319932
v -0.022644 1.062454 0.323050
v -0.022247 1.055527 0.308112
v -0.035645 1.066650 0.306723
v -0.022110 1.084198 0.192553
v -0.026306 1.078354 0.196105
v -0.020050 1.081833 0.188156
v -0.016342 1.092758 0.187049
v -0.023010 1.088806 0.195583
v -0.019440 1.065002 0.288110
v -0.018494 1.060104 0.286129
v -0.015839 1.069717 0.276581
v -0.071396 1.079605 0.281107
v -0.061081 1.073715 0.306322
v -0.079025 1.082245 0.265124
v -0.082565 1.082123 0.252808
v -0.082321 1.079712 0.242247
v -0.062225 1.088013 0.243137
v -0.041763 1.091263 0.231613
v -0.043823 1.088791 0.223743
v -0.038284 1.090012 0.242877
v -0.023514 1.091629 0.220326
v -0.024826 1.091721 0.196843
v -0.023621 1.095917 0.193404
v -0.032623 1.089096 0.201798
v -0.011566 0.694290 0.584548
v -0.013565 0.689087 0.586335
v -0.016937 1.048798 0.280249
v -0.021072 1.044052 0.285427
v -0.012878 1.032486 0.266553
v -0.010132 1.053329 0.265917
v -0.129272 0.522522 0.542551
v -0.122543 0.521545 0.538735
v -0.144699 0.530167 0.532063
v -0.117798 0.523590 0.532104
v -0.129074 0.532593 0.517010
v -0.112625 0.522095 0.531227
v -0.101578 0.505615 0.549896
v -0.145248 0.539612 0.501668
v -0.141449 0.543152 0.494696
v -0.152557 0.536011 0.510703
v -0.164536 0.544098 0.485579
v -0.198746 0.539764 0.492038
v -0.187714 0.541229 0.480354
v -0.179352 0.538574 0.506202
v -0.211334 0.541122 0.502513
v -0.213501 0.541092 0.477278
v -0.181961 0.546082 0.467556
v -0.177887 0.550552 0.459809
v -0.199295 0.545837 0.458341
v -0.222397 0.544601 0.462155
v -0.242233 0.542831 0.476517
v -0.226212 0.546692 0.452981
v -0.231415 0.546844 0.446117
v -0.257019 0.543655 0.451081
v -0.274506 0.545044 0.471968
v -0.281281 0.545471 0.468146
v -0.271835 0.543411 0.461594
v -0.266464 0.544678 0.479078
v -0.283859 0.550949 0.481111
v -0.232895 0.557083 0.542839
v -0.246674 0.566010 0.546608
v -0.233429 0.556641 0.535940
v -0.214355 0.549179 0.542669
v -0.231461 0.556381 0.552122
v -0.228439 0.556213 0.563927
v -0.243546 0.565369 0.568394
v -0.209900 0.548294 0.555233
v -0.222778 0.557739 0.574667
v -0.185211 0.539871 0.532192
v -0.172089 0.537018 0.527380
v -0.186218 0.540466 0.537999
v -0.200928 0.542953 0.527002
v -0.173798 0.541901 0.566210
v -0.196259 0.551147 0.576709
v -0.180023 0.540298 0.553796
v -0.151443 0.534256 0.563626
v -0.170654 0.545914 0.580792
v -0.092728 0.494354 0.570330
v -0.310760 0.533936 0.443787
v -0.319427 0.536423 0.455286
v -0.321548 0.528503 0.432039
v -0.304138 0.536530 0.433902
v -0.300354 0.538452 0.451460
v -0.243896 0.587265 0.597376
v -0.252213 0.581970 0.585404
v -0.231125 0.576263 0.595218
v -0.233948 0.595932 0.608233
v -0.265823 0.625046 0.595070
v -0.257141 0.638138 0.606052
v -0.272385 0.637375 0.590189
v -0.327377 0.551529 0.465533
v -0.334122 0.571136 0.470018
v -0.350143 0.538757 0.414412
v -0.349640 0.532059 0.382221
v -0.337997 0.526688 0.415063
v -0.370346 0.558548 0.361026
v -0.368011 0.629700 0.438666
v -0.359772 0.655365 0.453087
v -0.374496 0.637543 0.429012
v -0.352768 0.676224 0.463685
v -0.357132 0.683243 0.457188
v -0.348404 0.669907 0.469626
v -0.345383 0.691376 0.473935
v -0.345596 0.638535 0.484938
v -0.341583 0.617859 0.487871
v -0.342850 0.645020 0.493567
v -0.346603 0.653214 0.481984
v -0.346893 0.630371 0.476660
v -0.336945 0.701889 0.486223
v -0.334839 0.691986 0.491872
v -0.328857 0.708878 0.497572
v -0.326279 0.660202 0.529247
v -0.325302 0.674622 0.524452
v -0.332016 0.657043 0.518752
v -0.323898 0.646271 0.536254
v -0.297226 0.728912 0.541058
v -0.296371 0.716919 0.545434
v -0.288452 0.732346 0.554423
v -0.295074 0.744019 0.535144
v -0.278137 0.734940 0.566963
v -0.278595 0.721130 0.571459
v -0.265305 0.737839 0.578923
v -0.279938 0.669510 0.542140
v -0.291962 0.671875 0.539737
v -0.279236 0.662521 0.547618
v -0.274124 0.673233 0.538443
v -0.332962 0.615814 0.514899
v -0.328140 0.622604 0.528740
v -0.337280 0.631180 0.510489
v -0.333557 0.608017 0.504021
v -0.302795 0.641876 0.556117
v -0.312088 0.638687 0.551184
v -0.298828 0.625031 0.559234
v -0.292770 0.645020 0.556828
v -0.275391 0.567337 0.530422
v -0.254089 0.553665 0.519827
v -0.267303 0.571136 0.537466
v -0.288620 0.579025 0.538263
v -0.282455 0.563034 0.519875
v -0.259659 0.578110 0.553837
v -0.271011 0.593964 0.562717
v -0.261169 0.578873 0.547826
v -0.258850 0.577362 0.562467
v -0.281265 0.609009 0.560881
v -0.274597 0.591476 0.553310
v -0.278549 0.611328 0.564303
v -0.282990 0.629105 0.562541
v -0.286057 0.607376 0.558499
v -0.272766 0.647461 0.586806
v -0.262543 0.656113 0.596531
v -0.268524 0.657501 0.580557
v -0.275177 0.643509 0.576297
v -0.271805 0.647385 0.564076
v -0.277802 0.629593 0.569735
v -0.270599 0.647736 0.558924
v -0.244415 0.715210 0.599679
v -0.224594 0.719498 0.610505
v -0.246460 0.726776 0.598428
v -0.263596 0.711670 0.586033
v -0.241684 0.705460 0.598184
v -0.247223 0.741653 0.593003
v -0.229294 0.746338 0.604117
v -0.248718 0.759872 0.581267
v -0.215500 0.749878 0.609391
v -0.213516 0.734726 0.614655
v -0.203659 0.749756 0.611789
v -0.237503 0.680710 0.598883
v -0.241013 0.672424 0.603695
v -0.215195 0.685867 0.609795
v -0.236145 0.688629 0.595222
v -0.254654 0.673615 0.584365
v -0.262329 0.666229 0.568751
v -0.261047 0.674500 0.561727
v -0.245743 0.644943 0.613540
v -0.239395 0.637390 0.616179
v -0.228104 0.644501 0.621332
v -0.246552 0.652451 0.611434
v -0.235626 0.632965 0.616061
v -0.237366 0.628983 0.614226
v -0.226715 0.631348 0.618489
v -0.183136 0.607101 0.627656
v -0.167480 0.596252 0.627559
v -0.181213 0.616486 0.632947
v -0.185715 0.601135 0.621004
v -0.102554 0.576492 0.626698
v -0.101730 0.585495 0.633513
v -0.131729 0.577316 0.626392
v -0.102173 0.570145 0.619182
v -0.201202 0.573502 0.602203
v -0.207565 0.569809 0.597896
v -0.184784 0.559601 0.594770
v -0.196960 0.578796 0.604126
v -0.216537 0.590210 0.609266
v -0.167206 0.549408 0.588924
v -0.145859 0.540634 0.588042
v -0.162354 0.553543 0.592548
v -0.158539 0.560745 0.594132
v -0.136658 0.552414 0.593370
v -0.154556 0.566772 0.594336
v -0.174728 0.572128 0.599067
v -0.106552 0.550323 0.601193
v -0.086441 0.549088 0.608612
v -0.103226 0.556915 0.599969
v -0.117065 0.540558 0.599515
v -0.103500 0.564972 0.609760
v -0.132523 0.565643 0.606228
v -0.101959 0.561600 0.602580
v -0.210602 0.642014 0.628146
v -0.213608 0.633514 0.625937
v -0.194763 0.635941 0.632855
v -0.208572 0.652039 0.628269
v -0.099518 0.597321 0.639712
v -0.093414 0.612366 0.644342
v -0.123001 0.599243 0.640840
v -0.133881 0.629532 0.643852
v -0.152069 0.637024 0.640338
v -0.137131 0.618439 0.643385
v -0.113556 0.626190 0.645696
v -0.130020 0.641098 0.641666
v -0.169342 0.647385 0.636782
v -0.186707 0.657074 0.632484
v -0.173798 0.637039 0.637273
v -0.164261 0.658813 0.633300
v -0.179581 0.732681 0.609611
v -0.174973 0.732468 0.608584
v -0.181076 0.757843 0.604090
v -0.187363 0.742157 0.610455
v -0.139862 0.706497 0.645684
v -0.128876 0.695282 0.651742
v -0.131546 0.712540 0.651155
v -0.146805 0.724594 0.639290
v -0.143341 0.700302 0.639438
v -0.115707 0.714615 0.656312
v -0.113876 0.700363 0.657517
v -0.097290 0.713394 0.657755
v -0.120697 0.731430 0.651854
v -0.113785 0.688583 0.655664
v -0.115341 0.679077 0.650365
v -0.096481 0.685867 0.655532
v -0.168472 0.769073 0.610545
v -0.169983 0.773254 0.605581
v -0.167801 0.758957 0.612547
v -0.163208 0.774124 0.613527
v -0.152313 0.747513 0.631200
v -0.142639 0.751083 0.638082
v -0.155930 0.768814 0.623789
v -0.158463 0.742523 0.623812
v -0.128510 0.790741 0.633154
v -0.147171 0.786163 0.626547
v -0.128204 0.774811 0.638055
v -0.107895 0.792023 0.634527
v -0.133896 0.804550 0.625470
v -0.080704 0.786850 0.629560
v -0.078781 0.768097 0.638304
v -0.054871 0.779236 0.620947
v -0.083969 0.804932 0.621236
v -0.078583 0.749237 0.645255
v -0.076736 0.729172 0.650030
v -0.052490 0.741150 0.635113
v -0.102936 0.753006 0.648574
v -0.076706 0.712372 0.652859
v -0.075974 0.697571 0.652565
v -0.077377 0.686295 0.649701
v -0.079056 0.677109 0.644503
v -0.057083 0.688400 0.638350
v -0.124512 0.652725 0.637003
v -0.106262 0.649078 0.638868
v -0.119232 0.663101 0.635237
v -0.141342 0.660141 0.632416
v -0.194580 0.708344 0.609964
v -0.191513 0.701111 0.607522
v -0.203735 0.717178 0.613059
v -0.216553 0.702667 0.605885
v -0.191544 0.686951 0.615711
v -0.199127 0.674698 0.622812
v -0.174301 0.682526 0.619838
v -0.190125 0.695755 0.609097
v -0.017868 0.744003 0.321433
v -0.020096 0.738892 0.318426
v -0.020187 0.761368 0.306118
v -0.015701 0.891129 0.133312
v -0.016602 0.979568 0.310683
v -0.014328 0.995193 0.321491
v -0.021362 0.964005 0.299878
v -0.040955 0.947372 0.239429
v -0.041656 0.958130 0.178295
v -0.037552 0.961472 0.178719
v -0.246109 0.982391 0.166022
v -0.235733 0.987228 0.180069
v -0.238098 0.977386 0.160069
v -0.265594 0.973969 0.162638
v -0.211792 1.013214 0.157605
v -0.203598 1.005569 0.162921
v -0.197723 1.032059 0.150952
v -0.181610 1.032104 0.151680
v -0.056671 1.104797 0.167710
v -0.065231 1.102936 0.159100
v -0.054886 1.103577 0.177544
v -0.153809 1.055069 0.170125
v -0.154724 1.066849 0.179848
v -0.132980 1.065399 0.173948
v -0.151382 1.044373 0.162731
v -0.169250 1.047287 0.167211
v -0.181610 1.041397 0.167507
v -0.194839 1.030319 0.169731
v -0.185593 1.050278 0.175971
v -0.179718 1.031006 0.160298
v -0.210480 1.037491 0.188334
v -0.215210 1.032288 0.199567
v -0.204803 1.044189 0.200304
v -0.199585 1.046585 0.184540
v -0.210464 1.028870 0.181891
v -0.214600 1.000809 0.208411
v -0.216003 1.017242 0.215733
v -0.214279 1.004562 0.185398
v -0.212128 0.988800 0.207266
v -0.208664 1.000992 0.243517
v -0.213257 1.028519 0.219683
v -0.205673 1.038376 0.221764
v -0.204391 1.027206 0.246836
v -0.196609 0.997574 0.276542
v -0.197083 1.013184 0.274645
v -0.195099 0.987152 0.277479
v -0.151489 1.060669 0.255970
v -0.140198 1.063034 0.261629
v -0.153854 1.062927 0.240970
v -0.122284 1.078430 0.220018
v -0.102234 1.084976 0.215317
v -0.120621 1.083344 0.206181
v -0.242447 0.942078 0.381694
v -0.253098 0.974396 0.283867
v -0.241852 0.983139 0.282624
v -0.265350 0.971542 0.260828
v -0.229568 0.987915 0.280500
v -0.217743 0.988876 0.278645
v -0.241776 0.989334 0.248314
v -0.221298 0.985001 0.312744
v -0.205826 0.986404 0.279601
v -0.196228 0.982407 0.311936
v -0.198181 0.983795 0.278680
v -0.219650 0.988907 0.242824
v -0.195984 0.976669 0.344135
v -0.198502 0.965805 0.372894
v -0.186188 0.972626 0.344127
v -0.208038 0.979858 0.344575
v -0.219650 0.979095 0.344386
v -0.232361 0.973633 0.343897
v -0.197952 0.947205 0.393819
v -0.189102 0.941650 0.393201
v -0.199142 0.908218 0.438038
v -0.186615 0.902847 0.432608
v -0.215576 0.917755 0.445854
v -0.204895 0.892807 0.453801
v -0.171097 0.784561 0.594375
v -0.171951 0.795609 0.582849
v -0.173615 0.776871 0.592889
v -0.167435 0.793167 0.598807
v -0.084549 0.821655 0.614054
v -0.088226 0.848297 0.600107
v -0.150909 0.846191 0.587270
v -0.136765 0.856094 0.586882
v -0.160385 0.856567 0.569779
v -0.165421 0.836014 0.583756
v -0.144821 0.833374 0.601936
v -0.188583 0.861496 0.540622
v -0.193130 0.870102 0.528126
v -0.172989 0.864883 0.548000
v -0.211823 0.872940 0.506018
v -0.212204 0.867996 0.497352
v -0.221603 0.852982 0.519396
v -0.206345 0.875732 0.512639
v -0.196960 0.894669 0.495383
v -0.082413 0.885483 0.574537
v -0.068146 0.859772 0.589917
v -0.075851 0.893387 0.572817
v -0.094681 0.909195 0.552537
v -0.086075 0.880173 0.573485
v -0.083359 0.945923 0.528836
v -0.075714 0.928085 0.546245
v -0.096191 0.933472 0.535250
v -0.102280 0.921738 0.532317
v -0.103470 0.911148 0.530664
v -0.194351 1.047592 0.222104
v -0.185791 1.046661 0.245347
v -0.259262 0.888351 0.459585
v -0.267944 0.886276 0.447150
v -0.271729 0.867752 0.464102
v -0.251648 0.888336 0.468259
v -0.226089 0.920258 0.449244
v -0.224442 0.927078 0.438808
v -0.232025 0.908356 0.459906
v -0.224457 0.931152 0.428985
v -0.207352 0.860184 0.482723
v -0.208389 0.856812 0.474054
v -0.221344 0.836746 0.502958
v -0.181259 0.911331 0.491830
v -0.175690 0.911774 0.499959
v -0.171326 0.930786 0.464828
v -0.167603 0.925934 0.478709
v -0.166260 0.935669 0.470563
v -0.173874 0.935913 0.453376
v -0.125198 0.969101 0.476310
v -0.114944 0.964844 0.485222
v -0.111420 0.974350 0.477819
v -0.127487 0.973801 0.468692
v -0.177261 0.973053 0.400812
v -0.182434 0.961258 0.398896
v -0.177139 0.955978 0.422558
v -0.168137 0.983170 0.404473
v -0.175583 0.991211 0.377543
v -0.182693 0.982620 0.345727
v -0.182098 0.974579 0.345116
v -0.184677 0.968918 0.373648
v -0.094131 1.038528 0.354465
v -0.087418 1.035065 0.350177
v -0.102554 1.039871 0.364415
v -0.087662 1.033859 0.371495
v -0.082428 1.048340 0.345962
v -0.078629 1.057022 0.344802
v -0.083435 1.038071 0.347637
v -0.074387 1.040909 0.369354
v -0.203125 0.800751 0.551469
v -0.198776 0.800598 0.543963
v -0.222137 0.810272 0.530251
v -0.213074 0.802139 0.557079
v -0.188721 0.792786 0.567895
v -0.195633 0.877899 0.518744
v -0.179901 0.892990 0.514256
v -0.164124 0.867264 0.553616
v -0.223877 0.826752 0.515931
v -0.214264 0.821091 0.530058
v -0.223114 0.835648 0.524120
v -0.223526 0.818573 0.510628
v -0.374512 0.603424 0.282226
v -0.378006 0.609512 0.264987
v -0.352631 0.593887 0.270566
v -0.368179 0.598480 0.297419
v -0.390839 0.618240 0.297423
v -0.380035 0.617035 0.251954
v -0.378754 0.623108 0.241240
v -0.358292 0.605072 0.245685
v -0.395798 0.632187 0.259861
v -0.378754 0.632202 0.348316
v -0.391434 0.634872 0.336183
v -0.373001 0.610428 0.326025
v -0.367584 0.629639 0.354179
v -0.409943 0.661987 0.228174
v -0.400314 0.665131 0.233624
v -0.415344 0.679764 0.232491
v -0.432617 0.727173 0.228007
v -0.430420 0.698929 0.230220
v -0.419067 0.699875 0.237801
v -0.408890 0.702103 0.242224
v -0.417648 0.723526 0.244382
v -0.413666 0.700424 0.253900
v -0.419281 0.697968 0.266195
v -0.414352 0.721603 0.259340
v -0.407532 0.702087 0.246725
v -0.408417 0.680023 0.247866
v -0.421539 0.693207 0.285663
v -0.419693 0.687241 0.308784
v -0.419754 0.716187 0.291530
v -0.416580 0.669937 0.277799
v -0.377380 0.643082 0.421369
v -0.368835 0.663895 0.435651
v -0.384796 0.621094 0.400296
v -0.384857 0.598587 0.374177
v -0.382553 0.607895 0.369601
v -0.378448 0.578476 0.346415
v -0.382309 0.589203 0.379292
v -0.400787 0.722366 0.340260
v -0.387177 0.716202 0.364671
v -0.386047 0.743973 0.339433
v -0.408752 0.729752 0.318086
v -0.408920 0.703751 0.338693
v -0.413620 0.735870 0.295012
v -0.414948 0.739487 0.274711
v -0.403015 0.754044 0.297461
v -0.414200 0.744583 0.249256
v -0.419769 0.749420 0.243650
v -0.408340 0.743011 0.253127
v -0.405624 0.764038 0.255265
v -0.404144 0.791016 0.245717
v -0.400726 0.783539 0.255866
v -0.395599 0.800705 0.256687
v -0.403320 0.798706 0.235213
v -0.414185 0.776077 0.238697
v -0.339355 0.784897 0.420885
v -0.334076 0.779861 0.442669
v -0.342316 0.785416 0.404703
v -0.343826 0.769257 0.427473
v -0.325226 0.751434 0.482310
v -0.324646 0.742752 0.488446
v -0.325150 0.763016 0.474688
v -0.333649 0.738022 0.475729
v -0.349731 0.746490 0.420280
v -0.348526 0.751038 0.429132
v -0.347672 0.764008 0.402521
v -0.365448 0.678619 0.440029
v -0.363556 0.682205 0.444524
v -0.366989 0.672791 0.434699
v -0.323273 0.890610 0.200511
v -0.333664 0.875748 0.201810
v -0.344330 0.871841 0.233195
v -0.344315 0.867096 0.215877
v -0.344040 0.853394 0.232611
v -0.339981 0.836838 0.227667
v -0.333771 0.838104 0.249867
v -0.343140 0.842377 0.212113
v -0.340271 0.828247 0.226711
v -0.377075 0.805145 0.299916
v -0.370316 0.811798 0.306338
v -0.382782 0.796967 0.290097
v -0.380005 0.792511 0.303526
v -0.359268 0.818771 0.313453
v -0.345215 0.822205 0.317585
v -0.364258 0.828018 0.295226
v -0.360016 0.800537 0.327952
v -0.324448 0.819244 0.319753
v -0.308594 0.814697 0.321365
v -0.329910 0.829544 0.296465
v -0.326981 0.799683 0.340750
v -0.310699 0.870056 0.349364
v -0.299545 0.888336 0.358265
v -0.316025 0.851791 0.340354
v -0.305756 0.823578 0.364759
v -0.302231 0.832397 0.378668
v -0.309158 0.823700 0.351213
v -0.299316 0.812866 0.364232
v -0.311295 0.810928 0.373929
v -0.321533 0.814209 0.385818
v -0.305283 0.821732 0.387864
v -0.301041 0.809296 0.366858
v -0.317978 0.796768 0.366980
v -0.249222 0.807098 0.508301
v -0.246429 0.805847 0.501614
v -0.266251 0.796753 0.509331
v -0.256638 0.806915 0.518600
v -0.238953 0.812546 0.510700
v -0.254089 0.823410 0.496068
v -0.265366 0.832779 0.494218
v -0.272141 0.804214 0.498264
v -0.247696 0.810562 0.497825
v -0.238495 0.840820 0.488857
v -0.284866 0.860092 0.417421
v -0.280258 0.872910 0.425759
v -0.285446 0.861130 0.414444
v -0.288986 0.843658 0.407612
v -0.287506 0.862335 0.411573
v -0.292709 0.851074 0.403543
v -0.282318 0.875290 0.416997
v -0.277939 0.968262 0.237468
v -0.264450 0.983017 0.227595
v -0.286224 0.965668 0.218945
v -0.287460 0.952591 0.248463
v -0.383240 0.792297 0.284183
v -0.383499 0.792862 0.280280
v -0.385376 0.786942 0.282302
v -0.329514 0.889984 0.273232
v -0.315765 0.907272 0.278621
v -0.329391 0.902405 0.258872
v -0.323410 0.879395 0.284737
v -0.326523 0.908722 0.243299
v -0.319931 0.912781 0.231831
v -0.312912 0.913940 0.225027
v -0.306107 0.915268 0.223683
v -0.306778 0.922226 0.241443
v -0.071869 0.633774 0.315504
v -0.084595 0.635254 0.333453
v -0.067307 0.650375 0.318589
v -0.074692 0.620895 0.308461
v -0.098770 0.640533 0.349075
v -0.100204 0.626328 0.346206
v -0.112198 0.646957 0.361979
v -0.099487 0.660797 0.351712
v -0.099823 0.681702 0.346858
v -0.098938 0.704346 0.334479
v -0.081848 0.676361 0.333994
v -0.114151 0.685730 0.355331
v -0.097000 0.727570 0.316177
v -0.094238 0.749420 0.292382
v -0.078918 0.721100 0.307526
v -0.110733 0.731613 0.321953
v -0.091187 0.790466 0.205642
v -0.090897 0.796463 0.177863
v -0.072937 0.780624 0.202054
v -0.091461 0.780457 0.236047
v -0.105087 0.797516 0.210449
v -0.092239 0.802933 0.123472
v -0.040192 0.649750 0.271122
v -0.050858 0.659470 0.297877
v -0.039413 0.668976 0.274914
v -0.034943 0.749329 0.188681
v -0.033859 0.755020 0.164083
v -0.029907 0.731827 0.182372
v -0.035568 0.738892 0.212438
v -0.042694 0.762909 0.192868
v -0.033112 0.758301 0.140666
v -0.032074 0.759064 0.115865
v -0.028351 0.743408 0.138603
v -0.040985 0.771545 0.142153
v -0.058212 0.750717 0.252927
v -0.044128 0.739456 0.245647
v -0.059525 0.733139 0.277953
v -0.075409 0.759659 0.258997
v -0.057297 0.763977 0.225317
v -0.262863 0.698044 0.231402
v -0.268326 0.731659 0.110314
v -0.251984 0.687775 0.282710
v -0.251770 0.703796 0.258681
v -0.238922 0.708084 0.286033
v -0.252060 0.669189 0.303175
v -0.251740 0.717636 0.230489
v -0.252731 0.728439 0.198208
v -0.237762 0.738129 0.229731
v -0.226181 0.672028 0.345766
v -0.211609 0.667358 0.361357
v -0.226883 0.690231 0.330501
v -0.226562 0.708023 0.311443
v -0.213318 0.705215 0.333401
v -0.238708 0.671829 0.326764
v -0.225021 0.725891 0.288386
v -0.223236 0.742310 0.261049
v -0.210434 0.740952 0.289935
v -0.223083 0.774261 0.165330
v -0.225357 0.780426 0.131808
v -0.208038 0.789520 0.163693
v -0.221558 0.766739 0.196954
v -0.238708 0.757492 0.163916
v -0.164398 0.820114 0.163222
v -0.162552 0.812119 0.193809
v -0.179413 0.814316 0.164433
v -0.166595 0.825500 0.133655
v -0.148346 0.821503 0.161211
v -0.163193 0.732834 0.332984
v -0.162994 0.711227 0.351814
v -0.179138 0.727448 0.334972
v -0.163361 0.752609 0.311583
v -0.148209 0.734695 0.330436
v -0.162994 0.689148 0.366604
v -0.160980 0.667358 0.375821
v -0.178177 0.685287 0.367692
v -0.148026 0.691315 0.363385
v -0.157196 0.644028 0.379671
v -0.149750 0.618225 0.376011
v -0.171524 0.638672 0.381387
v -0.144012 0.646271 0.375959
v -0.199936 0.814087 0.101269
v -0.185944 0.824463 0.101008
v -0.197342 0.809067 0.132541
v -0.214142 0.799469 0.100967
v -0.194641 0.753632 0.290740
v -0.178070 0.764038 0.289879
v -0.196182 0.736404 0.314338
v -0.192215 0.769928 0.263153
v -0.194809 0.678513 0.365413
v -0.192642 0.655731 0.374643
v -0.196121 0.698547 0.352201
v -0.134445 0.690369 0.361010
v -0.134415 0.711945 0.346647
v -0.124664 0.688156 0.359607
v -0.133835 0.669052 0.369812
v -0.132797 0.735397 0.326845
v -0.131531 0.756683 0.304300
v -0.121582 0.733994 0.325114
v -0.129974 0.775452 0.277770
v -0.146759 0.774536 0.283426
v -0.129532 0.790848 0.249388
v -0.116806 0.774536 0.273695
v -0.132355 0.819366 0.158253
v -0.131195 0.812866 0.187143
v -0.133987 0.823395 0.129211
v -0.119980 0.816315 0.155279
v -0.270981 0.729889 0.045827
v -0.266449 0.736237 0.049223
v -0.265015 0.738602 0.079761
v -0.261261 0.744385 0.070856
v -0.262405 0.743134 0.089627
v -0.270355 0.729065 0.087045
v -0.343918 0.588669 0.295070
v -0.057373 1.014816 0.431827
v -0.049408 1.017914 0.429154
v -0.059158 1.026367 0.417313
v -0.064560 1.009598 0.431876
v -0.060196 1.040726 0.395040
v -0.051407 1.044174 0.390019
v -0.063110 1.054428 0.367709
v -0.066956 1.035324 0.396757
v -0.082809 1.089630 0.211639
v -0.081299 1.092865 0.203691
v -0.082291 1.084473 0.218255
v -0.063400 1.093002 0.207816
v -0.048080 1.095062 0.202966
v -0.048172 1.097717 0.196749
v -0.047089 1.091721 0.206199
v -0.033630 1.097183 0.195637
v -0.196472 0.775604 0.598808
v -0.193970 0.762650 0.605785
v -0.187943 0.774887 0.596767
v -0.097092 0.875336 0.578031
v -0.091049 0.876572 0.574704
v -0.107147 0.897156 0.553339
v -0.107254 0.873734 0.580496
v -0.076080 0.547363 0.611783
v -0.078018 0.539810 0.611604
v -0.309525 0.862396 0.305462
v -0.312119 0.846481 0.313582
v -0.305374 0.859558 0.298943
v -0.280273 0.907440 0.380867
v -0.285034 0.905121 0.373806
v -0.282455 0.898865 0.389636
v -0.271805 0.912827 0.391490
v -0.367828 0.830978 0.279259
v -0.355057 0.834747 0.277707
v -0.373703 0.828613 0.264475
v -0.013199 0.575562 0.227303
v -0.009171 0.565689 0.227049
v -0.013367 0.577606 0.247083
v -0.023422 0.641159 0.222799
v -0.025223 0.622009 0.227933
v -0.021454 0.658752 0.211356
v -0.020203 0.587997 0.596570
v -0.024475 0.579941 0.594919
v -0.017715 0.589401 0.579070
v -0.029297 0.573898 0.592947
v -0.033829 0.568573 0.588398
v -0.041962 0.556503 0.528893
v -0.213486 0.615845 0.613218
v -0.200851 0.606369 0.611047
v -0.222046 0.622284 0.613723
v -0.185425 0.594498 0.605873
v -0.187256 0.591873 0.605234
v -0.168869 0.581635 0.599760
v -0.184967 0.595352 0.608151
v -0.035461 0.566055 0.586847
v -0.033966 0.564270 0.574885
v -0.041763 0.565857 0.594972
v -0.034363 0.562500 0.586929
v -0.037552 0.559769 0.555744
v -0.035980 0.556763 0.556161
v -0.037308 0.564819 0.524352
v -0.021820 0.593018 0.498816
v -0.015762 0.604767 0.485503
v -0.285477 0.543808 0.447864
v -0.281204 0.543732 0.448772
v -0.283691 0.543747 0.457212
v -0.288391 0.543152 0.450488
v -0.302292 0.563583 0.477474
v -0.290131 0.551208 0.473980
v -0.301102 0.563828 0.480208
v -0.316803 0.579071 0.475773
v -0.329803 0.594009 0.467666
v -0.329407 0.594421 0.470959
v -0.340179 0.610275 0.460216
v -0.333023 0.591965 0.466209
v -0.347168 0.629929 0.460367
v -0.346695 0.629425 0.463046
v -0.349731 0.649811 0.465369
v -0.346680 0.667221 0.472436
v -0.346436 0.665405 0.474449
v -0.340622 0.680405 0.482003
v -0.334152 0.687744 0.494384
v -0.334503 0.685211 0.495715
v -0.319595 0.692780 0.514780
v -0.320602 0.689789 0.516328
v -0.272263 0.674835 0.537226
v -0.271271 0.676834 0.541877
v -0.285324 0.680923 0.531836
v -0.298340 0.695297 0.529973
v -0.297714 0.703659 0.536705
v -0.305557 0.701447 0.527159
v -0.297974 0.689514 0.527482
v -0.322433 0.683762 0.520736
v -0.329178 0.683823 0.510393
v -0.314926 0.681610 0.527450
v -0.367905 0.670334 0.431780
v -0.367767 0.667389 0.424315
v -0.366302 0.660477 0.405463
v -0.364792 0.648087 0.380979
v -0.396912 0.665787 0.235785
v -0.398224 0.665314 0.238155
v -0.390564 0.649948 0.233670
v -0.405518 0.703064 0.244114
v -0.407074 0.722900 0.250027
v -0.406204 0.742294 0.255140
v -0.407654 0.741379 0.257605
v -0.400909 0.759781 0.260695
v -0.275391 0.936584 0.322793
v -0.261703 0.950821 0.329567
v -0.275467 0.939240 0.309152
v -0.276459 0.931046 0.341198
v -0.289368 0.964691 0.201013
v -0.286789 0.964035 0.182371
v -0.280060 0.880814 0.418795
v -0.352539 0.723633 0.436400
v -0.350525 0.724350 0.426689
v -0.352097 0.723419 0.440671
v -0.294296 0.919373 0.301285
v -0.296127 0.914490 0.300456
v -0.289017 0.925385 0.302183
v -0.283737 0.914536 0.360421
v -0.284225 0.912277 0.363372
v -0.281891 0.918152 0.357679
v -0.285690 0.912781 0.357203
v -0.297501 0.809235 0.364566
v -0.294525 0.819931 0.379228
v -0.344727 0.726456 0.401144
v -0.334564 0.737091 0.373324
v -0.347610 0.725677 0.398797
v -0.298874 0.903305 0.298695
v -0.301880 0.884933 0.296922
v -0.268448 0.950089 0.285090
v -0.278122 0.941238 0.269059
v -0.303497 0.916382 0.222861
v -0.300583 0.924118 0.237095
v -0.303925 0.919235 0.222144
v -0.303009 0.909409 0.210161
v -0.176483 0.995117 0.312171
v -0.174561 1.010147 0.311974
v -0.242767 0.928284 0.394207
v -0.243881 0.927628 0.396866
v -0.258682 0.921783 0.378115
v -0.176682 1.050385 0.129586
v -0.173294 1.034454 0.148723
v -0.150269 1.041046 0.160012
v -0.151917 1.044312 0.158010
v -0.182037 0.906967 0.435228
v -0.183914 0.912155 0.417635
v -0.195221 0.834274 0.554788
v -0.179550 0.831253 0.569667
v -0.212357 0.837982 0.539284
v -0.196014 0.824326 0.552461
v -0.181351 0.775757 0.592686
v -0.177582 0.774155 0.592360
v -0.182144 0.784210 0.583727
v -0.164474 0.734772 0.616050
v -0.157913 0.711884 0.621316
v -0.169586 0.732635 0.610052
v -0.166397 0.923935 0.484500
v -0.168793 0.918488 0.479066
v -0.172333 0.732162 0.608145
v -0.168488 0.709671 0.607623
v -0.175674 0.757507 0.604558
v -0.175415 0.773819 0.592521
v -0.173584 0.783157 0.578214
v -0.172623 0.786682 0.569008
v -0.172455 0.790665 0.569996
v -0.175491 0.787109 0.570509
v -0.197418 0.801025 0.541125
v -0.196442 0.803879 0.543006
v -0.215912 0.811172 0.523408
v -0.279144 0.782257 0.499976
v -0.281998 0.783081 0.498851
v -0.292587 0.771057 0.498549
v -0.279633 0.782379 0.502410
v -0.263565 0.794785 0.500335
v -0.264145 0.917801 0.402088
v -0.265884 0.913300 0.409512
v -0.243958 0.662888 0.608073
v -0.223755 0.664993 0.618846
v -0.012711 0.632858 0.447014
v -0.013672 0.638885 0.450956
v -0.012711 0.631241 0.446052
v -0.041962 0.711700 0.519118
v -0.038116 0.721542 0.517496
v -0.038284 0.706192 0.525536
v -0.007339 0.835953 0.507211
v -0.019394 0.751495 0.437991
v -0.022949 0.753128 0.423477
v -0.017380 0.756485 0.439512
v -0.018387 0.747528 0.454621
v -0.088135 0.877594 0.573439
v -0.098801 0.899521 0.549952
v -0.074631 0.851334 0.590726
v -0.026031 0.693466 0.542147
v -0.023788 0.697449 0.543320
v -0.026901 0.749405 0.512110
v -0.014893 0.783386 0.506707
v -0.093842 0.990967 0.454785
v -0.098297 0.985275 0.467771
v -0.089294 0.994446 0.442014
v -0.107285 0.989243 0.456035
v -0.111389 1.033722 0.378126
v -0.097794 1.029999 0.386958
v -0.121185 1.036453 0.365155
v -0.118271 1.022949 0.393915
v -0.068237 1.004105 0.427038
v -0.069260 0.998123 0.425646
v -0.069580 1.012848 0.414101
v -0.060562 0.978149 0.464632
v -0.058578 0.977676 0.458948
v -0.072723 0.998550 0.411665
v -0.071747 0.997757 0.415493
v -0.072845 1.003860 0.404162
v -0.081375 0.997253 0.413278
v -0.075974 0.997559 0.417227
v -0.057068 0.977646 0.456496
v -0.045639 0.963165 0.467595
v -0.066177 0.989319 0.440838
v -0.004517 1.003662 0.264997
v -0.009491 1.020294 0.280523
v -0.002182 0.993759 0.252660
v -0.008011 1.011475 0.259100
v -0.012573 1.078232 0.252596
v -0.021606 1.081192 0.257253
v -0.006821 1.072647 0.247814
v -0.010468 1.086044 0.227335
v -0.020630 1.057938 0.336452
v -0.028931 1.062759 0.338319
v -0.019943 1.086700 0.207188
v -0.016388 1.088364 0.210432
v -0.018936 1.083084 0.204795
v -0.029465 1.086594 0.209742
v -0.045639 1.084030 0.218173
v -0.046005 1.081253 0.213142
v -0.063538 1.079712 0.227299
v -0.081421 1.074722 0.234744
v -0.081024 1.069626 0.230093
v -0.081833 1.076981 0.223273
v -0.081268 1.070251 0.226677
v -0.063690 1.081299 0.217287
v -0.006683 1.005020 0.173317
v -0.004807 1.023300 0.176900
v -0.008087 0.992310 0.178954
v -0.012314 1.000824 0.166728
v -0.003967 1.037781 0.219800
v -0.003159 1.021286 0.209663
v -0.002548 1.044235 0.200483
v -0.005096 1.052139 0.235148
v -0.007034 1.026840 0.240673
v -0.004501 1.046295 0.189236
v -0.009293 1.046631 0.183383
v -0.004898 1.067459 0.203023
v -0.016418 1.045975 0.178825
v -0.022797 1.044937 0.175443
v -0.017532 1.066269 0.193468
v -0.008698 1.088379 0.172519
v -0.012344 1.084885 0.178551
v -0.007111 1.093369 0.164892
v -0.011169 1.093994 0.177447
v -0.013107 1.097626 0.181010
v -0.016312 1.099152 0.184536
v -0.022293 1.099136 0.188481
v -0.024414 1.101517 0.184322
v -0.019608 1.107346 0.132425
v -0.047211 1.074661 0.304099
v -0.049515 1.072952 0.311460
v -0.043869 1.072586 0.304126
v -0.135132 1.066071 0.244556
v -0.132812 1.066238 0.250425
v -0.129196 1.066116 0.242867
v -0.022278 1.041901 0.288120
v -0.020416 1.040848 0.290941
v -0.015533 1.026077 0.272650
v -0.029587 1.057175 0.299244
v -0.009354 1.014389 0.255293
v -0.009537 1.016312 0.253389
v -0.027527 1.075928 0.197309
v -0.025162 1.076340 0.198565
v -0.026596 1.065048 0.189040
v -0.081329 1.067871 0.228294
v -0.098495 1.064774 0.233932
v -0.115738 1.064926 0.239059
v -0.028580 0.637589 0.336068
v -0.026413 0.643219 0.336446
v -0.025558 0.646896 0.340948
v -0.029037 0.643845 0.342397
v -0.041412 0.750977 0.394537
v -0.039658 0.743362 0.393579
v -0.037857 0.744049 0.390739
v -0.041916 0.753006 0.395171
v -0.021088 0.659210 0.338962
v -0.015778 0.681778 0.340195
v -0.015335 0.701569 0.335403
v -0.017639 0.719528 0.326810
v -0.026566 0.796967 0.247356
v -0.030243 0.809586 0.225224
v -0.024216 0.783371 0.267406
v -0.034821 0.821335 0.199711
v -0.040024 0.831406 0.173845
v -0.019272 0.877960 0.215007
v -0.020767 0.865067 0.247290
v -0.020615 0.850693 0.270028
v -0.019592 0.847504 0.267155
v -0.020218 0.855255 0.271888
v -0.019150 0.835037 0.287652
v -0.016312 0.814453 0.292559
v -0.016510 0.827011 0.279385
v -0.017075 0.816101 0.297998
v -0.015381 0.806290 0.291054
v -0.038361 0.781448 0.392216
v -0.036301 0.806931 0.385918
v -0.040955 0.762405 0.394551
v -0.036896 0.833588 0.373390
v -0.038574 0.859085 0.356662
v -0.047226 0.933868 0.283625
v -0.041809 0.934128 0.289183
v -0.033310 0.623505 0.237282
v -0.037415 0.622818 0.243526
v -0.076096 0.615311 0.305871
v -0.063553 0.620117 0.283752
v -0.078537 0.609543 0.306929
v -0.088150 0.613556 0.326558
v -0.101440 0.620499 0.345479
v -0.104965 0.616577 0.347365
v -0.112473 0.633255 0.359854
v -0.117844 0.648743 0.366890
v -0.122345 0.648117 0.368673
v -0.119644 0.666824 0.366491
v -0.120178 0.687225 0.358658
v -0.119232 0.709534 0.344254
v -0.111160 0.773880 0.272062
v -0.105591 0.771851 0.270224
v -0.113480 0.755615 0.299738
v -0.110153 0.788589 0.242482
v -0.114639 0.814774 0.154071
v -0.108047 0.810898 0.153039
v -0.112717 0.809036 0.182514
v -0.116409 0.818024 0.125294
v -0.117722 0.819244 0.094487
v -0.123184 0.821213 0.095444
v -0.015884 0.850098 0.200934
v -0.014725 0.837631 0.230095
v -0.014420 0.824295 0.253457
v -0.014938 0.810089 0.272167
v -0.014450 0.832047 0.256712
v -0.016113 0.794144 0.290621
v -0.017654 0.786209 0.288497
v -0.016800 0.840866 0.261189
v -0.018677 0.866104 0.274978
v -0.034241 0.909225 0.295128
v -0.042252 0.912613 0.300305
v -0.035919 0.921417 0.276272
v -0.020355 0.778717 0.287182
v -0.022964 0.771622 0.287333
v -0.021759 0.612167 0.330347
v -0.017792 0.603821 0.332605
v -0.009491 0.552551 0.224082
v -0.010727 0.555191 0.246978
v -0.011017 0.555786 0.376685
v -0.009811 0.576157 0.413778
v -0.012680 0.560120 0.277246
v -0.013947 0.571167 0.307493
v -0.013748 0.574326 0.274613
v -0.013397 0.591019 0.335593
v -0.010269 0.585724 0.344659
v -0.008499 0.582855 0.355724
v -0.008896 0.607971 0.384113
v -0.010193 0.632019 0.405886
v -0.009979 0.613327 0.422291
v -0.010788 0.625809 0.469077
v -0.009995 0.622070 0.482648
v -0.009796 0.616821 0.497690
v -0.007736 0.625565 0.507396
v -0.012634 0.611588 0.484630
v -0.010712 0.595917 0.439336
v -0.005188 1.078323 0.209540
v -0.003189 1.074234 0.221393
v -0.010391 1.078400 0.204907
v -0.006958 1.083939 0.212782
v -0.005539 1.062592 0.245449
v -0.011108 0.989761 0.384925
v -0.015961 1.005920 0.395371
v -0.022842 1.015259 0.405370
v -0.023331 1.028580 0.386766
v -0.032104 1.019730 0.416613
v -0.023514 1.039963 0.371796
v -0.031738 1.044220 0.378082
v -0.015045 1.033325 0.361622
v -0.006714 1.027161 0.323947
v -0.009689 1.029266 0.342371
v -0.011749 1.028061 0.353792
v -0.005600 0.965668 0.329693
v -0.010559 0.871094 0.412581
v -0.011871 0.890610 0.404912
v -0.012268 0.898819 0.401934
v -0.014938 0.905777 0.413263
v -0.008148 0.868912 0.479815
v -0.005615 0.837158 0.480781
v -0.009338 0.819824 0.539819
v -0.041718 0.956497 0.461386
v -0.039780 0.952896 0.465507
v -0.038406 0.945251 0.457397
v -0.027557 0.941879 0.445931
v -0.032700 0.937561 0.447693
v -0.025070 0.992981 0.145790
v -0.018295 1.021606 0.150580
v -0.032028 0.991684 0.153865
v -0.023010 0.989700 0.162788
v -0.026642 0.976990 0.167143
v -0.008575 0.982880 0.191634
v -0.007339 0.976456 0.213144
v -0.014816 0.977554 0.186548
v -0.026321 0.969650 0.180977
v -0.005173 0.973160 0.238439
v -0.002319 0.979614 0.239446
v -0.018005 0.913895 0.428653
v -0.020828 0.915955 0.424066
v -0.002625 1.013367 0.209219
v -0.005264 1.013184 0.231102
v -0.008972 1.020294 0.250809
v -0.001801 0.987152 0.239744
v -0.001801 0.990631 0.286969
v -0.028076 0.933136 0.228412
v -0.032333 0.933121 0.240816
v -0.038376 0.933533 0.251449
v -0.026901 0.934326 0.302967
v -0.008530 0.774994 0.551430
v -0.041306 0.644867 0.617365
v -0.024887 0.640350 0.604310
v -0.063705 0.648438 0.630317
v -0.016510 0.811386 0.347548
v -0.015930 0.787338 0.353788
v -0.030243 0.770370 0.380454
v -0.039078 0.758987 0.390864
v -0.033905 0.749130 0.384374
v -0.025925 0.768921 0.372599
v -0.027206 0.723907 0.381264
v -0.023422 0.720886 0.374667
v -0.017593 0.667847 0.352595
v -0.013489 0.691620 0.361070
v -0.030899 0.718155 0.395166
v -0.034225 0.721100 0.391695
v -0.030731 0.753296 0.410527
v -0.007599 0.672760 0.539131
v -0.007034 0.666016 0.557574
v -0.005417 0.660034 0.534194
v -0.007584 0.656158 0.567849
v -0.015656 0.635941 0.593809
v -0.005905 0.641678 0.522627
v -0.017776 0.709305 0.544778
v -0.008804 0.712296 0.554913
v -0.005005 0.720352 0.564365
v -0.016739 0.731659 0.430084
v -0.014023 0.735016 0.449561
v -0.011398 0.761902 0.476772
v -0.005493 0.785202 0.477120
v -0.016663 0.746750 0.474551
v -0.009888 0.765640 0.458238
v -0.004211 0.810822 0.479495
v -0.014542 0.679001 0.210372
v -0.016968 0.673370 0.202565
v -0.029755 0.658569 0.231227
v -0.028305 0.675583 0.224245
v -0.031265 0.733139 0.619101
v -0.031921 0.754211 0.615116
v -0.034744 0.773087 0.609889
v -0.013565 0.729431 0.469600
v -0.017075 0.736893 0.472083
v -0.040253 1.066025 0.336602
v -0.048492 1.067291 0.334354
v -0.041031 1.057678 0.360282
v -0.055099 1.068130 0.330867
v -0.061676 1.066040 0.335772
v -0.034988 1.083572 0.262630
v -0.012573 1.088867 0.215366
v -0.028732 1.105377 0.177343
v -0.040176 1.103149 0.183869
v -0.028442 0.823044 0.578227
v -0.030243 0.810974 0.578012
v -0.041748 0.830032 0.585158
v -0.016357 0.683868 0.588707
v -0.023285 0.690933 0.605155
v -0.026077 0.679291 0.600419
v -0.028488 1.107712 0.144666
v -0.014420 1.106720 0.148772
v -0.018448 1.077469 0.201130
v -0.128540 0.523499 0.569191
v -0.126724 0.527100 0.585919
v -0.161774 0.535568 0.519117
v -0.272141 0.543106 0.451054
v -0.274841 0.543304 0.442401
v -0.255447 0.544037 0.488993
v -0.271042 0.550201 0.499352
v -0.243988 0.544128 0.500164
v -0.227051 0.544830 0.511266
v -0.212250 0.544815 0.523419
v -0.225403 0.548935 0.527255
v -0.236084 0.554749 0.530378
v -0.249359 0.563110 0.533731
v -0.189133 0.541519 0.545326
v -0.215942 0.564148 0.588046
v -0.328705 0.523026 0.414333
v -0.293518 0.541595 0.458470
v -0.287491 0.544281 0.464321
v -0.256210 0.577850 0.572909
v -0.360519 0.578491 0.449518
v -0.353210 0.583496 0.458054
v -0.376053 0.577682 0.387908
v -0.346588 0.661819 0.477881
v -0.349152 0.645920 0.472234
v -0.341354 0.673370 0.486383
v -0.346756 0.627914 0.468343
v -0.340332 0.610794 0.470246
v -0.335663 0.680481 0.497767
v -0.336823 0.670273 0.501449
v -0.338028 0.650970 0.505789
v -0.303787 0.676605 0.534507
v -0.300140 0.683945 0.528285
v -0.319931 0.716782 0.508245
v -0.318314 0.729294 0.505269
v -0.309006 0.704147 0.525005
v -0.293243 0.707718 0.547974
v -0.285950 0.708710 0.560572
v -0.276810 0.709854 0.573065
v -0.320663 0.631287 0.541673
v -0.317352 0.617050 0.544259
v -0.313736 0.605591 0.544127
v -0.305206 0.609024 0.552245
v -0.307953 0.594238 0.542143
v -0.331635 0.599808 0.494766
v -0.321274 0.588364 0.505235
v -0.330109 0.595428 0.486991
v -0.313812 0.582626 0.516858
v -0.305145 0.573990 0.513108
v -0.307129 0.582718 0.530323
v -0.298370 0.586716 0.541746
v -0.293961 0.594864 0.549722
v -0.293991 0.607590 0.556251
v -0.290115 0.562195 0.507588
v -0.295227 0.562119 0.495330
v -0.299026 0.563202 0.486406
v -0.315262 0.578384 0.485784
v -0.329468 0.594269 0.478520
v -0.341751 0.587387 0.464037
v -0.262848 0.575287 0.542429
v -0.277206 0.611084 0.568625
v -0.269516 0.682419 0.555157
v -0.194580 0.747665 0.611542
v -0.199905 0.733566 0.615176
v -0.209885 0.724152 0.615059
v -0.239044 0.696609 0.595415
v -0.238800 0.621063 0.612949
v -0.233475 0.613312 0.612354
v -0.229218 0.624161 0.613455
v -0.227371 0.604813 0.611938
v -0.215866 0.628983 0.623041
v -0.223022 0.626373 0.616341
v -0.152206 0.585312 0.626881
v -0.147949 0.594345 0.634603
v -0.153076 0.577911 0.617531
v -0.191498 0.585281 0.604759
v -0.121658 0.532227 0.596025
v -0.101196 0.527969 0.604095
v -0.152267 0.572769 0.606649
v -0.152573 0.570572 0.598085
v -0.168961 0.584625 0.609803
v -0.184937 0.596786 0.613587
v -0.178207 0.626724 0.636029
v -0.159988 0.615845 0.638401
v -0.140732 0.605530 0.640435
v -0.205124 0.663116 0.626607
v -0.147217 0.693359 0.628796
v -0.151428 0.684113 0.622170
v -0.132706 0.679214 0.636903
v -0.116989 0.671295 0.641509
v -0.099396 0.668243 0.642352
v -0.157013 0.781204 0.619831
v -0.158966 0.788895 0.614356
v -0.125793 0.753662 0.644728
v -0.085922 0.647995 0.637453
v -0.088089 0.637115 0.641889
v -0.083160 0.659668 0.634471
v -0.089813 0.625534 0.644584
v -0.158325 0.672913 0.625430
v -0.080994 0.528198 0.608273
v -0.016037 0.889664 0.154039
v -0.021164 0.928375 0.167453
v -0.023178 0.930847 0.142869
v -0.012192 1.008057 0.330511
v -0.030960 0.951462 0.290939
v -0.189651 0.698730 0.606808
v -0.172745 0.700684 0.607084
v -0.280197 0.650925 0.554644
v -0.272217 0.649796 0.555613
v -0.269424 0.649429 0.556032
v -0.156082 1.054428 0.153326
v -0.089142 1.098175 0.143815
v -0.086670 1.099319 0.142649
v -0.105164 1.097839 0.119056
v -0.100662 1.088242 0.184012
v -0.114197 1.084259 0.188907
v -0.086746 1.092117 0.187650
v -0.075821 1.096191 0.180078
v -0.103500 1.085526 0.180558
v -0.080383 1.093948 0.194961
v -0.100677 1.088898 0.197170
v -0.120010 1.083771 0.195926
v -0.137207 1.078568 0.192903
v -0.107941 1.077682 0.175835
v -0.154816 1.072174 0.189009
v -0.154968 1.072159 0.201633
v -0.171906 1.064621 0.185977
v -0.186722 1.055923 0.184200
v -0.207550 1.013596 0.174133
v -0.202377 1.005676 0.167588
v -0.190155 1.026459 0.277808
v -0.176575 1.043884 0.271740
v -0.165771 1.039978 0.302600
v -0.126480 1.067230 0.265469
v -0.122513 1.066422 0.277898
v -0.155212 1.067932 0.220407
v -0.273636 0.882996 0.437199
v -0.280457 0.869202 0.438838
v -0.268753 0.903839 0.418223
v -0.276642 0.895447 0.408444
v -0.259430 0.912552 0.427186
v -0.245605 0.927551 0.402328
v -0.246124 0.963943 0.339621
v -0.219116 0.866440 0.472497
v -0.234543 0.880768 0.473928
v -0.172989 0.802063 0.573690
v -0.179062 0.805496 0.563836
v -0.172882 0.814682 0.578644
v -0.140045 0.819092 0.614466
v -0.154587 0.811127 0.609805
v -0.120941 0.868286 0.582247
v -0.132492 0.882263 0.562927
v -0.171402 0.826675 0.581524
v -0.167236 0.816452 0.592384
v -0.221619 0.842407 0.528791
v -0.165649 0.908066 0.510700
v -0.150986 0.925430 0.505037
v -0.141708 0.888596 0.548733
v -0.124481 0.900024 0.544475
v -0.064911 0.902420 0.565164
v -0.054306 0.839981 0.590894
v -0.058243 0.833420 0.591503
v -0.092468 0.973557 0.487069
v -0.098663 0.975616 0.479921
v -0.106186 0.965652 0.488781
v -0.112778 0.904892 0.534619
v -0.107025 0.905869 0.531246
v -0.253189 0.990906 0.218239
v -0.242538 0.992279 0.211590
v -0.228516 0.989105 0.204147
v -0.216080 0.985535 0.206289
v -0.243790 0.887253 0.472682
v -0.259323 0.861679 0.484269
v -0.247818 0.920303 0.432345
v -0.162521 0.802017 0.604780
v -0.138870 0.943451 0.494301
v -0.152939 0.943298 0.484943
v -0.160736 0.941238 0.476699
v -0.158997 0.952560 0.463049
v -0.175934 0.943680 0.440065
v -0.168274 0.954117 0.442859
v -0.157379 0.964157 0.446495
v -0.156631 0.976135 0.428493
v -0.126389 0.980881 0.455833
v -0.102539 0.977844 0.476562
v -0.084229 0.996490 0.430387
v -0.126343 1.009369 0.408925
v -0.136185 0.991547 0.426657
v -0.153961 0.994278 0.406656
v -0.151642 1.012711 0.381088
v -0.184631 0.948517 0.398012
v -0.185318 0.942215 0.394483
v -0.171265 1.010178 0.351529
v -0.165421 1.029938 0.324144
v -0.149857 1.028763 0.349907
v -0.136780 1.036636 0.348489
v -0.128113 1.040604 0.348308
v -0.070923 1.062851 0.339834
v -0.070770 1.027023 0.394107
v -0.072998 1.019775 0.388992
v -0.084976 1.021851 0.390212
v -0.077606 1.018082 0.387832
v -0.116394 1.063568 0.295022
v -0.136459 1.056442 0.294863
v -0.148087 1.050339 0.298869
v -0.051117 1.100647 0.188401
v -0.221298 0.800476 0.562805
v -0.235718 0.808228 0.542504
v -0.365143 0.562714 0.321938
v -0.364395 0.574127 0.320798
v -0.360657 0.584137 0.320028
v -0.354370 0.591919 0.317421
v -0.370193 0.598282 0.339775
v -0.362213 0.596893 0.308313
v -0.354874 0.595505 0.314158
v -0.379593 0.632523 0.227965
v -0.401627 0.639557 0.317345
v -0.406509 0.643494 0.290270
v -0.409637 0.660873 0.328435
v -0.407486 0.650253 0.269873
v -0.405045 0.656662 0.253319
v -0.402191 0.662842 0.243989
v -0.392853 0.645233 0.239525
v -0.412964 0.682022 0.333586
v -0.396912 0.680664 0.364755
v -0.381210 0.681824 0.397583
v -0.378098 0.696777 0.399008
v -0.374634 0.618240 0.364130
v -0.366501 0.625778 0.358517
v -0.373322 0.710678 0.394526
v -0.363113 0.708176 0.425099
v -0.364960 0.721268 0.393081
v -0.412003 0.739746 0.262934
v -0.404373 0.758682 0.267926
v -0.424301 0.755661 0.233988
v -0.427338 0.759048 0.221895
v -0.414825 0.785400 0.211227
v -0.392044 0.807739 0.209648
v -0.363052 0.822098 0.214408
v -0.399170 0.805099 0.221094
v -0.388016 0.818405 0.236539
v -0.395676 0.778656 0.262805
v -0.392242 0.775589 0.266140
v -0.389664 0.788132 0.269301
v -0.393173 0.775391 0.276053
v -0.394333 0.774841 0.285410
v -0.391068 0.774582 0.270625
v -0.389694 0.772888 0.302304
v -0.380112 0.773209 0.320215
v -0.368744 0.771591 0.337429
v -0.355713 0.771606 0.347670
v -0.337769 0.769485 0.353409
v -0.323196 0.764877 0.356770
v -0.351151 0.739304 0.367896
v -0.327301 0.772659 0.368870
v -0.337601 0.780075 0.381689
v -0.320480 0.765961 0.361027
v -0.342026 0.784195 0.392065
v -0.334808 0.802322 0.390565
v -0.327423 0.772949 0.463125
v -0.337326 0.761597 0.452264
v -0.319626 0.786346 0.466469
v -0.341400 0.728821 0.467431
v -0.342819 0.741943 0.455151
v -0.348618 0.724884 0.456003
v -0.351440 0.723190 0.448934
v -0.359360 0.690018 0.451623
v -0.358429 0.702362 0.447212
v -0.345093 0.755569 0.437979
v -0.340332 0.855652 0.204085
v -0.351685 0.828415 0.232145
v -0.368393 0.830475 0.241965
v -0.344421 0.830734 0.253633
v -0.379578 0.825836 0.249575
v -0.386703 0.816193 0.258779
v -0.389343 0.806290 0.267130
v -0.389252 0.797714 0.272802
v -0.311050 0.831268 0.331165
v -0.305038 0.817749 0.324709
v -0.292358 0.898849 0.363947
v -0.295197 0.887085 0.374855
v -0.291138 0.904373 0.355640
v -0.285461 0.885223 0.399650
v -0.293030 0.876495 0.391860
v -0.299698 0.868484 0.384440
v -0.301147 0.853210 0.389812
v -0.326569 0.814453 0.396254
v -0.317856 0.823441 0.406915
v -0.310196 0.801071 0.470721
v -0.303314 0.797272 0.485821
v -0.314545 0.807770 0.454262
v -0.300034 0.790329 0.493300
v -0.285980 0.815109 0.493492
v -0.289978 0.784393 0.497498
v -0.300674 0.769302 0.496442
v -0.281693 0.783768 0.507700
v -0.284729 0.783432 0.512703
v -0.285431 0.782303 0.517020
v -0.286514 0.776535 0.521593
v -0.271286 0.796844 0.522825
v -0.299301 0.767654 0.509314
v -0.288666 0.764526 0.528962
v -0.303162 0.750717 0.515986
v -0.259964 0.805786 0.525405
v -0.251862 0.809555 0.528174
v -0.273026 0.838242 0.490788
v -0.286530 0.847961 0.460532
v -0.289032 0.851883 0.447250
v -0.302261 0.830109 0.450368
v -0.289749 0.854874 0.436964
v -0.300873 0.840942 0.428766
v -0.300079 0.925964 0.189151
v -0.291275 0.942200 0.179459
v -0.290619 0.941849 0.251779
v -0.290314 0.935379 0.252083
v -0.301178 0.933838 0.235718
v -0.295609 0.930527 0.258142
v -0.292068 0.931442 0.254562
v -0.302444 0.920258 0.283765
v -0.289993 0.930038 0.289858
v -0.296860 0.906143 0.325534
v -0.292313 0.907486 0.341664
v -0.289551 0.908951 0.350120
v -0.284210 0.917130 0.350423
v -0.355240 0.725601 0.392731
v -0.355942 0.718338 0.423611
v -0.387039 0.793045 0.274741
v -0.384171 0.785706 0.273825
v -0.306213 0.925980 0.221657
v -0.314896 0.865326 0.291260
v -0.320953 0.848465 0.286133
v -0.307114 0.860260 0.294234
v -0.277664 0.940857 0.296005
v -0.276138 0.940491 0.301287
v -0.092651 0.766907 0.265547
v -0.091873 0.800827 0.150588
v -0.071350 0.788651 0.148200
v -0.038712 0.689117 0.271322
v -0.036819 0.707214 0.256005
v -0.047287 0.700195 0.286618
v -0.036224 0.724564 0.236811
v -0.031326 0.707642 0.223920
v -0.053528 0.781387 0.119681
v -0.054245 0.780365 0.144919
v -0.054901 0.777390 0.170486
v -0.056183 0.772308 0.198192
v -0.061829 0.711136 0.298668
v -0.063797 0.688812 0.312330
v -0.065933 0.668671 0.319130
v -0.027664 0.691711 0.211573
v -0.024078 0.677536 0.201570
v -0.026825 0.703506 0.193621
v -0.025818 0.713806 0.174165
v -0.024979 0.723297 0.153535
v -0.022186 0.700806 0.166466
v -0.024689 0.730179 0.135277
v -0.020996 0.720932 0.128093
v -0.047104 0.575714 0.238625
v -0.044678 0.588791 0.237586
v -0.053040 0.577469 0.252341
v -0.084656 0.595901 0.311126
v -0.098846 0.597366 0.333477
v -0.071075 0.596786 0.288020
v -0.113312 0.607880 0.352321
v -0.125702 0.626709 0.366513
v -0.060776 0.588516 0.268830
v -0.054993 0.600418 0.261650
v -0.047073 0.606171 0.249120
v -0.048660 0.617325 0.257376
v -0.038040 0.604340 0.232084
v -0.256332 0.748413 0.107350
v -0.254517 0.745224 0.131012
v -0.249557 0.761948 0.064330
v -0.242325 0.771729 0.063027
v -0.255692 0.753464 0.064580
v -0.253967 0.737411 0.163121
v -0.221649 0.756424 0.229046
v -0.205566 0.771347 0.230289
v -0.227081 0.784973 0.101947
v -0.229630 0.786270 0.078283
v -0.170273 0.829025 0.101303
v -0.152756 0.828995 0.101100
v -0.161804 0.800842 0.227485
v -0.161560 0.787109 0.259712
v -0.176147 0.794403 0.230086
v -0.146561 0.803925 0.223324
v -0.162186 0.770950 0.287419
v -0.194122 0.803329 0.163255
v -0.190826 0.795746 0.196587
v -0.190460 0.784210 0.231293
v -0.196289 0.717957 0.335219
v -0.132584 0.647141 0.372290
v -0.130508 0.803253 0.218904
v -0.116760 0.801376 0.214150
v -0.135986 0.825439 0.097850
v -0.263123 0.741165 0.051417
v -0.260834 0.744095 0.058892
v -0.264191 0.737411 0.060957
v -0.259247 0.747421 0.064817
v -0.016403 0.726471 0.106063
v -0.016998 0.717880 0.125192
v -0.017792 0.707764 0.143918
v -0.018539 0.695877 0.164895
v -0.019531 0.683731 0.184216
v -0.020462 0.672165 0.199076
v -0.026230 0.602554 0.222153
v -0.031494 0.603851 0.224391
v -0.027023 0.585175 0.211926
v -0.027847 0.568314 0.201374
v -0.251480 0.779510 0.563298
v -0.308136 0.760651 0.502628
v -0.313629 0.758240 0.497001
v -0.310471 0.754883 0.502793
v -0.244156 0.810974 0.532272
v -0.238831 0.812943 0.525346
v -0.232468 0.814011 0.515867
v -0.226120 0.814453 0.511029
v -0.081711 1.100983 0.141287
v -0.277649 0.926743 0.350797
v -0.335785 0.832001 0.275037
v -0.323914 0.831375 0.272203
v -0.326324 0.840042 0.271888
v -0.015320 0.582504 0.272050
v -0.015884 0.591858 0.552577
v -0.030502 0.554047 0.587007
v -0.225479 0.625137 0.613885
v -0.013565 0.609634 0.480138
v -0.152939 0.569290 0.594809
v -0.132355 0.560913 0.593908
v -0.101700 0.559799 0.599893
v -0.052414 0.564407 0.602328
v -0.284454 0.545395 0.466544
v -0.276138 0.542908 0.438580
v -0.175949 0.551788 0.456756
v -0.159790 0.549454 0.475433
v -0.139603 0.543991 0.491781
v -0.298508 0.687027 0.526383
v -0.352203 0.594604 0.316084
v -0.363815 0.628784 0.356643
v -0.378616 0.628754 0.235427
v -0.377670 0.631638 0.232386
v -0.358551 0.615387 0.233035
v -0.377335 0.632736 0.230526
v -0.390686 0.774429 0.268038
v -0.264618 0.735870 0.064671
v -0.275635 0.940140 0.303834
v -0.262299 0.954956 0.304837
v -0.280304 0.959045 0.169113
v -0.357468 0.710434 0.440774
v -0.315338 0.815628 0.440411
v -0.312195 0.825958 0.428154
v -0.309845 0.831360 0.417902
v -0.306366 0.832764 0.409482
v -0.300217 0.831024 0.400626
v -0.294174 0.830490 0.396311
v -0.297897 0.840378 0.391288
v -0.293381 0.833633 0.393011
v -0.257751 0.960510 0.303837
v -0.163651 1.036835 0.313894
v -0.165710 1.032944 0.313535
v -0.162888 1.037750 0.313829
v -0.162247 1.038330 0.313663
v -0.185074 0.914047 0.412086
v -0.190353 0.917236 0.412209
v -0.286621 0.905075 0.370273
v -0.280457 0.913574 0.365930
v -0.114624 1.091278 0.118228
v -0.067307 1.099030 0.177979
v -0.291992 0.830902 0.394334
v -0.318665 0.763214 0.358232
v -0.303436 0.813370 0.321929
v -0.304749 0.832123 0.302230
v -0.304260 0.858704 0.295999
v -0.290527 0.932495 0.252800
v -0.302979 0.903748 0.199651
v -0.211624 0.984604 0.207326
v -0.207870 0.986038 0.243395
v -0.195145 0.983307 0.278043
v -0.170151 1.023422 0.312644
v -0.182419 0.971588 0.344524
v -0.185608 0.960312 0.372129
v -0.185883 0.940247 0.392941
v -0.205170 0.925430 0.412820
v -0.271194 0.918030 0.368596
v -0.200607 1.003357 0.164986
v -0.190430 1.020065 0.160970
v -0.179504 1.027405 0.157366
v -0.122452 1.074219 0.138126
v -0.195023 0.811874 0.548337
v -0.183075 0.788757 0.576476
v -0.167389 0.701950 0.607317
v -0.315674 0.757904 0.494483
v -0.312347 0.759766 0.495284
v -0.318237 0.753265 0.493371
v -0.223724 0.815216 0.509197
v -0.230515 0.813385 0.500305
v -0.245590 0.805862 0.498893
v -0.304169 0.763840 0.496800
v -0.173950 0.903839 0.464740
v -0.323868 0.740829 0.491102
v -0.321793 0.740433 0.494374
v -0.315598 0.741379 0.503079
v -0.038269 0.691162 0.622931
v -0.040268 0.683197 0.618945
v -0.081177 0.669037 0.638483
v -0.061935 0.671539 0.629056
v -0.042725 0.675003 0.615381
v -0.111450 0.962616 0.489288
v -0.111084 0.954910 0.493109
v -0.012711 0.630325 0.445412
v -0.134903 0.898453 0.519400
v -0.109817 0.934570 0.501178
v -0.104462 0.906921 0.530213
v -0.060287 0.830368 0.592311
v -0.045609 0.815094 0.585669
v -0.031128 0.805893 0.578342
v -0.016586 0.653015 0.460092
v -0.022217 0.671341 0.474726
v -0.031281 0.689713 0.495043
v -0.009430 0.809738 0.505595
v -0.018326 0.740524 0.473436
v -0.041931 1.045441 0.384574
v -0.041412 1.032196 0.406116
v -0.040649 1.020599 0.423421
v -0.033875 0.947586 0.470280
v -0.134583 1.052353 0.309253
v -0.139465 0.984894 0.433696
v -0.130188 0.987335 0.430377
v -0.112396 1.043381 0.321239
v -0.095306 1.036530 0.333191
v -0.084488 1.034271 0.348450
v -0.078125 1.029999 0.366611
v -0.074432 1.017120 0.387138
v -0.105591 0.992508 0.421497
v -0.070328 0.995544 0.425556
v -0.034363 0.935394 0.448902
v -0.028946 0.926331 0.436709
v -0.021561 0.917465 0.421649
v -0.015350 1.039246 0.296510
v -0.046875 1.085159 0.209697
v -0.016998 1.048813 0.164557
v -0.017914 1.069351 0.178451
v -0.023331 1.046173 0.171082
v -0.007858 1.101166 0.154343
v -0.017471 1.079956 0.183815
v -0.037399 1.067078 0.303574
v -0.034119 0.991455 0.156854
v -0.026581 1.019211 0.160181
v -0.025177 1.044922 0.173769
v -0.041946 0.754898 0.395342
v -0.020569 0.736694 0.316654
v -0.022919 0.753067 0.303714
v -0.023560 0.768661 0.286790
v -0.045486 0.838791 0.150959
v -0.016708 0.818405 0.304757
v -0.029037 0.663803 0.359761
v -0.030411 0.692566 0.379282
v -0.035095 0.722031 0.389672
v -0.039734 0.880737 0.337976
v -0.041489 0.899033 0.319252
v -0.044922 0.914261 0.302616
v -0.018448 0.720032 0.363396
v -0.021378 0.740692 0.360760
v -0.019379 0.762039 0.358116
v -0.011597 0.767868 0.443075
v -0.034119 0.603958 0.225719
v -0.048981 0.622131 0.260834
v -0.116577 0.733246 0.324206
v -0.110947 0.800308 0.212313
v 0.005585 0.805359 0.107431
v 0.005432 0.796967 0.135493
v 0.005280 0.785217 0.158201
v 0.005173 0.777618 0.177086
v 0.005432 0.796967 0.135493
v 0.005051 0.768814 0.197074
v 0.004883 0.753769 0.217778
v 0.005173 0.777618 0.177086
v 0.004730 0.736893 0.233270
v 0.004593 0.722031 0.246559
v 0.004883 0.753769 0.217778
v 0.004440 0.701981 0.254595
v 0.004303 0.683640 0.261188
v 0.004593 0.722031 0.246559
v 0.004181 0.665283 0.264904
v 0.004059 0.647354 0.266943
v 0.004303 0.683640 0.261188
v 0.003983 0.640671 0.278155
v 0.003876 0.630966 0.290251
v 0.004059 0.647354 0.266943
v 0.003815 0.624069 0.297347
v 0.003693 0.614838 0.314823
v 0.003876 0.630966 0.290251
v 0.028793 0.634109 0.333586
v 0.027267 0.623779 0.327061
v 0.016296 0.594818 0.299701
v -0.003754 0.631638 0.328713
v 0.015900 0.796951 0.301675
v 0.015900 0.793991 0.309531
v 0.017563 0.770981 0.309422
v 0.029022 0.576981 0.515314
v 0.018967 0.567902 0.496902
v 0.015808 0.599792 0.485674
v 0.010681 0.545319 0.324072
v 0.009552 0.550491 0.312587
v 0.007797 0.591232 0.392655
v 0.009201 0.649963 0.429599
v 0.012146 0.633713 0.442816
v 0.012131 0.629410 0.440453
v 0.020721 0.669891 0.476729
v 0.010101 0.659409 0.480950
v 0.012985 0.640671 0.455257
v 0.017349 0.989914 0.418269
v 0.031540 1.004379 0.433768
v 0.025513 0.960052 0.450109
v 0.009949 1.016647 0.337660
v 0.007462 0.988831 0.332342
v 0.013351 0.993927 0.323370
v 0.013016 0.996109 0.319098
v 0.005203 1.000717 0.308780
v 0.011566 0.948380 0.310760
v 0.005692 0.940536 0.338250
v 0.016449 0.922150 0.325428
v 0.007401 0.837723 0.501797
v 0.004639 0.834702 0.459136
v 0.021347 0.927048 0.507262
v 0.040283 0.934097 0.527445
v 0.016968 0.867538 0.557611
v 0.016968 0.808395 0.567604
v 0.016357 0.793228 0.570239
v 0.007828 0.789795 0.537284
v 0.051727 0.966675 0.492090
v 0.012939 0.905685 0.492985
v 0.020325 0.933365 0.475104
v 0.036514 0.946533 0.455601
v 0.041107 0.966858 0.455271
v 0.011261 0.927155 0.398795
v 0.011368 0.958069 0.401046
v 0.018112 0.941177 0.428922
v 0.024689 1.019928 0.157389
v 0.041855 0.964432 0.156642
v 0.005264 1.017014 0.286890
v 0.002594 1.012772 0.299037
v 0.000336 0.982483 0.264221
v 0.005676 0.972626 0.282084
v 0.009613 0.965042 0.262125
v 0.045044 0.939407 0.266242
v 0.048065 0.932007 0.275644
v 0.040497 0.946945 0.221981
v 0.038162 0.901978 0.321123
v 0.045547 0.927307 0.291977
v 0.014481 0.875793 0.374876
v 0.009613 0.890671 0.388642
v 0.012177 0.833344 0.411197
v 0.068466 0.611008 0.639593
v 0.071808 0.588364 0.631223
v 0.028473 0.595779 0.615814
v 0.013901 0.735123 0.341044
v 0.012573 0.780334 0.338536
v 0.036240 0.736572 0.390060
v 0.028458 0.692764 0.377704
v 0.017609 0.695114 0.371033
v 0.026764 0.651215 0.346259
v 0.039322 0.749588 0.398273
v 0.038223 0.762726 0.398901
v 0.021378 0.760696 0.422102
v 0.007141 0.634247 0.488782
v 0.005814 0.654526 0.494150
v 0.005356 0.662857 0.515972
v 0.004242 0.752197 0.579491
v 0.008987 0.711578 0.584833
v 0.010025 0.679947 0.564177
v 0.013092 0.680145 0.460928
v 0.021271 0.673294 0.472852
v 0.013031 0.642181 0.448155
v 0.012573 0.710037 0.420012
v 0.009842 0.724716 0.447775
v 0.007828 0.691589 0.442733
v 0.007523 0.830154 0.511207
v 0.007645 0.843277 0.513593
v 0.008942 0.852768 0.537034
v 0.014008 0.783493 0.511315
v 0.007889 0.820511 0.503446
v 0.014175 0.782898 0.504009
v 0.008514 0.787903 0.492883
v 0.014618 0.713013 0.146489
v 0.013687 0.757553 0.144737
v 0.013657 0.729858 0.184124
v 0.032898 0.630234 0.238149
v 0.035156 0.663452 0.258745
v 0.031357 0.686996 0.240457
v 0.025604 0.653732 0.598971
v 0.026642 0.671036 0.596954
v 0.061310 0.661713 0.624828
v 0.055206 0.698029 0.641464
v 0.020111 0.703522 0.606978
v 0.053436 0.723679 0.639635
v 0.027649 1.059586 0.296705
v 0.023972 1.071487 0.282945
v 0.043518 1.074448 0.297703
v 0.020050 1.108276 0.162138
v 0.055527 1.106125 0.149229
v 0.045273 1.106445 0.174612
v 0.058884 1.088318 0.258904
v 0.050644 1.078629 0.292397
v 0.030090 1.106613 0.128127
v 0.154190 0.532639 0.542109
v 0.112671 0.512405 0.553409
v 0.111771 0.512573 0.560302
v 0.346588 0.566818 0.464862
v 0.357513 0.557922 0.441370
v 0.333008 0.532135 0.443606
v 0.369980 0.580994 0.422844
v 0.361725 0.546799 0.376725
v 0.360443 0.602310 0.446060
v 0.382446 0.611786 0.409758
v 0.342743 0.608688 0.458353
v 0.353012 0.648300 0.461088
v 0.318237 0.673050 0.533270
v 0.315598 0.653168 0.545321
v 0.297028 0.661102 0.548601
v 0.313324 0.695953 0.519303
v 0.313507 0.706818 0.519711
v 0.322906 0.695099 0.511923
v 0.323685 0.609055 0.532146
v 0.324799 0.596588 0.512480
v 0.314102 0.589798 0.532157
v 0.270844 0.652847 0.571966
v 0.262772 0.667236 0.546166
v 0.266830 0.655014 0.556505
v 0.281281 0.697800 0.560114
v 0.292770 0.698502 0.539677
v 0.285065 0.683914 0.534775
v 0.255157 0.682541 0.579205
v 0.260437 0.701889 0.585525
v 0.211838 0.594421 0.609519
v 0.202576 0.604279 0.610366
v 0.224609 0.619492 0.612950
v 0.200378 0.607254 0.612858
v 0.201141 0.612396 0.621781
v 0.219559 0.623016 0.616177
v 0.200119 0.626129 0.629684
v 0.012802 1.038223 0.350664
v 0.011734 1.044586 0.334093
v 0.028564 1.055420 0.355865
v 0.023727 0.577469 0.532182
v 0.041138 0.553665 0.534028
v 0.016968 0.884933 0.179818
v 0.015686 0.868225 0.177075
v 0.015778 0.881042 0.136353
v 0.008408 1.023285 0.333676
v 0.036545 0.956314 0.201873
v 0.038101 0.951492 0.193563
v 0.040970 0.941315 0.281549
v 0.035416 0.947693 0.271196
v 0.020645 0.963242 0.296162
v 0.214508 0.547562 0.534105
v 0.148560 1.074203 0.143404
v 0.119690 1.089035 0.121646
v 0.135834 1.054764 0.158786
v 0.103363 1.099258 0.114786
v 0.109253 1.092987 0.123579
v 0.106628 1.082367 0.154919
v 0.080994 1.093185 0.169203
v 0.124435 1.059525 0.163223
v 0.169952 1.032913 0.306127
v 0.167603 1.038330 0.303774
v 0.196472 1.037186 0.250125
v 0.159409 1.040070 0.311877
v 0.143738 1.058853 0.278074
v 0.170059 1.056793 0.243154
v 0.262863 0.902252 0.437189
v 0.275604 0.886856 0.423784
v 0.279709 0.877914 0.421431
v 0.256424 0.923050 0.401031
v 0.257492 0.919815 0.418189
v 0.238937 0.930801 0.423301
v 0.219131 0.951050 0.395520
v 0.231842 0.965790 0.368838
v 0.264191 0.942429 0.351497
v 0.234833 0.980530 0.313222
v 0.251373 0.966125 0.306805
v 0.258713 0.957657 0.310409
v 0.210724 0.971375 0.372581
v 0.186462 0.919876 0.410498
v 0.225815 0.935471 0.407533
v 0.165695 0.886017 0.528944
v 0.152725 0.895630 0.523885
v 0.139465 0.919388 0.514923
v 0.114960 0.911133 0.511116
v 0.153702 0.890137 0.530690
v 0.149582 0.870224 0.565067
v 0.107468 0.957825 0.495226
v 0.101227 0.942780 0.520953
v 0.078445 0.968246 0.502462
v 0.106827 0.914307 0.513981
v 0.253021 0.991745 0.187687
v 0.274185 0.979431 0.174314
v 0.272980 0.982407 0.206423
v 0.219345 0.932114 0.417176
v 0.214478 0.926056 0.433902
v 0.193863 0.918411 0.415504
v 0.116806 0.954208 0.492357
v 0.119965 0.962891 0.484408
v 0.147705 0.960724 0.469976
v 0.169968 0.919571 0.474720
v 0.179459 0.923386 0.448546
v 0.184021 0.887482 0.450312
v 0.142044 0.980621 0.439157
v 0.144531 0.983185 0.432021
v 0.084030 0.996841 0.417810
v 0.131470 0.985291 0.436055
v 0.101028 0.994797 0.441658
v 0.127304 0.992111 0.425869
v 0.080124 1.002686 0.406983
v 0.104874 1.019012 0.401534
v 0.136627 1.048615 0.316909
v 0.141388 1.049103 0.310011
v 0.126511 1.048721 0.319316
v 0.111877 1.042313 0.350638
v 0.097717 1.037262 0.335574
v 0.094315 1.039993 0.331973
v 0.094345 1.061630 0.320193
v 0.126709 1.052292 0.312283
v 0.134567 1.053101 0.306684
v 0.070404 1.070984 0.311328
v 0.100952 1.074509 0.273521
v 0.167740 1.027740 0.320800
v 0.175293 1.009583 0.315030
v 0.180389 1.003418 0.330777
v 0.178238 0.981903 0.319677
v 0.241150 0.907654 0.456960
v 0.232101 0.925797 0.438686
v 0.369781 0.670380 0.421938
v 0.366837 0.676086 0.434228
v 0.365005 0.694336 0.434982
v 0.367264 0.645020 0.382732
v 0.383377 0.631531 0.397199
v 0.369995 0.662537 0.421563
v 0.394714 0.659744 0.361122
v 0.368454 0.649261 0.378171
v 0.319916 0.754028 0.489990
v 0.313797 0.762955 0.493203
v 0.313904 0.777634 0.484522
v 0.345062 0.758240 0.392861
v 0.335434 0.740524 0.375567
v 0.350296 0.728500 0.427709
v 0.352234 0.713699 0.456060
v 0.349426 0.699310 0.467322
v 0.330963 0.724731 0.487989
v 0.324463 0.904800 0.216148
v 0.339996 0.883087 0.213112
v 0.339478 0.890579 0.248228
v 0.289795 0.894592 0.379159
v 0.285583 0.909424 0.365239
v 0.287033 0.909195 0.360707
v 0.279449 0.913132 0.369226
v 0.269409 0.916306 0.385222
v 0.260254 0.920456 0.380209
v 0.294083 0.862183 0.401991
v 0.283966 0.874603 0.414892
v 0.278885 0.884689 0.416909
v 0.300751 0.879822 0.369003
v 0.314178 0.844772 0.357150
v 0.306763 0.847717 0.379064
v 0.326996 0.794540 0.443020
v 0.320267 0.818832 0.417620
v 0.335480 0.801117 0.403601
v 0.308182 0.766525 0.495090
v 0.281967 0.808258 0.497236
v 0.243820 0.803192 0.548158
v 0.254715 0.807175 0.532014
v 0.270096 0.792831 0.532187
v 0.297699 0.947937 0.192604
v 0.308975 0.927094 0.208439
v 0.300171 0.945114 0.229751
v 0.311295 0.901016 0.288114
v 0.298019 0.913315 0.298157
v 0.291656 0.923813 0.298412
v 0.303665 0.886200 0.295082
v 0.302567 0.885178 0.299479
v 0.306442 0.891113 0.313914
v 0.295944 0.913696 0.305580
v 0.285904 0.918396 0.338608
v 0.288345 0.924606 0.307904
v 0.261307 0.932022 0.368293
v 0.279694 0.918213 0.361243
v 0.258652 0.923706 0.376063
v 0.038956 0.626129 0.250592
v 0.062057 0.624161 0.286307
v 0.051346 0.642975 0.292799
v 0.020462 0.728653 0.108068
v 0.027374 0.745499 0.114510
v 0.268890 0.725693 0.129780
v 0.256104 0.753143 0.078348
v 0.240860 0.771866 0.081098
v 0.240173 0.764771 0.127862
v 0.230072 0.765747 0.593882
v 0.211761 0.785675 0.589940
v 0.203506 0.763748 0.606034
v 0.298218 0.769470 0.506813
v 0.293106 0.770645 0.500354
v 0.310837 0.760056 0.497373
v 0.176208 1.010284 0.309595
v 0.186874 1.011368 0.296216
v 0.180725 0.984222 0.305502
v 0.042709 0.876251 0.574718
v 0.062195 0.867920 0.588059
v 0.039764 0.844589 0.584752
v 0.128220 0.900284 0.536471
v 0.113007 0.904846 0.517858
v 0.068436 1.099777 0.171534
v 0.104050 0.513840 0.593704
v 0.306671 0.734375 0.521061
v 0.303558 0.711792 0.532545
v 0.298386 0.895782 0.346194
v 0.315674 0.863663 0.325008
v 0.316849 0.914749 0.267899
v 0.287064 0.936813 0.279860
v 0.311722 0.921066 0.247213
v 0.381577 0.819458 0.269767
v 0.384140 0.800049 0.282940
v 0.374252 0.819626 0.292397
v 0.340378 0.853378 0.251007
v 0.331680 0.863876 0.279859
v 0.014954 0.683380 0.342616
v 0.010956 0.688202 0.352868
v 0.023682 0.650772 0.340126
v 0.020477 0.621521 0.231779
v 0.017838 0.659348 0.213309
v 0.014206 0.665268 0.228036
v 0.069061 0.563766 0.608102
v 0.078156 0.557999 0.607133
v 0.062195 0.559784 0.607912
v 0.292618 0.542603 0.440567
v 0.283661 0.544174 0.441289
v 0.327438 0.696121 0.505201
v 0.327637 0.689545 0.508240
v 0.311996 0.689880 0.521751
v 0.307129 0.694580 0.523622
v 0.194916 0.550949 0.444451
v 0.105759 0.509384 0.554325
v 0.387741 0.783508 0.270164
v 0.383667 0.786041 0.277180
v 0.358093 0.617874 0.230562
v 0.277954 0.943726 0.268391
v 0.259521 0.960541 0.298351
v 0.275040 0.958176 0.267178
v 0.265106 0.953873 0.295818
v 0.279617 0.940018 0.270600
v 0.303894 0.912186 0.209980
v 0.304626 0.900742 0.191483
v 0.305801 0.908676 0.211071
v 0.352524 0.721207 0.442091
v 0.352554 0.721497 0.430654
v 0.304031 0.798813 0.349620
v 0.310638 0.831772 0.294886
v 0.306412 0.835693 0.305576
v 0.347931 0.823776 0.200780
v 0.214035 0.984634 0.171320
v 0.183762 0.978592 0.312287
v 0.229416 0.933548 0.414479
v 0.177307 1.037582 0.144762
v 0.167053 1.035782 0.154042
v 0.136734 1.052704 0.166790
v 0.078369 1.093521 0.177892
v 0.172623 0.915314 0.480019
v 0.196350 0.894623 0.484913
v 0.190399 0.784393 0.589810
v 0.198898 0.794144 0.575985
v 0.177856 0.757462 0.604446
v 0.173279 0.761139 0.606688
v 0.232712 0.812759 0.503159
v 0.227036 0.822693 0.495906
v 0.267670 0.862122 0.478396
v 0.300842 0.824356 0.462828
v 0.291199 0.818542 0.486989
v 0.112381 0.812164 0.626435
v 0.100235 0.849426 0.603450
v 0.127487 0.840530 0.605288
v 0.061066 0.997650 0.443136
v 0.065063 0.990936 0.440670
v 0.046875 0.966797 0.464569
v 0.067856 0.988770 0.442039
v 0.073532 0.996231 0.420104
v 0.077438 0.990036 0.444813
v 0.014816 0.913559 0.408337
v 0.015442 0.908920 0.410949
v 0.012253 0.908188 0.400633
v 0.126495 1.067291 0.246668
v 0.099808 1.074249 0.246881
v 0.098282 1.066071 0.235898
v 0.103134 1.079285 0.224839
v 0.126266 1.067932 0.239940
v 0.098663 1.066864 0.232100
v 0.003799 1.083954 0.155679
v 0.007690 1.104935 0.135558
v 0.027740 1.056564 0.302267
v 0.005280 1.008850 0.238206
v 0.004211 1.003769 0.246084
v 0.002930 1.002243 0.227620
v 0.024139 1.065140 0.190482
v 0.024826 1.069290 0.187937
v 0.017166 0.893478 0.182025
v 0.016754 0.892746 0.167856
v 0.015930 0.803421 0.306717
v 0.045197 0.923538 0.286632
v 0.023499 0.749649 0.421573
v 0.017990 0.744049 0.450246
v 0.024734 0.729828 0.409984
v 0.033798 0.585907 0.214606
v 0.038605 0.589813 0.223787
v 0.257324 0.750336 0.055469
v 0.018784 0.840607 0.289351
v 0.017258 0.862457 0.296258
v 0.014542 0.817505 0.322146
v 0.029617 0.940521 0.146502
v 0.019180 0.588303 0.306078
v 0.017685 0.918839 0.142791
v 0.016586 0.913895 0.191147
v 0.011444 0.666901 0.400355
v 0.012253 0.631104 0.452374
v 0.012650 0.611206 0.473773
v 0.020615 0.837006 0.572744
v 0.024506 1.019302 0.161749
v 0.011185 1.018707 0.167868
v 0.020157 0.961792 0.301681
v 0.021927 0.792404 0.369689
v 0.034439 0.805557 0.383064
v 0.038361 0.766052 0.390687
v 0.009598 0.612503 0.526642
v 0.005783 0.653976 0.551768
v 0.009537 0.639069 0.573394
v 0.014175 0.682938 0.519232
v 0.019531 0.780716 0.591783
v 0.017120 0.751083 0.600740
v 0.053131 1.076035 0.300303
v 0.194077 0.540756 0.517733
v 0.225845 0.548309 0.524003
v 0.248154 0.556213 0.526495
v 0.262833 0.599640 0.589004
v 0.241455 0.606201 0.609044
v 0.247681 0.630936 0.611544
v 0.307632 0.540588 0.462559
v 0.292831 0.549347 0.472046
v 0.319260 0.574661 0.474603
v 0.277817 0.627930 0.578330
v 0.269730 0.593323 0.569253
v 0.176056 0.703705 0.607937
v 0.172043 0.712494 0.608510
v 0.190887 0.725632 0.613614
v 0.167053 0.701569 0.609942
v 0.134033 1.068283 0.238826
v 0.142029 1.066040 0.239851
v 0.137833 1.077942 0.206688
v 0.188202 0.912155 0.419539
v 0.214096 0.856903 0.527266
v 0.208832 0.842804 0.542150
v 0.177078 0.845184 0.566149
v 0.057037 0.799622 0.610101
v 0.046829 0.812317 0.588938
v 0.076401 0.846130 0.596052
v 0.170990 1.065765 0.198109
v 0.196136 1.051178 0.196274
v 0.169434 0.921387 0.487092
v 0.165558 0.927948 0.481640
v 0.161774 0.927887 0.495252
v 0.139114 0.990250 0.426765
v 0.134079 1.022659 0.384708
v 0.182297 0.982513 0.371550
v 0.163666 1.032562 0.323476
v 0.166443 1.004227 0.376681
v 0.061981 1.100647 0.179832
v 0.069000 1.097992 0.181723
v 0.062073 1.096527 0.199821
v 0.369720 0.664719 0.430525
v 0.351532 0.725800 0.440759
v 0.348450 0.735306 0.447070
v 0.285950 0.748642 0.547568
v 0.265030 0.755371 0.568547
v 0.290680 0.842285 0.409742
v 0.298828 0.842651 0.420463
v 0.284012 0.864792 0.427578
v 0.262985 0.954956 0.302372
v 0.265610 0.707275 0.200657
v 0.267944 0.732620 0.066461
v 0.271652 0.725906 0.078211
v 0.263565 0.738327 0.065477
v 0.030090 0.622787 0.231390
v 0.025711 0.660477 0.214872
v 0.113998 0.514877 0.547546
v 0.257935 0.543686 0.442441
v 0.355774 0.609680 0.236916
v 0.265442 0.735489 0.060140
v 0.181625 0.945389 0.419203
v 0.101685 0.659760 0.636920
v 0.108414 0.968582 0.484199
v 0.020218 0.728607 0.489881
v 0.019897 0.739288 0.491658
v 0.035858 0.721542 0.513142
v 0.016144 1.102295 0.178823
v 0.010315 1.097610 0.171175
v 0.137558 1.064819 0.249675
v 0.028427 0.637421 0.340455
v 0.035873 0.618988 0.238451
v 0.023346 0.752609 0.304625
v 0.022934 0.783066 0.266905
v 0.012894 0.682968 0.341902
v 0.018982 0.583084 0.244613
v 0.019135 0.583679 0.209485
v 0.029434 0.808945 0.226469
v 0.039703 0.831772 0.172027
v 0.011734 0.700104 0.215322
v -0.004257 0.710938 0.322112
v 0.051331 0.845108 0.128620
v 0.016922 0.719315 0.326353
v 0.016098 0.900162 0.134970
v 0.024918 0.916626 0.265801
v 0.018066 0.893616 0.258276
v 0.023849 0.933762 0.196792
v 0.026230 0.885468 0.311255
v 0.023422 0.843124 0.346954
v 0.021454 0.851501 0.172295
v 0.037613 0.834534 0.173542
v 0.024658 0.864853 0.128951
v 0.010544 0.564560 0.215615
v 0.019760 0.861496 0.244850
v 0.014648 0.845200 0.233643
v 0.017532 0.829941 0.228044
v 0.028671 0.812912 0.225755
v 0.020386 0.869781 0.249311
v 0.023453 0.786423 0.267871
v 0.016861 0.802292 0.268902
v 0.039291 0.556046 0.525836
v 0.012604 0.560211 0.436354
v 0.022354 0.681702 0.387777
v 0.010742 0.616592 0.371479
v 0.017426 0.627930 0.355819
v 0.015121 0.605286 0.490683
v 0.032547 0.566589 0.574971
v 0.023254 0.579086 0.577317
v 0.011124 1.073318 0.170922
v 0.010361 1.025146 0.142179
v 0.014832 1.021515 0.371144
v 0.006149 0.979660 0.354424
v 0.009109 0.891708 0.459055
v 0.009537 0.875961 0.432436
v 0.013550 0.899429 0.417883
v 0.013702 0.915039 0.446957
v 0.046326 0.963654 0.471863
v 0.026855 0.924438 0.438650
v 0.035873 0.942841 0.460261
v 0.027542 0.928833 0.435562
v 0.013870 0.970993 0.209751
v 0.016068 1.053116 0.316183
v 0.005447 0.995331 0.187295
v 0.002090 1.020462 0.189104
v 0.004013 0.982681 0.217907
v 0.007462 0.744034 0.548440
v 0.064331 0.636124 0.635707
v 0.024536 0.624893 0.609579
v 0.070053 0.573410 0.620002
v 0.030899 0.579315 0.607222
v 0.061630 0.543900 0.610734
v 0.041199 0.563049 0.595476
v 0.035156 0.861633 0.359816
v 0.033279 0.810104 0.389522
v 0.039459 0.897079 0.317783
v 0.036575 0.856781 0.355093
v 0.017181 0.721359 0.328997
v 0.029724 0.690918 0.380931
v 0.013397 0.600327 0.582033
v 0.011322 0.620041 0.587614
v 0.040024 0.568237 0.596830
v 0.037582 0.704834 0.516560
v 0.014847 0.711288 0.483050
v 0.009338 0.789520 0.434007
v 0.035080 0.716248 0.524840
v 0.003616 0.785263 0.459646
v 0.013123 0.732040 0.105419
v 0.016434 0.685226 0.188731
v 0.061508 0.934616 0.538394
v 0.090454 0.983017 0.471463
v 0.047791 1.003632 0.441652
v 0.044052 1.071777 0.311167
v 0.028580 1.065094 0.326582
v 0.028427 1.083099 0.202656
v 0.014465 1.089706 0.183269
v 0.018890 1.094940 0.190284
v 0.011459 1.064636 0.271260
v 0.063248 1.085098 0.234080
v 0.026794 1.090073 0.214279
v 0.021027 1.089264 0.232652
v 0.032990 1.094406 0.198887
v 0.015091 1.028229 0.270446
v 0.009033 1.039505 0.255497
v 0.136307 0.529892 0.525272
v 0.123627 0.534515 0.511444
v 0.161392 0.548325 0.478395
v 0.170135 0.539734 0.495833
v 0.199890 0.542465 0.471349
v 0.229050 0.541534 0.489136
v 0.255981 0.543411 0.465082
v 0.288010 0.551376 0.476200
v 0.279861 0.543777 0.458372
v 0.278183 0.550385 0.488812
v 0.245789 0.564850 0.556189
v 0.247498 0.566406 0.539486
v 0.219147 0.551178 0.549778
v 0.239014 0.568939 0.581579
v 0.202881 0.547836 0.564507
v 0.190186 0.555740 0.588226
v 0.149384 0.537445 0.579312
v 0.314240 0.529785 0.424039
v 0.222305 0.584396 0.605745
v 0.262589 0.646622 0.601213
v 0.376282 0.568817 0.351334
v 0.365067 0.664459 0.445360
v 0.341904 0.683762 0.479448
v 0.341049 0.612762 0.479149
v 0.340881 0.624283 0.497790
v 0.342178 0.663284 0.490005
v 0.347900 0.643311 0.476928
v 0.330917 0.674316 0.513918
v 0.331177 0.638519 0.524324
v 0.288361 0.719376 0.558753
v 0.265366 0.723236 0.584271
v 0.287186 0.678284 0.533686
v 0.308670 0.623199 0.554047
v 0.290161 0.626312 0.561472
v 0.263062 0.550949 0.510339
v 0.280945 0.587906 0.549134
v 0.297592 0.574829 0.526799
v 0.272461 0.594269 0.557635
v 0.278397 0.632263 0.565160
v 0.259323 0.665482 0.591061
v 0.220932 0.710785 0.608569
v 0.227402 0.730972 0.609758
v 0.205353 0.738953 0.614499
v 0.219452 0.676010 0.615233
v 0.211136 0.695511 0.605927
v 0.227310 0.636536 0.620695
v 0.227081 0.653793 0.620848
v 0.228607 0.627686 0.614961
v 0.169449 0.589096 0.619081
v 0.164246 0.605591 0.634334
v 0.128906 0.586517 0.634108
v 0.132263 0.570679 0.617326
v 0.179749 0.564651 0.597970
v 0.141846 0.545319 0.591667
v 0.133621 0.558319 0.593493
v 0.170609 0.578918 0.599252
v 0.095627 0.538818 0.608021
v 0.132233 0.562561 0.597264
v 0.190933 0.646454 0.633677
v 0.116974 0.613754 0.645203
v 0.147293 0.648026 0.638028
v 0.156143 0.626617 0.640171
v 0.110779 0.637726 0.643262
v 0.181229 0.668686 0.628283
v 0.186600 0.760269 0.604766
v 0.130722 0.686737 0.646443
v 0.125320 0.702560 0.653777
v 0.137268 0.728760 0.645784
v 0.152435 0.719284 0.631615
v 0.095993 0.697968 0.658111
v 0.099747 0.731491 0.654391
v 0.097870 0.676224 0.650116
v 0.164886 0.780502 0.608415
v 0.161896 0.763916 0.617307
v 0.146179 0.772430 0.630852
v 0.149796 0.797012 0.620541
v 0.105316 0.773880 0.641615
v 0.052673 0.760178 0.629189
v 0.059387 0.679886 0.633751
v 0.135620 0.670807 0.630153
v 0.022446 0.755569 0.304841
v 0.192505 1.022964 0.158045
v 0.171631 1.058777 0.177007
v 0.131729 1.076996 0.183402
v 0.191376 1.022598 0.163606
v 0.198410 1.040115 0.177259
v 0.217163 1.021423 0.193649
v 0.209412 1.038422 0.206268
v 0.208633 1.015503 0.245077
v 0.207672 0.990051 0.243250
v 0.101410 1.088608 0.205589
v 0.253357 0.983124 0.253899
v 0.208786 0.985535 0.311740
v 0.230850 0.990860 0.244754
v 0.211197 0.986465 0.243299
v 0.189194 0.961426 0.372139
v 0.221222 0.904297 0.458781
v 0.170273 0.806351 0.587848
v 0.172760 0.786514 0.579395
v 0.159958 0.825333 0.596701
v 0.222870 0.846451 0.513140
v 0.191147 0.895294 0.503883
v 0.072357 0.854019 0.590140
v 0.088272 0.917999 0.552922
v 0.097198 0.902481 0.550562
v 0.276962 0.869095 0.450561
v 0.167068 0.944702 0.457562
v 0.110001 0.982208 0.468872
v 0.169205 0.965927 0.425581
v 0.185013 0.962631 0.372767
v 0.081055 1.030716 0.367914
v 0.095734 1.035645 0.374297
v 0.070160 1.049088 0.370496
v 0.076645 1.032974 0.367232
v 0.178284 0.791779 0.560537
v 0.217667 0.810486 0.525311
v 0.228897 0.810028 0.536560
v 0.215210 0.814056 0.524940
v 0.213593 0.830170 0.535905
v 0.394882 0.624634 0.276616
v 0.356201 0.598938 0.256268
v 0.347687 0.590134 0.284627
v 0.383270 0.612823 0.314713
v 0.394135 0.639053 0.246745
v 0.363388 0.606842 0.333221
v 0.393158 0.648987 0.231041
v 0.403351 0.682236 0.238770
v 0.426239 0.725403 0.238274
v 0.409805 0.723129 0.248164
v 0.413544 0.675674 0.259472
v 0.419159 0.720352 0.271637
v 0.408905 0.722351 0.252764
v 0.415558 0.664200 0.300816
v 0.416290 0.710190 0.314939
v 0.376678 0.588333 0.343710
v 0.393860 0.699127 0.366317
v 0.371994 0.736145 0.361013
v 0.395813 0.749710 0.319305
v 0.406097 0.757492 0.278295
v 0.410141 0.769196 0.248975
v 0.402191 0.761032 0.258763
v 0.393936 0.792786 0.264159
v 0.393814 0.809799 0.247665
v 0.415833 0.781830 0.226174
v 0.338745 0.769943 0.440848
v 0.347183 0.767319 0.413450
v 0.335129 0.750275 0.464955
v 0.344574 0.854126 0.219717
v 0.332581 0.829865 0.249527
v 0.371170 0.796448 0.316277
v 0.385559 0.789261 0.290564
v 0.346313 0.802811 0.335880
v 0.350082 0.832016 0.296666
v 0.296341 0.823349 0.378685
v 0.329575 0.800812 0.379533
v 0.313583 0.824051 0.397532
v 0.297348 0.819977 0.381642
v 0.264084 0.795029 0.503046
v 0.269882 0.797577 0.516991
v 0.246872 0.811554 0.520984
v 0.251282 0.854645 0.487262
v 0.265839 0.797394 0.499357
v 0.289856 0.845917 0.405759
v 0.302399 0.923111 0.238559
v 0.086868 0.619934 0.328327
v 0.082504 0.655502 0.336681
v 0.109055 0.635162 0.356746
v 0.113693 0.665314 0.362360
v 0.113205 0.708069 0.341515
v 0.080765 0.698227 0.324122
v 0.107712 0.753815 0.297679
v 0.076706 0.742569 0.285104
v 0.106354 0.805542 0.181170
v 0.071609 0.785477 0.174380
v 0.074295 0.772400 0.230616
v 0.104538 0.786255 0.240671
v 0.071091 0.790222 0.122020
v 0.109467 0.813843 0.124699
v 0.049088 0.678406 0.296208
v 0.041824 0.768478 0.166639
v 0.028839 0.738998 0.160200
v 0.030853 0.721451 0.203570
v 0.043365 0.753479 0.219160
v 0.040131 0.772293 0.117361
v 0.045227 0.721451 0.268655
v 0.262604 0.683838 0.257418
v 0.270172 0.731232 0.097014
v 0.238098 0.724533 0.260067
v 0.239563 0.689819 0.308083
v 0.238113 0.748764 0.197192
v 0.213181 0.686325 0.349375
v 0.212463 0.723434 0.313547
v 0.207870 0.757172 0.262222
v 0.211655 0.794815 0.131441
v 0.205215 0.782333 0.196693
v 0.147217 0.814270 0.190683
v 0.176956 0.806091 0.195980
v 0.182419 0.820160 0.133827
v 0.150024 0.826202 0.132294
v 0.148438 0.712524 0.349130
v 0.178619 0.706985 0.353299
v 0.179337 0.746414 0.313573
v 0.147797 0.755646 0.308577
v 0.146561 0.669800 0.372478
v 0.176361 0.662338 0.377280
v 0.137344 0.622345 0.371900
v 0.176620 0.780182 0.262461
v 0.123962 0.710312 0.345145
v 0.124084 0.667419 0.367748
v 0.118942 0.756119 0.301099
v 0.146194 0.790710 0.255163
v 0.115936 0.789459 0.244409
v 0.118256 0.810349 0.183851
v 0.121704 0.819778 0.126412
v 0.050568 1.030029 0.412621
v 0.066086 1.020645 0.418457
v 0.052841 1.059280 0.360170
v 0.063614 1.088486 0.212948
v 0.035629 1.099380 0.191094
v 0.101486 0.898422 0.550771
v 0.117371 0.892899 0.558280
v 0.273819 0.906570 0.399195
v 0.361710 0.833115 0.259688
v 0.010071 0.568604 0.247480
v 0.168610 0.582718 0.602605
v 0.032623 0.560745 0.574925
v 0.286118 0.543762 0.457245
v 0.316101 0.579285 0.478802
v 0.339905 0.610657 0.463347
v 0.349258 0.648605 0.467792
v 0.340652 0.678024 0.483646
v 0.391129 0.648788 0.235661
v 0.401749 0.759277 0.263069
v 0.284027 0.915787 0.355543
v 0.338943 0.737381 0.371646
v 0.300476 0.927063 0.236331
v 0.180023 0.819443 0.568021
v 0.176239 0.783234 0.579359
v 0.291962 0.773697 0.497899
v 0.016251 0.752914 0.455787
v 0.071228 1.003540 0.409713
v 0.013840 1.024170 0.275448
v 0.004868 1.080811 0.224149
v 0.011917 1.084030 0.208206
v 0.065475 1.074753 0.222573
v 0.014465 0.986954 0.172069
v 0.005142 1.019302 0.227324
v 0.002991 1.063614 0.214153
v 0.009949 1.067322 0.197711
v 0.040009 0.752167 0.391794
v 0.018555 0.832214 0.284093
v 0.014694 0.818848 0.275584
v 0.064056 0.613861 0.281185
v 0.091217 0.608566 0.328225
v 0.116516 0.631088 0.361888
v 0.032150 1.031830 0.397789
v 0.029129 0.746078 0.375861
v 0.044266 0.819565 0.585120
v 0.029022 0.684845 0.607895
v 0.302475 0.599167 0.548257
v 0.314301 0.578003 0.497748
v 0.100601 1.088348 0.191113
v 0.360962 0.716049 0.415459
v 0.378098 0.823151 0.225777
v 0.300461 0.762161 0.511847
v 0.301971 0.836578 0.438404
v 0.023087 0.689224 0.185614
v 0.021500 0.711807 0.146231
v 0.050644 0.588486 0.249970
v 0.316147 0.753265 0.496138
v -0.003754 0.631638 0.328713
v -0.004578 0.747162 0.293814
v -0.004578 0.747162 0.293814
v -0.004898 0.779480 0.258345
v -0.004898 0.779480 0.258345
v -0.004013 0.678085 0.337316
v -0.004013 0.678085 0.337316
v -0.003754 0.583847 0.243186
v -0.003754 0.583847 0.243186
v -0.003647 0.598022 0.300932
v -0.003647 0.598022 0.300932
v -0.003860 0.583771 0.211773
v -0.003860 0.583771 0.211773
v -0.004028 0.620132 0.228563
v -0.004028 0.620132 0.228563
v -0.005173 0.801041 0.217409
v -0.005173 0.801041 0.217409
v -0.005493 0.821579 0.162903
v -0.005493 0.821579 0.162903
v -0.004852 0.733643 0.191270
v -0.004852 0.733643 0.191270
v -0.004593 0.706497 0.218148
v -0.004593 0.706497 0.218148
v -0.004272 0.664566 0.234772
v -0.004272 0.664566 0.234772
v -0.005173 0.762070 0.148720
v -0.005173 0.762070 0.148720
v -0.005692 0.831848 0.122266
v -0.004257 0.710938 0.322112
v 0.023041 0.614532 0.316760
v 0.027924 0.628769 0.329294
v 0.023376 0.612869 0.316306
v 0.019669 0.614914 0.316787
v 0.016998 0.783539 0.306949
v 0.016174 0.792892 0.305947
v 0.016388 0.783936 0.311147
v 0.016785 0.786072 0.302551
v 0.019821 0.586395 0.498221
v 0.024536 0.572159 0.509409
v 0.016357 0.584198 0.488973
v 0.021393 0.591187 0.498549
v 0.007614 0.571182 0.355906
v 0.008591 0.552872 0.323832
v 0.007767 0.574600 0.355960
v 0.008514 0.567230 0.361666
v 0.010590 0.638702 0.435956
v 0.010559 0.639618 0.436077
v 0.012161 0.632507 0.442415
v 0.010559 0.641586 0.431777
v 0.013626 0.652405 0.465932
v 0.016373 0.667084 0.480383
v 0.011276 0.648178 0.465565
v 0.015762 0.652359 0.462163
v 0.023987 0.983200 0.439871
v 0.023682 1.000275 0.426049
v 0.028992 0.982834 0.445288
v 0.019821 0.973465 0.435971
v 0.009979 1.004608 0.332976
v 0.008682 1.005630 0.339067
v 0.010437 0.990982 0.326511
v 0.011597 1.007309 0.331669
v 0.009094 1.008163 0.324716
v 0.009186 0.997391 0.314025
v 0.007004 1.011215 0.322862
v 0.011353 1.008514 0.328931
v 0.008621 0.937897 0.320778
v 0.006622 0.948471 0.322121
v 0.008652 0.928925 0.332576
v 0.014206 0.935684 0.314442
v 0.023743 0.906189 0.535393
v 0.030579 0.930847 0.519590
v 0.029846 0.903809 0.544462
v 0.017303 0.897766 0.531793
v 0.011292 0.794571 0.554077
v 0.018875 0.799988 0.568373
v 0.010468 0.789154 0.553087
v 0.010712 0.801178 0.550113
v 0.037811 0.947815 0.508204
v 0.034927 0.948822 0.498896
v 0.047485 0.954025 0.511264
v 0.016479 0.926178 0.490156
v 0.015045 0.922455 0.481164
v 0.021118 0.934113 0.489817
v 0.015350 0.914963 0.502978
v 0.034988 0.955368 0.456166
v 0.031235 0.949387 0.454029
v 0.034149 0.964584 0.453574
v 0.039490 0.955612 0.457716
v 0.013138 0.940262 0.412498
v 0.010544 0.942764 0.396259
v 0.014496 0.950073 0.418691
v 0.014938 0.932770 0.416606
v 0.000748 0.998260 0.278706
v 0.003204 1.015305 0.292541
v 0.000656 0.995132 0.281211
v 0.001907 0.999130 0.273520
v 0.002426 0.971451 0.270205
v 0.001709 0.977509 0.275309
v 0.008118 0.965668 0.274334
v 0.002930 0.972275 0.259914
v 0.044739 0.941238 0.249332
v 0.046890 0.935669 0.274240
v 0.043686 0.938431 0.249047
v 0.043396 0.943710 0.246659
v 0.034363 0.919083 0.309835
v 0.028168 0.909088 0.325028
v 0.042282 0.915878 0.304829
v 0.030853 0.926651 0.306431
v 0.010696 0.861618 0.395344
v 0.010010 0.883728 0.379890
v 0.010452 0.863998 0.401750
v 0.014618 0.853348 0.392048
v 0.050522 0.597778 0.629781
v 0.071869 0.598938 0.636749
v 0.047440 0.590439 0.624895
v 0.045914 0.605194 0.629217
v 0.013168 0.759064 0.330071
v 0.015335 0.750870 0.325064
v 0.013763 0.774796 0.325031
v 0.013489 0.758621 0.341844
v 0.028732 0.716034 0.384071
v 0.033142 0.719666 0.387401
v 0.023438 0.692276 0.374787
v 0.027145 0.719650 0.382681
v 0.024246 0.669327 0.360286
v 0.020767 0.667068 0.355751
v 0.027649 0.666534 0.360159
v 0.031769 0.755096 0.409266
v 0.039352 0.754700 0.399599
v 0.029968 0.764328 0.408856
v 0.031235 0.754227 0.409902
v 0.004868 0.651611 0.499935
v 0.005981 0.645706 0.488726
v 0.005203 0.660812 0.503762
v 0.005280 0.648438 0.506392
v 0.005905 0.715408 0.576164
v 0.006531 0.727722 0.583932
v 0.008682 0.699142 0.577768
v 0.005280 0.716995 0.571487
v 0.015030 0.659500 0.457322
v 0.018066 0.677109 0.468999
v 0.016296 0.655197 0.458819
v 0.012650 0.659851 0.452010
v 0.008591 0.711823 0.436746
v 0.011383 0.722275 0.432327
v 0.007874 0.710373 0.447368
v 0.009018 0.699417 0.430356
v 0.007385 0.844101 0.524303
v 0.007355 0.837753 0.512076
v 0.008011 0.851974 0.521255
v 0.007858 0.837769 0.528594
v 0.008087 0.805542 0.516733
v 0.007568 0.811966 0.525283
v 0.011032 0.783569 0.521325
v 0.009140 0.809036 0.509309
v 0.008591 0.805084 0.500706
v 0.009232 0.807510 0.503315
v 0.012497 0.782028 0.499999
v 0.007812 0.807693 0.499397
v 0.007507 0.811569 0.499403
v 0.007416 0.827438 0.503590
v 0.006683 0.811401 0.494248
v 0.013824 0.732101 0.157051
v 0.013641 0.734940 0.142435
v 0.011322 0.741318 0.163311
v 0.013901 0.719040 0.166051
v 0.031677 0.657471 0.242846
v 0.034103 0.648300 0.250888
v 0.033234 0.674576 0.252697
v 0.031113 0.657837 0.238039
v 0.041565 0.663574 0.609658
v 0.025650 0.663177 0.595705
v 0.043320 0.668076 0.611881
v 0.042480 0.657135 0.612569
v 0.038528 0.706818 0.629367
v 0.036987 0.699051 0.626145
v 0.034637 0.716339 0.624656
v 0.054993 0.709824 0.642521
v 0.033188 1.068497 0.298157
v 0.026291 1.065750 0.294411
v 0.034073 1.073883 0.288488
v 0.036224 1.067520 0.301358
v 0.038986 1.108505 0.162958
v 0.035110 1.108246 0.155347
v 0.049728 1.107056 0.164741
v 0.032959 1.108231 0.169760
v 0.053421 1.082916 0.279065
v 0.054291 1.083252 0.278727
v 0.048477 1.076828 0.297106
v 0.048508 1.083054 0.274585
v 0.043198 1.106369 0.137982
v 0.035049 1.106384 0.128790
v 0.047104 1.106613 0.136591
v 0.039307 1.106720 0.140075
v 0.129166 0.520859 0.548698
v 0.129669 0.521484 0.546775
v 0.112152 0.512070 0.554624
v 0.129120 0.521606 0.553993
v 0.346054 0.548828 0.456127
v 0.354202 0.563599 0.457442
v 0.347366 0.543518 0.442163
v 0.339066 0.548492 0.460187
v 0.364517 0.560135 0.412385
v 0.364258 0.570282 0.434981
v 0.368805 0.566223 0.399527
v 0.359421 0.550858 0.412434
v 0.373886 0.600311 0.426213
v 0.366760 0.590591 0.437072
v 0.372192 0.611130 0.429962
v 0.377289 0.593491 0.412357
v 0.352402 0.623718 0.455550
v 0.349335 0.605026 0.455220
v 0.348770 0.628265 0.458486
v 0.358536 0.626495 0.450792
v 0.311859 0.664917 0.543631
v 0.318802 0.664047 0.538707
v 0.307220 0.656250 0.549669
v 0.308807 0.669205 0.540686
v 0.317352 0.698380 0.516373
v 0.312653 0.701050 0.520546
v 0.318878 0.699722 0.515374
v 0.318527 0.695038 0.515239
v 0.321823 0.595932 0.525412
v 0.326279 0.603394 0.520963
v 0.318802 0.589996 0.521572
v 0.319229 0.598648 0.533718
v 0.266129 0.658600 0.559582
v 0.265152 0.660736 0.562044
v 0.263397 0.660049 0.551306
v 0.268143 0.654861 0.561828
v 0.287048 0.693161 0.544060
v 0.289581 0.699677 0.547364
v 0.291168 0.692352 0.535705
v 0.281021 0.688919 0.548076
v 0.268295 0.693314 0.574427
v 0.256516 0.692871 0.583979
v 0.273087 0.700577 0.573581
v 0.268936 0.688782 0.567637
v 0.215607 0.609497 0.611969
v 0.206360 0.599121 0.609799
v 0.214401 0.613998 0.612539
v 0.220993 0.608154 0.611935
v 0.211273 0.616379 0.616768
v 0.200470 0.608765 0.616825
v 0.212341 0.619186 0.619441
v 0.212509 0.616226 0.614475
v 0.210236 0.622070 0.622723
v 0.199280 0.617355 0.626389
v 0.212357 0.625519 0.622978
v 0.017670 1.049210 0.349025
v 0.011139 1.040619 0.340484
v 0.019409 1.053177 0.344914
v 0.020157 1.046707 0.356946
v 0.033463 0.566696 0.526443
v 0.032425 0.565781 0.534415
v 0.036285 0.565460 0.525041
v 0.025894 0.578445 0.520433
v 0.015549 0.879745 0.159761
v 0.016098 0.876221 0.180570
v 0.015808 0.874420 0.155910
v 0.015854 0.884445 0.156943
v 0.039719 0.952866 0.202261
v 0.039719 0.951706 0.212390
v 0.037247 0.947418 0.208987
v 0.039673 0.955215 0.192928
v 0.031464 0.951431 0.289401
v 0.039764 0.944763 0.272944
v 0.028580 0.953140 0.287275
v 0.031296 0.951462 0.290121
v 0.160767 1.067780 0.144648
v 0.129364 1.075775 0.139680
v 0.131714 1.083191 0.132067
v 0.141678 1.063812 0.152384
v 0.124908 1.074387 0.138537
v 0.081696 1.102524 0.132345
v 0.096695 1.093170 0.147771
v 0.108490 1.087631 0.141131
v 0.095306 1.087479 0.162948
v 0.092056 1.096451 0.144781
v 0.103424 1.076752 0.167785
v 0.115509 1.072067 0.159305
v 0.101898 1.075134 0.169793
v 0.182739 1.037201 0.278928
v 0.168594 1.037170 0.304258
v 0.181168 1.039124 0.276860
v 0.184921 1.034256 0.278377
v 0.160202 1.051529 0.277971
v 0.153748 1.050079 0.292038
v 0.156876 1.057343 0.263811
v 0.166977 1.048203 0.276371
v 0.271591 0.891922 0.428926
v 0.271042 0.893021 0.428993
v 0.277542 0.883820 0.422179
v 0.272049 0.889587 0.431292
v 0.248871 0.927246 0.416106
v 0.256989 0.922531 0.409498
v 0.247391 0.926086 0.423918
v 0.246704 0.928116 0.411447
v 0.240845 0.952759 0.373825
v 0.227539 0.959427 0.384495
v 0.246567 0.956635 0.359797
v 0.241745 0.947739 0.376413
v 0.244415 0.972198 0.310359
v 0.244202 0.972595 0.309778
v 0.253738 0.963669 0.306642
v 0.244873 0.970123 0.317919
v 0.220108 0.964523 0.386351
v 0.220917 0.971466 0.371502
v 0.211670 0.960052 0.389958
v 0.205750 0.932907 0.408337
v 0.201187 0.937088 0.403559
v 0.222336 0.941315 0.400842
v 0.205048 0.927551 0.411095
v 0.150864 0.904205 0.522659
v 0.159302 0.892929 0.525906
v 0.146622 0.905334 0.521355
v 0.154602 0.905197 0.519695
v 0.136612 0.905136 0.518583
v 0.135498 0.900543 0.518768
v 0.125687 0.916504 0.513139
v 0.156647 0.879379 0.546986
v 0.160538 0.886337 0.532480
v 0.158844 0.875900 0.549000
v 0.152374 0.881714 0.547961
v 0.096832 0.959427 0.506726
v 0.105072 0.950851 0.507801
v 0.090378 0.955521 0.515691
v 0.093964 0.966782 0.496903
v 0.107727 0.937622 0.508277
v 0.108749 0.935532 0.503187
v 0.105560 0.927994 0.519319
v 0.117508 1.077454 0.143712
v 0.120590 1.075058 0.139716
v 0.269470 0.988953 0.184616
v 0.262314 0.988007 0.174892
v 0.277084 0.981232 0.189318
v 0.263351 0.990845 0.196746
v 0.207260 0.925247 0.420651
v 0.218216 0.930222 0.425314
v 0.203064 0.922653 0.423517
v 0.205826 0.925049 0.415413
v 0.130966 0.960617 0.480785
v 0.116928 0.961731 0.487142
v 0.129944 0.963028 0.479151
v 0.133316 0.955994 0.484308
v 0.119141 0.932190 0.505146
v 0.127090 0.939316 0.501992
v 0.112686 0.933746 0.501940
v 0.176163 0.908859 0.459588
v 0.173874 0.921814 0.464452
v 0.180038 0.905762 0.447731
v 0.174484 0.905029 0.462863
v 0.146225 0.971466 0.452494
v 0.145767 0.971558 0.452945
v 0.142807 0.980362 0.438696
v 0.149231 0.969482 0.450985
v 0.104370 0.993912 0.428208
v 0.105362 0.992554 0.423937
v 0.117371 0.989853 0.440246
v 0.091019 0.996994 0.428163
v 0.106583 1.001297 0.416189
v 0.105896 0.994980 0.419477
v 0.091461 1.011459 0.404642
v 0.118103 1.005081 0.415189
v 0.147903 1.045670 0.311464
v 0.138565 1.050262 0.310243
v 0.148422 1.045609 0.311031
v 0.148438 1.041351 0.321297
v 0.113876 1.044312 0.329581
v 0.121552 1.045670 0.334835
v 0.103058 1.040604 0.341401
v 0.113159 1.043289 0.323772
v 0.106903 1.050217 0.320149
v 0.093262 1.049210 0.329578
v 0.111374 1.056168 0.316485
v 0.110596 1.045395 0.320546
v 0.148010 1.046005 0.310436
v 0.138763 1.050629 0.309040
v 0.148193 1.047104 0.307334
v 0.088562 1.070938 0.298599
v 0.082352 1.074692 0.290227
v 0.099731 1.068420 0.296904
v 0.080002 1.067413 0.317068
v 0.174103 1.018463 0.320165
v 0.171021 1.022049 0.315388
v 0.178040 1.008102 0.320845
v 0.174957 1.016342 0.327278
v 0.178711 0.997162 0.319085
v 0.180603 0.991119 0.327478
v 0.176941 0.995560 0.314680
v 0.244919 0.914307 0.444729
v 0.251343 0.904861 0.450151
v 0.234818 0.918701 0.448135
v 0.246460 0.916473 0.439008
v 0.366226 0.682724 0.434830
v 0.367554 0.673874 0.432202
v 0.365753 0.682465 0.436771
v 0.369827 0.682724 0.425244
v 0.373199 0.650726 0.404804
v 0.375122 0.637268 0.386846
v 0.376938 0.649643 0.411879
v 0.367920 0.657654 0.405673
v 0.376541 0.661896 0.393453
v 0.380524 0.668579 0.395881
v 0.379227 0.651703 0.371281
v 0.368927 0.661194 0.402080
v 0.315002 0.767136 0.490653
v 0.318512 0.755371 0.491678
v 0.310913 0.773590 0.491406
v 0.317612 0.763290 0.488369
v 0.345535 0.736267 0.399408
v 0.339417 0.749207 0.381496
v 0.344543 0.729523 0.400593
v 0.348694 0.741547 0.410932
v 0.343277 0.714386 0.472949
v 0.351654 0.704987 0.462005
v 0.340637 0.710541 0.478485
v 0.342163 0.719803 0.471502
v 0.337814 0.895538 0.225394
v 0.332703 0.894745 0.212154
v 0.342102 0.886887 0.229208
v 0.333359 0.901215 0.232826
v 0.287827 0.903519 0.370071
v 0.287506 0.903717 0.370592
v 0.285370 0.910980 0.363014
v 0.289078 0.902161 0.368450
v 0.271973 0.916672 0.374038
v 0.276031 0.913834 0.375992
v 0.266296 0.918121 0.380764
v 0.271606 0.917160 0.370660
v 0.287598 0.870956 0.410972
v 0.288284 0.867691 0.410674
v 0.282120 0.878387 0.416172
v 0.287094 0.874603 0.407963
v 0.308334 0.861557 0.370087
v 0.309158 0.865280 0.362507
v 0.311356 0.843018 0.368700
v 0.304169 0.865677 0.376432
v 0.329056 0.805557 0.420408
v 0.323380 0.808899 0.430127
v 0.328156 0.811798 0.407755
v 0.333771 0.797012 0.420698
v 0.297821 0.785355 0.496273
v 0.311279 0.765121 0.494403
v 0.295471 0.785538 0.496699
v 0.298416 0.786682 0.495465
v 0.257751 0.804291 0.535514
v 0.250900 0.807846 0.536124
v 0.260818 0.804016 0.531030
v 0.256302 0.797607 0.542963
v 0.306107 0.940704 0.211852
v 0.305313 0.935867 0.200755
v 0.307724 0.934570 0.219585
v 0.300262 0.949081 0.209477
v 0.302414 0.911697 0.294296
v 0.303299 0.908905 0.294001
v 0.296295 0.917740 0.298886
v 0.302460 0.913895 0.291525
v 0.302780 0.903900 0.294608
v 0.308182 0.889999 0.292154
v 0.300003 0.903564 0.296995
v 0.301300 0.901062 0.303685
v 0.305328 0.886124 0.304542
v 0.300598 0.904114 0.310685
v 0.299316 0.902588 0.300635
v 0.290115 0.918396 0.321513
v 0.286041 0.923340 0.322408
v 0.293274 0.918793 0.307072
v 0.291977 0.914932 0.322886
v 0.269653 0.923279 0.365569
v 0.272171 0.925827 0.361771
v 0.270584 0.919830 0.367167
v 0.259903 0.927490 0.372434
v 0.047607 0.630142 0.270826
v 0.048630 0.624985 0.264100
v 0.058502 0.632706 0.292321
v 0.043427 0.633011 0.268916
v 0.023911 0.735123 0.112569
v 0.245422 0.763947 0.099461
v 0.248672 0.762451 0.079837
v 0.238449 0.771561 0.103219
v 0.249283 0.758514 0.102851
v 0.231125 0.788910 0.574205
v 0.221497 0.777954 0.591508
v 0.227478 0.796036 0.568426
v 0.239502 0.785324 0.569810
v 0.214157 0.771957 0.599941
v 0.205643 0.774963 0.599958
v 0.214981 0.763062 0.603864
v 0.304031 0.763733 0.500259
v 0.295151 0.770630 0.503673
v 0.303955 0.763504 0.498216
v 0.307022 0.762238 0.501481
v 0.176041 1.021301 0.307162
v 0.171753 1.023010 0.310437
v 0.180099 1.023987 0.299029
v 0.180618 1.010666 0.305777
v 0.180786 0.998428 0.307071
v 0.177658 0.995880 0.310120
v 0.186050 0.996704 0.298515
v 0.047562 0.859848 0.587548
v 0.053940 0.874802 0.582181
v 0.050888 0.851807 0.590346
v 0.038849 0.857910 0.582011
v 0.132767 0.899323 0.526405
v 0.140549 0.895294 0.536271
v 0.120285 0.903519 0.528754
v 0.134140 0.898285 0.521557
v 0.082489 0.513870 0.601009
v 0.307861 0.719757 0.524405
v 0.311661 0.719788 0.518710
v 0.308472 0.710724 0.525660
v 0.304108 0.724197 0.529763
v 0.309189 0.884171 0.328203
v 0.303055 0.894806 0.328441
v 0.312408 0.875671 0.316519
v 0.309875 0.878738 0.336906
v 0.304916 0.926346 0.265577
v 0.303314 0.925217 0.274613
v 0.300385 0.928970 0.262093
v 0.315994 0.918442 0.256055
v 0.272339 0.930023 0.357547
v 0.261719 0.937073 0.362839
v 0.274872 0.929031 0.354568
v 0.381348 0.813644 0.281908
v 0.384659 0.809662 0.275721
v 0.379822 0.810135 0.289554
v 0.377243 0.822144 0.280473
v 0.340591 0.869370 0.262702
v 0.342575 0.871323 0.249372
v 0.336441 0.854996 0.268500
v 0.337387 0.878418 0.267965
v 0.017120 0.666718 0.344862
v 0.012146 0.686081 0.346998
v 0.016876 0.666061 0.347688
v 0.019791 0.662811 0.341376
v 0.017532 0.645462 0.224952
v 0.019516 0.642075 0.222864
v 0.015732 0.662476 0.218822
v 0.014709 0.643570 0.228884
v 0.065826 0.562012 0.609145
v 0.075012 0.561615 0.606890
v 0.068466 0.557983 0.609671
v 0.062164 0.562759 0.607493
v 0.284882 0.543915 0.438004
v 0.287689 0.544418 0.440799
v 0.326859 0.692734 0.508815
v 0.329025 0.691177 0.504900
v 0.324875 0.692535 0.510641
v 0.324936 0.695053 0.510092
v 0.311661 0.693588 0.520655
v 0.313889 0.693329 0.519017
v 0.308258 0.691666 0.522281
v 0.310699 0.696686 0.521724
v 0.201157 0.551193 0.438710
v 0.186752 0.552368 0.441621
v 0.106110 0.508804 0.556154
v 0.105743 0.509232 0.561508
v 0.106369 0.508896 0.555358
v 0.269562 0.953979 0.282218
v 0.268478 0.951660 0.283970
v 0.264801 0.961563 0.284297
v 0.278366 0.948944 0.268229
v 0.272980 0.946762 0.286191
v 0.269852 0.948624 0.285762
v 0.283173 0.938660 0.273423
v 0.273300 0.947510 0.289720
v 0.306870 0.912323 0.202266
v 0.307480 0.919205 0.210840
v 0.306061 0.916306 0.197908
v 0.303772 0.905975 0.199924
v 0.311264 0.903931 0.203789
v 0.313416 0.908112 0.213004
v 0.305176 0.903488 0.200607
v 0.315781 0.899750 0.201759
v 0.352997 0.717819 0.446211
v 0.352478 0.719040 0.447779
v 0.352859 0.721420 0.439141
v 0.354218 0.715744 0.444819
v 0.177567 0.978638 0.312818
v 0.182114 0.979721 0.303765
v 0.178894 0.976791 0.321088
v 0.177109 0.982895 0.312654
v 0.224808 0.935822 0.414008
v 0.219666 0.933304 0.413576
v 0.229675 0.934097 0.408834
v 0.224976 0.934326 0.418279
v 0.133316 1.051193 0.165158
v 0.137939 1.048615 0.163923
v 0.126831 1.057785 0.168037
v 0.130417 1.057022 0.158089
v 0.100418 1.075195 0.171165
v 0.077759 1.092270 0.175483
v 0.102417 1.075623 0.172677
v 0.182205 0.900665 0.470438
v 0.176208 0.902573 0.466229
v 0.192627 0.885056 0.470412
v 0.183365 0.907272 0.480885
v 0.199951 0.788834 0.589192
v 0.199387 0.784393 0.592967
v 0.192276 0.789642 0.584623
v 0.207169 0.792496 0.581949
v 0.262238 0.919922 0.387873
v 0.256577 0.922440 0.391553
v 0.263367 0.919312 0.393757
v 0.284882 0.838120 0.478656
v 0.285065 0.843231 0.471128
v 0.297424 0.819977 0.475632
v 0.278687 0.839996 0.485728
v 0.110855 0.833145 0.617026
v 0.101425 0.829056 0.617554
v 0.112625 0.847610 0.604566
v 0.122574 0.826355 0.617947
v 0.108170 0.907242 0.511672
v 0.115173 0.904816 0.513545
v 0.106995 0.907059 0.516502
v 0.108551 0.914383 0.508902
v 0.056168 0.981216 0.454672
v 0.064041 0.994354 0.441270
v 0.056366 0.978867 0.455352
v 0.053986 0.982117 0.455063
v 0.073425 0.993668 0.429583
v 0.071640 0.994354 0.427800
v 0.077072 0.994507 0.428913
v 0.070435 0.988586 0.443851
v 0.013275 0.908264 0.404961
v 0.015411 0.910889 0.409479
v 0.013077 0.905334 0.404336
v 0.012833 0.910324 0.403924
v 0.112839 1.067856 0.242630
v 0.114944 1.070328 0.247472
v 0.098450 1.070114 0.239967
v 0.114822 1.065598 0.240499
v 0.113342 1.070236 0.234096
v 0.116867 1.072922 0.233669
v 0.115311 1.066315 0.237270
v 0.098892 1.072876 0.228610
v 0.004578 1.097290 0.147676
v 0.003494 1.004379 0.237554
v 0.005081 1.007294 0.242306
v 0.002945 0.999802 0.238361
v 0.003311 1.006409 0.229173
v 0.167358 1.052979 0.145795
v 0.175552 1.052170 0.130704
v 0.016998 0.890228 0.177385
v 0.017548 0.887070 0.187101
v 0.016769 0.889648 0.171205
v 0.016922 0.893890 0.172001
v 0.015869 0.796341 0.306182
v 0.015915 0.801544 0.302666
v 0.015671 0.798065 0.309299
v 0.049713 0.928345 0.286076
v 0.048264 0.924667 0.290654
v 0.046967 0.929489 0.277010
v 0.049179 0.929932 0.285484
v 0.021515 0.742615 0.428469
v 0.020447 0.738052 0.429660
v 0.024490 0.742630 0.416665
v 0.019974 0.748337 0.435481
v 0.029770 0.745453 0.408665
v 0.030853 0.750809 0.409629
v 0.032028 0.736710 0.401946
v 0.036499 0.585129 0.215972
v 0.036331 0.580673 0.213200
v 0.039612 0.582520 0.221992
v 0.035751 0.590317 0.218445
v 0.251984 0.758469 0.053048
v 0.015945 0.838089 0.304925
v 0.017471 0.851257 0.291091
v 0.016159 0.842957 0.311606
v 0.016510 0.827423 0.305939
v 0.014862 0.805161 0.315559
v 0.015244 0.809311 0.313312
v 0.014679 0.801361 0.317174
v 0.023941 0.609314 0.316032
v 0.019165 0.593002 0.298143
v 0.024261 0.609924 0.320975
v 0.016266 0.910355 0.166933
v 0.017273 0.918823 0.165881
v 0.016464 0.902863 0.188486
v 0.016693 0.906326 0.160963
v 0.010651 0.650589 0.420160
v 0.010971 0.645676 0.416317
v 0.009628 0.662521 0.415867
v 0.010620 0.645706 0.464589
v 0.012146 0.635559 0.452183
v 0.010132 0.644760 0.466903
v 0.012100 0.915680 0.402879
v 0.013596 0.919098 0.407143
v 0.010986 0.917084 0.394454
v 0.015244 0.833755 0.567392
v 0.017853 0.847855 0.568774
v 0.018768 0.823761 0.572072
v 0.014816 0.833969 0.564542
v 0.028168 0.994766 0.159772
v 0.032639 0.991928 0.157840
v 0.018799 1.020554 0.164832
v 0.025909 0.991943 0.161503
v 0.025574 0.947845 0.295797
v 0.029877 0.950104 0.292281
v 0.016144 0.956924 0.305230
v 0.026184 0.941940 0.297502
v 0.032562 0.783157 0.384665
v 0.028763 0.802399 0.377345
v 0.036896 0.781860 0.389559
v 0.030701 0.776306 0.382208
v 0.007462 0.632645 0.549569
v 0.006592 0.635818 0.538368
v 0.007019 0.646118 0.563207
v 0.008606 0.623734 0.552362
v 0.010742 0.640167 0.437208
v 0.012238 0.635193 0.443898
v 0.010483 0.646729 0.438941
v 0.010818 0.765411 0.590347
v 0.018829 0.768661 0.597622
v 0.008835 0.750626 0.590648
v 0.010056 0.770859 0.585863
v 0.054733 1.083084 0.279431
v 0.050034 1.076981 0.297709
v 0.059158 1.082214 0.279807
v 0.220154 0.546814 0.521255
v 0.214127 0.544998 0.520907
v 0.235748 0.551346 0.524608
v 0.221725 0.546600 0.519124
v 0.105774 0.511154 0.577107
v 0.111572 0.514435 0.575934
v 0.102417 0.506866 0.575443
v 0.252991 0.612289 0.603911
v 0.251297 0.600067 0.600197
v 0.245514 0.618042 0.610575
v 0.258270 0.617325 0.600300
v 0.305878 0.555481 0.473143
v 0.298569 0.544586 0.467962
v 0.303665 0.561279 0.475880
v 0.314636 0.554825 0.470478
v 0.320068 0.699814 0.514297
v 0.320023 0.704239 0.512700
v 0.274109 0.608337 0.578198
v 0.276260 0.610199 0.573440
v 0.267197 0.593750 0.577205
v 0.271866 0.614960 0.584692
v 0.179489 0.714111 0.611230
v 0.170914 0.705185 0.608256
v 0.179764 0.719315 0.611007
v 0.183456 0.712585 0.610890
v 0.042786 0.944580 0.246719
v 0.044739 0.939209 0.273064
v 0.042175 0.945419 0.244865
v 0.113022 1.072067 0.255029
v 0.099609 1.076202 0.256932
v 0.118362 1.070404 0.259549
v 0.119049 1.073502 0.233771
v 0.131073 1.068161 0.240995
v 0.119919 1.074799 0.230147
v 0.137833 1.072739 0.224093
v 0.137619 1.067352 0.239051
v 0.133698 1.074417 0.222520
v 0.142410 1.071518 0.223066
v 0.271149 0.893188 0.428406
v 0.277206 0.885071 0.421374
v 0.270493 0.896057 0.425743
v 0.245560 0.931808 0.387473
v 0.243042 0.929626 0.391883
v 0.244217 0.936066 0.386121
v 0.245605 0.971771 0.308326
v 0.254593 0.963638 0.304523
v 0.247406 0.972717 0.301862
v 0.200882 0.921295 0.424088
v 0.189194 0.915649 0.415341
v 0.200470 0.917923 0.427688
v 0.200592 0.846878 0.548445
v 0.215240 0.846909 0.535453
v 0.196625 0.842316 0.553108
v 0.197144 0.851318 0.546260
v 0.060898 0.821304 0.599431
v 0.049118 0.806946 0.597149
v 0.060974 0.827454 0.594527
v 0.069244 0.822250 0.606006
v 0.180893 1.058777 0.211434
v 0.169510 1.063232 0.217173
v 0.185196 1.058548 0.194945
v 0.186691 1.053955 0.216649
v 0.229889 0.932251 0.427643
v 0.234192 0.932465 0.418060
v 0.235672 0.928650 0.431998
v 0.227615 0.931534 0.428033
v 0.182816 0.910294 0.484717
v 0.170563 0.920288 0.485173
v 0.182495 0.910538 0.486692
v 0.163605 0.926804 0.490315
v 0.165207 0.925140 0.486193
v 0.167847 0.922989 0.491497
v 0.162857 0.930588 0.486877
v 0.144760 0.972397 0.452352
v 0.140701 0.981430 0.438966
v 0.139832 0.974503 0.453557
v 0.137955 1.004349 0.409399
v 0.140579 0.989166 0.427124
v 0.134766 1.006165 0.408824
v 0.142136 1.001801 0.408560
v 0.177505 1.005875 0.342567
v 0.182327 0.993393 0.348508
v 0.174591 1.007660 0.346113
v 0.165039 1.020752 0.347827
v 0.162674 1.033966 0.322509
v 0.166809 1.017670 0.349496
v 0.161102 1.022781 0.348400
v 0.114212 1.057907 0.314568
v 0.129089 1.054031 0.310217
v 0.114700 1.059402 0.309511
v 0.062637 1.098511 0.189861
v 0.064682 1.099411 0.181076
v 0.067184 1.097198 0.191705
v 0.059525 1.099136 0.189555
v 0.377823 0.649933 0.415184
v 0.370377 0.664703 0.427942
v 0.377686 0.648056 0.416846
v 0.350586 0.729294 0.442494
v 0.351807 0.725723 0.437877
v 0.350677 0.727936 0.445115
v 0.350143 0.733978 0.436836
v 0.274124 0.769043 0.548138
v 0.280045 0.769638 0.539036
v 0.276764 0.751144 0.558671
v 0.265411 0.775146 0.552876
v 0.289856 0.852859 0.420968
v 0.294937 0.841888 0.413593
v 0.290543 0.854874 0.426955
v 0.286697 0.855759 0.419179
v 0.272476 0.948395 0.291862
v 0.262756 0.956070 0.300189
v 0.273849 0.946442 0.292983
v 0.041595 0.633804 0.266848
v 0.035339 0.626633 0.244885
v 0.041214 0.638000 0.267899
v 0.264557 0.722122 0.162838
v 0.270340 0.729111 0.071380
v 0.266525 0.732086 0.071410
v 0.264984 0.735092 0.066697
v 0.266113 0.733795 0.073590
v 0.028564 0.642105 0.223787
v 0.031036 0.628143 0.232470
v 0.029037 0.646759 0.225540
v 0.027008 0.641907 0.223302
v 0.106827 0.509247 0.554739
v 0.112930 0.512955 0.551711
v 0.109497 0.512802 0.548882
v 0.229034 0.547150 0.439878
v 0.265503 0.734589 0.064299
v 0.269836 0.731400 0.064442
v 0.266998 0.733322 0.059094
v 0.265060 0.735168 0.064602
v 0.259460 0.959061 0.302423
v 0.262070 0.956757 0.297377
v 0.258759 0.959763 0.302874
v 0.069275 1.098389 0.176547
v 0.074203 1.098358 0.167868
v 0.068146 1.098831 0.177280
v 0.065704 1.099670 0.177547
v 0.063354 1.101089 0.174607
v 0.066345 1.099380 0.177684
v 0.182663 0.927063 0.428657
v 0.180634 0.934631 0.435453
v 0.183685 0.933640 0.414889
v 0.182526 0.918152 0.431515
v 0.161713 0.889130 0.527283
v 0.154480 0.891983 0.525273
v 0.007370 0.832764 0.505689
v 0.007889 0.826050 0.506006
v 0.007324 0.834885 0.506564
v 0.029343 0.723724 0.504542
v 0.021286 0.732101 0.491053
v 0.027924 0.730515 0.504798
v 0.028717 0.721130 0.503910
v 0.133316 1.052246 0.310882
v 0.132401 1.049088 0.320549
v 0.127701 1.050140 0.313528
v 0.133698 1.052338 0.310242
v 0.141327 0.983917 0.433566
v 0.140656 0.984314 0.433694
v 0.013474 1.104294 0.170005
v 0.018021 1.105911 0.171955
v 0.012283 1.100632 0.175324
v 0.011948 1.103241 0.164592
v 0.137375 1.065460 0.244669
v 0.141144 1.064072 0.247979
v 0.136581 1.065704 0.244676
v 0.029617 0.633560 0.334097
v 0.027832 0.628098 0.333244
v 0.029160 0.634766 0.334888
v 0.032303 0.622894 0.235570
v 0.032639 0.617706 0.233098
v 0.032883 0.623093 0.236118
v 0.009247 0.765472 0.281065
v 0.009384 0.749878 0.299219
v -0.001175 0.748520 0.271955
v 0.009018 0.781281 0.262625
v 0.019775 0.767456 0.284846
v 0.009277 0.654404 0.335038
v 0.012512 0.632874 0.331150
v -0.000580 0.647049 0.324604
v 0.004440 0.680527 0.339609
v 0.018005 0.657669 0.337372
v 0.006775 0.589859 0.271652
v -0.001114 0.598953 0.278279
v 0.006332 0.596420 0.300316
v 0.014343 0.587570 0.272004
v 0.007614 0.583466 0.243899
v 0.008011 0.583588 0.227210
v 0.007614 0.583466 0.243899
v 0.014832 0.581482 0.227153
v 0.007645 0.583725 0.210629
v -0.000900 0.597977 0.240081
v 0.008286 0.602509 0.220528
v 0.018539 0.602570 0.220986
v 0.008224 0.620819 0.230171
v -0.000946 0.617920 0.231441
v 0.007645 0.583725 0.210629
v 0.014908 0.816437 0.193313
v 0.012131 0.804993 0.221939
v -0.000198 0.801971 0.192675
v 0.017105 0.826675 0.167465
v 0.029724 0.819626 0.197880
v 0.004364 0.717712 0.201817
v 0.004410 0.731750 0.187697
v -0.002533 0.731674 0.202077
v 0.003571 0.703293 0.216735
v 0.010941 0.713348 0.195376
v 0.003708 0.683899 0.224345
v 0.003571 0.703293 0.216735
v -0.002472 0.697968 0.227634
v 0.004959 0.664917 0.231404
v 0.011047 0.682068 0.219519
v 0.003586 0.767715 0.126347
v 0.010544 0.759918 0.125198
v -0.003143 0.778442 0.122221
v 0.004257 0.759811 0.146729
v 0.010544 0.616196 0.317103
v 0.012512 0.632874 0.331150
v 0.006332 0.596420 0.300316
v -0.003693 0.614838 0.314823
v 0.007431 0.733276 0.310924
v 0.006332 0.715134 0.324232
v -0.001404 0.714157 0.297938
v 0.009384 0.749878 0.299219
v 0.017059 0.735474 0.314639
v 0.005707 0.698669 0.331659
v 0.004440 0.680527 0.339609
v -0.001633 0.682083 0.317310
v 0.006332 0.715134 0.324232
v 0.012711 0.700638 0.333829
v 0.020782 0.833084 0.145293
v 0.017105 0.826675 0.167465
v 0.001083 0.817932 0.147166
v 0.022812 0.838486 0.125444
v 0.039322 0.837189 0.149225
v 0.010864 0.793716 0.241419
v 0.009018 0.781281 0.262625
v -0.000992 0.777786 0.237610
v 0.012131 0.804993 0.221939
v 0.022446 0.795670 0.245537
v 0.004120 0.745789 0.167332
v 0.004257 0.759811 0.146729
v -0.002792 0.756683 0.166381
v 0.004410 0.731750 0.187697
v 0.006607 0.642029 0.230768
v -0.001526 0.657181 0.237175
v 0.008224 0.620819 0.230171
v 0.004959 0.664917 0.231404
v 0.016464 0.909378 0.135996
v 0.033829 0.948624 0.119128
v 0.036072 0.949692 0.150662
v 0.029053 0.941956 0.113284
v 0.018890 0.916122 0.229140
v 0.019653 0.904572 0.263286
v 0.017227 0.905319 0.225398
v 0.019073 0.924225 0.194169
v 0.022552 0.925232 0.230779
v 0.020493 0.890488 0.287621
v 0.020554 0.874329 0.304372
v 0.018021 0.879196 0.280383
v 0.025787 0.901215 0.292023
v 0.019577 0.853195 0.321975
v 0.018051 0.831680 0.336505
v 0.025162 0.865372 0.330512
v 0.014069 0.790268 0.321473
v 0.013412 0.799881 0.333275
v 0.034073 0.947556 0.174036
v 0.040253 0.955200 0.176335
v 0.030930 0.942566 0.197472
v 0.026993 0.938232 0.171352
v 0.034134 0.849396 0.149383
v 0.029968 0.842163 0.172303
v 0.042755 0.841751 0.150412
v 0.036285 0.855118 0.127239
v 0.023285 0.859146 0.150924
v 0.020798 0.566391 0.199506
v 0.013809 0.571579 0.212570
v 0.016815 0.866791 0.211118
v 0.017044 0.854111 0.239531
v 0.015228 0.857941 0.205176
v 0.018616 0.874252 0.213673
v 0.026047 0.832809 0.199301
v 0.019272 0.841782 0.199835
v 0.023300 0.820831 0.226448
v 0.032776 0.824722 0.199763
v 0.017761 0.867416 0.153465
v 0.018509 0.872879 0.130667
v 0.017090 0.860123 0.174042
v 0.016647 0.902710 0.156169
v 0.016403 0.895798 0.156369
v 0.017776 0.892776 0.221550
v 0.018906 0.880615 0.253386
v 0.018951 0.882553 0.217033
v 0.021500 0.807938 0.247873
v 0.025497 0.800201 0.247790
v 0.016800 0.816818 0.249927
v 0.020355 0.793747 0.267686
v 0.029877 0.561081 0.516795
v 0.035202 0.564255 0.521965
v 0.032059 0.553940 0.518956
v 0.022018 0.557281 0.501750
v 0.017792 0.554031 0.474981
v 0.015259 0.563141 0.473049
v 0.014725 0.541321 0.386359
v 0.015167 0.650894 0.379607
v 0.016830 0.676239 0.391638
v 0.011566 0.643661 0.388905
v 0.013504 0.622375 0.362466
v 0.019547 0.654129 0.373444
v 0.018143 0.700439 0.402393
v 0.018219 0.719162 0.414121
v 0.012512 0.691528 0.408927
v 0.024582 0.707977 0.398509
v 0.008728 0.642426 0.473293
v 0.009674 0.632935 0.469110
v 0.007278 0.657013 0.488518
v 0.017731 0.595490 0.510039
v 0.016098 0.593109 0.528285
v 0.021027 0.593231 0.502428
v 0.012634 0.607559 0.503466
v 0.014023 0.577225 0.472851
v 0.012238 0.585510 0.457181
v 0.013535 0.601913 0.477496
v 0.030334 0.567932 0.551564
v 0.035767 0.562042 0.554374
v 0.022873 0.578094 0.552980
v 0.028549 0.571594 0.575705
v 0.012894 0.621277 0.460791
v 0.012344 0.614639 0.455378
v 0.012787 0.627716 0.449459
v 0.012375 0.622299 0.463686
v 0.029419 0.976593 0.137057
v 0.005478 1.055328 0.150751
v 0.009903 1.051605 0.156679
v 0.006592 1.077225 0.164396
v 0.005539 1.013824 0.317832
v 0.002991 1.004791 0.302203
v 0.005890 1.019073 0.319305
v 0.009338 1.021317 0.337988
v 0.009003 1.006058 0.350631
v 0.011353 1.020233 0.353477
v 0.009659 1.000671 0.363968
v 0.006058 0.985901 0.340954
v 0.009933 0.981964 0.300906
v 0.014893 0.980545 0.307612
v 0.013412 0.967804 0.289861
v 0.004715 0.985916 0.294195
v 0.011642 0.972198 0.316131
v 0.007858 0.968781 0.321988
v 0.015396 0.977325 0.312654
v 0.007858 0.921310 0.369798
v 0.010513 0.904129 0.391212
v 0.007477 0.916031 0.360960
v 0.007492 0.935120 0.367312
v 0.010605 0.896698 0.438271
v 0.008530 0.881927 0.444720
v 0.010941 0.886200 0.426029
v 0.013626 0.907272 0.432171
v 0.010666 0.906769 0.453322
v 0.007431 0.857956 0.442617
v 0.009125 0.859222 0.425601
v 0.006882 0.864395 0.460388
v 0.006836 0.833878 0.437624
v 0.009857 0.872772 0.510507
v 0.007980 0.845856 0.507758
v 0.009720 0.873322 0.496525
v 0.011047 0.882797 0.517111
v 0.013321 0.890427 0.525264
v 0.012039 0.861206 0.546870
v 0.012695 0.915848 0.468528
v 0.010895 0.899551 0.474856
v 0.016037 0.923569 0.461475
v 0.013290 0.835175 0.559520
v 0.011673 0.827515 0.552893
v 0.032486 0.947998 0.488315
v 0.032623 0.948120 0.476903
v 0.047775 0.965057 0.480058
v 0.023773 0.929535 0.455992
v 0.020493 0.921021 0.442475
v 0.031677 0.933395 0.451135
v 0.028427 0.938522 0.465511
v 0.016663 0.963501 0.427502
v 0.021271 0.950180 0.440342
v 0.013428 0.975403 0.408941
v 0.007202 0.950455 0.368725
v 0.005127 0.960251 0.344450
v 0.008224 0.969177 0.376529
v 0.018250 0.925751 0.419703
v 0.020706 0.920258 0.420745
v 0.023285 0.933914 0.433873
v 0.026108 0.956787 0.240604
v 0.036743 0.950333 0.239384
v 0.025467 0.963394 0.206489
v 0.012177 0.966507 0.238239
v 0.023819 0.954956 0.267224
v 0.007660 1.034897 0.311103
v 0.006378 1.030396 0.316928
v 0.010193 1.036835 0.303024
v 0.013184 1.049393 0.326087
v 0.002838 1.000763 0.204939
v 0.003784 1.005096 0.185841
v 0.002304 1.009232 0.207332
v 0.002762 0.992386 0.223633
v 0.004929 0.989258 0.199091
v 0.021301 0.956940 0.281250
v 0.009140 0.909119 0.355339
v 0.014511 0.899918 0.351460
v 0.007751 0.767181 0.565009
v 0.009079 0.770844 0.558208
v 0.009140 0.774780 0.574198
v 0.004456 0.746613 0.563927
v 0.042801 0.616531 0.626979
v 0.065765 0.623474 0.638952
v 0.025452 0.610229 0.613266
v 0.041824 0.630692 0.623402
v 0.046555 0.583572 0.620944
v 0.046066 0.576996 0.615935
v 0.028641 0.586197 0.610848
v 0.071106 0.579987 0.625892
v 0.050110 0.556259 0.604891
v 0.062500 0.552795 0.609830
v 0.048111 0.546860 0.606493
v 0.039124 0.556747 0.597233
v 0.051819 0.561844 0.602825
v 0.024734 0.891342 0.346136
v 0.035995 0.883820 0.340481
v 0.024933 0.867752 0.367074
v 0.024963 0.843216 0.384126
v 0.033905 0.836380 0.376682
v 0.024261 0.818542 0.397583
v 0.031952 0.873047 0.335209
v 0.033371 0.892883 0.315162
v 0.037796 0.878433 0.336769
v 0.030594 0.851288 0.352691
v 0.029068 0.826187 0.367115
v 0.021622 0.819443 0.359142
v 0.034958 0.831436 0.371160
v 0.012115 0.706467 0.342491
v 0.014740 0.702988 0.337809
v 0.014923 0.725739 0.333108
v 0.012024 0.711563 0.350423
v 0.024460 0.656174 0.365080
v 0.027008 0.687149 0.383677
v 0.022705 0.632217 0.347729
v 0.028061 0.661331 0.361426
v 0.025604 0.790176 0.406307
v 0.035187 0.783691 0.396470
v 0.017838 0.793655 0.415011
v 0.009277 0.615219 0.560234
v 0.011353 0.604324 0.555673
v 0.010147 0.627106 0.579410
v 0.010864 0.611008 0.583755
v 0.014435 0.660065 0.580595
v 0.009918 0.657379 0.572532
v 0.015976 0.672913 0.582499
v 0.015320 0.647659 0.586990
v 0.015945 0.608414 0.600957
v 0.017593 0.597397 0.600095
v 0.014664 0.621887 0.597718
v 0.047226 0.571716 0.609847
v 0.070404 0.568146 0.613010
v 0.051102 0.566742 0.604327
v 0.035217 0.573318 0.602111
v 0.008026 0.669434 0.503447
v 0.008118 0.674042 0.519326
v 0.013092 0.675522 0.501055
v 0.023087 0.684662 0.500375
v 0.024994 0.692795 0.518517
v 0.029327 0.688416 0.496948
v 0.021454 0.690506 0.536150
v 0.024719 0.692337 0.540602
v 0.012680 0.681686 0.539576
v 0.010315 0.729248 0.593375
v 0.011978 0.708939 0.592695
v 0.017975 0.729050 0.604504
v 0.026001 0.716064 0.501623
v 0.017105 0.721466 0.487495
v 0.037903 0.712799 0.514313
v 0.025726 0.707687 0.499075
v 0.023926 0.695618 0.488884
v 0.014053 0.698410 0.473776
v 0.029602 0.691650 0.493489
v 0.009964 0.662949 0.444486
v 0.008331 0.670670 0.434788
v 0.009430 0.685486 0.452686
v 0.009232 0.680817 0.421232
v 0.013550 0.794754 0.421340
v 0.009537 0.806763 0.426806
v 0.013321 0.776230 0.431058
v 0.009186 0.706940 0.460665
v 0.010254 0.719528 0.465571
v 0.022278 0.749985 0.503504
v 0.015091 0.757935 0.491845
v 0.025421 0.750229 0.508860
v 0.018661 0.752411 0.525913
v 0.020645 0.728867 0.534491
v 0.024963 0.749954 0.516518
v 0.009094 0.764862 0.539805
v 0.005554 0.812057 0.439548
v 0.005829 0.787109 0.444641
v 0.002792 0.809158 0.459245
v 0.012939 0.741638 0.125163
v 0.013992 0.723679 0.125113
v 0.011978 0.749008 0.104672
v 0.014008 0.705734 0.180242
v 0.014145 0.691757 0.198705
v 0.015732 0.698059 0.169202
v 0.034225 0.797516 0.591116
v 0.031998 0.803009 0.581769
v 0.035278 0.788284 0.601030
v 0.019653 0.789459 0.583570
v 0.027298 0.855240 0.574570
v 0.030304 0.874207 0.566855
v 0.027496 0.839661 0.577875
v 0.038757 0.903000 0.552493
v 0.050049 0.935730 0.532966
v 0.051346 0.905167 0.558270
v 0.058029 0.957169 0.514339
v 0.064499 0.970123 0.496094
v 0.069534 0.954391 0.520378
v 0.072540 0.980469 0.474217
v 0.083359 0.987244 0.459525
v 0.082581 0.978180 0.483097
v 0.065552 0.980087 0.468165
v 0.050415 0.983887 0.453000
v 0.055252 1.001129 0.443113
v 0.044846 0.967331 0.459688
v 0.044312 0.984634 0.450138
v 0.035751 0.983261 0.448138
v 0.039474 1.005096 0.438530
v 0.010910 0.778091 0.580479
v 0.029953 1.065674 0.312909
v 0.035431 1.068649 0.319932
v 0.022644 1.062454 0.323050
v 0.022247 1.055527 0.308112
v 0.035645 1.066650 0.306723
v 0.022110 1.084198 0.192553
v 0.026306 1.078354 0.196105
v 0.020050 1.081833 0.188156
v 0.016342 1.092758 0.187049
v 0.023010 1.088806 0.195583
v 0.019440 1.065002 0.288110
v 0.018494 1.060104 0.286129
v 0.015839 1.069717 0.276581
v 0.071396 1.079605 0.281107
v 0.061081 1.073715 0.306322
v 0.079025 1.082245 0.265124
v 0.082565 1.082123 0.252808
v 0.082321 1.079712 0.242247
v 0.062225 1.088013 0.243137
v 0.041763 1.091263 0.231613
v 0.043823 1.088791 0.223743
v 0.038284 1.090012 0.242877
v 0.023514 1.091629 0.220326
v 0.024826 1.091721 0.196843
v 0.023621 1.095917 0.193404
v 0.032623 1.089096 0.201798
v 0.011566 0.694290 0.584548
v 0.013565 0.689087 0.586335
v 0.016937 1.048798 0.280249
v 0.021072 1.044052 0.285427
v 0.012878 1.032486 0.266553
v 0.010132 1.053329 0.265917
v 0.129272 0.522522 0.542551
v 0.122543 0.521545 0.538735
v 0.144699 0.530167 0.532063
v 0.117798 0.523590 0.532104
v 0.129074 0.532593 0.517010
v 0.112625 0.522095 0.531227
v 0.101578 0.505615 0.549896
v 0.145248 0.539612 0.501668
v 0.141449 0.543152 0.494696
v 0.152557 0.536011 0.510703
v 0.164536 0.544098 0.485579
v 0.198746 0.539764 0.492038
v 0.187714 0.541229 0.480354
v 0.179352 0.538574 0.506202
v 0.211334 0.541122 0.502513
v 0.213501 0.541092 0.477278
v 0.181961 0.546082 0.467556
v 0.177887 0.550552 0.459809
v 0.199295 0.545837 0.458341
v 0.222397 0.544601 0.462155
v 0.242233 0.542831 0.476517
v 0.226212 0.546692 0.452981
v 0.231415 0.546844 0.446117
v 0.257019 0.543655 0.451081
v 0.274506 0.545044 0.471968
v 0.281281 0.545471 0.468146
v 0.271835 0.543411 0.461594
v 0.266464 0.544678 0.479078
v 0.283859 0.550949 0.481111
v 0.232895 0.557083 0.542839
v 0.246674 0.566010 0.546608
v 0.233429 0.556641 0.535940
v 0.214355 0.549179 0.542669
v 0.231461 0.556381 0.552122
v 0.228439 0.556213 0.563927
v 0.243546 0.565369 0.568394
v 0.209900 0.548294 0.555233
v 0.222778 0.557739 0.574667
v 0.185211 0.539871 0.532192
v 0.172089 0.537018 0.527380
v 0.186218 0.540466 0.537999
v 0.200928 0.542953 0.527002
v 0.173798 0.541901 0.566210
v 0.196259 0.551147 0.576709
v 0.180023 0.540298 0.553796
v 0.151443 0.534256 0.563626
v 0.170654 0.545914 0.580792
v 0.092728 0.494354 0.570330
v 0.310760 0.533936 0.443787
v 0.319427 0.536423 0.455286
v 0.321548 0.528503 0.432039
v 0.304138 0.536530 0.433902
v 0.300354 0.538452 0.451460
v 0.243896 0.587265 0.597376
v 0.252213 0.581970 0.585404
v 0.231125 0.576263 0.595218
v 0.233948 0.595932 0.608233
v 0.265823 0.625046 0.595070
v 0.257141 0.638138 0.606052
v 0.272385 0.637375 0.590189
v 0.327377 0.551529 0.465533
v 0.334122 0.571136 0.470018
v 0.350143 0.538757 0.414412
v 0.349640 0.532059 0.382221
v 0.337997 0.526688 0.415063
v 0.370346 0.558548 0.361026
v 0.368011 0.629700 0.438666
v 0.359772 0.655365 0.453087
v 0.374496 0.637543 0.429012
v 0.352768 0.676224 0.463685
v 0.357132 0.683243 0.457188
v 0.348404 0.669907 0.469626
v 0.345383 0.691376 0.473935
v 0.345596 0.638535 0.484938
v 0.341583 0.617859 0.487871
v 0.342850 0.645020 0.493567
v 0.346603 0.653214 0.481984
v 0.346893 0.630371 0.476660
v 0.336945 0.701889 0.486223
v 0.334839 0.691986 0.491872
v 0.328857 0.708878 0.497572
v 0.326279 0.660202 0.529247
v 0.325302 0.674622 0.524452
v 0.332016 0.657043 0.518752
v 0.323898 0.646271 0.536254
v 0.297226 0.728912 0.541058
v 0.296371 0.716919 0.545434
v 0.288452 0.732346 0.554423
v 0.295074 0.744019 0.535144
v 0.278137 0.734940 0.566963
v 0.278595 0.721130 0.571459
v 0.265305 0.737839 0.578923
v 0.279938 0.669510 0.542140
v 0.291962 0.671875 0.539737
v 0.279236 0.662521 0.547618
v 0.274124 0.673233 0.538443
v 0.332962 0.615814 0.514899
v 0.328140 0.622604 0.528740
v 0.337280 0.631180 0.510489
v 0.333557 0.608017 0.504021
v 0.302795 0.641876 0.556117
v 0.312088 0.638687 0.551184
v 0.298828 0.625031 0.559234
v 0.292770 0.645020 0.556828
v 0.275391 0.567337 0.530422
v 0.254089 0.553665 0.519827
v 0.267303 0.571136 0.537466
v 0.288620 0.579025 0.538263
v 0.282455 0.563034 0.519875
v 0.259659 0.578110 0.553837
v 0.271011 0.593964 0.562717
v 0.261169 0.578873 0.547826
v 0.258850 0.577362 0.562467
v 0.281265 0.609009 0.560881
v 0.274597 0.591476 0.553310
v 0.278549 0.611328 0.564303
v 0.282990 0.629105 0.562541
v 0.286057 0.607376 0.558499
v 0.272766 0.647461 0.586806
v 0.262543 0.656113 0.596531
v 0.268524 0.657501 0.580557
v 0.275177 0.643509 0.576297
v 0.271805 0.647385 0.564076
v 0.277802 0.629593 0.569735
v 0.270599 0.647736 0.558924
v 0.244415 0.715210 0.599679
v 0.224594 0.719498 0.610505
v 0.246460 0.726776 0.598428
v 0.263596 0.711670 0.586033
v 0.241684 0.705460 0.598184
v 0.247223 0.741653 0.593003
v 0.229294 0.746338 0.604117
v 0.248718 0.759872 0.581267
v 0.215500 0.749878 0.609391
v 0.213516 0.734726 0.614655
v 0.203659 0.749756 0.611789
v 0.237503 0.680710 0.598883
v 0.241013 0.672424 0.603695
v 0.215195 0.685867 0.609795
v 0.236145 0.688629 0.595222
v 0.254654 0.673615 0.584365
v 0.262329 0.666229 0.568751
v 0.261047 0.674500 0.561727
v 0.245743 0.644943 0.613540
v 0.239395 0.637390 0.616179
v 0.228104 0.644501 0.621332
v 0.246552 0.652451 0.611434
v 0.235626 0.632965 0.616061
v 0.237366 0.628983 0.614226
v 0.226715 0.631348 0.618489
v 0.183136 0.607101 0.627656
v 0.167480 0.596252 0.627559
v 0.181213 0.616486 0.632947
v 0.185715 0.601135 0.621004
v 0.102554 0.576492 0.626698
v 0.101730 0.585495 0.633513
v 0.131729 0.577316 0.626392
v 0.102173 0.570145 0.619182
v 0.201202 0.573502 0.602203
v 0.207565 0.569809 0.597896
v 0.184784 0.559601 0.594770
v 0.196960 0.578796 0.604126
v 0.216537 0.590210 0.609266
v 0.167206 0.549408 0.588924
v 0.145859 0.540634 0.588042
v 0.162354 0.553543 0.592548
v 0.158539 0.560745 0.594132
v 0.136658 0.552414 0.593370
v 0.154556 0.566772 0.594336
v 0.174728 0.572128 0.599067
v 0.106552 0.550323 0.601193
v 0.086441 0.549088 0.608612
v 0.103226 0.556915 0.599969
v 0.117065 0.540558 0.599515
v 0.103500 0.564972 0.609760
v 0.132523 0.565643 0.606228
v 0.101959 0.561600 0.602580
v 0.210602 0.642014 0.628146
v 0.213608 0.633514 0.625937
v 0.194763 0.635941 0.632855
v 0.208572 0.652039 0.628269
v 0.099518 0.597321 0.639712
v 0.093414 0.612366 0.644342
v 0.123001 0.599243 0.640840
v 0.133881 0.629532 0.643852
v 0.152069 0.637024 0.640338
v 0.137131 0.618439 0.643385
v 0.113556 0.626190 0.645696
v 0.130020 0.641098 0.641666
v 0.169342 0.647385 0.636782
v 0.186707 0.657074 0.632484
v 0.173798 0.637039 0.637273
v 0.164261 0.658813 0.633300
v 0.179581 0.732681 0.609611
v 0.174973 0.732468 0.608584
v 0.181076 0.757843 0.604090
v 0.187363 0.742157 0.610455
v 0.139862 0.706497 0.645684
v 0.128876 0.695282 0.651742
v 0.131546 0.712540 0.651155
v 0.146805 0.724594 0.639290
v 0.143341 0.700302 0.639438
v 0.115707 0.714615 0.656312
v 0.113876 0.700363 0.657517
v 0.097290 0.713394 0.657755
v 0.120697 0.731430 0.651854
v 0.113785 0.688583 0.655664
v 0.115341 0.679077 0.650365
v 0.096481 0.685867 0.655532
v 0.168472 0.769073 0.610545
v 0.169983 0.773254 0.605581
v 0.167801 0.758957 0.612547
v 0.163208 0.774124 0.613527
v 0.152313 0.747513 0.631200
v 0.142639 0.751083 0.638082
v 0.155930 0.768814 0.623789
v 0.158463 0.742523 0.623812
v 0.128510 0.790741 0.633154
v 0.147171 0.786163 0.626547
v 0.128204 0.774811 0.638055
v 0.107895 0.792023 0.634527
v 0.133896 0.804550 0.625470
v 0.080704 0.786850 0.629560
v 0.078781 0.768097 0.638304
v 0.054871 0.779236 0.620947
v 0.083969 0.804932 0.621236
v 0.078583 0.749237 0.645255
v 0.076736 0.729172 0.650030
v 0.052490 0.741150 0.635113
v 0.102936 0.753006 0.648574
v 0.076706 0.712372 0.652859
v 0.075974 0.697571 0.652565
v 0.077377 0.686295 0.649701
v 0.079056 0.677109 0.644503
v 0.057083 0.688400 0.638350
v 0.124512 0.652725 0.637003
v 0.106262 0.649078 0.638868
v 0.119232 0.663101 0.635237
v 0.141342 0.660141 0.632416
v 0.194580 0.708344 0.609964
v 0.191513 0.701111 0.607522
v 0.203735 0.717178 0.613059
v 0.216553 0.702667 0.605885
v 0.191544 0.686951 0.615711
v 0.199127 0.674698 0.622812
v 0.174301 0.682526 0.619838
v 0.190125 0.695755 0.609097
v 0.017868 0.744003 0.321433
v 0.020096 0.738892 0.318426
v 0.020187 0.761368 0.306118
v 0.015701 0.891129 0.133312
v 0.016602 0.979568 0.310683
v 0.014328 0.995193 0.321491
v 0.021362 0.964005 0.299878
v 0.040955 0.947372 0.239429
v 0.041656 0.958130 0.178295
v 0.037552 0.961472 0.178719
v 0.246109 0.982391 0.166022
v 0.235733 0.987228 0.180069
v 0.238098 0.977386 0.160069
v 0.265594 0.973969 0.162638
v 0.211792 1.013214 0.157605
v 0.203598 1.005569 0.162921
v 0.197723 1.032059 0.150952
v 0.181610 1.032104 0.151680
v 0.056671 1.104797 0.167710
v 0.065231 1.102936 0.159100
v 0.054886 1.103577 0.177544
v 0.153809 1.055069 0.170125
v 0.154724 1.066849 0.179848
v 0.132980 1.065399 0.173948
v 0.151382 1.044373 0.162731
v 0.169250 1.047287 0.167211
v 0.181610 1.041397 0.167507
v 0.194839 1.030319 0.169731
v 0.185593 1.050278 0.175971
v 0.179718 1.031006 0.160298
v 0.210480 1.037491 0.188334
v 0.215210 1.032288 0.199567
v 0.204803 1.044189 0.200304
v 0.199585 1.046585 0.184540
v 0.210464 1.028870 0.181891
v 0.214600 1.000809 0.208411
v 0.216003 1.017242 0.215733
v 0.214279 1.004562 0.185398
v 0.212128 0.988800 0.207266
v 0.208664 1.000992 0.243517
v 0.213257 1.028519 0.219683
v 0.205673 1.038376 0.221764
v 0.204391 1.027206 0.246836
v 0.196609 0.997574 0.276542
v 0.197083 1.013184 0.274645
v 0.195099 0.987152 0.277479
v 0.151489 1.060669 0.255970
v 0.140198 1.063034 0.261629
v 0.153854 1.062927 0.240970
v 0.122284 1.078430 0.220018
v 0.102234 1.084976 0.215317
v 0.120621 1.083344 0.206181
v 0.242447 0.942078 0.381694
v 0.253098 0.974396 0.283867
v 0.241852 0.983139 0.282624
v 0.265350 0.971542 0.260828
v 0.229568 0.987915 0.280500
v 0.217743 0.988876 0.278645
v 0.241776 0.989334 0.248314
v 0.221298 0.985001 0.312744
v 0.205826 0.986404 0.279601
v 0.196228 0.982407 0.311936
v 0.198181 0.983795 0.278680
v 0.219650 0.988907 0.242824
v 0.195984 0.976669 0.344135
v 0.198502 0.965805 0.372894
v 0.186188 0.972626 0.344127
v 0.208038 0.979858 0.344575
v 0.219650 0.979095 0.344386
v 0.232361 0.973633 0.343897
v 0.197952 0.947205 0.393819
v 0.189102 0.941650 0.393201
v 0.199142 0.908218 0.438038
v 0.186615 0.902847 0.432608
v 0.215576 0.917755 0.445854
v 0.204895 0.892807 0.453801
v 0.171097 0.784561 0.594375
v 0.171951 0.795609 0.582849
v 0.173615 0.776871 0.592889
v 0.167435 0.793167 0.598807
v 0.084549 0.821655 0.614054
v 0.088226 0.848297 0.600107
v 0.150909 0.846191 0.587270
v 0.136765 0.856094 0.586882
v 0.160385 0.856567 0.569779
v 0.165421 0.836014 0.583756
v 0.144821 0.833374 0.601936
v 0.188583 0.861496 0.540622
v 0.193130 0.870102 0.528126
v 0.172989 0.864883 0.548000
v 0.211823 0.872940 0.506018
v 0.212204 0.867996 0.497352
v 0.221603 0.852982 0.519396
v 0.206345 0.875732 0.512639
v 0.196960 0.894669 0.495383
v 0.082413 0.885483 0.574537
v 0.068146 0.859772 0.589917
v 0.075851 0.893387 0.572817
v 0.094681 0.909195 0.552537
v 0.086075 0.880173 0.573485
v 0.083359 0.945923 0.528836
v 0.075714 0.928085 0.546245
v 0.096191 0.933472 0.535250
v 0.102280 0.921738 0.532317
v 0.103470 0.911148 0.530664
v 0.194351 1.047592 0.222104
v 0.185791 1.046661 0.245347
v 0.259262 0.888351 0.459585
v 0.267944 0.886276 0.447150
v 0.271729 0.867752 0.464102
v 0.251648 0.888336 0.468259
v 0.226089 0.920258 0.449244
v 0.224442 0.927078 0.438808
v 0.232025 0.908356 0.459906
v 0.224457 0.931152 0.428985
v 0.207352 0.860184 0.482723
v 0.208389 0.856812 0.474054
v 0.221344 0.836746 0.502958
v 0.181259 0.911331 0.491830
v 0.175690 0.911774 0.499959
v 0.171326 0.930786 0.464828
v 0.167603 0.925934 0.478709
v 0.166260 0.935669 0.470563
v 0.173874 0.935913 0.453376
v 0.125198 0.969101 0.476310
v 0.114944 0.964844 0.485222
v 0.111420 0.974350 0.477819
v 0.127487 0.973801 0.468692
v 0.177261 0.973053 0.400812
v 0.182434 0.961258 0.398896
v 0.177139 0.955978 0.422558
v 0.168137 0.983170 0.404473
v 0.175583 0.991211 0.377543
v 0.182693 0.982620 0.345727
v 0.182098 0.974579 0.345116
v 0.184677 0.968918 0.373648
v 0.094131 1.038528 0.354465
v 0.087418 1.035065 0.350177
v 0.102554 1.039871 0.364415
v 0.087662 1.033859 0.371495
v 0.082428 1.048340 0.345962
v 0.078629 1.057022 0.344802
v 0.083435 1.038071 0.347637
v 0.074387 1.040909 0.369354
v 0.203125 0.800751 0.551469
v 0.198776 0.800598 0.543963
v 0.222137 0.810272 0.530251
v 0.213074 0.802139 0.557079
v 0.188721 0.792786 0.567895
v 0.195633 0.877899 0.518744
v 0.179901 0.892990 0.514256
v 0.164124 0.867264 0.553616
v 0.223877 0.826752 0.515931
v 0.214264 0.821091 0.530058
v 0.223114 0.835648 0.524120
v 0.223526 0.818573 0.510628
v 0.374512 0.603424 0.282226
v 0.378006 0.609512 0.264987
v 0.352631 0.593887 0.270566
v 0.368179 0.598480 0.297419
v 0.390839 0.618240 0.297423
v 0.380035 0.617035 0.251954
v 0.378754 0.623108 0.241240
v 0.358292 0.605072 0.245685
v 0.395798 0.632187 0.259861
v 0.378754 0.632202 0.348316
v 0.391434 0.634872 0.336183
v 0.373001 0.610428 0.326025
v 0.367584 0.629639 0.354179
v 0.409943 0.661987 0.228174
v 0.400314 0.665131 0.233624
v 0.415344 0.679764 0.232491
v 0.432617 0.727173 0.228007
v 0.430420 0.698929 0.230220
v 0.419067 0.699875 0.237801
v 0.408890 0.702103 0.242224
v 0.417648 0.723526 0.244382
v 0.413666 0.700424 0.253900
v 0.419281 0.697968 0.266195
v 0.414352 0.721603 0.259340
v 0.407532 0.702087 0.246725
v 0.408417 0.680023 0.247866
v 0.421539 0.693207 0.285663
v 0.419693 0.687241 0.308784
v 0.419754 0.716187 0.291530
v 0.416580 0.669937 0.277799
v 0.377380 0.643082 0.421369
v 0.368835 0.663895 0.435651
v 0.384796 0.621094 0.400296
v 0.384857 0.598587 0.374177
v 0.382553 0.607895 0.369601
v 0.378448 0.578476 0.346415
v 0.382309 0.589203 0.379292
v 0.400787 0.722366 0.340260
v 0.387177 0.716202 0.364671
v 0.386047 0.743973 0.339433
v 0.408752 0.729752 0.318086
v 0.408920 0.703751 0.338693
v 0.413620 0.735870 0.295012
v 0.414948 0.739487 0.274711
v 0.403015 0.754044 0.297461
v 0.414200 0.744583 0.249256
v 0.419769 0.749420 0.243650
v 0.408340 0.743011 0.253127
v 0.405624 0.764038 0.255265
v 0.404144 0.791016 0.245717
v 0.400726 0.783539 0.255866
v 0.395599 0.800705 0.256687
v 0.403320 0.798706 0.235213
v 0.414185 0.776077 0.238697
v 0.339355 0.784897 0.420885
v 0.334076 0.779861 0.442669
v 0.342316 0.785416 0.404703
v 0.343826 0.769257 0.427473
v 0.325226 0.751434 0.482310
v 0.324646 0.742752 0.488446
v 0.325150 0.763016 0.474688
v 0.333649 0.738022 0.475729
v 0.349731 0.746490 0.420280
v 0.348526 0.751038 0.429132
v 0.347672 0.764008 0.402521
v 0.365448 0.678619 0.440029
v 0.363556 0.682205 0.444524
v 0.366989 0.672791 0.434699
v 0.323273 0.890610 0.200511
v 0.333664 0.875748 0.201810
v 0.344330 0.871841 0.233195
v 0.344315 0.867096 0.215877
v 0.344040 0.853394 0.232611
v 0.339981 0.836838 0.227667
v 0.333771 0.838104 0.249867
v 0.343140 0.842377 0.212113
v 0.340271 0.828247 0.226711
v 0.377075 0.805145 0.299916
v 0.370316 0.811798 0.306338
v 0.382782 0.796967 0.290097
v 0.380005 0.792511 0.303526
v 0.359268 0.818771 0.313453
v 0.345215 0.822205 0.317585
v 0.364258 0.828018 0.295226
v 0.360016 0.800537 0.327952
v 0.324448 0.819244 0.319753
v 0.308594 0.814697 0.321365
v 0.329910 0.829544 0.296465
v 0.326981 0.799683 0.340750
v 0.310699 0.870056 0.349364
v 0.299545 0.888336 0.358265
v 0.316025 0.851791 0.340354
v 0.305756 0.823578 0.364759
v 0.302231 0.832397 0.378668
v 0.309158 0.823700 0.351213
v 0.299316 0.812866 0.364232
v 0.311295 0.810928 0.373929
v 0.321533 0.814209 0.385818
v 0.305283 0.821732 0.387864
v 0.301041 0.809296 0.366858
v 0.317978 0.796768 0.366980
v 0.249222 0.807098 0.508301
v 0.246429 0.805847 0.501614
v 0.266251 0.796753 0.509331
v 0.256638 0.806915 0.518600
v 0.238953 0.812546 0.510700
v 0.254089 0.823410 0.496068
v 0.265366 0.832779 0.494218
v 0.272141 0.804214 0.498264
v 0.247696 0.810562 0.497825
v 0.238495 0.840820 0.488857
v 0.284866 0.860092 0.417421
v 0.280258 0.872910 0.425759
v 0.285446 0.861130 0.414444
v 0.288986 0.843658 0.407612
v 0.287506 0.862335 0.411573
v 0.292709 0.851074 0.403543
v 0.282318 0.875290 0.416997
v 0.277939 0.968262 0.237468
v 0.264450 0.983017 0.227595
v 0.286224 0.965668 0.218945
v 0.287460 0.952591 0.248463
v 0.383240 0.792297 0.284183
v 0.383499 0.792862 0.280280
v 0.385376 0.786942 0.282302
v 0.329514 0.889984 0.273232
v 0.315765 0.907272 0.278621
v 0.329391 0.902405 0.258872
v 0.323410 0.879395 0.284737
v 0.326523 0.908722 0.243299
v 0.319931 0.912781 0.231831
v 0.312912 0.913940 0.225027
v 0.306107 0.915268 0.223683
v 0.306778 0.922226 0.241443
v 0.071869 0.633774 0.315504
v 0.084595 0.635254 0.333453
v 0.067307 0.650375 0.318589
v 0.074692 0.620895 0.308461
v 0.098770 0.640533 0.349075
v 0.100204 0.626328 0.346206
v 0.112198 0.646957 0.361979
v 0.099487 0.660797 0.351712
v 0.099823 0.681702 0.346858
v 0.098938 0.704346 0.334479
v 0.081848 0.676361 0.333994
v 0.114151 0.685730 0.355331
v 0.097000 0.727570 0.316177
v 0.094238 0.749420 0.292382
v 0.078918 0.721100 0.307526
v 0.110733 0.731613 0.321953
v 0.091187 0.790466 0.205642
v 0.090897 0.796463 0.177863
v 0.072937 0.780624 0.202054
v 0.091461 0.780457 0.236047
v 0.105087 0.797516 0.210449
v 0.092239 0.802933 0.123472
v 0.040192 0.649750 0.271122
v 0.050858 0.659470 0.297877
v 0.039413 0.668976 0.274914
v 0.034943 0.749329 0.188681
v 0.033859 0.755020 0.164083
v 0.029907 0.731827 0.182372
v 0.035568 0.738892 0.212438
v 0.042694 0.762909 0.192868
v 0.033112 0.758301 0.140666
v 0.032074 0.759064 0.115865
v 0.028351 0.743408 0.138603
v 0.040985 0.771545 0.142153
v 0.058212 0.750717 0.252927
v 0.044128 0.739456 0.245647
v 0.059525 0.733139 0.277953
v 0.075409 0.759659 0.258997
v 0.057297 0.763977 0.225317
v 0.262863 0.698044 0.231402
v 0.268326 0.731659 0.110314
v 0.251984 0.687775 0.282710
v 0.251770 0.703796 0.258681
v 0.238922 0.708084 0.286033
v 0.252060 0.669189 0.303175
v 0.251740 0.717636 0.230489
v 0.252731 0.728439 0.198208
v 0.237762 0.738129 0.229731
v 0.226181 0.672028 0.345766
v 0.211609 0.667358 0.361357
v 0.226883 0.690231 0.330501
v 0.226562 0.708023 0.311443
v 0.213318 0.705215 0.333401
v 0.238708 0.671829 0.326764
v 0.225021 0.725891 0.288386
v 0.223236 0.742310 0.261049
v 0.210434 0.740952 0.289935
v 0.223083 0.774261 0.165330
v 0.225357 0.780426 0.131808
v 0.208038 0.789520 0.163693
v 0.221558 0.766739 0.196954
v 0.238708 0.757492 0.163916
v 0.164398 0.820114 0.163222
v 0.162552 0.812119 0.193809
v 0.179413 0.814316 0.164433
v 0.166595 0.825500 0.133655
v 0.148346 0.821503 0.161211
v 0.163193 0.732834 0.332984
v 0.162994 0.711227 0.351814
v 0.179138 0.727448 0.334972
v 0.163361 0.752609 0.311583
v 0.148209 0.734695 0.330436
v 0.162994 0.689148 0.366604
v 0.160980 0.667358 0.375821
v 0.178177 0.685287 0.367692
v 0.148026 0.691315 0.363385
v 0.157196 0.644028 0.379671
v 0.149750 0.618225 0.376011
v 0.171524 0.638672 0.381387
v 0.144012 0.646271 0.375959
v 0.199936 0.814087 0.101269
v 0.185944 0.824463 0.101008
v 0.197342 0.809067 0.132541
v 0.214142 0.799469 0.100967
v 0.194641 0.753632 0.290740
v 0.178070 0.764038 0.289879
v 0.196182 0.736404 0.314338
v 0.192215 0.769928 0.263153
v 0.194809 0.678513 0.365413
v 0.192642 0.655731 0.374643
v 0.196121 0.698547 0.352201
v 0.134445 0.690369 0.361010
v 0.134415 0.711945 0.346647
v 0.124664 0.688156 0.359607
v 0.133835 0.669052 0.369812
v 0.132797 0.735397 0.326845
v 0.131531 0.756683 0.304300
v 0.121582 0.733994 0.325114
v 0.129974 0.775452 0.277770
v 0.146759 0.774536 0.283426
v 0.129532 0.790848 0.249388
v 0.116806 0.774536 0.273695
v 0.132355 0.819366 0.158253
v 0.131195 0.812866 0.187143
v 0.133987 0.823395 0.129211
v 0.119980 0.816315 0.155279
v 0.270981 0.729889 0.045827
v 0.266449 0.736237 0.049223
v 0.265015 0.738602 0.079761
v 0.261261 0.744385 0.070856
v 0.262405 0.743134 0.089627
v 0.270355 0.729065 0.087045
v 0.343918 0.588669 0.295070
v 0.057373 1.014816 0.431827
v 0.049408 1.017914 0.429154
v 0.059158 1.026367 0.417313
v 0.064560 1.009598 0.431876
v 0.060196 1.040726 0.395040
v 0.051407 1.044174 0.390019
v 0.063110 1.054428 0.367709
v 0.066956 1.035324 0.396757
v 0.082809 1.089630 0.211639
v 0.081299 1.092865 0.203691
v 0.082291 1.084473 0.218255
v 0.063400 1.093002 0.207816
v 0.048080 1.095062 0.202966
v 0.048172 1.097717 0.196749
v 0.047089 1.091721 0.206199
v 0.033630 1.097183 0.195637
v 0.196472 0.775604 0.598808
v 0.193970 0.762650 0.605785
v 0.187943 0.774887 0.596767
v 0.097092 0.875336 0.578031
v 0.091049 0.876572 0.574704
v 0.107147 0.897156 0.553339
v 0.107254 0.873734 0.580496
v 0.076080 0.547363 0.611783
v 0.078018 0.539810 0.611604
v 0.309525 0.862396 0.305462
v 0.312119 0.846481 0.313582
v 0.305374 0.859558 0.298943
v 0.280273 0.907440 0.380867
v 0.285034 0.905121 0.373806
v 0.282455 0.898865 0.389636
v 0.271805 0.912827 0.391490
v 0.367828 0.830978 0.279259
v 0.355057 0.834747 0.277707
v 0.373703 0.828613 0.264475
v 0.013199 0.575562 0.227303
v 0.009171 0.565689 0.227049
v 0.013367 0.577606 0.247083
v 0.023422 0.641159 0.222799
v 0.025223 0.622009 0.227933
v 0.021454 0.658752 0.211356
v 0.020203 0.587997 0.596570
v 0.024475 0.579941 0.594919
v 0.017715 0.589401 0.579070
v 0.029297 0.573898 0.592947
v 0.033829 0.568573 0.588398
v 0.041962 0.556503 0.528893
v 0.213486 0.615845 0.613218
v 0.200851 0.606369 0.611047
v 0.222046 0.622284 0.613723
v 0.185425 0.594498 0.605873
v 0.187256 0.591873 0.605234
v 0.168869 0.581635 0.599760
v 0.184967 0.595352 0.608151
v 0.035461 0.566055 0.586847
v 0.033966 0.564270 0.574885
v 0.041763 0.565857 0.594972
v 0.034363 0.562500 0.586929
v 0.037552 0.559769 0.555744
v 0.035980 0.556763 0.556161
v 0.037308 0.564819 0.524352
v 0.021820 0.593018 0.498816
v 0.015762 0.604767 0.485503
v 0.285477 0.543808 0.447864
v 0.281204 0.543732 0.448772
v 0.283691 0.543747 0.457212
v 0.288391 0.543152 0.450488
v 0.302292 0.563583 0.477474
v 0.290131 0.551208 0.473980
v 0.301102 0.563828 0.480208
v 0.316803 0.579071 0.475773
v 0.329803 0.594009 0.467666
v 0.329407 0.594421 0.470959
v 0.340179 0.610275 0.460216
v 0.333023 0.591965 0.466209
v 0.347168 0.629929 0.460367
v 0.346695 0.629425 0.463046
v 0.349731 0.649811 0.465369
v 0.346680 0.667221 0.472436
v 0.346436 0.665405 0.474449
v 0.340622 0.680405 0.482003
v 0.334152 0.687744 0.494384
v 0.334503 0.685211 0.495715
v 0.319595 0.692780 0.514780
v 0.320602 0.689789 0.516328
v 0.272263 0.674835 0.537226
v 0.271271 0.676834 0.541877
v 0.285324 0.680923 0.531836
v 0.298340 0.695297 0.529973
v 0.297714 0.703659 0.536705
v 0.305557 0.701447 0.527159
v 0.297974 0.689514 0.527482
v 0.322433 0.683762 0.520736
v 0.329178 0.683823 0.510393
v 0.314926 0.681610 0.527450
v 0.367905 0.670334 0.431780
v 0.367767 0.667389 0.424315
v 0.366302 0.660477 0.405463
v 0.364792 0.648087 0.380979
v 0.396912 0.665787 0.235785
v 0.398224 0.665314 0.238155
v 0.390564 0.649948 0.233670
v 0.405518 0.703064 0.244114
v 0.407074 0.722900 0.250027
v 0.406204 0.742294 0.255140
v 0.407654 0.741379 0.257605
v 0.400909 0.759781 0.260695
v 0.275391 0.936584 0.322793
v 0.261703 0.950821 0.329567
v 0.275467 0.939240 0.309152
v 0.276459 0.931046 0.341198
v 0.289368 0.964691 0.201013
v 0.286789 0.964035 0.182371
v 0.280060 0.880814 0.418795
v 0.352539 0.723633 0.436400
v 0.350525 0.724350 0.426689
v 0.352097 0.723419 0.440671
v 0.294296 0.919373 0.301285
v 0.296127 0.914490 0.300456
v 0.289017 0.925385 0.302183
v 0.283737 0.914536 0.360421
v 0.284225 0.912277 0.363372
v 0.281891 0.918152 0.357679
v 0.285690 0.912781 0.357203
v 0.297501 0.809235 0.364566
v 0.294525 0.819931 0.379228
v 0.344727 0.726456 0.401144
v 0.334564 0.737091 0.373324
v 0.347610 0.725677 0.398797
v 0.298874 0.903305 0.298695
v 0.301880 0.884933 0.296922
v 0.268448 0.950089 0.285090
v 0.278122 0.941238 0.269059
v 0.303497 0.916382 0.222861
v 0.300583 0.924118 0.237095
v 0.303925 0.919235 0.222144
v 0.303009 0.909409 0.210161
v 0.176483 0.995117 0.312171
v 0.174561 1.010147 0.311974
v 0.242767 0.928284 0.394207
v 0.243881 0.927628 0.396866
v 0.258682 0.921783 0.378115
v 0.176682 1.050385 0.129586
v 0.173294 1.034454 0.148723
v 0.150269 1.041046 0.160012
v 0.151917 1.044312 0.158010
v 0.182037 0.906967 0.435228
v 0.183914 0.912155 0.417635
v 0.195221 0.834274 0.554788
v 0.179550 0.831253 0.569667
v 0.212357 0.837982 0.539284
v 0.196014 0.824326 0.552461
v 0.181351 0.775757 0.592686
v 0.177582 0.774155 0.592360
v 0.182144 0.784210 0.583727
v 0.164474 0.734772 0.616050
v 0.157913 0.711884 0.621316
v 0.169586 0.732635 0.610052
v 0.166397 0.923935 0.484500
v 0.168793 0.918488 0.479066
v 0.172333 0.732162 0.608145
v 0.168488 0.709671 0.607623
v 0.175674 0.757507 0.604558
v 0.175415 0.773819 0.592521
v 0.173584 0.783157 0.578214
v 0.172623 0.786682 0.569008
v 0.172455 0.790665 0.569996
v 0.175491 0.787109 0.570509
v 0.197418 0.801025 0.541125
v 0.196442 0.803879 0.543006
v 0.215912 0.811172 0.523408
v 0.279144 0.782257 0.499976
v 0.281998 0.783081 0.498851
v 0.292587 0.771057 0.498549
v 0.279633 0.782379 0.502410
v 0.263565 0.794785 0.500335
v 0.264145 0.917801 0.402088
v 0.265884 0.913300 0.409512
v 0.243958 0.662888 0.608073
v 0.223755 0.664993 0.618846
v 0.012711 0.632858 0.447014
v 0.013672 0.638885 0.450956
v 0.012711 0.631241 0.446052
v 0.041962 0.711700 0.519118
v 0.038116 0.721542 0.517496
v 0.038284 0.706192 0.525536
v 0.007339 0.835953 0.507211
v 0.019394 0.751495 0.437991
v 0.022949 0.753128 0.423477
v 0.017380 0.756485 0.439512
v 0.018387 0.747528 0.454621
v 0.088135 0.877594 0.573439
v 0.098801 0.899521 0.549952
v 0.074631 0.851334 0.590726
v 0.026031 0.693466 0.542147
v 0.023788 0.697449 0.543320
v 0.026901 0.749405 0.512110
v 0.014893 0.783386 0.506707
v 0.093842 0.990967 0.454785
v 0.098297 0.985275 0.467771
v 0.089294 0.994446 0.442014
v 0.107285 0.989243 0.456035
v 0.111389 1.033722 0.378126
v 0.097794 1.029999 0.386958
v 0.121185 1.036453 0.365155
v 0.118271 1.022949 0.393915
v 0.068237 1.004105 0.427038
v 0.069260 0.998123 0.425646
v 0.069580 1.012848 0.414101
v 0.060562 0.978149 0.464632
v 0.058578 0.977676 0.458948
v 0.072723 0.998550 0.411665
v 0.071747 0.997757 0.415493
v 0.072845 1.003860 0.404162
v 0.081375 0.997253 0.413278
v 0.075974 0.997559 0.417227
v 0.057068 0.977646 0.456496
v 0.045639 0.963165 0.467595
v 0.066177 0.989319 0.440838
v 0.004517 1.003662 0.264997
v 0.009491 1.020294 0.280523
v 0.002182 0.993759 0.252660
v 0.008011 1.011475 0.259100
v 0.012573 1.078232 0.252596
v 0.021606 1.081192 0.257253
v 0.006821 1.072647 0.247814
v 0.010468 1.086044 0.227335
v 0.020630 1.057938 0.336452
v 0.028931 1.062759 0.338319
v 0.019943 1.086700 0.207188
v 0.016388 1.088364 0.210432
v 0.018936 1.083084 0.204795
v 0.029465 1.086594 0.209742
v 0.045639 1.084030 0.218173
v 0.046005 1.081253 0.213142
v 0.063538 1.079712 0.227299
v 0.081421 1.074722 0.234744
v 0.081024 1.069626 0.230093
v 0.081833 1.076981 0.223273
v 0.081268 1.070251 0.226677
v 0.063690 1.081299 0.217287
v 0.006683 1.005020 0.173317
v 0.004807 1.023300 0.176900
v 0.008087 0.992310 0.178954
v 0.012314 1.000824 0.166728
v 0.003967 1.037781 0.219800
v 0.003159 1.021286 0.209663
v 0.002548 1.044235 0.200483
v 0.005096 1.052139 0.235148
v 0.007034 1.026840 0.240673
v 0.004501 1.046295 0.189236
v 0.009293 1.046631 0.183383
v 0.004898 1.067459 0.203023
v 0.016418 1.045975 0.178825
v 0.022797 1.044937 0.175443
v 0.017532 1.066269 0.193468
v 0.008698 1.088379 0.172519
v 0.012344 1.084885 0.178551
v 0.007111 1.093369 0.164892
v 0.011169 1.093994 0.177447
v 0.013107 1.097626 0.181010
v 0.016312 1.099152 0.184536
v 0.022293 1.099136 0.188481
v 0.024414 1.101517 0.184322
v 0.019608 1.107346 0.132425
v 0.047211 1.074661 0.304099
v 0.049515 1.072952 0.311460
v 0.043869 1.072586 0.304126
v 0.135132 1.066071 0.244556
v 0.132812 1.066238 0.250425
v 0.129196 1.066116 0.242867
v 0.022278 1.041901 0.288120
v 0.020416 1.040848 0.290941
v 0.015533 1.026077 0.272650
v 0.029587 1.057175 0.299244
v 0.009354 1.014389 0.255293
v 0.009537 1.016312 0.253389
v 0.027527 1.075928 0.197309
v 0.025162 1.076340 0.198565
v 0.026596 1.065048 0.189040
v 0.081329 1.067871 0.228294
v 0.098495 1.064774 0.233932
v 0.115738 1.064926 0.239059
v 0.028580 0.637589 0.336068
v 0.026413 0.643219 0.336446
v 0.025558 0.646896 0.340948
v 0.029037 0.643845 0.342397
v 0.041412 0.750977 0.394537
v 0.039658 0.743362 0.393579
v 0.037857 0.744049 0.390739
v 0.041916 0.753006 0.395171
v 0.021088 0.659210 0.338962
v 0.015778 0.681778 0.340195
v 0.015335 0.701569 0.335403
v 0.017639 0.719528 0.326810
v 0.026566 0.796967 0.247356
v 0.030243 0.809586 0.225224
v 0.024216 0.783371 0.267406
v 0.034821 0.821335 0.199711
v 0.040024 0.831406 0.173845
v 0.019272 0.877960 0.215007
v 0.020767 0.865067 0.247290
v 0.020615 0.850693 0.270028
v 0.019592 0.847504 0.267155
v 0.020218 0.855255 0.271888
v 0.019150 0.835037 0.287652
v 0.016312 0.814453 0.292559
v 0.016510 0.827011 0.279385
v 0.017075 0.816101 0.297998
v 0.015381 0.806290 0.291054
v 0.038361 0.781448 0.392216
v 0.036301 0.806931 0.385918
v 0.040955 0.762405 0.394551
v 0.036896 0.833588 0.373390
v 0.038574 0.859085 0.356662
v 0.047226 0.933868 0.283625
v 0.041809 0.934128 0.289183
v 0.033310 0.623505 0.237282
v 0.037415 0.622818 0.243526
v 0.076096 0.615311 0.305871
v 0.063553 0.620117 0.283752
v 0.078537 0.609543 0.306929
v 0.088150 0.613556 0.326558
v 0.101440 0.620499 0.345479
v 0.104965 0.616577 0.347365
v 0.112473 0.633255 0.359854
v 0.117844 0.648743 0.366890
v 0.122345 0.648117 0.368673
v 0.119644 0.666824 0.366491
v 0.120178 0.687225 0.358658
v 0.119232 0.709534 0.344254
v 0.111160 0.773880 0.272062
v 0.105591 0.771851 0.270224
v 0.113480 0.755615 0.299738
v 0.110153 0.788589 0.242482
v 0.114639 0.814774 0.154071
v 0.108047 0.810898 0.153039
v 0.112717 0.809036 0.182514
v 0.116409 0.818024 0.125294
v 0.117722 0.819244 0.094487
v 0.123184 0.821213 0.095444
v 0.015884 0.850098 0.200934
v 0.014725 0.837631 0.230095
v 0.014420 0.824295 0.253457
v 0.014938 0.810089 0.272167
v 0.014450 0.832047 0.256712
v 0.016113 0.794144 0.290621
v 0.017654 0.786209 0.288497
v 0.016800 0.840866 0.261189
v 0.018677 0.866104 0.274978
v 0.034241 0.909225 0.295128
v 0.042252 0.912613 0.300305
v 0.035919 0.921417 0.276272
v 0.020355 0.778717 0.287182
v 0.022964 0.771622 0.287333
v 0.021759 0.612167 0.330347
v 0.017792 0.603821 0.332605
v 0.009491 0.552551 0.224082
v 0.010727 0.555191 0.246978
v 0.011017 0.555786 0.376685
v 0.009811 0.576157 0.413778
v 0.012680 0.560120 0.277246
v 0.013947 0.571167 0.307493
v 0.013748 0.574326 0.274613
v 0.013397 0.591019 0.335593
v 0.010269 0.585724 0.344659
v 0.008499 0.582855 0.355724
v 0.008896 0.607971 0.384113
v 0.010193 0.632019 0.405886
v 0.009979 0.613327 0.422291
v 0.010788 0.625809 0.469077
v 0.009995 0.622070 0.482648
v 0.009796 0.616821 0.497690
v 0.007736 0.625565 0.507396
v 0.012634 0.611588 0.484630
v 0.010712 0.595917 0.439336
v 0.005188 1.078323 0.209540
v 0.003189 1.074234 0.221393
v 0.010391 1.078400 0.204907
v 0.006958 1.083939 0.212782
v 0.005539 1.062592 0.245449
v 0.011108 0.989761 0.384925
v 0.015961 1.005920 0.395371
v 0.022842 1.015259 0.405370
v 0.023331 1.028580 0.386766
v 0.032104 1.019730 0.416613
v 0.023514 1.039963 0.371796
v 0.031738 1.044220 0.378082
v 0.015045 1.033325 0.361622
v 0.006714 1.027161 0.323947
v 0.009689 1.029266 0.342371
v 0.011749 1.028061 0.353792
v 0.005600 0.965668 0.329693
v 0.010559 0.871094 0.412581
v 0.011871 0.890610 0.404912
v 0.012268 0.898819 0.401934
v 0.014938 0.905777 0.413263
v 0.008148 0.868912 0.479815
v 0.005615 0.837158 0.480781
v 0.009338 0.819824 0.539819
v 0.041718 0.956497 0.461386
v 0.039780 0.952896 0.465507
v 0.038406 0.945251 0.457397
v 0.027557 0.941879 0.445931
v 0.032700 0.937561 0.447693
v 0.025070 0.992981 0.145790
v 0.018295 1.021606 0.150580
v 0.032028 0.991684 0.153865
v 0.023010 0.989700 0.162788
v 0.026642 0.976990 0.167143
v 0.008575 0.982880 0.191634
v 0.007339 0.976456 0.213144
v 0.014816 0.977554 0.186548
v 0.026321 0.969650 0.180977
v 0.005173 0.973160 0.238439
v 0.002319 0.979614 0.239446
v 0.018005 0.913895 0.428653
v 0.020828 0.915955 0.424066
v 0.002625 1.013367 0.209219
v 0.005264 1.013184 0.231102
v 0.008972 1.020294 0.250809
v 0.001801 0.987152 0.239744
v 0.001801 0.990631 0.286969
v 0.028076 0.933136 0.228412
v 0.032333 0.933121 0.240816
v 0.038376 0.933533 0.251449
v 0.026901 0.934326 0.302967
v 0.008530 0.774994 0.551430
v 0.041306 0.644867 0.617365
v 0.024887 0.640350 0.604310
v 0.063705 0.648438 0.630317
v 0.016510 0.811386 0.347548
v 0.015930 0.787338 0.353788
v 0.030243 0.770370 0.380454
v 0.039078 0.758987 0.390864
v 0.033905 0.749130 0.384374
v 0.025925 0.768921 0.372599
v 0.027206 0.723907 0.381264
v 0.023422 0.720886 0.374667
v 0.017593 0.667847 0.352595
v 0.013489 0.691620 0.361070
v 0.030899 0.718155 0.395166
v 0.034225 0.721100 0.391695
v 0.030731 0.753296 0.410527
v 0.007599 0.672760 0.539131
v 0.007034 0.666016 0.557574
v 0.005417 0.660034 0.534194
v 0.007584 0.656158 0.567849
v 0.015656 0.635941 0.593809
v 0.005905 0.641678 0.522627
v 0.017776 0.709305 0.544778
v 0.008804 0.712296 0.554913
v 0.005005 0.720352 0.564365
v 0.016739 0.731659 0.430084
v 0.014023 0.735016 0.449561
v 0.011398 0.761902 0.476772
v 0.005493 0.785202 0.477120
v 0.016663 0.746750 0.474551
v 0.009888 0.765640 0.458238
v 0.004211 0.810822 0.479495
v 0.014542 0.679001 0.210372
v 0.016968 0.673370 0.202565
v 0.029755 0.658569 0.231227
v 0.028305 0.675583 0.224245
v 0.031265 0.733139 0.619101
v 0.031921 0.754211 0.615116
v 0.034744 0.773087 0.609889
v 0.013565 0.729431 0.469600
v 0.017075 0.736893 0.472083
v 0.040253 1.066025 0.336602
v 0.048492 1.067291 0.334354
v 0.041031 1.057678 0.360282
v 0.055099 1.068130 0.330867
v 0.061676 1.066040 0.335772
v 0.034988 1.083572 0.262630
v 0.012573 1.088867 0.215366
v 0.028732 1.105377 0.177343
v 0.040176 1.103149 0.183869
v 0.028442 0.823044 0.578227
v 0.030243 0.810974 0.578012
v 0.041748 0.830032 0.585158
v 0.016357 0.683868 0.588707
v 0.023285 0.690933 0.605155
v 0.026077 0.679291 0.600419
v 0.028488 1.107712 0.144666
v 0.014420 1.106720 0.148772
v 0.018448 1.077469 0.201130
v 0.128540 0.523499 0.569191
v 0.126724 0.527100 0.585919
v 0.161774 0.535568 0.519117
v 0.272141 0.543106 0.451054
v 0.274841 0.543304 0.442401
v 0.255447 0.544037 0.488993
v 0.271042 0.550201 0.499352
v 0.243988 0.544128 0.500164
v 0.227051 0.544830 0.511266
v 0.212250 0.544815 0.523419
v 0.225403 0.548935 0.527255
v 0.236084 0.554749 0.530378
v 0.249359 0.563110 0.533731
v 0.189133 0.541519 0.545326
v 0.215942 0.564148 0.588046
v 0.328705 0.523026 0.414333
v 0.293518 0.541595 0.458470
v 0.287491 0.544281 0.464321
v 0.256210 0.577850 0.572909
v 0.360519 0.578491 0.449518
v 0.353210 0.583496 0.458054
v 0.376053 0.577682 0.387908
v 0.346588 0.661819 0.477881
v 0.349152 0.645920 0.472234
v 0.341354 0.673370 0.486383
v 0.346756 0.627914 0.468343
v 0.340332 0.610794 0.470246
v 0.335663 0.680481 0.497767
v 0.336823 0.670273 0.501449
v 0.338028 0.650970 0.505789
v 0.303787 0.676605 0.534507
v 0.300140 0.683945 0.528285
v 0.319931 0.716782 0.508245
v 0.318314 0.729294 0.505269
v 0.309006 0.704147 0.525005
v 0.293243 0.707718 0.547974
v 0.285950 0.708710 0.560572
v 0.276810 0.709854 0.573065
v 0.320663 0.631287 0.541673
v 0.317352 0.617050 0.544259
v 0.313736 0.605591 0.544127
v 0.305206 0.609024 0.552245
v 0.307953 0.594238 0.542143
v 0.331635 0.599808 0.494766
v 0.321274 0.588364 0.505235
v 0.330109 0.595428 0.486991
v 0.313812 0.582626 0.516858
v 0.305145 0.573990 0.513108
v 0.307129 0.582718 0.530323
v 0.298370 0.586716 0.541746
v 0.293961 0.594864 0.549722
v 0.293991 0.607590 0.556251
v 0.290115 0.562195 0.507588
v 0.295227 0.562119 0.495330
v 0.299026 0.563202 0.486406
v 0.315262 0.578384 0.485784
v 0.329468 0.594269 0.478520
v 0.341751 0.587387 0.464037
v 0.262848 0.575287 0.542429
v 0.277206 0.611084 0.568625
v 0.269516 0.682419 0.555157
v 0.194580 0.747665 0.611542
v 0.199905 0.733566 0.615176
v 0.209885 0.724152 0.615059
v 0.239044 0.696609 0.595415
v 0.238800 0.621063 0.612949
v 0.233475 0.613312 0.612354
v 0.229218 0.624161 0.613455
v 0.227371 0.604813 0.611938
v 0.215866 0.628983 0.623041
v 0.223022 0.626373 0.616341
v 0.152206 0.585312 0.626881
v 0.147949 0.594345 0.634603
v 0.153076 0.577911 0.617531
v 0.191498 0.585281 0.604759
v 0.121658 0.532227 0.596025
v 0.101196 0.527969 0.604095
v 0.152267 0.572769 0.606649
v 0.152573 0.570572 0.598085
v 0.168961 0.584625 0.609803
v 0.184937 0.596786 0.613587
v 0.178207 0.626724 0.636029
v 0.159988 0.615845 0.638401
v 0.140732 0.605530 0.640435
v 0.205124 0.663116 0.626607
v 0.147217 0.693359 0.628796
v 0.151428 0.684113 0.622170
v 0.132706 0.679214 0.636903
v 0.116989 0.671295 0.641509
v 0.099396 0.668243 0.642352
v 0.157013 0.781204 0.619831
v 0.158966 0.788895 0.614356
v 0.125793 0.753662 0.644728
v 0.085922 0.647995 0.637453
v 0.088089 0.637115 0.641889
v 0.083160 0.659668 0.634471
v 0.089813 0.625534 0.644584
v 0.158325 0.672913 0.625430
v 0.080994 0.528198 0.608273
v 0.016037 0.889664 0.154039
v 0.021164 0.928375 0.167453
v 0.023178 0.930847 0.142869
v 0.012192 1.008057 0.330511
v 0.030960 0.951462 0.290939
v 0.189651 0.698730 0.606808
v 0.172745 0.700684 0.607084
v 0.280197 0.650925 0.554644
v 0.272217 0.649796 0.555613
v 0.269424 0.649429 0.556032
v 0.156082 1.054428 0.153326
v 0.089142 1.098175 0.143815
v 0.086670 1.099319 0.142649
v 0.105164 1.097839 0.119056
v 0.100662 1.088242 0.184012
v 0.114197 1.084259 0.188907
v 0.086746 1.092117 0.187650
v 0.075821 1.096191 0.180078
v 0.103500 1.085526 0.180558
v 0.080383 1.093948 0.194961
v 0.100677 1.088898 0.197170
v 0.120010 1.083771 0.195926
v 0.137207 1.078568 0.192903
v 0.107941 1.077682 0.175835
v 0.154816 1.072174 0.189009
v 0.154968 1.072159 0.201633
v 0.171906 1.064621 0.185977
v 0.186722 1.055923 0.184200
v 0.207550 1.013596 0.174133
v 0.202377 1.005676 0.167588
v 0.190155 1.026459 0.277808
v 0.176575 1.043884 0.271740
v 0.165771 1.039978 0.302600
v 0.126480 1.067230 0.265469
v 0.122513 1.066422 0.277898
v 0.155212 1.067932 0.220407
v 0.273636 0.882996 0.437199
v 0.280457 0.869202 0.438838
v 0.268753 0.903839 0.418223
v 0.276642 0.895447 0.408444
v 0.259430 0.912552 0.427186
v 0.245605 0.927551 0.402328
v 0.246124 0.963943 0.339621
v 0.219116 0.866440 0.472497
v 0.234543 0.880768 0.473928
v 0.172989 0.802063 0.573690
v 0.179062 0.805496 0.563836
v 0.172882 0.814682 0.578644
v 0.140045 0.819092 0.614466
v 0.154587 0.811127 0.609805
v 0.120941 0.868286 0.582247
v 0.132492 0.882263 0.562927
v 0.171402 0.826675 0.581524
v 0.167236 0.816452 0.592384
v 0.221619 0.842407 0.528791
v 0.165649 0.908066 0.510700
v 0.150986 0.925430 0.505037
v 0.141708 0.888596 0.548733
v 0.124481 0.900024 0.544475
v 0.064911 0.902420 0.565164
v 0.054306 0.839981 0.590894
v 0.058243 0.833420 0.591503
v 0.092468 0.973557 0.487069
v 0.098663 0.975616 0.479921
v 0.106186 0.965652 0.488781
v 0.112778 0.904892 0.534619
v 0.107025 0.905869 0.531246
v 0.253189 0.990906 0.218239
v 0.242538 0.992279 0.211590
v 0.228516 0.989105 0.204147
v 0.216080 0.985535 0.206289
v 0.243790 0.887253 0.472682
v 0.259323 0.861679 0.484269
v 0.247818 0.920303 0.432345
v 0.162521 0.802017 0.604780
v 0.138870 0.943451 0.494301
v 0.152939 0.943298 0.484943
v 0.160736 0.941238 0.476699
v 0.158997 0.952560 0.463049
v 0.175934 0.943680 0.440065
v 0.168274 0.954117 0.442859
v 0.157379 0.964157 0.446495
v 0.156631 0.976135 0.428493
v 0.126389 0.980881 0.455833
v 0.102539 0.977844 0.476562
v 0.084229 0.996490 0.430387
v 0.126343 1.009369 0.408925
v 0.136185 0.991547 0.426657
v 0.153961 0.994278 0.406656
v 0.151642 1.012711 0.381088
v 0.184631 0.948517 0.398012
v 0.185318 0.942215 0.394483
v 0.171265 1.010178 0.351529
v 0.165421 1.029938 0.324144
v 0.149857 1.028763 0.349907
v 0.136780 1.036636 0.348489
v 0.128113 1.040604 0.348308
v 0.070923 1.062851 0.339834
v 0.070770 1.027023 0.394107
v 0.072998 1.019775 0.388992
v 0.084976 1.021851 0.390212
v 0.077606 1.018082 0.387832
v 0.116394 1.063568 0.295022
v 0.136459 1.056442 0.294863
v 0.148087 1.050339 0.298869
v 0.051117 1.100647 0.188401
v 0.221298 0.800476 0.562805
v 0.235718 0.808228 0.542504
v 0.365143 0.562714 0.321938
v 0.364395 0.574127 0.320798
v 0.360657 0.584137 0.320028
v 0.354370 0.591919 0.317421
v 0.370193 0.598282 0.339775
v 0.362213 0.596893 0.308313
v 0.354874 0.595505 0.314158
v 0.379593 0.632523 0.227965
v 0.401627 0.639557 0.317345
v 0.406509 0.643494 0.290270
v 0.409637 0.660873 0.328435
v 0.407486 0.650253 0.269873
v 0.405045 0.656662 0.253319
v 0.402191 0.662842 0.243989
v 0.392853 0.645233 0.239525
v 0.412964 0.682022 0.333586
v 0.396912 0.680664 0.364755
v 0.381210 0.681824 0.397583
v 0.378098 0.696777 0.399008
v 0.374634 0.618240 0.364130
v 0.366501 0.625778 0.358517
v 0.373322 0.710678 0.394526
v 0.363113 0.708176 0.425099
v 0.364960 0.721268 0.393081
v 0.412003 0.739746 0.262934
v 0.404373 0.758682 0.267926
v 0.424301 0.755661 0.233988
v 0.427338 0.759048 0.221895
v 0.414825 0.785400 0.211227
v 0.392044 0.807739 0.209648
v 0.363052 0.822098 0.214408
v 0.399170 0.805099 0.221094
v 0.388016 0.818405 0.236539
v 0.395676 0.778656 0.262805
v 0.392242 0.775589 0.266140
v 0.389664 0.788132 0.269301
v 0.393173 0.775391 0.276053
v 0.394333 0.774841 0.285410
v 0.391068 0.774582 0.270625
v 0.389694 0.772888 0.302304
v 0.380112 0.773209 0.320215
v 0.368744 0.771591 0.337429
v 0.355713 0.771606 0.347670
v 0.337769 0.769485 0.353409
v 0.323196 0.764877 0.356770
v 0.351151 0.739304 0.367896
v 0.327301 0.772659 0.368870
v 0.337601 0.780075 0.381689
v 0.320480 0.765961 0.361027
v 0.342026 0.784195 0.392065
v 0.334808 0.802322 0.390565
v 0.327423 0.772949 0.463125
v 0.337326 0.761597 0.452264
v 0.319626 0.786346 0.466469
v 0.341400 0.728821 0.467431
v 0.342819 0.741943 0.455151
v 0.348618 0.724884 0.456003
v 0.351440 0.723190 0.448934
v 0.359360 0.690018 0.451623
v 0.358429 0.702362 0.447212
v 0.345093 0.755569 0.437979
v 0.340332 0.855652 0.204085
v 0.351685 0.828415 0.232145
v 0.368393 0.830475 0.241965
v 0.344421 0.830734 0.253633
v 0.379578 0.825836 0.249575
v 0.386703 0.816193 0.258779
v 0.389343 0.806290 0.267130
v 0.389252 0.797714 0.272802
v 0.311050 0.831268 0.331165
v 0.305038 0.817749 0.324709
v 0.292358 0.898849 0.363947
v 0.295197 0.887085 0.374855
v 0.291138 0.904373 0.355640
v 0.285461 0.885223 0.399650
v 0.293030 0.876495 0.391860
v 0.299698 0.868484 0.384440
v 0.301147 0.853210 0.389812
v 0.326569 0.814453 0.396254
v 0.317856 0.823441 0.406915
v 0.310196 0.801071 0.470721
v 0.303314 0.797272 0.485821
v 0.314545 0.807770 0.454262
v 0.300034 0.790329 0.493300
v 0.285980 0.815109 0.493492
v 0.289978 0.784393 0.497498
v 0.300674 0.769302 0.496442
v 0.281693 0.783768 0.507700
v 0.284729 0.783432 0.512703
v 0.285431 0.782303 0.517020
v 0.286514 0.776535 0.521593
v 0.271286 0.796844 0.522825
v 0.299301 0.767654 0.509314
v 0.288666 0.764526 0.528962
v 0.303162 0.750717 0.515986
v 0.259964 0.805786 0.525405
v 0.251862 0.809555 0.528174
v 0.273026 0.838242 0.490788
v 0.286530 0.847961 0.460532
v 0.289032 0.851883 0.447250
v 0.302261 0.830109 0.450368
v 0.289749 0.854874 0.436964
v 0.300873 0.840942 0.428766
v 0.300079 0.925964 0.189151
v 0.291275 0.942200 0.179459
v 0.290619 0.941849 0.251779
v 0.290314 0.935379 0.252083
v 0.301178 0.933838 0.235718
v 0.295609 0.930527 0.258142
v 0.292068 0.931442 0.254562
v 0.302444 0.920258 0.283765
v 0.289993 0.930038 0.289858
v 0.296860 0.906143 0.325534
v 0.292313 0.907486 0.341664
v 0.289551 0.908951 0.350120
v 0.284210 0.917130 0.350423
v 0.355240 0.725601 0.392731
v 0.355942 0.718338 0.423611
v 0.387039 0.793045 0.274741
v 0.384171 0.785706 0.273825
v 0.306213 0.925980 0.221657
v 0.314896 0.865326 0.291260
v 0.320953 0.848465 0.286133
v 0.307114 0.860260 0.294234
v 0.277664 0.940857 0.296005
v 0.276138 0.940491 0.301287
v 0.092651 0.766907 0.265547
v 0.091873 0.800827 0.150588
v 0.071350 0.788651 0.148200
v 0.038712 0.689117 0.271322
v 0.036819 0.707214 0.256005
v 0.047287 0.700195 0.286618
v 0.036224 0.724564 0.236811
v 0.031326 0.707642 0.223920
v 0.053528 0.781387 0.119681
v 0.054245 0.780365 0.144919
v 0.054901 0.777390 0.170486
v 0.056183 0.772308 0.198192
v 0.061829 0.711136 0.298668
v 0.063797 0.688812 0.312330
v 0.065933 0.668671 0.319130
v 0.027664 0.691711 0.211573
v 0.024078 0.677536 0.201570
v 0.026825 0.703506 0.193621
v 0.025818 0.713806 0.174165
v 0.024979 0.723297 0.153535
v 0.022186 0.700806 0.166466
v 0.024689 0.730179 0.135277
v 0.020996 0.720932 0.128093
v 0.047104 0.575714 0.238625
v 0.044678 0.588791 0.237586
v 0.053040 0.577469 0.252341
v 0.084656 0.595901 0.311126
v 0.098846 0.597366 0.333477
v 0.071075 0.596786 0.288020
v 0.113312 0.607880 0.352321
v 0.125702 0.626709 0.366513
v 0.060776 0.588516 0.268830
v 0.054993 0.600418 0.261650
v 0.047073 0.606171 0.249120
v 0.048660 0.617325 0.257376
v 0.038040 0.604340 0.232084
v 0.256332 0.748413 0.107350
v 0.254517 0.745224 0.131012
v 0.249557 0.761948 0.064330
v 0.242325 0.771729 0.063027
v 0.255692 0.753464 0.064580
v 0.253967 0.737411 0.163121
v 0.221649 0.756424 0.229046
v 0.205566 0.771347 0.230289
v 0.227081 0.784973 0.101947
v 0.229630 0.786270 0.078283
v 0.170273 0.829025 0.101303
v 0.152756 0.828995 0.101100
v 0.161804 0.800842 0.227485
v 0.161560 0.787109 0.259712
v 0.176147 0.794403 0.230086
v 0.146561 0.803925 0.223324
v 0.162186 0.770950 0.287419
v 0.194122 0.803329 0.163255
v 0.190826 0.795746 0.196587
v 0.190460 0.784210 0.231293
v 0.196289 0.717957 0.335219
v 0.132584 0.647141 0.372290
v 0.130508 0.803253 0.218904
v 0.116760 0.801376 0.214150
v 0.135986 0.825439 0.097850
v 0.263123 0.741165 0.051417
v 0.260834 0.744095 0.058892
v 0.264191 0.737411 0.060957
v 0.259247 0.747421 0.064817
v 0.016403 0.726471 0.106063
v 0.016998 0.717880 0.125192
v 0.017792 0.707764 0.143918
v 0.018539 0.695877 0.164895
v 0.019531 0.683731 0.184216
v 0.020462 0.672165 0.199076
v 0.026230 0.602554 0.222153
v 0.031494 0.603851 0.224391
v 0.027023 0.585175 0.211926
v 0.027847 0.568314 0.201374
v 0.251480 0.779510 0.563298
v 0.308136 0.760651 0.502628
v 0.313629 0.758240 0.497001
v 0.310471 0.754883 0.502793
v 0.244156 0.810974 0.532272
v 0.238831 0.812943 0.525346
v 0.232468 0.814011 0.515867
v 0.226120 0.814453 0.511029
v 0.081711 1.100983 0.141287
v 0.277649 0.926743 0.350797
v 0.335785 0.832001 0.275037
v 0.323914 0.831375 0.272203
v 0.326324 0.840042 0.271888
v 0.015320 0.582504 0.272050
v 0.015884 0.591858 0.552577
v 0.030502 0.554047 0.587007
v 0.225479 0.625137 0.613885
v 0.013565 0.609634 0.480138
v 0.152939 0.569290 0.594809
v 0.132355 0.560913 0.593908
v 0.101700 0.559799 0.599893
v 0.052414 0.564407 0.602328
v 0.284454 0.545395 0.466544
v 0.276138 0.542908 0.438580
v 0.175949 0.551788 0.456756
v 0.159790 0.549454 0.475433
v 0.139603 0.543991 0.491781
v 0.298508 0.687027 0.526383
v 0.352203 0.594604 0.316084
v 0.363815 0.628784 0.356643
v 0.378616 0.628754 0.235427
v 0.377670 0.631638 0.232386
v 0.358551 0.615387 0.233035
v 0.377335 0.632736 0.230526
v 0.390686 0.774429 0.268038
v 0.264618 0.735870 0.064671
v 0.275635 0.940140 0.303834
v 0.262299 0.954956 0.304837
v 0.280304 0.959045 0.169113
v 0.357468 0.710434 0.440774
v 0.315338 0.815628 0.440411
v 0.312195 0.825958 0.428154
v 0.309845 0.831360 0.417902
v 0.306366 0.832764 0.409482
v 0.300217 0.831024 0.400626
v 0.294174 0.830490 0.396311
v 0.297897 0.840378 0.391288
v 0.293381 0.833633 0.393011
v 0.257751 0.960510 0.303837
v 0.163651 1.036835 0.313894
v 0.165710 1.032944 0.313535
v 0.162888 1.037750 0.313829
v 0.162247 1.038330 0.313663
v 0.185074 0.914047 0.412086
v 0.190353 0.917236 0.412209
v 0.286621 0.905075 0.370273
v 0.280457 0.913574 0.365930
v 0.114624 1.091278 0.118228
v 0.067307 1.099030 0.177979
v 0.291992 0.830902 0.394334
v 0.318665 0.763214 0.358232
v 0.303436 0.813370 0.321929
v 0.304749 0.832123 0.302230
v 0.304260 0.858704 0.295999
v 0.290527 0.932495 0.252800
v 0.302979 0.903748 0.199651
v 0.211624 0.984604 0.207326
v 0.207870 0.986038 0.243395
v 0.195145 0.983307 0.278043
v 0.170151 1.023422 0.312644
v 0.182419 0.971588 0.344524
v 0.185608 0.960312 0.372129
v 0.185883 0.940247 0.392941
v 0.205170 0.925430 0.412820
v 0.271194 0.918030 0.368596
v 0.200607 1.003357 0.164986
v 0.190430 1.020065 0.160970
v 0.179504 1.027405 0.157366
v 0.122452 1.074219 0.138126
v 0.195023 0.811874 0.548337
v 0.183075 0.788757 0.576476
v 0.167389 0.701950 0.607317
v 0.315674 0.757904 0.494483
v 0.312347 0.759766 0.495284
v 0.318237 0.753265 0.493371
v 0.223724 0.815216 0.509197
v 0.230515 0.813385 0.500305
v 0.245590 0.805862 0.498893
v 0.304169 0.763840 0.496800
v 0.173950 0.903839 0.464740
v 0.323868 0.740829 0.491102
v 0.321793 0.740433 0.494374
v 0.315598 0.741379 0.503079
v 0.038269 0.691162 0.622931
v 0.040268 0.683197 0.618945
v 0.081177 0.669037 0.638483
v 0.061935 0.671539 0.629056
v 0.042725 0.675003 0.615381
v 0.111450 0.962616 0.489288
v 0.111084 0.954910 0.493109
v 0.012711 0.630325 0.445412
v 0.134903 0.898453 0.519400
v 0.109817 0.934570 0.501178
v 0.104462 0.906921 0.530213
v 0.060287 0.830368 0.592311
v 0.045609 0.815094 0.585669
v 0.031128 0.805893 0.578342
v 0.016586 0.653015 0.460092
v 0.022217 0.671341 0.474726
v 0.031281 0.689713 0.495043
v 0.009430 0.809738 0.505595
v 0.018326 0.740524 0.473436
v 0.041931 1.045441 0.384574
v 0.041412 1.032196 0.406116
v 0.040649 1.020599 0.423421
v 0.033875 0.947586 0.470280
v 0.134583 1.052353 0.309253
v 0.139465 0.984894 0.433696
v 0.130188 0.987335 0.430377
v 0.112396 1.043381 0.321239
v 0.095306 1.036530 0.333191
v 0.084488 1.034271 0.348450
v 0.078125 1.029999 0.366611
v 0.074432 1.017120 0.387138
v 0.105591 0.992508 0.421497
v 0.070328 0.995544 0.425556
v 0.034363 0.935394 0.448902
v 0.028946 0.926331 0.436709
v 0.021561 0.917465 0.421649
v 0.015350 1.039246 0.296510
v 0.046875 1.085159 0.209697
v 0.016998 1.048813 0.164557
v 0.017914 1.069351 0.178451
v 0.023331 1.046173 0.171082
v 0.007858 1.101166 0.154343
v 0.017471 1.079956 0.183815
v 0.037399 1.067078 0.303574
v 0.034119 0.991455 0.156854
v 0.026581 1.019211 0.160181
v 0.025177 1.044922 0.173769
v 0.041946 0.754898 0.395342
v 0.020569 0.736694 0.316654
v 0.022919 0.753067 0.303714
v 0.023560 0.768661 0.286790
v 0.045486 0.838791 0.150959
v 0.016708 0.818405 0.304757
v 0.029037 0.663803 0.359761
v 0.030411 0.692566 0.379282
v 0.035095 0.722031 0.389672
v 0.039734 0.880737 0.337976
v 0.041489 0.899033 0.319252
v 0.044922 0.914261 0.302616
v 0.018448 0.720032 0.363396
v 0.021378 0.740692 0.360760
v 0.019379 0.762039 0.358116
v 0.011597 0.767868 0.443075
v 0.034119 0.603958 0.225719
v 0.048981 0.622131 0.260834
v 0.116577 0.733246 0.324206
v 0.110947 0.800308 0.212313
v -0.005585 0.805359 0.107431
v -0.005432 0.796967 0.135493
v -0.005280 0.785217 0.158201
v -0.005173 0.777618 0.177086
v -0.005432 0.796967 0.135493
v -0.005051 0.768814 0.197074
v -0.004883 0.753769 0.217778
v -0.005173 0.777618 0.177086
v -0.004730 0.736893 0.233270
v -0.004593 0.722031 0.246559
v -0.004883 0.753769 0.217778
v -0.004440 0.701981 0.254595
v -0.004303 0.683640 0.261188
v -0.004593 0.722031 0.246559
v -0.004181 0.665283 0.264904
v -0.004059 0.647354 0.266943
v -0.004303 0.683640 0.261188
v -0.003983 0.640671 0.278155
v -0.003876 0.630966 0.290251
v -0.004059 0.647354 0.266943
v -0.003815 0.624069 0.297347
v -0.003693 0.614838 0.314823
v -0.003876 0.630966 0.290251
f 906 1 904 903
f 910 5 908 907
f 914 8 912 911
f 918 11 916 915
f 922 14 920 919
f 926 17 924 923
f 930 20 928 927
f 934 23 932 931
f 938 26 936 935
f 942 28 940 939
f 946 33 944 943
f 950 36 948 947
f 944 33 952 951
f 957 40 955 954
f 961 42 959 958
f 965 44 963 962
f 969 49 967 966
f 973 51 971 970
f 977 54 975 974
f 981 30 979 978
f 985 59 983 982
f 989 62 987 986
f 993 65 991 990
f 997 67 995 994
f 1000 70 999 998
f 1004 71 1002 1001
f 1008 74 1006 1005
f 1012 77 1010 1009
f 1016 80 1014 1013
f 1020 83 1018 1017
f 1024 86 1022 1021
f 1028 86 1026 1025
f 1032 90 1030 1029
f 1035 31 1034 1033
f 1039 93 1037 1036
f 1043 96 1041 1040
f 1047 99 1045 1044
f 1051 102 1049 1048
f 1055 105 1053 1052
f 1059 108 1057 1056
f 1063 111 1061 1060
f 1067 113 1065 1064
f 1071 114 1069 1068
f 1075 117 1073 1072
f 1079 118 1077 1076
f 1083 120 1081 1080
f 1087 122 1085 1084
f 1091 126 1089 1088
f 1095 129 1093 1092
f 1099 132 1097 1096
f 1103 135 1101 1100
f 1107 138 1105 1104
f 1111 141 1109 1108
f 1115 143 1113 1112
f 1119 146 1117 1116
f 1122 148 1118 1120
f 1126 150 1124 1123
f 1130 153 1128 1127
f 1134 155 1132 1131
f 1138 159 1136 1135
f 1142 161 1140 1139
f 1147 166 1145 1144
f 1152 169 1150 1149
f 1155 171 1151 1153
f 1159 173 1157 1156
f 1163 176 1161 1160
f 1167 179 1165 1164
f 1171 182 1169 1168
f 1175 185 1173 1172
f 1179 188 1177 1176
f 1182 191 1181 1180
f 1186 192 1184 1183
f 1190 194 1188 1187
f 1193 196 1189 1191
f 1197 198 1195 1194
f 1201 200 1199 1198
f 1199 200 1203 1202
f 1206 172 1154 1205
f 1210 204 1208 1207
f 1214 207 1212 1211
f 1218 210 1216 1215
f 1221 210 1220 1219
f 1225 213 1223 1222
f 1229 212 1227 1226
f 1233 218 1231 1230
f 1237 221 1235 1234
f 1241 224 1239 1238
f 1245 226 1243 1242
f 1249 229 1247 1246
f 1252 176 1240 1250
f 1256 233 1254 1253
f 1260 235 1258 1257
f 1263 238 1262 1261
f 1267 179 1265 1264
f 1271 241 1269 1268
f 1275 244 1273 1272
f 1279 241 1277 1276
f 1283 249 1281 1280
f 1287 252 1285 1284
f 1291 255 1289 1288
f 1295 258 1293 1292
f 1299 261 1297 1296
f 1303 264 1301 1300
f 1307 267 1305 1304
f 1311 270 1309 1308
f 1315 273 1313 1312
f 1319 250 1317 1316
f 1323 278 1321 1320
f 1327 281 1325 1324
f 1331 284 1329 1328
f 1334 285 1329 1332
f 1338 288 1336 1335
f 1342 291 1340 1339
f 1346 293 1344 1343
f 1350 296 1348 1347
f 1355 302 1353 1352
f 1359 305 1357 1356
f 1362 307 1361 1360
f 1366 308 1364 1363
f 1370 311 1368 1367
f 1373 313 1372 1371
f 1377 314 1375 1374
f 1381 198 1379 1378
f 1386 321 1384 1383
f 1390 323 1388 1387
f 1394 325 1392 1391
f 1397 294 1344 1395
f 1401 328 1399 1398
f 1405 260 1403 1402
f 1409 333 1407 1406
f 1413 336 1411 1410
f 1417 339 1415 1414
f 1423 344 1421 1420
f 1427 129 1425 1424
f 1432 349 1431 1430
f 1436 353 1434 1433
f 1440 356 1438 1437
f 1444 358 1442 1441
f 1448 258 1446 1445
f 1452 255 1450 1449
f 1456 313 1454 1453
f 1460 207 1458 1457
f 1464 167 1462 1461
f 1467 373 1466 1465
f 1471 374 1469 1468
f 1475 306 1473 1472
f 1478 182 1477 1476
f 1482 382 1480 1479
f 1486 385 1484 1483
f 1490 197 1488 1487
f 1494 388 1492 1491
f 1498 391 1496 1495
f 1502 394 1500 1499
f 1506 397 1504 1503
f 1510 400 1508 1507
f 1515 406 1513 1512
f 1521 411 1519 1518
f 908 5 1523 1522
f 1528 58 1526 1525
f 1532 416 1530 1529
f 1535 71 1534 1533
f 1539 418 1537 1536
f 1544 421 1542 1541
f 1547 6 1524 1545
f 1550 425 1549 1548
f 1554 426 1552 1551
f 922 16 1556 1555
f 1560 429 1559 1558
f 1563 44 1562 1561
f 1567 35 1565 1564
f 1571 48 1569 1568
f 1575 161 1573 1572
f 1579 435 1577 1576
f 1583 438 1581 1580
f 1586 82 1585 1584
f 1590 442 1588 1587
f 1593 444 1592 1591
f 1597 445 1595 1594
f 1600 320 1599 1598
f 1604 448 1602 1601
f 1608 451 1606 1605
f 1610 344 1423 1609
f 1614 454 1612 1611
f 1618 456 1616 1615
f 1621 161 1620 1619
f 1624 234 1623 1622
f 1627 460 1626 1625
f 1631 461 1629 1628
f 1634 269 1633 1632
f 1637 293 1346 1635
f 1640 354 1639 1638
f 1643 463 1642 1641
f 1647 464 1645 1644
f 1651 467 1649 1648
f 1655 178 1653 1652
f 1659 369 1657 1656
f 1662 472 1661 1660
f 1666 473 1664 1663
f 1669 219 1668 1667
f 1673 217 1671 1670
f 1676 235 1260 1674
f 1680 176 1678 1677
f 1683 232 1682 1681
f 1687 480 1685 1684
f 1690 483 1689 1688
f 1694 254 1692 1691
f 1698 280 1696 1695
f 1702 488 1700 1699
f 1705 491 1704 1703
f 1708 96 1707 1706
f 1713 494 1710 1711
f 1717 496 1715 1714
f 1432 115 1719 1718
f 1725 493 1723 1722
f 1728 354 1727 1726
f 1731 319 1730 1729
f 1734 481 1685 1732
f 1738 214 1736 1735
f 1188 194 1195 1739
f 1743 86 1742 1741
f 1747 505 1745 1744
f 1751 224 1749 1748
f 1753 475 1671 1752
f 1757 108 1755 1754
f 1760 460 1629 1758
f 1763 511 1762 1761
f 1766 96 1715 1764
f 1771 513 1768 1767
f 1776 1 1773 1772
f 1781 881 1778 1777
f 1786 882 1783 1782
f 1791 517 1788 1787
f 1796 518 1793 1792
f 1801 95 1798 1797
f 1806 520 1803 1802
f 1810 94 1808 1807
f 1814 4 1812 1811
f 1819 523 1816 1815
f 1824 515 1821 1820
f 1829 519 1826 1825
f 1834 514 1831 1830
f 1038 94 1836 1835
f 1842 897 1840 1839
f 1851 525 1848 1847
f 1855 528 1853 1852
f 1858 529 1857 1856
f 992 7 909 1859
f 1845 48 1862 1861
f 1869 530 1866 1865
f 1875 534 1873 1872
f 1866 530 1877 1876
f 1869 532 1881 1880
f 1884 524 1843 1883
f 1553 427 1849 1885
f 1891 539 1889 1888
f 1895 9 912 1892
f 1897 9 1895 1896
f 1903 543 1900 1899
f 1907 417 1905 1904
f 1006 74 1909 1908
f 1914 438 1912 1911
f 1917 10 913 1915
f 1921 547 1919 1918
f 1925 430 1923 1922
f 1929 549 1928 1927
f 937 27 1931 1930
f 1937 24 932 1934
f 936 26 1939 1938
f 1944 25 933 1942
f 1563 396 1946 1945
f 1953 553 1950 1949
f 1957 61 1955 1954
f 1023 87 1959 1958
f 946 35 1963 1962
f 955 40 1965 1964
f 1567 36 1968 1967
f 952 33 956 1969
f 1966 556 1973 1972
f 930 22 1977 1976
f 963 44 1948 1979
f 1984 560 1983 1982
f 1989 162 1986 1985
f 1993 151 1991 1990
f 1998 563 1995 1994
f 1141 162 1989 1999
f 1947 60 983 2000
f 2005 566 2003 2002
f 2009 567 2007 2006
f 2013 569 2011 2010
f 2018 341 2015 2014
f 2021 573 2020 2019
f 2024 574 2023 2022
f 2028 529 1858 2025
f 2031 436 1577 2029
f 1407 333 2033 2032
f 2039 578 2037 2036
f 2042 73 1003 2040
f 2046 579 2044 2043
f 2050 440 2048 2047
f 2008 64 2052 2051
f 2011 569 2055 2054
f 2060 441 2059 2058
f 2063 582 2062 2061
f 2066 441 2062 2064
f 2069 103 2068 2067
f 2073 583 2071 2070
f 2076 81 1014 2074
f 2079 80 1016 2077
f 1906 83 1020 2080
f 2083 73 2042 2081
f 2075 80 2079 2084
f 1746 506 2087 2086
f 2092 566 2090 2089
f 2095 586 2094 2093
f 1808 94 1037 2096
f 1801 520 2100 2099
f 2105 37 2103 2102
f 1565 35 2107 2106
f 945 34 2110 2109
f 953 39 2113 2112
f 2118 393 2116 2115
f 2122 591 2120 2119
f 929 21 2124 2123
f 2105 442 1590 2125
f 2130 592 2127 2126
f 2135 594 2132 2131
f 2138 106 1053 2136
f 1254 233 2140 2139
f 2144 598 2143 2142
f 2148 599 2146 2145
f 2135 596 2150 2149
f 1011 78 2068 2152
f 2137 105 2155 2154
f 2160 604 2159 2158
f 2159 604 2162 2161
f 2168 606 2166 2165
f 2173 608 2170 2169
f 2176 348 2175 2174
f 2173 609 2178 2177
f 2179 610 2181 2180
f 2186 611 2183 2182
f 2191 614 2188 2187
f 2195 617 2193 2192
f 2199 445 2197 2196
f 2204 619 2201 2200
f 1600 349 2164 2205
f 2210 451 2207 2206
f 1602 448 2212 2211
f 1604 450 2216 2215
f 1608 453 2219 2218
f 1079 121 2221 2220
f 2226 123 1082 2224
f 2230 256 2228 2227
f 2235 627 2232 2231
f 2238 257 1290 2236
f 1089 126 2240 2239
f 2246 321 1386 2243
f 2249 487 1697 2247
f 2253 635 2251 2250
f 1097 132 2255 2254
f 1090 127 2259 2258
f 2266 638 2263 2262
f 2270 455 2268 2267
f 2275 639 2272 2271
f 2279 454 2217 2276
f 2282 642 2281 2280
f 2287 644 2284 2283
f 2290 487 2249 2288
f 2289 645 2292 2291
f 2298 643 2295 2294
f 2278 643 2298 2299
f 2216 450 2302 2301
f 2302 450 2306 2305
f 2311 652 2309 2308
f 2315 569 2013 2312
f 2320 622 2317 2316
f 2204 620 2322 2321
f 2323 657 2325 2324
f 2331 660 2329 2328
f 2334 339 2055 2332
f 2338 650 2303 2335
f 2313 63 987 2339
f 2346 664 2343 2342
f 2350 667 2348 2347
f 2354 458 1617 2351
f 2359 669 2356 2355
f 2357 670 2361 2360
f 2356 669 2365 2364
f 2370 676 2368 2367
f 2374 672 2358 2371
f 2379 679 2376 2375
f 2378 680 2381 2380
f 2387 674 2385 2384
f 2362 673 2389 2388
f 2366 675 2391 2390
f 2346 666 2394 2393
f 2400 648 2398 2397
f 2296 647 2402 2401
f 2034 577 2406 2405
f 2411 163 1939 2409
f 1986 162 1140 2412
f 1138 160 1862 2413
f 2425 110 1058 2423
f 2430 686 2427 2426
f 2434 688 2432 2431
f 2439 690 2436 2435
f 2444 692 2441 2440
f 2447 175 2446 2445
f 1373 312 2449 2448
f 1162 177 2452 2451
f 2456 462 1630 2454
f 1637 193 1185 2457
f 2460 355 1435 2458
f 2464 696 2462 2461
f 2462 696 2466 2465
f 2472 191 2470 2469
f 2472 696 2464 2473
f 1182 185 1184 2475
f 2480 215 2478 2477
f 2484 701 2482 2481
f 1484 385 2383 2485
f 2491 387 2488 2487
f 2494 194 2493 2492
f 2499 375 2496 2495
f 2504 706 2501 2500
f 2507 707 2506 2505
f 2509 708 2503 2508
f 2446 175 2511 2510
f 2515 239 1265 2512
f 2479 208 2517 2516
f 1212 207 1460 2519
f 2496 375 1470 2520
f 2524 474 1665 2523
f 1223 213 2526 2525
f 1217 211 2530 2529
f 2537 477 2534 2533
f 1675 237 1262 2538
f 2544 714 2542 2541
f 2548 716 2546 2545
f 2553 718 2550 2549
f 2493 194 2555 2554
f 2489 199 1196 2556
f 2560 721 2558 2557
f 2565 723 2562 2561
f 2569 727 2567 2566
f 1278 247 2571 2570
f 2576 730 2580 2579
f 2586 733 2583 2582
f 2590 736 2588 2587
f 2226 625 2592 2591
f 2593 245 2595 2594
f 2602 739 2599 2598
f 2605 742 2604 2603
f 2609 743 2607 2606
f 2614 743 2611 2610
f 2618 748 2616 2615
f 2622 257 2620 2619
f 2625 252 1287 2623
f 2592 625 2627 2626
f 2633 331 1403 2631
f 2637 752 2635 2634
f 2641 753 2639 2638
f 2645 755 2643 2642
f 2649 363 2647 2646
f 1309 270 2651 2650
f 2656 757 2654 2653
f 2661 758 2658 2657
f 2666 380 2663 2662
f 2671 764 2668 2667
f 1702 490 2673 2672
f 1305 267 2677 2676
f 2682 355 2460 2679
f 2685 754 2640 2683
f 2689 284 2687 2686
f 1394 327 2691 2690
f 2694 767 2693 2692
f 2698 768 2696 2695
f 2696 768 2700 2699
f 2706 772 2704 2703
f 2710 774 2708 2707
f 2715 776 2712 2711
f 2719 97 1041 2717
f 2724 783 2721 2720
f 2728 787 2726 2725
f 2733 786 2730 2729
f 2748 792 2746 2745
f 2738 791 2750 2749
f 2756 304 2753 2752
f 2761 799 2758 2757
f 2766 803 2763 2762
f 2770 807 2768 2767
f 2774 809 2772 2771
f 2782 810 2780 2779
f 2785 804 2769 2783
f 2789 807 2770 2786
f 2787 803 2766 2790
f 2791 806 2794 2793
f 2800 816 2798 2797
f 1713 495 2804 2803
f 2120 591 2809 2808
f 2810 818 2813 2812
f 2819 482 2817 2816
f 2823 822 2821 2820
f 1361 307 2825 2824
f 2486 469 2828 2827
f 1416 340 2329 2831
f 2835 365 2834 2833
f 2839 265 1301 2836
f 1401 330 2644 2840
f 2845 827 2844 2843
f 1411 336 2847 2846
f 2851 579 2052 2849
f 2853 547 1921 2852
f 2857 145 1114 2855
f 2856 144 2859 2858
f 2865 829 2863 2862
f 1913 8 914 2869
f 1419 343 2872 2871
f 2878 453 1607 2875
f 2878 831 2880 2879
f 2885 125 1086 2883
f 2888 626 2229 2886
f 2888 834 2890 2889
f 1422 345 2892 2891
f 2895 635 2253 2893
f 2899 140 1106 2896
f 2892 345 2901 2900
f 1689 483 2628 2903
f 2906 244 1275 2905
f 2909 835 2908 2907
f 2911 732 2580 2910
f 2911 735 2913 2912
f 2918 187 2916 2915
f 2681 206 1209 2919
f 1306 268 2678 2921
f 1692 254 2923 2922
f 2927 286 1330 2925
f 1298 262 2929 2928
f 2933 757 2656 2932
f 2923 254 1286 2934
f 2926 285 1334 2937
f 2940 357 1438 2939
f 2944 360 2693 2941
f 1456 238 1263 2945
f 2949 266 2948 2947
f 1462 167 2953 2952
f 1738 192 2955 2954
f 2959 840 2957 2956
f 2826 668 2353 2960
f 2965 459 2964 2963
f 1661 472 1664 2966
f 2970 378 2352 2968
f 2970 379 2483 2971
f 2972 702 2974 2973
f 2978 719 2550 2976
f 2983 765 2980 2979
f 1478 265 2839 2984
f 2304 650 2987 2986
f 2990 15 1585 2988
f 2072 507 2992 2991
f 1022 86 1743 2994
f 1532 415 2996 2995
f 3001 706 2504 2999
f 2065 582 2993 3002
f 2992 507 2088 3004
f 3009 711 3007 3006
f 3013 223 3011 3010
f 3016 844 3015 3014
f 1498 393 2118 3017
f 3023 392 3020 3019
f 3026 391 3018 3024
f 3030 845 3028 3027
f 3034 600 3032 3031
f 1993 562 2128 3035
f 3040 599 3038 3037
f 3040 594 3042 3041
f 3043 848 3045 3044
f 1510 402 3047 3046
f 3052 433 3050 3049
f 3057 850 3054 3053
f 3055 564 3050 3058
f 3059 433 1570 3061
f 3067 595 3065 3064
f 3067 509 1756 3068
f 3069 508 3071 3070
f 1592 444 3074 3073
f 1760 510 3077 3076
f 3082 405 3080 3079
f 3081 845 3030 3083
f 2132 594 3086 3085
f 3089 399 3045 3088
f 3078 397 1506 3090
f 1763 1 3092 3091
f 3098 71 3096 3095
f 3092 1 1776 3099
f 3100 515 1824 3101
f 3105 514 1834 3103
f 3104 518 1796 3106
f 3109 534 1875 3108
f 3113 854 3111 3110
f 3117 855 3115 3114
f 3120 437 1578 3118
f 3122 573 2023 3121
f 1620 161 3124 3123
f 1707 96 1766 3125
f 3130 768 2698 3127
f 3133 770 2700 3131
f 3136 771 2701 3134
f 3138 772 2706 3137
f 3142 779 3140 3139
f 3146 781 3144 3143
f 1874 535 3150 3149
f 3153 855 3152 3151
f 3155 540 3152 3154
f 1873 534 3111 3156
f 1854 422 1542 3157
f 3160 414 3159 3158
f 3155 7 2407 3161
f 2038 545 3164 3163
f 3168 542 1898 3167
f 3171 425 3170 3169
f 1902 544 3173 3172
f 3173 544 3175 3174
f 3177 13 3175 3176
f 1925 429 1909 3178
f 3182 430 3179 3180
f 1916 542 3168 3183
f 3187 846 3185 3184
f 3033 597 2157 3188
f 3190 20 1978 3189
f 3193 21 928 3191
f 1126 152 3195 3194
f 1991 151 1124 3197
f 1933 158 3198 3199
f 1980 29 940 3200
f 1951 554 1955 3201
f 3204 555 3202 3203
f 3206 32 1956 3205
f 1968 36 950 3207
f 961 43 2121 3208
f 959 42 3212 3211
f 3217 48 1571 3216
f 1998 565 3219 3218
f 1987 159 2414 3221
f 3223 51 973 3222
f 1952 555 3204 3224
f 3054 850 3227 3226
f 2156 602 3084 3228
f 3223 565 1997 3229
f 1931 27 1941 3230
f 1851 527 1863 3231
f 1527 414 3160 3233
f 3124 161 1575 3234
f 949 37 2003 3235
f 2009 568 3237 3236
f 2030 435 3240 3239
f 1579 437 3242 3241
f 3246 860 3243 3245
f 999 70 3093 3247
f 1535 417 1907 3249
f 2996 415 1534 3251
f 2066 79 3253 3252
f 1582 439 3253 3255
f 3237 568 2053 3256
f 3254 439 1581 3257
f 3003 585 2090 3258
f 1012 79 3259 3260
f 1530 416 3262 3261
f 3266 586 3264 3263
f 3264 586 2095 3267
f 1806 338 1412 3268
f 3271 497 1716 3270
f 2069 443 3273 3272
f 1588 442 2104 3274
f 2071 583 2085 3275
f 3279 152 3036 3277
f 2140 233 3281 3280
f 1054 106 3032 3282
f 3187 847 3038 3283
f 3285 822 3071 3284
f 3288 861 3287 3286
f 3291 100 2049 3289
f 1057 108 3293 3292
f 3039 847 3186 3294
f 1599 320 3296 3295
f 2171 607 2167 3297
f 2872 343 3299 3298
f 3302 638 3301 3300
f 1597 447 2263 3303
f 2199 164 3305 3304
f 3307 447 1596 3306
f 2202 618 2194 3308
f 2213 617 2195 3309
f 2208 119 2222 3310
f 1606 451 2210 3311
f 1613 455 2270 3313
f 1081 120 1077 3314
f 2597 624 2223 3316
f 2887 833 3318 3317
f 2884 832 3321 3320
f 2901 345 2890 3322
f 2256 632 2241 3324
f 2251 635 3326 3325
f 3328 257 2238 3327
f 1427 347 2898 3329
f 3331 633 2244 3330
f 2286 634 2248 3332
f 3334 636 2259 3333
f 3337 863 3336 3335
f 3340 864 3339 3338
f 3343 134 1098 3341
f 2265 639 3345 3344
f 2275 637 2260 3346
f 3342 864 3348 3347
f 3350 831 2877 3349
f 3321 832 2880 3351
f 1085 122 3315 3352
f 2269 641 2272 3353
f 1612 454 2281 3354
f 1107 140 2894 3355
f 2354 668 2825 3356
f 2284 644 2399 3358
f 2400 644 2287 3359
f 3362 651 2306 3360
f 2320 143 1115 3363
f 2336 649 2307 3364
f 3368 655 2314 3366
f 2319 656 2327 3369
f 3296 320 3371 3370
f 3374 828 3373 3372
f 2861 828 3374 3375
f 2310 653 3377 3376
f 3367 654 2341 3378
f 2402 647 2987 3379
f 2359 672 2964 3380
f 3382 683 2395 3383
f 2373 678 2376 3385
f 2377 678 2372 3387
f 2394 666 3389 3388
f 2340 62 2007 3391
f 2350 664 2396 3392
f 1850 427 1552 3395
f 934 25 2410 3397
f 2411 434 1573 3398
f 3400 456 2398 3399
f 2252 128 2261 3401
f 1102 136 3402 3403
f 2953 167 1146 3404
f 1730 319 3406 3405
f 3412 687 3409 3408
f 2817 482 1686 3413
f 3414 865 3409 3415
f 2428 687 3412 3417
f 3420 470 3419 3418
f 1654 470 3420 3421
f 2439 689 2432 3422
f 2447 692 2449 3424
f 2511 175 1158 3425
f 2452 177 3428 3427
f 1653 178 2453 3429
f 2673 490 3431 3430
f 2985 825 3433 3432
f 1657 369 2948 3435
f 2916 187 1174 3436
f 3438 764 2671 3437
f 3441 840 3440 3439
f 2379 385 1486 3442
f 2830 824 3445 3444
f 2490 466 2957 3446
f 2958 465 1645 3448
f 3450 474 2524 3449
f 3445 824 3452 3451
f 2502 315 1375 3453
f 3455 861 3288 3454
f 2117 590 3457 3456
f 3452 824 2829 3459
f 2463 697 3462 3461
f 2468 698 3464 3463
f 3466 764 3438 3465
f 1170 183 3434 3467
f 3443 703 3447 3468
f 3470 474 3450 3469
f 3472 710 2527 3471
f 2528 710 3474 3473
f 3476 712 3474 3475
f 3009 220 1232 3477
f 3007 711 2531 3478
f 1497 392 3023 3479
f 1672 475 3481 3480
f 2536 712 3476 3482
f 2540 713 3485 3484
f 1679 478 3487 3486
f 1680 479 3483 3488
f 3012 227 1243 3490
f 2814 820 3281 3491
f 3493 844 3016 3492
f 2544 715 3011 3494
f 3428 177 3497 3496
f 3497 177 1161 3498
f 3285 110 2425 3499
f 1475 377 2552 3500
f 2596 738 3503 3502
f 3506 728 3505 3504
f 2572 726 2564 3507
f 3512 736 3511 3510
f 2590 733 3514 3513
f 2586 730 2908 3515
f 3512 247 3518 3517
f 3520 739 3518 3519
f 3506 738 2595 3521
f 3525 740 2599 3523
f 3527 836 2913 3526
f 2614 747 3529 3528
f 3530 747 2613 3533
f 2609 744 3536 3535
f 3527 742 3539 3538
f 2605 741 3542 3541
f 2600 740 3544 3543
f 3547 838 3546 3545
f 1285 252 3549 3548
f 2625 749 2617 3551
f 3555 273 2616 3553
f 2622 750 3557 3556
f 1450 255 3558 3559
f 2228 256 1289 3560
f 3554 748 2618 3562
f 2636 751 2632 3563
f 3532 867 3565 3564
f 3534 746 3568 3567
f 2612 745 3570 3569
f 2655 271 2652 3571
f 3575 323 2651 3573
f 3433 825 2838 3576
f 3579 267 3577 3578
f 2658 758 3552 3580
f 3555 251 3583 3582
f 3586 384 3583 3585
f 3588 842 2980 3587
f 1364 308 3590 3589
f 3594 868 3592 3591
f 3596 321 2246 3595
f 3598 763 2665 3597
f 3466 382 1482 3599
f 2514 709 3601 3600
f 3431 490 1701 3603
f 1443 282 1325 3605
f 3609 839 3608 3607
f 2694 327 1393 3610
f 3613 326 1392 3612
f 1337 289 1388 3614
f 3575 263 2931 3616
f 3525 866 3619 3618
f 2684 329 3570 3620
f 3609 283 1326 3622
f 3625 287 1333 3623
f 3613 286 3627 3626
f 3140 779 2714 3628
f 3144 781 2716 3629
f 3633 788 3632 3631
f 2730 786 2723 3634
f 3638 783 2724 3639
f 2731 788 3633 3640
f 3641 782 2718 3642
f 3645 870 3644 3643
f 3648 870 3645 3646
f 3650 871 3647 3649
f 3658 858 3132 3657
f 3656 856 3660 3659
f 3663 419 3652 3661
f 3665 301 2735 3664
f 3668 420 1540 3666
f 1709 301 3665 3669
f 2742 793 2755 3670
f 1354 303 3673 3672
f 3679 814 3677 3676
f 2794 806 2765 3680
f 2754 797 2777 3681
f 3671 798 3682 3683
f 2747 795 2781 3684
f 3658 809 2774 3685
f 2795 814 3679 3686
f 3690 420 3668 3692
f 2097 93 3695 3694
f 2101 588 3697 3696
f 3269 337 2848 3698
f 3701 418 3700 3699
f 1323 280 1698 3703
f 3594 308 1366 3704
f 1321 278 3501 3707
f 3708 720 2551 3709
f 2424 109 1148 3711
f 2918 291 3617 3712
f 2841 756 2648 3713
f 3714 364 3624 3715
f 1549 425 3171 3716
f 1912 438 2044 3717
f 3365 651 3362 3719
f 1917 430 3182 3720
f 2860 659 2326 3721
f 3722 658 2330 3723
f 1417 341 2018 3724
f 2873 612 2183 3725
f 2899 347 1426 3730
f 2906 248 2573 3732
f 3516 835 3734 3733
f 3621 350 3536 3737
f 1712 493 1725 3738
f 3740 491 3627 3739
f 2920 205 2418 3741
f 3619 866 3524 3742
f 3584 383 3602 3743
f 3744 869 3604 3745
f 3746 489 1700 3747
f 3750 766 2677 3749
f 1178 189 1639 3751
f 1157 173 3753 3752
f 3426 174 3754 3755
f 1642 463 2955 3756
f 1297 261 2837 3758
f 1734 319 1731 3761
f 2675 766 3750 3762
f 3550 363 3546 3763
f 3765 364 2647 3764
f 3765 365 2835 3766
f 2940 353 3608 3767
f 1444 359 1447 3768
f 3770 693 2443 3769
f 1454 313 2450 3771
f 2946 236 1258 3772
f 1455 368 2471 3773
f 3774 699 2476 3775
f 3757 192 1186 3776
f 3759 264 1303 3777
f 3779 685 2420 3778
f 2951 370 2422 3780
f 2977 718 3440 3782
f 2975 718 2553 3783
f 2969 457 1616 3784
f 3705 310 3786 3785
f 3789 380 3710 3788
f 2983 761 2663 3790
f 2981 842 3588 3791
f 1225 215 1469 3792
f 3787 250 1281 3793
f 3596 868 3706 3795
f 3290 103 1049 3796
f 3390 101 3799 3798
f 3799 101 1046 3800
f 3458 504 2530 3801
f 2990 429 1924 3803
f 1488 197 1192 3804
f 1490 203 1203 3805
f 3000 708 2509 3806
f 3808 861 3455 3807
f 3808 468 2103 3809
f 3811 17 926 3810
f 2076 582 2063 3812
f 1742 86 1028 3813
f 2998 843 3265 3814
f 3279 820 2813 3815
f 3816 818 2809 3817
f 3209 390 3025 3818
f 1751 231 1682 3819
f 1753 216 1668 3820
f 1750 226 1245 3822
f 3823 228 2542 3824
f 3021 844 3493 3826
f 3821 219 1231 3827
f 3020 392 1496 3828
f 3210 559 1974 3829
f 1500 394 1983 3831
f 2129 562 1992 3832
f 3048 848 3042 3833
f 3836 47 3214 3834
f 3293 108 1757 3837
f 3065 595 2133 3838
f 3082 105 1055 3839
f 1569 48 3215 3840
f 3841 47 3836 3842
f 3242 437 3120 3843
f 3102 523 1819 3844
f 3105 539 3162 3846
f 1829 522 1867 3847
f 1544 423 1546 3848
f 3094 70 1000 3849
f 3850 68 995 3851
f 3853 57 2020 3852
f 3853 575 3159 3854
f 3248 334 2035 3855
f 3856 65 993 3857
f 2094 586 3266 3858
f 1539 419 3663 3859
f 3128 297 1348 3860
f 3141 774 2710 3861
f 3145 776 2715 3862
f 3867 901 1827 3865
f 3870 892 1794 3868
f 3873 889 1832 3871
f 3876 878 1769 3874
f 3879 875 1817 3877
f 3882 902 1822 3880
f 3885 880 1774 3883
f 904 2 905 903
f 905 3 906 903
f 908 6 909 907
f 909 7 910 907
f 912 9 913 911
f 913 10 914 911
f 917 13 918 915
f 920 15 921 919
f 921 16 922 919
f 924 18 925 923
f 925 19 926 923
f 928 21 929 927
f 929 22 930 927
f 932 24 933 931
f 933 25 934 931
f 936 27 937 935
f 937 23 938 935
f 940 29 941 939
f 941 30 942 939
f 944 34 945 943
f 945 35 946 943
f 948 37 949 947
f 949 38 950 947
f 952 39 953 951
f 953 34 944 951
f 955 41 956 954
f 956 33 957 954
f 959 22 960 958
f 960 43 961 958
f 963 45 964 962
f 964 46 965 962
f 967 50 968 966
f 968 51 969 966
f 971 52 972 970
f 972 53 973 970
f 975 55 976 974
f 976 56 977 974
f 979 57 980 978
f 980 58 981 978
f 983 60 984 982
f 984 61 985 982
f 987 63 988 986
f 988 64 989 986
f 991 7 992 990
f 992 66 993 990
f 995 68 996 994
f 996 69 997 994
f 999 69 996 998
f 996 68 1000 998
f 1002 72 1003 1001
f 1003 73 1004 1001
f 1006 75 1007 1005
f 1007 76 1008 1005
f 1010 78 1011 1009
f 1011 79 1012 1009
f 1014 81 1015 1013
f 1015 82 1016 1013
f 1018 84 1019 1017
f 1019 85 1020 1017
f 1022 87 1023 1021
f 1023 88 1024 1021
f 1026 38 1027 1025
f 1027 89 1028 1025
f 1030 91 1031 1029
f 1031 92 1032 1029
f 1034 90 1032 1033
f 1032 92 1035 1033
f 1037 94 1038 1036
f 1038 95 1039 1036
f 1041 97 1042 1040
f 1042 98 1043 1040
f 1045 100 1046 1044
f 1046 101 1047 1044
f 1049 103 1050 1048
f 1050 104 1051 1048
f 1053 106 1054 1052
f 1054 107 1055 1052
f 1057 109 1058 1056
f 1058 110 1059 1056
f 1061 112 1062 1060
f 1062 107 1063 1060
f 1066 109 1067 1064
f 1069 115 1070 1068
f 1070 116 1071 1068
f 1073 118 1074 1072
f 1074 119 1075 1072
f 1077 120 1078 1076
f 1078 121 1079 1076
f 1081 122 1082 1080
f 1082 123 1083 1080
f 1085 124 1086 1084
f 1086 125 1087 1084
f 1089 127 1090 1088
f 1090 128 1091 1088
f 1093 130 1094 1092
f 1094 131 1095 1092
f 1097 133 1098 1096
f 1098 134 1099 1096
f 1101 136 1102 1100
f 1102 137 1103 1100
f 1105 139 1106 1104
f 1106 140 1107 1104
f 1109 142 1110 1108
f 1110 138 1111 1108
f 1113 144 1114 1112
f 1114 145 1115 1112
f 1117 147 1118 1116
f 1118 148 1119 1116
f 1118 147 1121 1120
f 1121 149 1122 1120
f 1124 151 1125 1123
f 1125 152 1126 1123
f 1128 154 1129 1127
f 1129 8 1130 1127
f 1132 156 1133 1131
f 1133 157 1134 1131
f 1136 56 1137 1135
f 1137 160 1138 1135
f 1140 162 1141 1139
f 1141 163 1142 1139
f 1146 167 1147 1144
f 1150 170 1151 1149
f 1151 171 1152 1149
f 1151 170 1154 1153
f 1154 172 1155 1153
f 1157 174 1158 1156
f 1158 175 1159 1156
f 1161 177 1162 1160
f 1162 178 1163 1160
f 1165 180 1166 1164
f 1166 181 1167 1164
f 1169 183 1170 1168
f 1170 184 1171 1168
f 1173 186 1174 1172
f 1174 187 1175 1172
f 1177 189 1178 1176
f 1178 190 1179 1176
f 1181 186 1173 1180
f 1173 185 1182 1180
f 1184 185 1185 1183
f 1185 193 1186 1183
f 1188 195 1189 1187
f 1189 196 1190 1187
f 1189 195 1192 1191
f 1192 197 1193 1191
f 1195 194 1196 1194
f 1196 199 1197 1194
f 1199 201 1200 1198
f 1200 202 1201 1198
f 1203 203 1204 1202
f 1204 201 1199 1202
f 1154 170 1150 1205
f 1150 169 1206 1205
f 1208 205 1209 1207
f 1209 206 1210 1207
f 1212 208 1213 1211
f 1213 209 1214 1211
f 1216 211 1217 1215
f 1217 212 1218 1215
f 1220 196 1193 1219
f 1193 197 1221 1219
f 1223 214 1224 1222
f 1224 215 1225 1222
f 1227 216 1228 1226
f 1228 217 1229 1226
f 1231 219 1232 1230
f 1232 220 1233 1230
f 1235 222 1236 1234
f 1236 223 1237 1234
f 1239 225 1240 1238
f 1240 176 1241 1238
f 1243 227 1244 1242
f 1244 228 1245 1242
f 1247 230 1248 1246
f 1248 231 1249 1246
f 1240 225 1251 1250
f 1251 232 1252 1250
f 1254 234 1255 1253
f 1255 230 1256 1253
f 1258 236 1259 1257
f 1259 237 1260 1257
f 1262 237 1259 1261
f 1259 236 1263 1261
f 1265 239 1266 1264
f 1266 240 1267 1264
f 1269 242 1270 1268
f 1270 243 1271 1268
f 1273 245 1274 1272
f 1274 246 1275 1272
f 1277 247 1278 1276
f 1278 248 1279 1276
f 1281 250 1282 1280
f 1282 251 1283 1280
f 1285 253 1286 1284
f 1286 254 1287 1284
f 1289 256 1290 1288
f 1290 257 1291 1288
f 1293 259 1294 1292
f 1294 260 1295 1292
f 1297 262 1298 1296
f 1298 263 1299 1296
f 1301 265 1302 1300
f 1302 266 1303 1300
f 1305 268 1306 1304
f 1306 269 1307 1304
f 1309 271 1310 1308
f 1310 272 1311 1308
f 1313 274 1314 1312
f 1314 275 1315 1312
f 1317 276 1318 1316
f 1318 277 1319 1316
f 1321 279 1322 1320
f 1322 280 1323 1320
f 1325 282 1326 1324
f 1326 283 1327 1324
f 1329 285 1330 1328
f 1330 286 1331 1328
f 1329 284 1333 1332
f 1333 287 1334 1332
f 1336 289 1337 1335
f 1337 290 1338 1335
f 1340 292 1341 1339
f 1341 290 1342 1339
f 1344 294 1345 1343
f 1345 295 1346 1343
f 1348 297 1349 1347
f 1349 298 1350 1347
f 1353 303 1354 1352
f 1354 304 1355 1352
f 1357 306 1358 1356
f 1358 278 1359 1356
f 1361 306 1357 1360
f 1357 305 1362 1360
f 1364 309 1365 1363
f 1365 310 1366 1363
f 1368 173 1369 1367
f 1369 312 1370 1367
f 1372 311 1370 1371
f 1370 312 1373 1371
f 1375 315 1376 1374
f 1376 316 1377 1374
f 1379 317 1380 1378
f 1380 318 1381 1378
f 1384 130 1385 1383
f 1385 322 1386 1383
f 1388 289 1389 1387
f 1389 324 1390 1387
f 1392 326 1393 1391
f 1393 327 1394 1391
f 1344 293 1396 1395
f 1396 187 1397 1395
f 1399 329 1400 1398
f 1400 330 1401 1398
f 1403 331 1404 1402
f 1404 332 1405 1402
f 1407 334 1408 1406
f 1408 335 1409 1406
f 1411 337 1412 1410
f 1412 338 1413 1410
f 1415 340 1416 1414
f 1416 341 1417 1414
f 1421 345 1422 1420
f 1422 131 1423 1420
f 1425 346 1426 1424
f 1426 347 1427 1424
f 1431 116 1070 1430
f 1070 115 1432 1430
f 1434 354 1435 1433
f 1435 355 1436 1433
f 1438 357 1439 1437
f 1439 326 1440 1437
f 1442 282 1443 1441
f 1443 359 1444 1441
f 1446 360 1447 1445
f 1447 359 1448 1445
f 1450 361 1451 1449
f 1451 362 1452 1449
f 1454 368 1455 1453
f 1455 238 1456 1453
f 1458 193 1459 1457
f 1459 369 1460 1457
f 1462 372 1463 1461
f 1463 172 1464 1461
f 1466 171 1155 1465
f 1155 172 1467 1465
f 1469 215 1470 1468
f 1470 375 1471 1468
f 1473 376 1474 1472
f 1474 377 1475 1472
f 1477 266 1302 1476
f 1302 265 1478 1476
f 1480 383 1481 1479
f 1481 384 1482 1479
f 1484 386 1485 1483
f 1485 387 1486 1483
f 1488 318 1489 1487
f 1489 203 1490 1487
f 1492 389 1493 1491
f 1493 390 1494 1491
f 1496 392 1497 1495
f 1497 393 1498 1495
f 1500 395 1501 1499
f 1501 396 1502 1499
f 1504 398 1505 1503
f 1505 399 1506 1503
f 1508 401 1509 1507
f 1509 402 1510 1507
f 1513 407 1514 1512
f 1514 408 1515 1512
f 1519 155 1520 1518
f 1520 412 1521 1518
f 1523 413 1524 1522
f 1524 6 908 1522
f 1526 414 1527 1525
f 1527 55 1528 1525
f 1530 417 1531 1529
f 1531 415 1532 1529
f 1534 415 1531 1533
f 1531 417 1535 1533
f 1538 419 1539 1536
f 1542 422 1543 1541
f 1543 423 1544 1541
f 1524 413 1546 1545
f 1546 423 1547 1545
f 1549 3 905 1548
f 905 2 1550 1548
f 1552 427 1553 1551
f 1553 411 1554 1551
f 1556 428 1557 1555
f 1557 14 922 1555
f 1559 19 925 1558
f 925 18 1560 1558
f 1562 394 1502 1561
f 1502 396 1563 1561
f 1565 431 1566 1564
f 1566 36 1567 1564
f 1569 432 1570 1568
f 1570 433 1571 1568
f 1573 434 1574 1572
f 1574 28 1575 1572
f 1577 436 1578 1576
f 1578 437 1579 1576
f 1581 439 1582 1580
f 1582 440 1583 1580
f 1585 15 920 1584
f 920 14 1586 1584
f 1588 443 1589 1587
f 1589 77 1590 1587
f 1592 112 1061 1591
f 1061 111 1593 1591
f 1595 446 1596 1594
f 1596 447 1597 1594
f 1599 116 1431 1598
f 1431 349 1600 1598
f 1602 449 1603 1601
f 1603 450 1604 1601
f 1606 452 1607 1605
f 1607 453 1608 1605
f 1423 131 1094 1609
f 1094 130 1610 1609
f 1612 455 1613 1611
f 1613 448 1614 1611
f 1616 457 1617 1615
f 1617 458 1618 1615
f 1620 54 977 1619
f 977 56 1621 1619
f 1623 398 1504 1622
f 1504 397 1624 1622
f 1626 401 1508 1625
f 1508 400 1627 1625
f 1629 460 1630 1628
f 1630 462 1631 1628
f 1633 180 1165 1632
f 1165 179 1634 1632
f 1346 295 1636 1635
f 1636 193 1637 1635
f 1639 189 1177 1638
f 1177 188 1640 1638
f 1642 209 1213 1641
f 1213 208 1643 1641
f 1645 465 1646 1644
f 1646 466 1647 1644
f 1649 468 1650 1648
f 1650 469 1651 1648
f 1653 470 1654 1652
f 1654 471 1655 1652
f 1657 184 1658 1656
f 1658 240 1659 1656
f 1661 374 1471 1660
f 1471 375 1662 1660
f 1664 472 1665 1663
f 1665 474 1666 1663
f 1668 216 1227 1667
f 1227 212 1669 1667
f 1671 475 1672 1670
f 1672 476 1673 1670
f 1260 237 1675 1674
f 1675 477 1676 1674
f 1678 478 1679 1677
f 1679 479 1680 1677
f 1682 231 1248 1681
f 1248 230 1683 1681
f 1685 481 1686 1684
f 1686 482 1687 1684
f 1689 246 1274 1688
f 1274 245 1690 1688
f 1692 484 1693 1691
f 1693 485 1694 1691
f 1696 486 1697 1695
f 1697 487 1698 1695
f 1700 489 1701 1699
f 1701 490 1702 1699
f 1704 356 1440 1703
f 1440 326 1705 1703
f 1707 296 1350 1706
f 1350 298 1708 1706
f 1710 493 1712 1711
f 1712 495 1713 1711
f 1715 96 1716 1714
f 1716 497 1717 1714
f 1719 498 1720 1718
f 1720 349 1432 1718
f 1724 501 1725 1722
f 1727 356 1704 1726
f 1704 491 1728 1726
f 1730 171 1466 1729
f 1466 373 1731 1729
f 1685 480 1733 1732
f 1733 319 1734 1732
f 1736 502 1737 1735
f 1737 192 1738 1735
f 1195 198 1740 1739
f 1740 195 1188 1739
f 1742 90 1034 1741
f 1034 31 1743 1741
f 1745 506 1746 1744
f 1746 507 1747 1744
f 1749 226 1750 1748
f 1750 231 1751 1748
f 1671 217 1228 1752
f 1228 216 1753 1752
f 1755 508 1756 1754
f 1756 509 1757 1754
f 1629 461 1759 1758
f 1759 510 1760 1758
f 1762 2 904 1761
f 904 1 1763 1761
f 1715 496 1765 1764
f 1765 512 1766 1764
f 1768 876 1769 1767
f 1769 878 1770 1767
f 1770 514 1771 1767
f 1773 874 1774 1772
f 1774 880 1775 1772
f 1775 515 1776 1772
f 1778 884 1779 1777
f 1779 3 1780 1777
f 1780 516 1781 1777
f 1783 516 1784 1782
f 1784 517 1785 1782
f 1785 885 1786 1782
f 1788 336 1789 1787
f 1789 887 1790 1787
f 1790 886 1791 1787
f 1793 890 1794 1792
f 1794 892 1795 1792
f 1795 519 1796 1792
f 1798 894 1799 1797
f 1799 896 1800 1797
f 1800 520 1801 1797
f 1803 895 1804 1802
f 1804 898 1805 1802
f 1805 338 1806 1802
f 1812 1 906 1811
f 906 3 1813 1811
f 1813 883 1814 1811
f 1816 521 1817 1815
f 1817 875 1818 1815
f 1818 513 1819 1815
f 1821 879 1822 1820
f 1822 902 1823 1820
f 1823 523 1824 1820
f 1826 891 1827 1825
f 1827 901 1828 1825
f 1828 522 1829 1825
f 1831 877 1832 1830
f 1832 889 1833 1830
f 1833 518 1834 1830
f 1836 899 1837 1835
f 1837 893 1838 1835
f 1838 95 1038 1835
f 1840 888 1841 1839
f 1841 336 1413 1839
f 1413 338 1842 1839
f 1845 424 1846 1844
f 1848 526 1849 1847
f 1849 427 1850 1847
f 1850 527 1851 1847
f 1853 422 1854 1852
f 1854 526 1848 1852
f 1848 525 1855 1852
f 1857 423 1543 1856
f 1543 422 1853 1856
f 1853 528 1858 1856
f 909 6 1547 1859
f 1547 423 1860 1859
f 1860 66 992 1859
f 1862 160 1863 1861
f 1863 527 1864 1861
f 1864 424 1845 1861
f 1866 531 1867 1865
f 1867 522 1868 1865
f 1873 535 1874 1872
f 1874 156 1132 1872
f 1132 155 1875 1872
f 1877 536 1878 1876
f 1878 537 1879 1876
f 1879 531 1866 1876
f 1881 157 1133 1880
f 1133 156 1882 1880
f 1882 530 1869 1880
f 1554 411 1521 1883
f 1521 412 1884 1883
f 1849 526 1886 1885
f 1886 538 1887 1885
f 1887 411 1553 1885
f 1889 537 1878 1888
f 1878 536 1890 1888
f 1890 540 1891 1888
f 912 8 1893 1892
f 1893 541 1894 1892
f 1900 428 1901 1899
f 1901 544 1902 1899
f 1902 545 1903 1899
f 1905 83 1906 1904
f 1906 428 1900 1904
f 1900 543 1907 1904
f 1909 429 1560 1908
f 1560 18 1910 1908
f 1910 75 1006 1908
f 1912 153 1130 1911
f 1130 8 1913 1911
f 1913 546 1914 1911
f 913 9 1897 1915
f 1897 542 1916 1915
f 1916 430 1917 1915
f 1128 153 1920 1918
f 1920 548 1921 1918
f 1923 16 1924 1922
f 1924 429 1925 1922
f 1931 50 1932 1930
f 1932 158 1933 1930
f 1933 23 937 1930
f 932 23 1935 1934
f 1935 551 1936 1934
f 1936 552 1937 1934
f 1939 163 1940 1938
f 1940 52 1941 1938
f 1941 27 936 1938
f 933 24 1943 1942
f 1943 28 1574 1942
f 1574 434 1944 1942
f 1946 60 1947 1945
f 1947 29 1948 1945
f 1948 44 1563 1945
f 1950 554 1951 1949
f 1951 555 1952 1949
f 1952 556 1953 1949
f 1955 554 1950 1954
f 1950 553 1956 1954
f 1956 32 1957 1954
f 1959 31 1960 1958
f 1960 40 1961 1958
f 1961 88 1023 1958
f 1963 88 1961 1962
f 1961 40 957 1962
f 957 33 946 1962
f 1965 553 1953 1964
f 1953 556 1966 1964
f 1966 41 955 1964
f 1968 88 1963 1967
f 1963 35 1567 1967
f 956 41 1970 1969
f 1970 557 1971 1969
f 1971 39 952 1969
f 1973 558 1974 1972
f 1974 559 1975 1972
f 1975 41 1966 1972
f 1977 46 964 1976
f 964 45 1978 1976
f 1978 20 930 1976
f 1948 29 1980 1979
f 1980 552 1981 1979
f 1981 45 963 1979
f 1983 394 1562 1982
f 1562 44 965 1982
f 965 46 1984 1982
f 1986 159 1987 1985
f 1987 561 1988 1985
f 1988 53 1989 1985
f 1991 50 967 1990
f 967 49 1992 1990
f 1992 562 1993 1990
f 1995 564 1996 1994
f 1996 408 1997 1994
f 1997 565 1998 1994
f 1989 53 972 1999
f 972 52 1940 1999
f 1940 163 1141 1999
f 983 59 2001 2000
f 2001 30 941 2000
f 941 29 1947 2000
f 2003 37 2004 2002
f 2004 77 2005 2002
f 2007 62 989 2006
f 989 64 2008 2006
f 2008 568 2009 2006
f 2011 570 2012 2010
f 2012 64 988 2010
f 988 63 2013 2010
f 2015 571 2016 2014
f 2017 572 2018 2014
f 2020 57 979 2019
f 979 30 2001 2019
f 2001 59 2021 2019
f 2023 573 2021 2022
f 2021 59 985 2022
f 985 61 2024 2022
f 1858 528 2026 2025
f 2026 575 2027 2025
f 2027 576 2028 2025
f 1577 435 2030 2029
f 2030 529 2028 2029
f 2028 576 2031 2029
f 2033 577 2034 2032
f 2034 65 2035 2032
f 2035 334 1407 2032
f 2037 543 1903 2036
f 1903 545 2038 2036
f 2038 511 2039 2036
f 1003 72 2041 2040
f 2041 574 2024 2040
f 2024 61 2042 2040
f 2044 438 1583 2043
f 1583 440 2045 2043
f 2045 580 2046 2043
f 2048 79 2049 2047
f 2049 100 1045 2047
f 1045 99 2050 2047
f 2052 579 2046 2051
f 2046 580 2053 2051
f 2053 568 2008 2051
f 2055 339 2056 2054
f 2056 581 2057 2054
f 2057 570 2011 2054
f 2059 76 1007 2058
f 1007 75 1910 2058
f 1910 18 2060 2058
f 2062 441 2060 2061
f 2060 18 924 2061
f 924 17 2063 2061
f 2062 582 2065 2064
f 2065 79 2066 2064
f 2068 78 1010 2067
f 1010 77 1589 2067
f 1589 443 2069 2067
f 2071 505 1747 2070
f 1747 507 2072 2070
f 2072 582 2073 2070
f 1014 80 2075 2074
f 2075 583 2073 2074
f 2073 582 2076 2074
f 1016 82 1586 2077
f 1586 14 2078 2077
f 2078 85 2079 2077
f 1020 85 2078 2080
f 2078 14 1557 2080
f 1557 428 1906 2080
f 2042 61 2082 2081
f 2082 584 2083 2081
f 2079 85 1019 2084
f 1019 84 2085 2084
f 2085 583 2075 2084
f 2087 92 1031 2086
f 1031 91 2088 2086
f 2088 507 1746 2086
f 2090 585 2091 2089
f 2091 89 1027 2089
f 1027 38 2092 2089
f 2094 584 2082 2093
f 2082 61 1957 2093
f 1957 32 2095 2093
f 1037 93 2097 2096
f 2097 587 2098 2096
f 2100 588 2101 2099
f 2101 93 1039 2099
f 1039 95 1801 2099
f 2103 468 1649 2102
f 1649 467 2104 2102
f 2104 442 2105 2102
f 2107 314 1377 2106
f 1377 316 2108 2106
f 2108 431 1565 2106
f 2110 589 2111 2109
f 2111 314 2107 2109
f 2107 35 945 2109
f 2113 202 2114 2112
f 2114 589 2110 2112
f 2110 34 953 2112
f 2116 590 2117 2115
f 2117 202 2113 2115
f 2113 39 2118 2115
f 2120 388 1494 2119
f 1494 390 2121 2119
f 2121 43 2122 2119
f 2124 591 2122 2123
f 2122 43 960 2123
f 960 22 929 2123
f 1590 77 2004 2125
f 2004 37 2105 2125
f 2127 593 2128 2126
f 2128 562 2129 2126
f 2129 405 2130 2126
f 2132 410 2133 2131
f 2133 595 2134 2131
f 2134 596 2135 2131
f 1053 105 2137 2136
f 2137 597 2138 2136
f 2140 444 1593 2139
f 1593 111 2141 2139
f 2141 234 1254 2139
f 2143 398 1623 2142
f 1623 234 2141 2142
f 2141 111 2144 2142
f 2146 598 2144 2145
f 2144 111 2147 2145
f 2147 600 2148 2145
f 2150 601 2151 2149
f 2151 594 2135 2149
f 2068 103 2153 2152
f 2153 79 1011 2152
f 2155 602 2156 2154
f 2156 603 2157 2154
f 2157 597 2137 2154
f 2159 498 1719 2158
f 1719 115 1069 2158
f 1069 114 2160 2158
f 2162 605 2163 2161
f 2163 349 1720 2161
f 1720 498 2159 2161
f 2166 605 2162 2165
f 2162 604 2167 2165
f 2167 607 2168 2165
f 2170 607 2171 2169
f 2171 445 2172 2169
f 2172 609 2173 2169
f 2175 606 2168 2174
f 2168 607 2170 2174
f 2170 608 2176 2174
f 2178 610 2179 2177
f 2179 348 2176 2177
f 2176 608 2173 2177
f 2181 499 1721 2180
f 1428 348 2179 2180
f 2183 612 2184 2182
f 2184 610 2185 2182
f 2185 613 2186 2182
f 2188 615 2189 2187
f 2189 164 2190 2187
f 2190 616 2191 2187
f 2193 614 2191 2192
f 2191 616 2194 2192
f 2194 618 2195 2192
f 2197 114 2198 2196
f 2198 164 2199 2196
f 2201 618 2202 2200
f 2202 114 2203 2200
f 2203 620 2204 2200
f 2207 119 2208 2206
f 2208 621 2209 2206
f 2209 342 2210 2206
f 2212 617 2213 2211
f 2213 622 2214 2211
f 2214 449 1602 2211
f 2216 623 2217 2215
f 2217 454 1614 2215
f 1614 448 1604 2215
f 2219 117 1075 2218
f 1075 119 2207 2218
f 2207 451 1608 2218
f 2222 119 1074 2220
f 1074 118 1079 2220
f 1082 122 1087 2224
f 1087 125 2225 2224
f 2225 625 2226 2224
f 2228 625 2225 2227
f 2225 125 2229 2227
f 2229 626 2230 2227
f 2232 628 2233 2231
f 2233 629 2234 2231
f 2234 630 2235 2231
f 1290 256 2230 2236
f 2230 626 2237 2236
f 2237 344 2238 2236
f 2240 631 2241 2239
f 2241 632 2242 2239
f 2242 127 1089 2239
f 1386 322 2244 2243
f 2244 633 2245 2243
f 2245 486 2246 2243
f 1697 486 2245 2247
f 2245 633 2248 2247
f 2248 634 2249 2247
f 2251 128 2252 2250
f 2252 136 2253 2250
f 2255 632 2256 2254
f 2256 628 2257 2254
f 2257 133 1097 2254
f 2259 636 2260 2258
f 2260 637 2261 2258
f 2261 128 1090 2258
f 2263 447 2264 2262
f 2264 639 2265 2262
f 2265 640 2266 2262
f 2268 641 2269 2267
f 2269 615 2188 2267
f 2188 614 2270 2267
f 2272 641 2273 2271
f 2273 642 2274 2271
f 2274 637 2275 2271
f 2217 623 2277 2276
f 2277 643 2278 2276
f 2278 135 2279 2276
f 2281 454 2279 2280
f 2279 135 1103 2280
f 1103 137 2282 2280
f 2284 645 2285 2283
f 2285 634 2286 2283
f 2286 142 2287 2283
f 2249 634 2285 2288
f 2285 645 2289 2288
f 2289 305 2290 2288
f 2292 646 2293 2291
f 2293 307 1362 2291
f 1362 305 2289 2291
f 2295 647 2296 2294
f 2296 648 2297 2294
f 2297 141 2298 2294
f 2298 141 2300 2299
f 2300 136 1101 2299
f 1101 135 2278 2299
f 2302 649 2303 2301
f 2303 650 2304 2301
f 2304 623 2216 2301
f 2306 651 2307 2305
f 2307 649 2302 2305
f 2309 653 2310 2308
f 2310 149 1121 2308
f 1121 147 2311 2308
f 2013 63 2313 2312
f 2313 654 2314 2312
f 2314 655 2315 2312
f 2317 619 2318 2316
f 2318 656 2319 2316
f 2319 143 2320 2316
f 2322 657 2323 2321
f 2323 656 2318 2321
f 2318 619 2204 2321
f 2325 658 2326 2324
f 2326 659 2327 2324
f 2327 656 2323 2324
f 2329 340 2330 2328
f 2330 658 2325 2328
f 2325 657 2331 2328
f 2055 569 2315 2332
f 2315 655 2333 2332
f 2333 661 2334 2332
f 2303 649 2336 2335
f 2336 149 2337 2335
f 2337 662 2338 2335
f 987 62 2340 2339
f 2340 663 2341 2339
f 2341 654 2313 2339
f 2343 665 2344 2342
f 2344 663 2345 2342
f 2345 666 2346 2342
f 2348 662 2349 2347
f 2349 665 2343 2347
f 2343 664 2350 2347
f 1617 457 2352 2351
f 2352 378 2353 2351
f 2353 668 2354 2351
f 2356 670 2357 2355
f 2357 671 2358 2355
f 2358 672 2359 2355
f 2361 673 2362 2360
f 2362 674 2363 2360
f 2363 671 2357 2360
f 2365 675 2366 2364
f 2366 673 2361 2364
f 2361 670 2356 2364
f 2368 379 2369 2367
f 2369 677 2370 2367
f 2358 671 2372 2371
f 2372 678 2373 2371
f 2373 677 2374 2371
f 2376 678 2377 2375
f 2377 680 2378 2375
f 2378 385 2379 2375
f 2381 681 2382 2380
f 2382 467 2383 2380
f 2383 385 2378 2380
f 2385 104 2386 2384
f 2386 681 2381 2384
f 2381 680 2387 2384
f 2389 102 1051 2388
f 1051 104 2385 2388
f 2385 674 2362 2388
f 2391 682 2392 2390
f 2392 102 2389 2390
f 2389 673 2366 2390
f 2394 503 2395 2393
f 2395 683 2396 2393
f 2396 664 2346 2393
f 2398 456 1618 2397
f 1618 458 2399 2397
f 2399 644 2400 2397
f 2402 667 2403 2401
f 2403 459 2404 2401
f 2404 648 2296 2401
f 2406 684 2407 2405
f 2407 7 991 2405
f 991 65 2034 2405
f 1939 26 2410 2409
f 2410 25 1944 2409
f 1944 434 2411 2409
f 1140 161 1621 2412
f 1621 56 1136 2412
f 1136 159 1986 2412
f 1862 48 2414 2413
f 2414 159 1138 2413
f 1208 204 2416 2415
f 2416 367 2417 2415
f 2420 685 2421 2419
f 1058 109 2424 2423
f 2424 319 1733 2423
f 1733 480 2425 2423
f 2427 687 2428 2426
f 2428 372 2429 2426
f 2429 371 2430 2426
f 2432 689 2433 2431
f 2433 686 2430 2431
f 2430 371 2434 2431
f 2436 691 2437 2435
f 2437 471 2438 2435
f 2438 689 2439 2435
f 2441 690 2442 2440
f 2442 367 2443 2440
f 2443 693 2444 2440
f 2446 691 2436 2445
f 2436 690 2441 2445
f 2441 692 2447 2445
f 2449 692 2444 2448
f 2444 693 2450 2448
f 2450 313 1373 2448
f 2452 510 1759 2451
f 1759 461 2453 2451
f 2453 178 1162 2451
f 1630 460 1627 2454
f 1627 400 2455 2454
f 2455 694 2456 2454
f 1185 185 1175 2457
f 1175 187 1396 2457
f 1396 293 1637 2457
f 1435 354 1640 2458
f 1640 188 2459 2458
f 2459 695 2460 2458
f 2462 697 2463 2461
f 2463 695 2459 2461
f 2459 188 2464 2461
f 2466 368 2467 2465
f 2467 698 2468 2465
f 2468 697 2462 2465
f 2470 699 2471 2469
f 2471 368 2466 2469
f 2466 696 2472 2469
f 2464 188 2474 2473
f 2474 186 1181 2473
f 1181 191 2472 2473
f 1184 192 2476 2475
f 2476 699 2470 2475
f 2470 191 1182 2475
f 2478 463 1643 2477
f 1643 208 2479 2477
f 2479 700 2480 2477
f 2482 702 2483 2481
f 2483 379 2368 2481
f 2368 676 2484 2481
f 2383 467 1651 2485
f 1651 469 2486 2485
f 2486 386 1484 2485
f 2488 199 2489 2487
f 2489 466 2490 2487
f 2490 703 2491 2487
f 2493 464 1647 2492
f 1647 466 2494 2492
f 2496 704 2497 2495
f 2497 464 2498 2495
f 2498 705 2499 2495
f 2501 315 2502 2500
f 2502 707 2503 2500
f 2503 708 2504 2500
f 2506 589 2114 2505
f 2114 202 1200 2505
f 1200 201 2507 2505
f 2503 707 2507 2508
f 2507 201 1204 2508
f 1204 203 2509 2508
f 2511 178 1655 2510
f 1655 471 2437 2510
f 2437 691 2446 2510
f 1265 179 2513 2512
f 2513 709 2514 2512
f 2514 382 2515 2512
f 2517 240 1266 2516
f 1266 239 2518 2516
f 2518 700 2479 2516
f 1460 369 1659 2519
f 1659 240 2517 2519
f 2517 208 1212 2519
f 1470 215 2521 2520
f 2521 381 2522 2520
f 2522 704 2496 2520
f 1665 472 1662 2523
f 1662 375 2499 2523
f 2499 705 2524 2523
f 2526 473 2527 2525
f 2527 710 2528 2525
f 2528 214 1223 2525
f 2530 504 2531 2529
f 2531 711 2532 2529
f 2532 212 1217 2529
f 2534 502 2535 2533
f 2535 712 2536 2533
f 2536 479 2537 2533
f 1262 238 2539 2538
f 2539 713 2540 2538
f 2540 477 1675 2538
f 2542 228 1244 2541
f 1244 227 2543 2541
f 2543 715 2544 2541
f 2546 230 1247 2545
f 1247 229 2547 2545
f 2547 717 2548 2545
f 2550 719 2551 2549
f 2551 720 2552 2549
f 2552 377 2553 2549
f 2555 705 2498 2554
f 2498 464 2493 2554
f 1196 194 2494 2556
f 2494 466 2489 2556
f 2558 722 2559 2557
f 2559 704 2522 2557
f 2522 381 2560 2557
f 2562 724 2563 2561
f 2564 726 2565 2561
f 2567 500 2568 2566
f 2562 723 2569 2566
f 2571 726 2572 2570
f 2572 728 2573 2570
f 2573 248 1278 2570
f 2575 730 2576 2574
f 2580 732 2581 2579
f 2581 731 2578 2579
f 2583 734 2584 2582
f 2584 735 2585 2582
f 2585 730 2586 2582
f 2588 737 2589 2587
f 2589 734 2583 2587
f 2583 733 2590 2587
f 2592 483 1690 2591
f 1690 245 2593 2591
f 2593 123 2226 2591
f 2595 738 2596 2594
f 2596 624 2597 2594
f 2597 123 2593 2594
f 2599 740 2600 2598
f 2600 741 2601 2598
f 2601 737 2602 2598
f 2604 734 2589 2603
f 2589 737 2601 2603
f 2601 741 2605 2603
f 2607 731 2581 2606
f 2581 732 2608 2606
f 2608 744 2609 2606
f 2611 745 2612 2610
f 2612 746 2613 2610
f 2613 747 2614 2610
f 2616 273 1315 2615
f 1315 275 2617 2615
f 2617 749 2618 2615
f 2620 249 1283 2619
f 1283 251 2621 2619
f 2621 750 2622 2619
f 1287 254 1694 2623
f 1694 485 2624 2623
f 2624 749 2625 2623
f 2627 243 1270 2626
f 1270 242 2628 2626
f 2628 483 2592 2626
f 1293 258 1448 2629
f 1403 260 1294 2631
f 1294 259 2632 2631
f 2632 751 2633 2631
f 2635 331 2633 2634
f 2633 751 2636 2634
f 2636 366 2637 2634
f 2639 330 1400 2638
f 1400 329 2640 2638
f 2640 754 2641 2638
f 2643 756 2644 2642
f 2644 330 2639 2642
f 2639 753 2645 2642
f 2647 364 2648 2646
f 2648 756 2643 2646
f 2643 755 2649 2646
f 2651 323 1390 2650
f 1390 324 2652 2650
f 2652 271 1309 2650
f 2654 272 1310 2653
f 1310 271 2655 2653
f 2655 363 2656 2653
f 2658 759 2659 2657
f 2659 760 2660 2657
f 2660 363 2661 2657
f 2663 761 2664 2662
f 2664 762 2665 2662
f 2665 763 2666 2662
f 2668 277 2669 2667
f 2669 765 2670 2667
f 2670 381 2671 2667
f 2673 181 2674 2672
f 2674 766 2675 2672
f 2675 488 1702 2672
f 2677 766 2674 2676
f 2674 181 2678 2676
f 2678 268 1305 2676
f 2460 695 2680 2679
f 2680 206 2681 2679
f 2681 283 2682 2679
f 2640 329 2684 2683
f 2684 351 2685 2683
f 2687 325 2688 2686
f 2688 260 1405 2686
f 1405 332 2689 2686
f 2691 258 1295 2690
f 1295 260 2688 2690
f 2688 325 1394 2690
f 2693 360 1446 2692
f 1446 258 2691 2692
f 2691 327 2694 2692
f 2696 769 2697 2695
f 2697 298 1349 2695
f 1349 297 2698 2695
f 2700 770 2701 2699
f 2701 771 2702 2699
f 2702 769 2696 2699
f 2704 773 2705 2703
f 2705 769 2702 2703
f 2702 771 2706 2703
f 2708 775 2709 2707
f 2709 773 2704 2707
f 2704 772 2710 2707
f 2712 777 2713 2711
f 2713 778 2714 2711
f 2714 779 2715 2711
f 1041 96 1708 2717
f 1708 298 2718 2717
f 2718 782 2719 2717
f 2721 784 2722 2720
f 2722 785 2723 2720
f 2723 786 2724 2720
f 2726 300 2727 2725
f 2727 784 2721 2725
f 2721 783 2728 2725
f 2730 788 2731 2729
f 2731 775 2732 2729
f 2732 778 2733 2729
f 2737 791 2738 2736
f 2738 792 2739 2736
f 2741 793 2742 2740
f 2742 791 2737 2740
f 2737 789 2734 2740
f 2746 795 2747 2745
f 2747 794 2743 2745
f 2750 796 2751 2749
f 2751 795 2746 2749
f 2746 792 2738 2749
f 2753 797 2754 2752
f 2754 798 2755 2752
f 2755 793 2756 2752
f 2758 800 2759 2757
f 2759 801 2760 2757
f 2760 802 2761 2757
f 2763 804 2764 2762
f 2764 805 2765 2762
f 2765 806 2766 2762
f 2768 808 2769 2767
f 2769 804 2763 2767
f 2763 803 2770 2767
f 2773 808 2768 2771
f 2768 807 2774 2771
f 2777 797 2778 2775
f 2780 805 2781 2779
f 2781 795 2751 2779
f 2751 796 2782 2779
f 2769 808 2784 2783
f 2744 794 2785 2783
f 2770 803 2787 2786
f 2787 811 2788 2786
f 2788 812 2789 2786
f 2766 806 2791 2790
f 2791 813 2792 2790
f 2792 811 2787 2790
f 2794 814 2795 2793
f 2795 815 2796 2793
f 2796 813 2791 2793
f 2798 799 2761 2797
f 2761 802 2799 2797
f 2799 817 2800 2797
f 2802 501 1724 2801
f 2804 302 2805 2803
f 2805 790 2806 2803
f 2809 818 2810 2808
f 2810 819 2811 2808
f 2811 388 2120 2808
f 2813 820 2814 2812
f 2814 716 2815 2812
f 2815 819 2810 2812
f 2817 694 2455 2816
f 2455 400 2818 2816
f 2818 821 2819 2816
f 2821 482 2819 2820
f 2819 821 2822 2820
f 2822 601 2823 2820
f 2825 668 2826 2824
f 2826 376 1473 2824
f 1473 306 1361 2824
f 2828 823 2829 2827
f 2829 824 2830 2827
f 2830 386 2486 2827
f 2329 660 2832 2831
f 2832 571 2015 2831
f 2015 341 1416 2831
f 2834 324 1389 2833
f 1389 289 1336 2833
f 1336 288 2835 2833
f 1301 264 2837 2836
f 2837 261 2838 2836
f 2838 825 2839 2836
f 2644 756 2841 2840
f 2841 826 2842 2840
f 2842 328 1401 2840
f 2844 533 1871 2843
f 1871 517 1784 2843
f 1784 516 2845 2843
f 2847 496 1717 2846
f 1717 497 2848 2846
f 2848 337 1411 2846
f 2052 64 2012 2849
f 2012 570 2850 2849
f 2850 548 2851 2849
f 1921 548 2850 2852
f 2850 570 2057 2852
f 2057 581 2853 2852
f 1114 144 2856 2855
f 2856 146 1119 2855
f 1119 148 2857 2855
f 2859 659 2860 2858
f 2860 828 2861 2858
f 2861 146 2856 2858
f 2863 547 2853 2862
f 2853 581 2864 2862
f 2864 572 2865 2862
f 2863 829 2867 2866
f 1893 8 1129 2868
f 1129 154 2854 2868
f 914 10 2870 2869
f 2870 546 1913 2869
f 2872 612 2873 2871
f 2873 830 2874 2871
f 2874 342 1419 2871
f 1607 452 2876 2875
f 2876 611 2877 2875
f 2877 831 2878 2875
f 2880 832 2881 2879
f 2881 124 2882 2879
f 2882 453 2878 2879
f 1086 124 2881 2883
f 2881 832 2884 2883
f 2884 833 2885 2883
f 2229 125 2885 2886
f 2885 833 2887 2886
f 2887 834 2888 2886
f 2890 345 1421 2889
f 1421 344 2237 2889
f 2237 626 2888 2889
f 2892 346 1425 2891
f 1425 129 1095 2891
f 1095 131 1422 2891
f 2253 136 2894 2893
f 2894 140 2895 2893
f 1106 139 2897 2896
f 2897 322 2898 2896
f 2898 347 2899 2896
f 2901 631 2240 2900
f 2240 126 2902 2900
f 2902 346 2892 2900
f 2628 242 1269 2903
f 1269 241 2904 2903
f 2904 246 1689 2903
f 1275 246 2904 2905
f 2904 241 1279 2905
f 1279 248 2906 2905
f 2908 730 2575 2907
f 2575 729 2909 2907
f 2580 730 2585 2910
f 2585 735 2911 2910
f 2913 836 2914 2912
f 2914 744 2608 2912
f 2608 732 2911 2912
f 2916 190 2917 2915
f 2917 292 1340 2915
f 1340 291 2918 2915
f 1209 205 2920 2919
f 2920 281 1327 2919
f 1327 283 2681 2919
f 2678 181 1166 2921
f 1166 180 1633 2921
f 1633 269 1306 2921
f 2923 362 1451 2922
f 1451 361 2924 2922
f 2924 484 1692 2922
f 1330 285 2926 2925
f 2926 290 1341 2925
f 1341 292 2927 2925
f 2929 294 2930 2928
f 2930 837 2931 2928
f 2931 263 1298 2928
f 2656 363 2660 2932
f 2660 760 2933 2932
f 1286 253 2935 2934
f 2935 838 2936 2934
f 2936 362 2923 2934
f 1334 287 2938 2937
f 2938 288 1338 2937
f 1338 290 2926 2937
f 1438 356 1727 2939
f 1727 354 1434 2939
f 1434 353 2940 2939
f 2693 767 2942 2941
f 2942 839 2943 2941
f 2943 358 2944 2941
f 1263 236 2946 2945
f 2946 311 1372 2945
f 1372 313 1456 2945
f 2948 369 1459 2947
f 1459 193 1636 2947
f 1636 295 2949 2947
f 2951 371 1517 2950
f 2953 371 2429 2952
f 2429 372 1462 2952
f 2955 463 2478 2954
f 2478 215 1224 2954
f 1224 214 1738 2954
f 2957 466 1646 2956
f 1646 465 2958 2956
f 2958 722 2959 2956
f 2353 378 2961 2960
f 2961 841 2962 2960
f 2962 376 2826 2960
f 2964 672 2374 2963
f 2374 677 2369 2963
f 2369 379 2965 2963
f 1664 473 2526 2966
f 2526 213 2967 2966
f 2967 374 1661 2966
f 2352 457 2969 2968
f 2969 459 2965 2968
f 2965 379 2970 2968
f 2483 702 2972 2971
f 2972 841 2961 2971
f 2961 378 2970 2971
f 2974 718 2975 2973
f 2975 841 2972 2973
f 2550 718 2977 2976
f 2977 721 2978 2976
f 2980 842 2981 2979
f 2981 309 2982 2979
f 2982 761 2983 2979
f 2839 825 2985 2984
f 2985 183 1169 2984
f 1169 182 1478 2984
f 2987 647 2295 2986
f 2295 643 2277 2986
f 2277 623 2304 2986
f 1585 82 2989 2988
f 2989 19 1559 2988
f 1559 429 2990 2988
f 2992 585 2993 2991
f 2993 582 2072 2991
f 1743 31 1959 2994
f 1959 87 1022 2994
f 2996 73 2997 2995
f 2997 843 2998 2995
f 2998 416 1532 2995
f 2504 708 3000 2999
f 3000 823 2828 2999
f 2828 469 3001 2999
f 2993 585 3003 3002
f 3003 79 2065 3002
f 2088 91 3005 3004
f 3005 89 2091 3004
f 2091 585 2992 3004
f 3007 590 2116 3006
f 2116 393 3008 3006
f 3008 220 3009 3006
f 3011 715 2543 3010
f 2543 227 3012 3010
f 3012 476 3013 3010
f 3015 389 1492 3014
f 1492 388 2811 3014
f 2811 819 3016 3014
f 2118 39 1971 3017
f 1971 557 3018 3017
f 3018 391 1498 3017
f 3020 844 3021 3019
f 3021 222 3022 3019
f 3022 218 3023 3019
f 3018 557 3025 3024
f 3025 390 1493 3024
f 1493 389 3026 3024
f 3028 49 969 3027
f 969 51 3029 3027
f 3029 407 3030 3027
f 3032 106 2138 3031
f 2138 597 3033 3031
f 3033 846 3034 3031
f 2128 593 3036 3035
f 3036 152 1125 3035
f 1125 151 1993 3035
f 3038 847 3039 3037
f 3039 594 3040 3037
f 3042 848 3043 3041
f 3043 598 2146 3041
f 2146 599 3040 3041
f 3045 399 1505 3044
f 1505 398 2143 3044
f 2143 598 3043 3044
f 3047 848 3048 3046
f 3048 821 2818 3046
f 2818 400 1510 3046
f 3050 564 1995 3049
f 1995 563 3051 3049
f 3051 849 3052 3049
f 3054 564 3055 3053
f 3055 851 3056 3053
f 3056 603 3057 3053
f 3050 433 3059 3058
f 3059 852 3060 3058
f 3060 851 3055 3058
f 1570 432 3062 3061
f 3062 409 3063 3061
f 3063 852 3059 3061
f 3065 549 1929 3064
f 1929 403 3066 3064
f 3066 509 3067 3064
f 1756 508 3069 3068
f 3069 596 2134 3068
f 2134 595 3067 3068
f 3071 822 2823 3070
f 2823 601 2150 3070
f 2150 596 3069 3070
f 3074 592 3075 3073
f 3075 107 1062 3073
f 1062 112 1592 3073
f 3077 397 3078 3076
f 3078 401 1626 3076
f 1626 460 1760 3076
f 3080 845 3081 3079
f 3081 602 2155 3079
f 2155 105 3082 3079
f 3030 407 1513 3083
f 1513 406 3084 3083
f 3084 602 3081 3083
f 3086 409 3087 3085
f 3087 410 2132 3085
f 3045 848 3047 3088
f 3047 402 3089 3088
f 1506 399 3089 3090
f 3089 402 1509 3090
f 1509 401 3078 3090
f 3092 335 3093 3091
f 3093 70 3094 3091
f 3094 511 1763 3091
f 3096 67 3097 3095
f 3097 853 3098 3095
f 1776 515 3100 3099
f 3100 333 1409 3099
f 1409 335 3092 3099
f 1824 523 3102 3101
f 3102 577 2033 3101
f 2033 333 3100 3101
f 1834 518 3104 3103
f 3104 537 1889 3103
f 1889 539 3105 3103
f 1796 519 3107 3106
f 3107 531 1879 3106
f 1879 537 3104 3106
f 1875 155 1519 3108
f 1519 411 1887 3108
f 1887 538 3109 3108
f 3111 534 3109 3110
f 3109 538 3112 3110
f 3112 421 3113 3110
f 3115 854 3116 3114
f 3116 413 1523 3114
f 1523 5 3117 3114
f 1578 436 3119 3118
f 3119 574 2041 3118
f 2041 72 3120 3118
f 2023 574 3119 3121
f 3119 436 2031 3121
f 2031 576 3122 3121
f 3124 58 1528 3123
f 1528 55 975 3123
f 975 54 1620 3123
f 1766 512 3126 3125
f 3126 296 1707 3125
f 2698 297 3128 3127
f 3128 856 3129 3127
f 3129 857 3130 3127
f 2700 768 3130 3131
f 3130 857 3132 3131
f 3132 858 3133 3131
f 2701 770 3133 3134
f 3133 858 3135 3134
f 3135 812 3136 3134
f 2706 771 3136 3137
f 3136 812 2788 3137
f 2788 811 3138 3137
f 3140 774 3141 3139
f 3141 813 2796 3139
f 2796 815 3142 3139
f 3144 776 3145 3143
f 3145 816 2800 3143
f 2800 817 3146 3143
f 3146 817 3148 3147
f 3150 536 1877 3149
f 1877 530 1882 3149
f 1882 156 1874 3149
f 3152 540 1890 3151
f 1890 536 3150 3151
f 3150 535 3153 3151
f 3152 855 3117 3154
f 3117 5 910 3154
f 910 7 3155 3154
f 3111 854 3115 3156
f 3115 855 3153 3156
f 3153 535 1873 3156
f 1542 421 3112 3157
f 3112 538 1886 3157
f 1886 526 1854 3157
f 3159 575 2026 3158
f 2026 528 1855 3158
f 1855 525 3160 3158
f 2407 684 3162 3161
f 3162 539 1891 3161
f 1891 540 3155 3161
f 3164 425 1550 3163
f 1550 2 1762 3163
f 1762 511 2038 3163
f 2844 827 3166 3165
f 918 13 3168 3167
f 3173 12 3170 3172
f 3170 425 3164 3172
f 3164 545 1902 3172
f 3175 13 917 3174
f 917 12 3173 3174
f 3175 544 1901 3176
f 1901 428 1556 3176
f 1556 16 3177 3176
f 1909 74 3179 3178
f 3179 430 1925 3178
f 3179 74 3181 3180
f 3181 438 1914 3180
f 1914 546 3182 3180
f 3168 13 3177 3183
f 3177 16 1923 3183
f 1923 430 1916 3183
f 3185 851 3060 3184
f 3060 852 3186 3184
f 3186 847 3187 3184
f 2157 603 3056 3188
f 3056 851 3185 3188
f 3185 846 3033 3188
f 1978 45 1981 3189
f 1981 552 1936 3189
f 1936 551 3190 3189
f 928 20 3190 3191
f 3190 551 3192 3191
f 3192 859 3193 3191
f 3195 859 3192 3194
f 3192 551 3196 3194
f 3196 150 1126 3194
f 1124 150 3198 3197
f 3198 158 1932 3197
f 1932 50 1991 3197
f 3198 150 3196 3199
f 3196 551 1935 3199
f 1935 23 1933 3199
f 940 28 1943 3200
f 1943 24 1937 3200
f 1937 552 1980 3200
f 1955 61 984 3201
f 984 60 3202 3201
f 3202 555 1951 3201
f 3202 60 1946 3203
f 1946 396 1501 3203
f 1501 395 3204 3203
f 1956 553 1965 3205
f 1965 40 1960 3205
f 1960 31 3206 3205
f 950 38 1026 3207
f 1026 86 1024 3207
f 1024 88 1968 3207
f 2121 390 3209 3208
f 3209 559 3210 3208
f 3210 42 961 3208
f 3212 560 1984 3211
f 1984 46 1977 3211
f 1977 22 959 3211
f 3214 47 3215 3213
f 3215 48 1926 3213
f 1571 433 3052 3216
f 3052 849 3217 3216
f 3219 561 3220 3218
f 3220 849 3051 3218
f 3051 563 1998 3218
f 2414 48 3217 3221
f 3217 849 3220 3221
f 3220 561 1987 3221
f 973 53 1988 3222
f 1988 561 3219 3222
f 3219 565 3223 3222
f 3204 395 3225 3224
f 3225 558 1973 3224
f 1973 556 1952 3224
f 3227 406 1515 3226
f 1515 408 1996 3226
f 1996 564 3054 3226
f 3084 406 3227 3228
f 3227 850 3057 3228
f 3057 603 2156 3228
f 1997 408 1514 3229
f 1514 407 3029 3229
f 3029 51 3223 3229
f 1941 52 971 3230
f 971 51 968 3230
f 968 50 1931 3230
f 1863 160 1137 3231
f 1137 56 3232 3231
f 3232 525 1851 3231
f 3160 525 3232 3233
f 3232 56 976 3233
f 976 55 1527 3233
f 1575 28 942 3234
f 942 30 981 3234
f 981 58 3124 3234
f 2003 566 2092 3235
f 2092 38 949 3235
f 3237 99 1047 3236
f 1047 101 3238 3236
f 3238 567 2009 3236
f 3240 66 1860 3239
f 1860 423 1857 3239
f 1857 529 2030 3239
f 3242 853 3243 3241
f 3243 860 3244 3241
f 3244 435 1579 3241
f 3243 853 3097 3245
f 3097 67 997 3245
f 997 69 3246 3245
f 3093 335 1408 3247
f 1408 334 3248 3247
f 3248 69 999 3247
f 1907 543 2037 3249
f 2037 578 3250 3249
f 3250 71 1535 3249
f 1534 71 1004 3251
f 1004 73 2996 3251
f 3253 439 3254 3252
f 3254 76 2059 3252
f 2059 441 2066 3252
f 3253 79 2048 3255
f 2048 440 1582 3255
f 2053 580 2045 3256
f 2045 440 2050 3256
f 2050 99 3237 3256
f 1581 438 3181 3257
f 3181 74 1008 3257
f 1008 76 3254 3257
f 2090 566 3259 3258
f 3259 79 3003 3258
f 3259 566 2005 3260
f 2005 77 1012 3260
f 3262 84 1018 3261
f 1018 83 1905 3261
f 1905 417 1530 3261
f 3264 92 2087 3263
f 2087 506 3265 3263
f 3265 843 3266 3263
f 2095 32 3206 3267
f 3206 31 1035 3267
f 1035 92 3264 3267
f 1412 337 3269 3268
f 3269 588 2100 3268
f 2100 520 1806 3268
f 1716 96 1043 3270
f 1043 98 3271 3270
f 3273 681 2386 3272
f 2386 104 1050 3272
f 1050 103 2069 3272
f 2104 467 2382 3274
f 2382 681 3273 3274
f 3273 443 1588 3274
f 2085 84 3262 3275
f 3262 416 3276 3275
f 3276 505 2071 3275
f 3036 593 2127 3277
f 2127 592 3278 3277
f 3278 820 3279 3277
f 3281 820 3278 3280
f 3278 592 3074 3280
f 3074 444 2140 3280
f 3032 600 2147 3282
f 2147 111 1063 3282
f 1063 107 1054 3282
f 3038 599 2148 3283
f 2148 600 3034 3283
f 3034 846 3187 3283
f 3071 508 1755 3284
f 1755 108 1059 3284
f 1059 110 3285 3284
f 3287 36 1566 3286
f 1566 431 2108 3286
f 2108 316 3288 3286
f 2049 79 2153 3289
f 2153 103 3290 3289
f 3290 862 3291 3289
f 3293 404 3072 3292
f 1067 109 1057 3292
f 3186 852 3063 3294
f 3063 409 3086 3294
f 3086 594 3039 3294
f 3296 620 2203 3295
f 2203 114 1071 3295
f 1071 116 1599 3295
f 2167 604 2160 3297
f 2160 114 2197 3297
f 2197 445 2171 3297
f 3299 499 2181 3298
f 2181 610 2184 3298
f 2184 612 2872 3298
f 3301 613 2185 3300
f 2185 610 2178 3300
f 2178 609 3302 3300
f 2263 638 3302 3303
f 3302 609 2172 3303
f 2172 445 1597 3303
f 3305 446 1595 3304
f 1595 445 2199 3304
f 1596 446 3305 3306
f 3305 164 2189 3306
f 2189 615 3307 3306
f 2194 616 2190 3308
f 2190 164 2198 3308
f 2198 114 2202 3308
f 2195 618 2201 3309
f 2201 619 2317 3309
f 2317 622 2213 3309
f 2210 342 2874 3311
f 2874 830 3312 3311
f 3312 452 1606 3311
f 2270 614 2193 3313
f 2193 617 2212 3313
f 2212 448 1613 3313
f 1077 118 1073 3314
f 1073 117 3315 3314
f 3315 122 1081 3314
f 1078 120 1083 3316
f 1083 123 2597 3316
f 3318 630 2234 3317
f 2234 629 3319 3317
f 3319 834 2887 3317
f 3321 627 2235 3320
f 2235 630 3318 3320
f 3318 833 2884 3320
f 2890 834 3319 3322
f 3319 629 3323 3322
f 3323 631 2901 3322
f 2241 631 3323 3324
f 3323 629 2233 3324
f 2233 628 2256 3324
f 3326 346 2902 3325
f 2902 126 1091 3325
f 1091 128 2251 3325
f 2238 344 1610 3327
f 1610 130 1384 3327
f 1384 321 3328 3327
f 2898 322 1385 3329
f 1385 130 1093 3329
f 1093 129 1427 3329
f 2244 322 2897 3330
f 2897 139 1105 3330
f 1105 138 3331 3330
f 2248 633 3331 3332
f 3331 138 1110 3332
f 1110 142 2286 3332
f 2259 127 2242 3333
f 2242 632 2255 3333
f 2255 132 3334 3333
f 3336 636 3334 3335
f 3334 132 1099 3335
f 1099 134 3337 3335
f 3339 133 2257 3338
f 2257 628 2232 3338
f 2232 627 3340 3338
f 1098 133 3339 3341
f 3339 864 3342 3341
f 3342 640 3343 3341
f 3345 863 3337 3344
f 3337 134 3343 3344
f 3343 640 2265 3344
f 2260 636 3336 3346
f 3336 863 3345 3346
f 3345 639 2275 3346
f 3348 613 3301 3347
f 3301 638 2266 3347
f 2266 640 3342 3347
f 2877 611 2186 3349
f 2186 613 3348 3349
f 3348 864 3350 3349
f 2880 831 3350 3351
f 3350 864 3340 3351
f 3340 627 3321 3351
f 3315 117 2219 3352
f 2219 453 2882 3352
f 2882 124 1085 3352
f 2272 639 2264 3353
f 2264 447 3307 3353
f 3307 615 2269 3353
f 2281 642 2273 3354
f 2273 641 2268 3354
f 2268 455 1612 3354
f 2894 136 2300 3355
f 2300 141 1111 3355
f 1111 138 1107 3355
f 2825 307 2293 3356
f 2293 646 3357 3356
f 3357 458 2354 3356
f 2399 458 3357 3358
f 3357 646 2292 3358
f 2292 645 2284 3358
f 2287 142 1109 3359
f 1109 141 2297 3359
f 2297 648 2400 3359
f 2306 450 1603 3360
f 1603 449 3361 3360
f 3361 145 3362 3360
f 1115 145 3361 3363
f 3361 449 2214 3363
f 2214 622 2320 3363
f 2307 651 3365 3364
f 3365 148 1122 3364
f 1122 149 2336 3364
f 2314 654 3367 3366
f 3367 653 2309 3366
f 2309 652 3368 3366
f 2327 659 2859 3369
f 2859 144 1113 3369
f 1113 143 2319 3369
f 3371 660 2331 3370
f 2331 657 2322 3370
f 2322 620 3296 3370
f 3373 661 2333 3372
f 2333 655 3368 3372
f 3368 652 3374 3372
f 3374 652 2311 3375
f 2311 147 1117 3375
f 1117 146 2861 3375
f 3377 665 2349 3376
f 2349 662 2337 3376
f 2337 149 2310 3376
f 2341 663 2344 3378
f 2344 665 3377 3378
f 3377 653 3367 3378
f 2987 650 2338 3379
f 2338 662 2348 3379
f 2348 667 2402 3379
f 2964 459 3381 3380
f 3381 683 3382 3380
f 3382 669 2359 3380
f 2395 503 3384 3383
f 3384 675 2365 3383
f 2365 669 3382 3383
f 2376 679 3386 3385
f 3386 676 2370 3385
f 2370 677 2373 3385
f 2372 671 2363 3387
f 2363 674 2387 3387
f 2387 680 2377 3387
f 3389 567 3238 3388
f 3238 101 3390 3388
f 3390 503 2394 3388
f 2007 567 3389 3391
f 3389 666 2345 3391
f 2345 663 2340 3391
f 2396 683 3381 3392
f 3381 459 2403 3392
f 2403 667 2350 3392
f 2832 660 3371 3393
f 3371 320 1382 3393
f 1884 412 1520 3394
f 1520 155 1134 3394
f 1134 157 2408 3394
f 1552 426 3396 3395
f 3396 424 1864 3395
f 1864 527 1850 3395
f 2410 26 938 3397
f 938 23 934 3397
f 1573 161 1142 3398
f 1142 163 2411 3398
f 2398 648 2404 3399
f 2404 459 3400 3399
f 2261 637 2274 3401
f 2274 642 3402 3401
f 3402 136 2252 3401
f 3402 642 2282 3403
f 2282 137 1102 3403
f 1146 165 1143 3404
f 1516 371 2953 3404
f 3406 168 3407 3405
f 1152 171 1730 3405
f 3409 865 3410 3408
f 3410 481 3411 3408
f 3411 373 3412 3408
f 1686 481 3410 3413
f 3410 865 3414 3413
f 3414 694 2817 3413
f 3409 687 3416 3415
f 3416 462 2456 3415
f 2456 694 3414 3415
f 3412 373 1467 3417
f 1467 172 1463 3417
f 1463 372 2428 3417
f 3419 462 3416 3418
f 3416 687 2427 3418
f 2427 686 3420 3418
f 3420 686 2433 3421
f 2433 689 2438 3421
f 2438 471 1654 3421
f 2432 688 3423 3422
f 3423 367 2442 3422
f 2442 690 2439 3422
f 2449 312 1369 3424
f 1369 173 1159 3424
f 1159 175 2447 3424
f 1158 174 3426 3425
f 3426 176 1163 3425
f 1163 178 2511 3425
f 3428 234 1624 3427
f 1624 397 3077 3427
f 3077 510 2452 3427
f 2453 461 1631 3429
f 1631 462 3419 3429
f 3419 470 1653 3429
f 3431 709 2513 3430
f 2513 179 1167 3430
f 1167 181 2673 3430
f 3433 269 1634 3432
f 1634 179 3434 3432
f 3434 183 2985 3432
f 2948 266 1477 3435
f 1477 182 1171 3435
f 1171 184 1657 3435
f 1174 186 2474 3436
f 2474 188 1179 3436
f 1179 190 2916 3436
f 2671 381 2521 3437
f 2521 215 2480 3437
f 2480 700 3438 3437
f 3440 718 2974 3439
f 2974 702 2482 3439
f 2482 701 3441 3439
f 1486 387 2491 3442
f 2491 703 3443 3442
f 3443 679 2379 3442
f 3445 199 2488 3444
f 2488 387 1485 3444
f 1485 386 2830 3444
f 2957 840 3441 3446
f 3441 701 3447 3446
f 3447 703 2490 3446
f 1645 464 2497 3448
f 2497 704 2559 3448
f 2559 722 2958 3448
f 2524 705 2555 3449
f 2555 194 1190 3449
f 1190 196 3450 3449
f 3452 317 1379 3451
f 1379 198 1197 3451
f 1197 199 3445 3451
f 1375 314 2111 3453
f 2111 589 2506 3453
f 2506 707 2502 3453
f 3288 316 1376 3454
f 1376 315 2501 3454
f 2501 706 3455 3454
f 3457 504 3458 3456
f 3458 200 1201 3456
f 1201 202 2117 3456
f 2829 823 3460 3459
f 3460 318 1380 3459
f 1380 317 3452 3459
f 3462 204 1210 3461
f 1210 206 2680 3461
f 2680 695 2463 3461
f 3464 367 2416 3463
f 2416 204 3462 3463
f 3462 697 2468 3463
f 3438 700 2518 3465
f 2518 239 2515 3465
f 2515 382 3466 3465
f 3434 179 1267 3467
f 1267 240 1658 3467
f 1658 184 1170 3467
f 3447 701 2484 3468
f 2484 676 3386 3468
f 3386 679 3443 3468
f 3450 196 1220 3469
f 1220 210 1218 3469
f 1218 212 3470 3469
f 2527 473 1666 3471
f 1666 474 3470 3471
f 3470 212 3472 3471
f 3474 712 2535 3473
f 2535 502 1736 3473
f 1736 214 2528 3473
f 3474 710 3472 3475
f 3472 212 1229 3475
f 1229 217 3476 3475
f 1232 219 1669 3477
f 1669 212 2532 3477
f 2532 711 3009 3477
f 2531 504 3457 3478
f 3457 590 3007 3478
f 3023 218 1233 3479
f 1233 220 3008 3479
f 3008 393 1497 3479
f 3481 221 1237 3480
f 1237 223 3013 3480
f 3013 476 1672 3480
f 3476 217 1673 3482
f 1673 476 3483 3482
f 3483 479 2536 3482
f 3485 192 1737 3484
f 1737 502 2534 3484
f 2534 477 2540 3484
f 3487 235 1676 3486
f 1676 477 2537 3486
f 2537 479 1679 3486
f 3483 476 3489 3488
f 3489 224 1241 3488
f 1241 176 1680 3488
f 1243 226 1749 3490
f 1749 224 3489 3490
f 3489 476 3012 3490
f 3281 233 1256 3491
f 1256 230 2546 3491
f 2546 716 2814 3491
f 3016 819 2815 3492
f 2815 716 2548 3492
f 2548 717 3493 3492
f 3011 223 1236 3494
f 1236 222 3495 3494
f 3495 714 2544 3494
f 3497 232 1683 3496
f 1683 230 1255 3496
f 1255 234 3428 3496
f 1161 176 1252 3498
f 1252 232 3497 3498
f 2425 480 1687 3499
f 1687 482 2821 3499
f 2821 822 3285 3499
f 2552 720 3501 3500
f 3501 278 1358 3500
f 1358 306 1475 3500
f 2564 725 2807 3507
f 3508 728 2572 3507
f 3511 723 2565 3510
f 2565 726 2571 3510
f 2571 247 3512 3510
f 3514 727 2569 3513
f 2569 723 3511 3513
f 3511 736 2590 3513
f 2908 835 3516 3515
f 3516 727 3514 3515
f 3514 733 2586 3515
f 3518 739 2602 3517
f 2602 737 2588 3517
f 2588 736 3512 3517
f 3518 247 1277 3519
f 1277 241 1271 3519
f 1271 243 3520 3519
f 2595 245 1273 3521
f 1273 244 3522 3521
f 3522 728 3506 3521
f 2599 739 3520 3523
f 3520 243 3524 3523
f 3524 866 3525 3523
f 2913 735 2584 3526
f 2584 734 2604 3526
f 2604 742 3527 3526
f 2577 731 2607 3528
f 2607 743 2614 3528
f 2613 746 3534 3533
f 3534 867 3531 3533
f 3536 350 3537 3535
f 3537 745 2611 3535
f 2611 743 2609 3535
f 3539 754 2685 3538
f 2685 351 3540 3538
f 3540 836 3527 3538
f 3542 753 2641 3541
f 2641 754 3539 3541
f 3539 742 2605 3541
f 3544 755 2645 3543
f 2645 753 3542 3543
f 3542 741 2600 3543
f 3546 363 2649 3545
f 2649 755 3544 3545
f 3544 740 3547 3545
f 3549 758 2661 3548
f 2661 363 3550 3548
f 3550 253 1285 3548
f 2617 275 3552 3551
f 3552 758 3549 3551
f 3549 252 2625 3551
f 2616 748 3554 3553
f 3554 750 2621 3553
f 2621 251 3555 3553
f 3557 485 3558 3556
f 3558 255 1291 3556
f 1291 257 2622 3556
f 3558 485 1693 3559
f 1693 484 2924 3559
f 2924 361 1450 3559
f 1289 255 3561 3560
f 3561 243 2627 3560
f 2627 625 2228 3560
f 2618 749 2624 3562
f 2624 485 3557 3562
f 3557 750 3554 3562
f 2632 259 2630 3563
f 3565 826 3566 3564
f 3566 752 2637 3564
f 2637 366 3532 3564
f 3568 328 2842 3567
f 2842 826 3565 3567
f 3565 867 3534 3567
f 3570 329 1399 3569
f 1399 328 3568 3569
f 3568 746 2612 3569
f 2652 324 2834 3571
f 2834 365 3572 3571
f 3572 363 2655 3571
f 2651 270 3574 3573
f 3574 261 1299 3573
f 1299 263 3575 3573
f 2838 261 3577 3576
f 3577 267 1307 3576
f 1307 269 3433 3576
f 3577 261 3574 3578
f 3574 270 1311 3578
f 1311 272 3579 3578
f 3552 275 1314 3580
f 1314 274 3581 3580
f 3581 759 2658 3580
f 3583 384 1481 3582
f 1481 383 3584 3582
f 3584 273 3555 3582
f 3583 251 1282 3585
f 1282 250 1319 3585
f 1319 277 3586 3585
f 2980 765 2669 3587
f 2669 277 1318 3587
f 1318 276 3588 3587
f 3590 762 2664 3589
f 2664 761 2982 3589
f 2982 309 1364 3589
f 3592 280 3593 3591
f 3593 762 3590 3591
f 3590 308 3594 3591
f 2246 486 1696 3595
f 1696 280 3592 3595
f 3592 868 3596 3595
f 2665 762 3593 3597
f 3593 280 1322 3597
f 1322 279 3598 3597
f 1482 384 3586 3599
f 3586 277 2668 3599
f 2668 764 3466 3599
f 3601 869 3602 3600
f 3602 383 1480 3600
f 1480 382 2514 3600
f 1701 489 3604 3603
f 3604 869 3601 3603
f 3601 709 3431 3603
f 1325 281 3606 3605
f 3608 353 1436 3607
f 1436 355 2682 3607
f 2682 283 3609 3607
f 1393 326 1439 3610
f 1439 357 3611 3610
f 3611 767 2694 3610
f 1392 325 2687 3612
f 2687 284 1331 3612
f 1331 286 3613 3612
f 1388 323 3615 3614
f 3615 291 1342 3614
f 1342 290 1337 3614
f 2931 837 3617 3616
f 3617 291 3615 3616
f 3615 323 3575 3616
f 3619 362 2936 3618
f 2936 838 3547 3618
f 3547 740 3525 3618
f 3570 745 3537 3620
f 3537 350 3621 3620
f 3621 351 2684 3620
f 1326 282 1442 3622
f 1442 358 2943 3622
f 2943 839 3609 3622
f 1333 284 2689 3623
f 2689 332 3624 3623
f 3624 364 3625 3623
f 3627 491 1705 3626
f 1705 326 3613 3626
f 2714 778 2732 3628
f 2732 775 2708 3628
f 2708 774 3140 3628
f 3630 777 2712 3629
f 2712 776 3144 3629
f 3632 98 1042 3631
f 1042 97 2719 3631
f 2719 782 3633 3631
f 2723 785 3635 3634
f 3635 98 3632 3634
f 3632 788 2730 3634
f 2728 783 3638 3637
f 3638 777 3630 3637
f 3630 780 3636 3637
f 2724 786 2733 3639
f 2733 778 2713 3639
f 2713 777 3638 3639
f 3633 782 3641 3640
f 3641 773 2709 3640
f 2709 775 2731 3640
f 2718 298 2697 3642
f 2697 769 2705 3642
f 2705 773 3641 3642
f 3644 497 3271 3643
f 3271 98 3635 3643
f 3635 785 3645 3643
f 3645 785 2722 3646
f 2722 784 3647 3646
f 3647 871 3648 3646
f 3647 784 2727 3649
f 2727 300 1351 3649
f 3652 419 1538 3651
f 3129 856 3656 3654
f 3132 857 3655 3657
f 3660 872 3653 3659
f 3652 872 3660 3661
f 3660 856 3662 3661
f 3662 512 3663 3661
f 2735 790 2805 3664
f 2805 302 1355 3664
f 1355 304 3665 3664
f 3667 303 1353 3666
f 1353 302 3668 3666
f 3665 304 2756 3669
f 2756 793 2741 3669
f 2741 492 1709 3669
f 2755 798 3671 3670
f 3671 796 2750 3670
f 2750 791 2742 3670
f 2778 797 2753 3672
f 2753 304 1354 3672
f 2760 801 2776 3674
f 3677 810 3678 3676
f 3678 800 2758 3676
f 2758 799 3679 3676
f 2765 805 2780 3680
f 2780 810 3677 3680
f 3677 814 2794 3680
f 2777 801 2759 3681
f 2759 800 3682 3681
f 3682 798 2754 3681
f 3682 800 3678 3683
f 3678 810 2782 3683
f 2782 796 3671 3683
f 2781 805 2764 3684
f 2764 804 2785 3684
f 2785 794 2747 3684
f 2774 807 2789 3685
f 2789 812 3135 3685
f 3135 858 3658 3685
f 3679 799 2798 3686
f 2798 816 3687 3686
f 3687 815 2795 3686
f 2799 802 3675 3688
f 3690 495 3691 3689
f 3691 501 2802 3689
f 3668 302 2804 3692
f 2804 495 3690 3692
f 3695 871 3650 3694
f 3650 299 3693 3694
f 3697 870 3648 3696
f 3648 871 3695 3696
f 3695 93 2101 3696
f 2848 497 3644 3698
f 3644 870 3697 3698
f 3697 588 3269 3698
f 3700 496 2847 3699
f 2847 336 1788 3699
f 1788 517 3701 3699
f 3701 517 1870 3702
f 1698 487 2290 3703
f 2290 305 1359 3703
f 1359 278 1323 3703
f 1366 310 3705 3704
f 3705 873 3706 3704
f 3706 868 3594 3704
f 3501 720 3708 3707
f 3708 763 3598 3707
f 3598 279 1321 3707
f 2551 719 3710 3709
f 3710 380 2666 3709
f 2666 763 3708 3709
f 3406 319 2424 3711
f 3617 837 2930 3712
f 2930 294 1397 3712
f 1397 187 2918 3712
f 2648 364 3714 3713
f 3714 752 3566 3713
f 3566 826 2841 3713
f 3624 332 1404 3715
f 1404 331 2635 3715
f 2635 752 3714 3715
f 3171 827 2845 3716
f 2845 516 1780 3716
f 1780 3 1549 3716
f 2044 579 2851 3717
f 2851 548 1920 3717
f 1920 153 1912 3717
f 2865 572 2017 3718
f 3362 145 2857 3719
f 2857 148 3365 3719
f 3182 546 2870 3720
f 2870 10 1917 3720
f 2326 658 3722 3721
f 3722 661 3373 3721
f 3373 828 2860 3721
f 2330 340 1415 3723
f 1415 339 2334 3723
f 2334 661 3722 3723
f 2018 572 2864 3724
f 2864 581 2056 3724
f 2056 339 1417 3724
f 2183 611 2876 3725
f 2876 452 3312 3725
f 3312 830 2873 3725
f 3299 343 1418 3726
f 2175 348 1429 3727
f 2166 606 3728 3729
f 1426 346 3326 3730
f 3326 635 2895 3730
f 2895 140 2899 3730
f 3505 728 3508 3731
f 2573 728 3522 3732
f 3522 244 2906 3732
f 3734 352 3735 3733
f 2567 727 3516 3733
f 3734 835 2909 3736
f 2909 729 3509 3736
f 3536 744 2914 3737
f 2914 836 3540 3737
f 3540 351 3621 3737
f 1725 501 3691 3738
f 3691 495 1712 3738
f 3627 286 2927 3739
f 2927 292 2917 3739
f 2917 190 3740 3739
f 3524 243 3561 3742
f 3561 255 1452 3742
f 1452 362 3619 3742
f 3602 869 3744 3743
f 3744 274 1313 3743
f 1313 273 3584 3743
f 3604 489 3746 3745
f 3746 759 3581 3745
f 3581 274 3744 3745
f 1700 488 3748 3747
f 3748 760 2659 3747
f 2659 759 3746 3747
f 2677 267 3579 3749
f 3579 272 2654 3749
f 2654 757 3750 3749
f 1639 354 1728 3751
f 1728 491 3740 3751
f 3740 190 1178 3751
f 3753 235 3487 3752
f 3487 478 3754 3752
f 3754 174 1157 3752
f 3754 478 1678 3755
f 1678 176 3426 3755
f 2955 192 3757 3756
f 3757 209 1642 3756
f 2837 264 3759 3758
f 3759 294 2929 3758
f 2929 262 1297 3758
f 1731 373 3411 3761
f 3411 481 1734 3761
f 3750 757 2933 3762
f 2933 760 3748 3762
f 3748 488 2675 3762
f 3546 838 2935 3763
f 2935 253 3550 3763
f 2647 363 3572 3764
f 3572 365 3765 3764
f 2835 288 2938 3766
f 2938 287 3625 3766
f 3625 364 3765 3766
f 3608 839 2942 3767
f 2942 767 3611 3767
f 3611 357 2940 3767
f 1447 360 2944 3768
f 2944 358 1444 3768
f 2443 367 3464 3769
f 3464 698 3770 3769
f 2450 693 3770 3771
f 3770 698 2467 3771
f 2467 368 1454 3771
f 1258 235 3753 3772
f 3753 173 1368 3772
f 1368 311 2946 3772
f 2471 699 3774 3773
f 3774 713 2539 3773
f 2539 238 1455 3773
f 2476 192 3485 3775
f 3485 713 3774 3775
f 1186 193 1458 3776
f 1458 207 1214 3776
f 1214 209 3757 3776
f 1303 266 2949 3777
f 2949 295 1345 3777
f 1345 294 3759 3777
f 2420 367 3423 3778
f 3423 688 3779 3778
f 2422 685 3779 3780
f 3779 688 2434 3780
f 2434 371 2951 3780
f 1147 167 1464 3781
f 1464 172 1206 3781
f 1206 169 3760 3781
f 3440 840 2959 3782
f 2959 722 2558 3782
f 2558 721 2977 3782
f 2553 377 1474 3783
f 1474 376 2962 3783
f 2962 841 2975 3783
f 1616 456 3400 3784
f 3400 459 2969 3784
f 3786 276 1317 3785
f 1317 250 3787 3785
f 3787 873 3705 3785
f 3710 719 2978 3788
f 2978 721 2560 3788
f 2560 381 3789 3788
f 2663 380 3789 3790
f 3789 381 2670 3790
f 2670 765 2983 3790
f 3588 276 3786 3791
f 3786 310 1365 3791
f 1365 309 2981 3791
f 1469 374 2967 3792
f 2967 213 1225 3792
f 1281 249 2620 3793
f 2620 257 3794 3793
f 3794 873 3787 3793
f 3706 873 3794 3795
f 3794 257 3328 3795
f 3328 321 3596 3795
f 1049 102 2392 3796
f 2392 682 3797 3796
f 3797 862 3290 3796
f 3799 682 2391 3798
f 2391 675 3384 3798
f 3384 503 3390 3798
f 1046 100 3291 3800
f 3291 862 3797 3800
f 3797 682 3799 3800
f 2530 211 1216 3801
f 1216 210 3802 3801
f 3802 200 3458 3801
f 1924 16 921 3803
f 921 15 2990 3803
f 1192 195 1740 3804
f 1740 198 1381 3804
f 1381 318 1488 3804
f 1203 200 3802 3805
f 3802 210 1221 3805
f 1221 197 1490 3805
f 2509 203 1489 3806
f 1489 318 3460 3806
f 3460 823 3000 3806
f 3455 706 3001 3807
f 3001 469 1650 3807
f 1650 468 3808 3807
f 2103 37 948 3809
f 948 36 3287 3809
f 3287 861 3808 3809
f 926 19 2989 3810
f 2989 82 1015 3810
f 1015 81 3811 3810
f 2063 17 3811 3812
f 3811 81 2076 3812
f 1028 89 3005 3813
f 3005 91 1030 3813
f 1030 90 1742 3813
f 3265 506 1745 3814
f 1745 505 3276 3814
f 3276 416 2998 3814
f 2813 818 3816 3815
f 3816 859 3195 3815
f 3195 152 3279 3815
f 2809 591 2124 3817
f 2124 21 3193 3817
f 3193 859 3816 3817
f 3025 557 1970 3818
f 1970 41 1975 3818
f 1975 559 3209 3818
f 1682 232 1251 3819
f 1251 225 1239 3819
f 1239 224 1751 3819
f 1668 219 3821 3820
f 3821 221 3481 3820
f 3481 475 1753 3820
f 1245 228 3823 3822
f 3823 229 1249 3822
f 1249 231 1750 3822
f 2542 714 3825 3824
f 3825 717 2547 3824
f 2547 229 3823 3824
f 3493 717 3825 3826
f 3825 714 3495 3826
f 3495 222 3021 3826
f 1231 218 3022 3827
f 3022 222 1235 3827
f 1235 221 3821 3827
f 1496 391 3026 3828
f 3026 389 3015 3828
f 3015 844 3020 3828
f 1974 558 3830 3829
f 3830 560 3212 3829
f 3212 42 3210 3829
f 1983 560 3830 3831
f 3830 558 3225 3831
f 3225 395 1500 3831
f 1992 49 3028 3832
f 3028 845 3080 3832
f 3080 405 2129 3832
f 3042 594 2151 3833
f 2151 601 2822 3833
f 2822 821 3048 3833
f 3214 550 1928 3834
f 1928 549 3835 3834
f 3835 410 3836 3834
f 1757 509 3066 3837
f 3066 403 1511 3837
f 2133 410 3835 3838
f 3835 549 3065 3838
f 1055 107 3075 3839
f 3075 592 2130 3839
f 2130 405 3082 3839
f 3215 47 3841 3840
f 3841 432 1569 3840
f 3836 410 3087 3842
f 3087 409 3062 3842
f 3062 432 3841 3842
f 3120 72 1002 3843
f 1002 71 3098 3843
f 3098 853 3242 3843
f 1819 513 3845 3844
f 3845 684 2406 3844
f 2406 577 3102 3844
f 3162 684 3845 3846
f 3845 513 1771 3846
f 1771 514 3105 3846
f 1867 531 3107 3847
f 3107 519 1829 3847
f 1546 413 3116 3848
f 3116 854 3113 3848
f 3113 421 1544 3848
f 1000 68 3850 3849
f 3850 578 2039 3849
f 2039 511 3094 3849
f 995 67 3096 3851
f 3096 71 3250 3851
f 3250 578 3850 3851
f 2020 573 3122 3852
f 3122 576 2027 3852
f 2027 575 3853 3852
f 3159 414 1526 3854
f 1526 58 980 3854
f 980 57 3853 3854
f 2035 65 3856 3855
f 3856 860 3246 3855
f 3246 69 3248 3855
f 993 66 3240 3857
f 3240 435 3244 3857
f 3244 860 3856 3857
f 3266 843 2997 3858
f 2997 73 2083 3858
f 2083 584 2094 3858
f 3663 512 1765 3859
f 1765 496 3700 3859
f 3700 418 1539 3859
f 1348 296 3126 3860
f 3126 512 3662 3860
f 3662 856 3128 3860
f 2710 772 3138 3861
f 3138 811 2792 3861
f 2792 813 3141 3861
f 2715 779 3142 3862
f 3142 815 3687 3862
f 3687 816 3145 3862
f 3864 900 1809 3863
f 1827 891 3866 3865
f 3866 893 1837 3865
f 1837 899 3867 3865
f 1794 890 3869 3868
f 3869 896 1799 3868
f 1799 894 3870 3868
f 1832 877 3872 3871
f 3872 898 1804 3871
f 1804 895 3873 3871
f 1769 876 3875 3874
f 3875 888 1840 3874
f 1840 897 3876 3874
f 1817 521 3878 3877
f 3878 886 1790 3877
f 1790 887 3879 3877
f 1822 879 3881 3880
f 3881 882 1786 3880
f 1786 885 3882 3880
f 1774 874 3884 3883
f 3884 884 1778 3883
f 1778 881 3885 3883
f 4791 4788 4789 3886
f 4795 4792 4793 3890
f 4799 4796 4797 3893
f 4803 4800 4801 3896
f 4807 4804 4805 3899
f 4811 4808 4809 3902
f 4815 4812 4813 3905
f 4819 4816 4817 3908
f 4823 4820 4821 3911
f 4827 4824 4825 3913
f 4831 4828 4829 3918
f 4835 4832 4833 3921
f 4829 4836 4837 3918
f 4842 4839 4840 3925
f 4846 4843 4844 3927
f 4850 4847 4848 3929
f 4854 4851 4852 3934
f 4858 4855 4856 3936
f 4862 4859 4860 3939
f 4866 4863 4864 3915
f 4870 4867 4868 3944
f 4874 4871 4872 3947
f 4878 4875 4876 3950
f 4882 4879 4880 3952
f 4885 4883 4884 3955
f 4889 4886 4887 3956
f 4893 4890 4891 3959
f 4897 4894 4895 3962
f 4901 4898 4899 3965
f 4905 4902 4903 3968
f 4909 4906 4907 3971
f 4913 4910 4911 3971
f 4917 4914 4915 3975
f 4920 4918 4919 3916
f 4924 4921 4922 3978
f 4928 4925 4926 3981
f 4932 4929 4930 3984
f 4936 4933 4934 3987
f 4940 4937 4938 3990
f 4944 4941 4942 3993
f 4948 4945 4946 3996
f 4952 4949 4950 3998
f 4956 4953 4954 3999
f 4960 4957 4958 4002
f 4964 4961 4962 4003
f 4968 4965 4966 4005
f 4972 4969 4970 4007
f 4976 4973 4974 4011
f 4980 4977 4978 4014
f 4984 4981 4982 4017
f 4988 4985 4986 4020
f 4992 4989 4990 4023
f 4996 4993 4994 4026
f 5000 4997 4998 4028
f 5004 5001 5002 4031
f 5007 5005 5003 4033
f 5011 5008 5009 4035
f 5015 5012 5013 4038
f 5019 5016 5017 4040
f 5023 5020 5021 4044
f 5027 5024 5025 4046
f 5032 5029 5030 4051
f 5037 5034 5035 4054
f 5040 5038 5036 4056
f 5044 5041 5042 4058
f 5048 5045 5046 4061
f 5052 5049 5050 4064
f 5056 5053 5054 4067
f 5060 5057 5058 4070
f 5064 5061 5062 4073
f 5067 5065 5066 4076
f 5071 5068 5069 4077
f 5075 5072 5073 4079
f 5078 5076 5074 4081
f 5082 5079 5080 4083
f 5086 5083 5084 4085
f 5084 5087 5088 4085
f 5091 5090 5039 4057
f 5095 5092 5093 4089
f 5099 5096 5097 4092
f 5103 5100 5101 4095
f 5106 5104 5105 4095
f 5110 5107 5108 4098
f 5114 5111 5112 4097
f 5118 5115 5116 4103
f 5122 5119 5120 4106
f 5126 5123 5124 4109
f 5130 5127 5128 4111
f 5134 5131 5132 4114
f 5137 5135 5125 4061
f 5141 5138 5139 4118
f 5145 5142 5143 4120
f 5148 5146 5147 4123
f 5152 5149 5150 4064
f 5156 5153 5154 4126
f 5160 5157 5158 4129
f 5164 5161 5162 4126
f 5168 5165 5166 4134
f 5172 5169 5170 4137
f 5176 5173 5174 4140
f 5180 5177 5178 4143
f 5184 5181 5182 4146
f 5188 5185 5186 4149
f 5192 5189 5190 4152
f 5196 5193 5194 4155
f 5200 5197 5198 4158
f 5204 5201 5202 4135
f 5208 5205 5206 4163
f 5212 5209 5210 4166
f 5216 5213 5214 4169
f 5219 5217 5214 4170
f 5223 5220 5221 4173
f 5227 5224 5225 4176
f 5231 5228 5229 4178
f 5235 5232 5233 4181
f 5240 5237 5238 4187
f 5244 5241 5242 4190
f 5247 5245 5246 4192
f 5251 5248 5249 4193
f 5255 5252 5253 4196
f 5258 5256 5257 4198
f 5262 5259 5260 4199
f 5266 5263 5264 4083
f 5271 5268 5269 4206
f 5275 5272 5273 4208
f 5279 5276 5277 4210
f 5282 5280 5229 4179
f 5286 5283 5284 4213
f 5290 5287 5288 4145
f 5294 5291 5292 4218
f 5298 5295 5296 4221
f 5302 5299 5300 4224
f 5308 5305 5306 4229
f 5312 5309 5310 4014
f 5317 5315 5316 4234
f 5321 5318 5319 4238
f 5325 5322 5323 4241
f 5329 5326 5327 4243
f 5333 5330 5331 4143
f 5337 5334 5335 4140
f 5341 5338 5339 4198
f 5345 5342 5343 4092
f 5349 5346 5347 4052
f 5352 5350 5351 4258
f 5356 5353 5354 4259
f 5360 5357 5358 4191
f 5363 5361 5362 4067
f 5367 5364 5365 4267
f 5371 5368 5369 4270
f 5375 5372 5373 4082
f 5379 5376 5377 4273
f 5383 5380 5381 4276
f 5387 5384 5385 4279
f 5391 5388 5389 4282
f 5395 5392 5393 4285
f 5400 5397 5398 4291
f 5406 5403 5404 4296
f 4793 5407 5408 3890
f 5413 5410 5411 3943
f 5417 5414 5415 4301
f 5420 5418 5419 3956
f 5424 5421 5422 4303
f 5429 5426 5427 4306
f 5432 5430 5409 3891
f 5435 5433 5434 4310
f 5439 5436 5437 4311
f 4807 5440 5441 3901
f 5445 5443 5444 4314
f 5448 5446 5447 3929
f 5452 5449 5450 3920
f 5456 5453 5454 3933
f 5460 5457 5458 4046
f 5464 5461 5462 4320
f 5468 5465 5466 4323
f 5471 5469 5470 3967
f 5475 5472 5473 4327
f 5478 5476 5477 4329
f 5482 5479 5480 4330
f 5485 5483 5484 4205
f 5489 5486 5487 4333
f 5493 5490 5491 4336
f 5495 5494 5308 4229
f 5499 5496 5497 4339
f 5503 5500 5501 4341
f 5506 5504 5505 4046
f 5509 5507 5508 4119
f 5512 5510 5511 4345
f 5516 5513 5514 4346
f 5519 5517 5518 4154
f 5522 5520 5231 4178
f 5525 5523 5524 4239
f 5528 5526 5527 4348
f 5532 5529 5530 4349
f 5536 5533 5534 4352
f 5540 5537 5538 4063
f 5544 5541 5542 4254
f 5547 5545 5546 4357
f 5551 5548 5549 4358
f 5554 5552 5553 4104
f 5558 5555 5556 4102
f 5561 5559 5145 4120
f 5565 5562 5563 4061
f 5568 5566 5567 4117
f 5572 5569 5570 4365
f 5575 5573 5574 4368
f 5579 5576 5577 4139
f 5583 5580 5581 4165
f 5587 5584 5585 4373
f 5590 5588 5589 4376
f 5593 5591 5592 3981
f 5598 5596 5595 4379
f 5602 5599 5600 4381
f 5317 5603 5604 4000
f 5610 5607 5608 4378
f 5613 5611 5612 4239
f 5616 5614 5615 4204
f 5619 5617 5570 4366
f 5623 5620 5621 4099
f 5073 5624 5080 4079
f 5628 5626 5627 3971
f 5632 5629 5630 4390
f 5636 5633 5634 4109
f 5638 5637 5556 4360
f 5642 5639 5640 3993
f 5645 5643 5514 4345
f 5648 5646 5647 4396
f 5651 5649 5600 3981
f 5656 5652 5653 4398
f 5661 5657 5658 3886
f 5666 5662 5663 4766
f 5671 5667 5668 4767
f 5676 5672 5673 4402
f 5681 5677 5678 4403
f 5686 5682 5683 3980
f 5691 5687 5688 4405
f 5695 5692 5693 3979
f 5699 5696 5697 3889
f 5704 5700 5701 4408
f 5709 5705 5706 4400
f 5714 5710 5711 4404
f 5719 5715 5716 4399
f 4923 5720 5721 3979
f 5727 5724 5725 4782
f 5736 5732 5733 4410
f 5740 5737 5738 4413
f 5743 5741 5742 4414
f 4877 5744 4794 3892
f 5730 5746 5747 3933
f 5754 5750 5751 4415
f 5760 5757 5758 4419
f 5751 5761 5762 4415
f 5754 5765 5766 4417
f 5769 5768 5728 4409
f 5438 5770 5734 4312
f 5776 5773 5774 4424
f 5780 5777 4797 3894
f 5782 5781 5780 3894
f 5788 5784 5785 4428
f 5792 5789 5790 4302
f 4891 5793 5794 3959
f 5799 5796 5797 4323
f 5802 5800 4798 3895
f 5806 5803 5804 4432
f 5810 5807 5808 4315
f 5814 5812 5813 4434
f 4822 5815 5816 3912
f 5822 5819 4817 3909
f 4821 5823 5824 3911
f 5829 5827 4818 3910
f 5448 5830 5831 4281
f 5838 5834 5835 4438
f 5842 5839 5840 3946
f 4908 5843 5844 3972
f 4831 5847 5848 3920
f 4840 5849 5850 3925
f 5452 5852 5853 3921
f 4837 5854 4841 3918
f 5851 5857 5858 4441
f 4815 5861 5862 3907
f 4848 5864 5833 3929
f 5869 5867 5868 4445
f 5874 5870 5871 4047
f 5878 5875 5876 4036
f 5883 5879 5880 4448
f 5026 5884 5874 4047
f 5832 5885 4868 3945
f 5890 5887 5888 4451
f 5894 5891 5892 4452
f 5898 5895 5896 4454
f 5903 5899 5900 4226
f 5906 5904 5905 4458
f 5909 5907 5908 4459
f 5913 5910 5743 4414
f 5916 5914 5462 4321
f 5292 5917 5918 4218
f 5924 5921 5922 4463
f 5927 5925 4888 3958
f 5931 5928 5929 4464
f 5935 5932 5933 4325
f 5893 5936 5937 3949
f 5896 5939 5940 4454
f 5945 5943 5944 4326
f 5948 5946 5947 4467
f 5951 5949 5947 4326
f 5954 5952 5953 3988
f 5958 5955 5956 4468
f 5961 5959 4899 3966
f 5964 5962 4901 3965
f 5791 5965 4905 3968
f 5968 5966 5927 3958
f 5960 5969 5964 3965
f 5631 5971 5972 4391
f 5977 5974 5975 4451
f 5980 5978 5979 4471
f 5693 5981 4922 3979
f 5686 5984 5985 4405
f 5990 5987 5988 3922
f 5450 5991 5992 3920
f 4830 5994 5995 3919
f 4838 5997 5998 3924
f 6003 6000 6001 4278
f 6007 6004 6005 4476
f 4814 6008 6009 3906
f 5990 6010 5475 4327
f 6015 6011 6012 4477
f 6020 6016 6017 4479
f 6023 6021 4938 3991
f 5139 6024 6025 4118
f 6029 6027 6028 4483
f 6033 6030 6031 4484
f 6020 6034 6035 4481
f 4896 6037 5953 3963
f 6022 6039 6040 3990
f 6045 6043 6044 4489
f 6044 6046 6047 4489
f 6053 6050 6051 4491
f 6058 6054 6055 4493
f 6061 6059 6060 4233
f 6058 6062 6063 4494
f 6064 6065 6066 4495
f 6071 6067 6068 4496
f 6076 6072 6073 4499
f 6080 6077 6078 4502
f 6084 6081 6082 4330
f 6089 6085 6086 4504
f 5485 6090 6049 4234
f 6095 6091 6092 4336
f 5487 6096 6097 4333
f 5489 6100 6101 4335
f 5493 6103 6104 4338
f 4964 6105 6106 4006
f 6111 6109 4967 4008
f 6115 6112 6113 4141
f 6120 6116 6117 4512
f 6123 6121 5175 4142
f 4974 6124 6125 4011
f 6131 6128 5271 4206
f 6134 6132 5582 4372
f 6138 6135 6136 4520
f 4982 6139 6140 4017
f 4975 6143 6144 4012
f 6151 6147 6148 4523
f 6155 6152 6153 4340
f 6160 6156 6157 4524
f 6164 6161 6102 4339
f 6167 6165 6166 4527
f 6172 6168 6169 4529
f 6175 6173 6134 4372
f 6174 6176 6177 4530
f 6183 6179 6180 4528
f 6163 6184 6183 4528
f 6101 6186 6187 4335
f 6187 6190 6191 4335
f 6196 6193 6194 4537
f 6200 6197 5898 4454
f 6205 6201 6202 4507
f 6089 6206 6207 4505
f 6208 6209 6210 4542
f 6216 6213 6214 4545
f 6219 6217 5940 4224
f 6223 6220 6188 4535
f 6198 6224 4872 3948
f 6231 6227 6228 4549
f 6235 6232 6233 4552
f 6239 6236 5502 4343
f 6244 6240 6241 4554
f 6242 6245 6246 4555
f 6241 6249 6250 4554
f 6255 6252 6253 4561
f 6259 6256 6243 4557
f 6264 6260 6261 4564
f 6263 6265 6266 4565
f 6272 6269 6270 4559
f 6247 6273 6274 4558
f 6251 6275 6276 4560
f 6231 6278 6279 4551
f 6285 6282 6283 4533
f 6181 6286 6287 4532
f 5919 6290 6291 4462
f 6296 6294 5824 4048
f 5871 6297 5025 4047
f 5023 6298 5747 4045
f 6310 6308 4943 3995
f 6315 6311 6312 4571
f 6319 6316 6317 4573
f 6324 6320 6321 4575
f 6329 6325 6326 4577
f 6332 6330 6331 4060
f 5258 6333 6334 4197
f 5047 6336 6337 4062
f 6341 6339 5515 4347
f 5522 6342 5070 4078
f 6345 6343 5320 4240
f 6349 6346 6347 4581
f 6347 6350 6351 4581
f 6357 6354 6355 4076
f 6357 6358 6349 4581
f 5067 6360 5069 4070
f 6365 6362 6363 4100
f 6369 6366 6367 4586
f 5369 6370 6268 4270
f 6376 6372 6373 4272
f 6379 6377 6378 4079
f 6384 6380 6381 4260
f 6389 6385 6386 4591
f 6392 6390 6391 4592
f 6394 6393 6388 4593
f 6331 6395 6396 4060
f 6400 6397 5150 4124
f 6364 6401 6402 4093
f 5097 6404 5345 4092
f 6381 6405 5355 4260
f 6409 6408 5550 4359
f 5108 6410 6411 4098
f 5102 6414 6415 4096
f 6422 6418 6419 4362
f 5560 6423 5147 4122
f 6429 6426 6427 4599
f 6433 6430 6431 4601
f 6438 6434 6435 4603
f 6378 6439 6440 4079
f 6374 6441 5081 4084
f 6445 6442 6443 4606
f 6450 6446 6447 4608
f 6454 6451 6452 4612
f 5163 6455 6456 4132
f 6461 6464 6465 4615
f 6471 6467 6468 4618
f 6475 6472 6473 4621
f 6111 6476 6477 4510
f 6478 6479 6480 4130
f 6487 6483 6484 4624
f 6490 6488 6489 4627
f 6494 6491 6492 4628
f 6499 6495 6496 4628
f 6503 6500 6501 4633
f 6507 6504 6505 4142
f 6510 6508 5172 4137
f 6477 6511 6512 4510
f 6518 6516 5288 4216
f 6522 6519 6520 4637
f 6526 6523 6524 4638
f 6530 6527 6528 4640
f 6534 6531 6532 4248
f 5194 6535 6536 4155
f 6541 6538 6539 4642
f 6546 6542 6543 4643
f 6551 6547 6548 4265
f 6556 6552 6553 4649
f 5587 6557 6558 4375
f 5190 6561 6562 4152
f 6567 6564 6345 4240
f 6570 6568 6525 4639
f 6574 6571 6572 4169
f 5279 6575 6576 4212
f 6579 6577 6578 4652
f 6583 6580 6581 4653
f 6581 6584 6585 4653
f 6591 6588 6589 4657
f 6595 6592 6593 4659
f 6600 6596 6597 4661
f 6604 6602 4926 3982
f 6609 6605 6606 4668
f 6613 6610 6611 4672
f 6618 6614 6615 4671
f 6633 6630 6631 4677
f 6623 6634 6635 4676
f 6641 6637 6638 4189
f 6646 6642 6643 4684
f 6651 6647 6648 4688
f 6655 6652 6653 4692
f 6659 6656 6657 4694
f 6667 6664 6665 4695
f 6670 6668 6654 4689
f 6674 6671 6655 4692
f 6672 6675 6651 4688
f 6676 6678 6679 4691
f 6685 6682 6683 4701
f 5598 6688 6689 4380
f 6005 6693 6694 4476
f 6695 6697 6698 4703
f 6704 6701 6702 4367
f 6708 6705 6706 4707
f 5246 6709 6710 4192
f 6371 6712 6713 4354
f 5301 6716 6214 4225
f 6720 6718 6719 4250
f 6724 6721 5186 4150
f 5286 6725 6529 4215
f 6730 6728 6729 4712
f 5296 6731 6732 4221
f 6736 6734 5937 4464
f 6738 6737 5806 4432
f 6742 6740 4999 4030
f 6741 6743 6744 4029
f 6750 6747 6748 4714
f 5798 6754 4799 3893
f 5304 6756 6757 4228
f 6763 6760 5492 4338
f 6763 6764 6765 4716
f 6770 6768 4971 4010
f 6773 6771 6114 4511
f 6773 6774 6775 4719
f 5307 6776 6777 4230
f 6780 6778 6138 4520
f 6784 6781 4991 4025
f 6777 6785 6786 4230
f 5574 6788 6513 4368
f 6791 6790 5160 4129
f 6794 6792 6793 4720
f 6796 6795 6465 4617
f 6796 6797 6798 4620
f 6803 6800 6801 4072
f 6566 6804 5094 4091
f 5191 6806 6563 4153
f 5577 6807 6808 4139
f 6812 6810 5215 4171
f 5183 6813 6814 4147
f 6818 6817 6541 4642
f 6808 6819 5171 4139
f 6811 6822 5219 4170
f 6825 6824 5323 4242
f 6829 6826 6578 4245
f 5341 6830 5148 4123
f 6834 6832 6833 4151
f 5347 6837 6838 4052
f 5623 6839 6840 4077
f 6844 6841 6842 4725
f 6711 6845 6238 4553
f 6850 6848 6849 4344
f 5546 6851 5549 4357
f 6855 6853 6237 4263
f 6855 6856 6368 4264
f 6857 6858 6859 4587
f 6863 6861 6435 4604
f 6868 6864 6865 4650
f 5363 6869 6724 4150
f 6189 6871 6872 4535
f 6875 6873 5470 3900
f 5957 6876 6877 4392
f 4907 6879 5628 3971
f 5417 6880 6881 4300
f 6886 6884 6389 4591
f 5950 6887 6878 4467
f 6877 6889 5973 4392
f 6894 6891 6892 4596
f 6898 6895 6896 4108
f 6901 6899 6900 4729
f 5383 6902 6003 4278
f 6908 6904 6905 4277
f 6911 6909 6903 4276
f 6915 6912 6913 4730
f 6919 6916 6917 4485
f 5878 6920 6013 4447
f 6925 6922 6923 4484
f 6925 6926 6927 4479
f 6928 6929 6930 4733
f 5395 6931 6932 4287
f 6937 6934 6935 4318
f 6942 6938 6939 4735
f 6940 6943 6935 4449
f 6944 6946 5455 4318
f 6952 6949 6950 4480
f 6952 6953 5641 4394
f 6954 6955 6956 4393
f 5477 6958 6959 4329
f 5645 6961 6962 4395
f 6967 6964 6965 4290
f 6966 6968 6915 4730
f 6017 6970 6971 4479
f 6974 6973 6930 4284
f 6963 6975 5391 4282
f 5648 6976 6977 3886
f 6983 6980 6981 3956
f 6977 6984 5661 3886
f 6985 6986 5709 4400
f 6990 6988 5719 4399
f 6989 6991 5681 4403
f 6994 6993 5760 4419
f 6998 6995 6996 4739
f 7002 6999 7000 4740
f 7005 7003 5463 4322
f 7007 7006 5908 4458
f 5505 7008 7009 4046
f 5592 7010 5651 3981
f 7015 7012 6583 4653
f 7018 7016 6585 4655
f 7021 7019 6586 4656
f 7023 7022 6591 4657
f 7027 7024 7025 4664
f 7031 7028 7029 4666
f 5759 7034 7035 4420
f 7038 7036 7037 4740
f 7040 7039 7037 4425
f 5758 7041 6996 4419
f 5739 7042 5427 4307
f 7045 7043 7044 4299
f 7040 7046 6292 3892
f 5923 7048 7049 4430
f 7053 7052 5783 4427
f 7056 7054 7055 4310
f 5787 7057 7058 4429
f 7058 7059 7060 4429
f 7062 7061 7060 3898
f 5810 7063 5794 4314
f 7067 7065 7064 4315
f 5801 7068 7053 4427
f 7072 7069 7070 4731
f 6918 7073 6042 4482
f 7075 7074 5863 3905
f 7078 7076 4813 3906
f 5011 7079 7080 4037
f 5876 7082 5009 4036
f 5818 7084 7083 4043
f 5865 7085 4825 3914
f 5836 7086 5840 4439
f 7089 7088 7087 4440
f 7091 7090 5841 3917
f 5853 7092 4835 3921
f 4846 7093 6006 3928
f 4844 7096 7097 3927
f 7102 7101 5456 3933
f 5883 7103 7104 4450
f 5872 7106 6299 4044
f 7108 7107 4858 3936
f 5837 7109 7089 4440
f 6939 7111 7112 4735
f 6041 7113 6969 4487
f 7108 7114 5882 4450
f 5816 7115 5826 3912
f 5736 7116 5748 4412
f 5412 7118 7045 4299
f 7009 7119 5460 4046
f 4834 7120 5888 3922
f 5894 7121 7122 4453
f 5915 7124 7125 4320
f 5464 7126 7127 4322
f 7131 7130 7128 4745
f 4884 7132 6978 3955
f 5420 7134 5792 4302
f 6881 7136 5419 4300
f 5951 7137 7138 3964
f 5467 7140 7138 4324
f 7122 7141 5938 4453
f 7139 7142 5466 4324
f 6888 7143 5975 4470
f 4897 7145 7144 3964
f 5415 7146 7147 4301
f 7151 7148 7149 4471
f 7149 7152 5980 4471
f 5691 7153 5297 4223
f 7156 7155 5601 4382
f 5954 7157 7158 4328
f 5473 7159 5989 4327
f 5956 7160 5970 4468
f 7164 7162 6921 4037
f 6025 7165 7166 4118
f 4939 7167 6917 3991
f 7072 7168 6923 4732
f 7170 7169 6956 4707
f 7173 7171 7172 4746
f 7176 7174 5934 3985
f 4942 7177 7178 3993
f 6924 7179 7071 4732
f 5484 7180 7181 4205
f 6056 7182 6052 4492
f 6757 7183 7184 4228
f 7187 7185 7186 4523
f 5482 7188 6148 4332
f 6084 7189 7190 4049
f 7192 7191 5481 4332
f 6087 7193 6079 4503
f 6098 7194 6080 4502
f 6093 7195 6107 4004
f 5491 7196 6095 4336
f 5498 7198 6155 4340
f 4966 7199 4962 4005
f 6482 7201 6108 4509
f 6772 7202 7203 4718
f 6769 7205 7206 4717
f 6786 7207 6775 4230
f 6141 7209 6126 4517
f 6136 7210 7211 4520
f 7213 7212 6123 4142
f 5312 7214 6783 4232
f 7216 7215 6129 4518
f 6171 7217 6133 4519
f 7219 7218 6144 4521
f 7222 7220 7221 4748
f 7225 7223 7224 4749
f 7228 7226 4983 4019
f 6150 7229 7230 4524
f 6160 7231 6145 4522
f 7227 7232 7233 4749
f 7235 7234 6762 4716
f 7206 7236 6765 4717
f 4970 7237 7200 4007
f 6154 7238 6157 4526
f 5497 7239 6166 4339
f 4992 7240 6779 4025
f 6239 7241 6710 4553
f 6169 7243 6284 4529
f 6285 7244 6172 4529
f 7247 7245 6191 4536
f 6205 7248 5000 4028
f 6221 7249 6192 4534
f 7253 7251 6199 4540
f 6204 7254 6212 4541
f 7181 7255 7256 4205
f 7259 7257 7258 4713
f 6746 7260 7259 4713
f 6195 7261 7262 4538
f 7252 7263 6226 4539
f 6287 7264 6872 4532
f 6244 7265 6849 4557
f 7267 7268 6280 4568
f 6258 7270 6261 4563
f 6262 7272 6257 4563
f 6279 7273 7274 4551
f 6225 7276 5892 3947
f 6235 7277 6281 4549
f 5735 7280 5437 4312
f 4819 7282 6295 3910
f 6296 7283 5458 4319
f 7285 7284 6283 4341
f 6137 7286 6146 4013
f 4987 7288 7287 4021
f 6838 7289 5031 4052
f 5615 7290 7291 4204
f 7297 7293 7294 4572
f 6702 7298 5571 4367
f 7299 7300 7294 4750
f 6313 7302 7297 4572
f 7305 7303 7304 4355
f 5539 7306 7305 4355
f 6324 7307 6317 4574
f 6332 7309 6334 4577
f 6396 7310 5043 4060
f 6337 7312 7313 4062
f 5538 7314 6338 4063
f 6558 7315 7316 4375
f 6870 7317 7318 4710
f 5542 7320 6833 4254
f 6801 7321 5059 4072
f 7323 7322 6556 4649
f 7326 7324 7325 4725
f 6264 7327 5371 4270
f 6715 7329 7330 4709
f 6375 7331 6842 4351
f 6843 7333 5530 4350
f 7335 7334 6409 4359
f 7330 7336 7337 4709
f 6387 7338 5260 4200
f 7340 7339 7173 4746
f 6002 7341 7342 4475
f 7337 7344 6714 4709
f 6348 7346 7347 4582
f 6353 7348 7349 4583
f 7351 7350 7323 4649
f 5055 7352 7319 4068
f 7328 7353 7332 4588
f 7355 7354 7335 4359
f 7357 7356 6412 4595
f 6413 7358 7359 4595
f 7361 7360 7359 4597
f 6894 7362 5117 4105
f 6892 7363 6416 4596
f 5382 7364 6908 4277
f 5557 7365 7366 4360
f 6421 7367 7361 4597
f 6425 7369 7370 4598
f 5564 7371 7372 4363
f 5565 7373 7368 4364
f 6897 7375 5128 4112
f 6699 7376 7166 4705
f 7378 7377 6901 4729
f 6429 7379 6896 4600
f 7313 7381 7382 4062
f 7382 7383 5046 4062
f 7170 7384 6310 3995
f 5360 7385 6437 4262
f 6481 7387 7388 4623
f 7391 7389 7390 4613
f 6457 7392 6449 4611
f 7397 7395 7396 4621
f 6475 7398 7399 4618
f 6471 7400 6793 4615
f 7397 7402 7403 4132
f 7405 7404 7403 4624
f 7391 7406 6480 4623
f 7410 7408 6484 4625
f 7412 7411 6798 4721
f 6499 7413 7414 4632
f 7415 7418 6498 4632
f 6494 7420 7421 4629
f 7412 7423 7424 4627
f 6490 7426 7427 4626
f 6485 7428 7429 4625
f 7432 7430 7431 4723
f 5170 7433 7434 4137
f 6510 7436 6502 4634
f 7440 7438 6501 4158
f 6507 7441 7442 4635
f 5335 7444 7443 4140
f 6113 7445 5174 4141
f 7439 7447 6503 4633
f 6521 7448 6517 4636
f 7417 7449 7450 4752
f 7419 7452 7453 4631
f 6497 7454 7455 4630
f 6540 7456 6537 4156
f 7460 7458 6536 4208
f 7318 7461 6723 4710
f 7464 7463 7462 4152
f 6543 7465 7437 4643
f 7440 7467 7468 4136
f 7471 7470 7468 4269
f 7473 7472 6865 4727
f 5249 7474 7475 4193
f 7479 7476 7477 4753
f 7481 7480 6131 4206
f 7483 7482 6550 4648
f 7351 7484 5367 4267
f 6399 7485 7486 4594
f 7316 7488 5586 4375
f 5328 7490 5210 4167
f 7494 7492 7493 4724
f 6579 7495 5278 4212
f 7498 7497 5277 4211
f 5222 7499 5273 4174
f 7460 7501 6816 4148
f 7410 7503 7504 4751
f 6569 7505 7455 4214
f 7494 7507 5211 4168
f 7510 7508 5218 4172
f 7498 7511 7512 4171
f 7025 7513 6599 4664
f 7029 7514 6601 4666
f 7518 7516 7517 4673
f 6615 7519 6608 4671
f 7523 7524 6609 4668
f 6616 7525 7518 4673
f 7526 7527 6603 4667
f 7530 7528 7529 4755
f 7533 7531 7530 4755
f 7535 7534 7532 4756
f 7543 7542 7017 4743
f 7541 7544 7545 4741
f 7548 7546 7537 4304
f 7550 7549 6620 4186
f 7553 7551 5425 4305
f 5594 7554 7550 4186
f 6627 7555 6640 4678
f 5239 7557 7558 4188
f 7564 7561 7562 4699
f 6679 7565 6650 4691
f 6639 7566 6662 4682
f 7556 7568 7567 4683
f 6632 7569 6666 4680
f 7543 7570 6659 4694
f 6680 7571 7564 4699
f 7575 7577 7553 4305
f 5982 7579 7580 3978
f 5986 7581 7582 4473
f 7154 7583 6733 4222
f 7586 7584 7585 4303
f 5208 7588 5583 4165
f 7479 7589 5251 4193
f 5206 7592 7386 4163
f 7593 7594 6436 4605
f 6309 7596 5033 3994
f 6803 7597 7502 4176
f 6726 7598 6533 4641
f 7599 7600 7509 4249
f 5434 7601 7056 4310
f 5797 7602 5929 4323
f 7250 7604 7247 4536
f 5802 7605 7067 4315
f 6745 7606 6211 4544
f 7607 7608 6215 4543
f 5302 7609 5903 4226
f 6758 7610 6068 4497
f 6784 7615 5311 4232
f 6791 7617 6458 4133
f 7401 7618 7619 4720
f 7506 7622 7421 4235
f 5597 7623 5610 4378
f 7625 7624 7512 4376
f 6805 7626 6303 4090
f 7504 7627 7409 4751
f 7469 7628 7487 4268
f 7629 7630 7489 4754
f 7631 7632 5585 4374
f 7635 7634 6562 4651
f 5063 7636 5524 4074
f 5042 7637 7638 4058
f 7311 7640 7639 4059
f 5527 7641 6840 4348
f 5182 7643 6722 4146
f 5619 7646 5616 4204
f 6560 7647 7635 4651
f 7435 7648 7431 4248
f 7650 7649 6532 4249
f 7650 7651 6720 4250
f 6825 7652 7493 4238
f 5329 7653 5332 4244
f 7655 7654 6328 4578
f 5339 7656 6335 4198
f 6831 7657 5143 4121
f 5340 7658 6356 4253
f 7659 7660 6361 4584
f 7642 7661 5071 4077
f 7644 7662 5188 4149
f 7664 7663 6305 4570
f 6836 7665 6307 4255
f 6862 7667 7325 4603
f 6860 7668 6438 4603
f 6854 7669 5501 4342
f 7590 7670 7671 4195
f 7674 7673 7595 4265
f 6868 7675 6548 4646
f 6866 7676 7473 4727
f 5110 7677 5354 4100
f 7672 7678 5166 4135
f 7481 7680 7591 4753
f 7175 7681 4934 3988
f 7275 7683 7684 3986
f 7684 7685 4931 3986
f 7343 7686 6415 4389
f 6875 7688 5809 4314
f 5373 7689 5077 4082
f 5375 7690 5088 4088
f 6885 7691 6394 4593
f 7693 7692 7340 4746
f 7693 7694 5988 4353
f 7696 7695 4811 3902
f 5961 7697 5948 4467
f 5627 7698 4913 3971
f 6883 7699 7150 4728
f 7164 7700 6698 4705
f 7701 7702 6694 4703
f 7094 7703 6910 4275
f 5636 7704 5567 4116
f 5638 7705 5553 4101
f 5635 7707 5130 4111
f 7708 7709 6427 4113
f 6906 7711 7378 4729
f 7706 7712 5116 4104
f 6905 7713 5381 4277
f 7095 7714 5859 4444
f 5385 7716 5868 4279
f 6014 7717 5877 4447
f 6933 7718 6927 4733
f 7721 7719 7099 3932
f 7178 7722 5642 3993
f 6950 7723 6018 4480
f 6967 7724 4940 3990
f 5454 7725 7100 3933
f 7726 7727 7721 3932
f 7127 7728 7005 4322
f 6987 7729 5704 4408
f 6990 7731 7047 4424
f 5714 7732 5752 4407
f 5429 7733 5431 4308
f 6979 7734 4885 3955
f 7735 7736 4880 3953
f 7738 7737 5905 3942
f 7738 7739 7044 4460
f 7133 7740 5920 4219
f 7741 7742 4878 3950
f 5979 7743 7151 4471
f 5424 7744 7548 4304
f 7013 7745 5233 4182
f 7026 7746 6595 4659
f 7030 7747 6600 4661
f 7752 7750 5712 4786
f 7755 7753 5679 4777
f 7758 7756 5717 4774
f 7761 7759 5654 4763
f 7764 7762 5702 4760
f 7767 7765 5707 4787
f 7770 7768 5659 4765
f 4789 4788 4790 3887
f 4790 4788 4791 3888
f 4793 4792 4794 3891
f 4794 4792 4795 3892
f 4797 4796 4798 3894
f 4798 4796 4799 3895
f 4802 4800 4803 3898
f 4805 4804 4806 3900
f 4806 4804 4807 3901
f 4809 4808 4810 3903
f 4810 4808 4811 3904
f 4813 4812 4814 3906
f 4814 4812 4815 3907
f 4817 4816 4818 3909
f 4818 4816 4819 3910
f 4821 4820 4822 3912
f 4822 4820 4823 3908
f 4825 4824 4826 3914
f 4826 4824 4827 3915
f 4829 4828 4830 3919
f 4830 4828 4831 3920
f 4833 4832 4834 3922
f 4834 4832 4835 3923
f 4837 4836 4838 3924
f 4838 4836 4829 3919
f 4840 4839 4841 3926
f 4841 4839 4842 3918
f 4844 4843 4845 3907
f 4845 4843 4846 3928
f 4848 4847 4849 3930
f 4849 4847 4850 3931
f 4852 4851 4853 3935
f 4853 4851 4854 3936
f 4856 4855 4857 3937
f 4857 4855 4858 3938
f 4860 4859 4861 3940
f 4861 4859 4862 3941
f 4864 4863 4865 3942
f 4865 4863 4866 3943
f 4868 4867 4869 3945
f 4869 4867 4870 3946
f 4872 4871 4873 3948
f 4873 4871 4874 3949
f 4876 4875 4877 3892
f 4877 4875 4878 3951
f 4880 4879 4881 3953
f 4881 4879 4882 3954
f 4884 4883 4881 3954
f 4881 4883 4885 3953
f 4887 4886 4888 3957
f 4888 4886 4889 3958
f 4891 4890 4892 3960
f 4892 4890 4893 3961
f 4895 4894 4896 3963
f 4896 4894 4897 3964
f 4899 4898 4900 3966
f 4900 4898 4901 3967
f 4903 4902 4904 3969
f 4904 4902 4905 3970
f 4907 4906 4908 3972
f 4908 4906 4909 3973
f 4911 4910 4912 3923
f 4912 4910 4913 3974
f 4915 4914 4916 3976
f 4916 4914 4917 3977
f 4919 4918 4917 3975
f 4917 4918 4920 3977
f 4922 4921 4923 3979
f 4923 4921 4924 3980
f 4926 4925 4927 3982
f 4927 4925 4928 3983
f 4930 4929 4931 3985
f 4931 4929 4932 3986
f 4934 4933 4935 3988
f 4935 4933 4936 3989
f 4938 4937 4939 3991
f 4939 4937 4940 3992
f 4942 4941 4943 3994
f 4943 4941 4944 3995
f 4946 4945 4947 3997
f 4947 4945 4948 3992
f 4951 4949 4952 3994
f 4954 4953 4955 4000
f 4955 4953 4956 4001
f 4958 4957 4959 4003
f 4959 4957 4960 4004
f 4962 4961 4963 4005
f 4963 4961 4964 4006
f 4966 4965 4967 4007
f 4967 4965 4968 4008
f 4970 4969 4971 4009
f 4971 4969 4972 4010
f 4974 4973 4975 4012
f 4975 4973 4976 4013
f 4978 4977 4979 4015
f 4979 4977 4980 4016
f 4982 4981 4983 4018
f 4983 4981 4984 4019
f 4986 4985 4987 4021
f 4987 4985 4988 4022
f 4990 4989 4991 4024
f 4991 4989 4992 4025
f 4994 4993 4995 4027
f 4995 4993 4996 4023
f 4998 4997 4999 4029
f 4999 4997 5000 4030
f 5002 5001 5003 4032
f 5003 5001 5004 4033
f 5003 5005 5006 4032
f 5006 5005 5007 4034
f 5009 5008 5010 4036
f 5010 5008 5011 4037
f 5013 5012 5014 4039
f 5014 5012 5015 3893
f 5017 5016 5018 4041
f 5018 5016 5019 4042
f 5021 5020 5022 3941
f 5022 5020 5023 4045
f 5025 5024 5026 4047
f 5026 5024 5027 4048
f 5031 5029 5032 4052
f 5035 5034 5036 4055
f 5036 5034 5037 4056
f 5036 5038 5039 4055
f 5039 5038 5040 4057
f 5042 5041 5043 4059
f 5043 5041 5044 4060
f 5046 5045 5047 4062
f 5047 5045 5048 4063
f 5050 5049 5051 4065
f 5051 5049 5052 4066
f 5054 5053 5055 4068
f 5055 5053 5056 4069
f 5058 5057 5059 4071
f 5059 5057 5060 4072
f 5062 5061 5063 4074
f 5063 5061 5064 4075
f 5066 5065 5058 4071
f 5058 5065 5067 4070
f 5069 5068 5070 4070
f 5070 5068 5071 4078
f 5073 5072 5074 4080
f 5074 5072 5075 4081
f 5074 5076 5077 4080
f 5077 5076 5078 4082
f 5080 5079 5081 4079
f 5081 5079 5082 4084
f 5084 5083 5085 4086
f 5085 5083 5086 4087
f 5088 5087 5089 4088
f 5089 5087 5084 4086
f 5039 5090 5035 4055
f 5035 5090 5091 4054
f 5093 5092 5094 4090
f 5094 5092 5095 4091
f 5097 5096 5098 4093
f 5098 5096 5099 4094
f 5101 5100 5102 4096
f 5102 5100 5103 4097
f 5105 5104 5078 4081
f 5078 5104 5106 4082
f 5108 5107 5109 4099
f 5109 5107 5110 4100
f 5112 5111 5113 4101
f 5113 5111 5114 4102
f 5116 5115 5117 4104
f 5117 5115 5118 4105
f 5120 5119 5121 4107
f 5121 5119 5122 4108
f 5124 5123 5125 4110
f 5125 5123 5126 4061
f 5128 5127 5129 4112
f 5129 5127 5130 4113
f 5132 5131 5133 4115
f 5133 5131 5134 4116
f 5125 5135 5136 4110
f 5136 5135 5137 4117
f 5139 5138 5140 4119
f 5140 5138 5141 4115
f 5143 5142 5144 4121
f 5144 5142 5145 4122
f 5147 5146 5144 4122
f 5144 5146 5148 4121
f 5150 5149 5151 4124
f 5151 5149 5152 4125
f 5154 5153 5155 4127
f 5155 5153 5156 4128
f 5158 5157 5159 4130
f 5159 5157 5160 4131
f 5162 5161 5163 4132
f 5163 5161 5164 4133
f 5166 5165 5167 4135
f 5167 5165 5168 4136
f 5170 5169 5171 4138
f 5171 5169 5172 4139
f 5174 5173 5175 4141
f 5175 5173 5176 4142
f 5178 5177 5179 4144
f 5179 5177 5180 4145
f 5182 5181 5183 4147
f 5183 5181 5184 4148
f 5186 5185 5187 4150
f 5187 5185 5188 4151
f 5190 5189 5191 4153
f 5191 5189 5192 4154
f 5194 5193 5195 4156
f 5195 5193 5196 4157
f 5198 5197 5199 4159
f 5199 5197 5200 4160
f 5202 5201 5203 4161
f 5203 5201 5204 4162
f 5206 5205 5207 4164
f 5207 5205 5208 4165
f 5210 5209 5211 4167
f 5211 5209 5212 4168
f 5214 5213 5215 4170
f 5215 5213 5216 4171
f 5214 5217 5218 4169
f 5218 5217 5219 4172
f 5221 5220 5222 4174
f 5222 5220 5223 4175
f 5225 5224 5226 4177
f 5226 5224 5227 4175
f 5229 5228 5230 4179
f 5230 5228 5231 4180
f 5233 5232 5234 4182
f 5234 5232 5235 4183
f 5238 5237 5239 4188
f 5239 5237 5240 4189
f 5242 5241 5243 4191
f 5243 5241 5244 4163
f 5246 5245 5242 4191
f 5242 5245 5247 4190
f 5249 5248 5250 4194
f 5250 5248 5251 4195
f 5253 5252 5254 4058
f 5254 5252 5255 4197
f 5257 5256 5255 4196
f 5255 5256 5258 4197
f 5260 5259 5261 4200
f 5261 5259 5262 4201
f 5264 5263 5265 4202
f 5265 5263 5266 4203
f 5269 5268 5270 4015
f 5270 5268 5271 4207
f 5273 5272 5274 4174
f 5274 5272 5275 4209
f 5277 5276 5278 4211
f 5278 5276 5279 4212
f 5229 5280 5281 4178
f 5281 5280 5282 4072
f 5284 5283 5285 4214
f 5285 5283 5286 4215
f 5288 5287 5289 4216
f 5289 5287 5290 4217
f 5292 5291 5293 4219
f 5293 5291 5294 4220
f 5296 5295 5297 4222
f 5297 5295 5298 4223
f 5300 5299 5301 4225
f 5301 5299 5302 4226
f 5306 5305 5307 4230
f 5307 5305 5308 4016
f 5310 5309 5311 4231
f 5311 5309 5312 4232
f 5316 5315 4955 4001
f 4955 5315 5317 4000
f 5319 5318 5320 4239
f 5320 5318 5321 4240
f 5323 5322 5324 4242
f 5324 5322 5325 4211
f 5327 5326 5328 4167
f 5328 5326 5329 4244
f 5331 5330 5332 4245
f 5332 5330 5333 4244
f 5335 5334 5336 4246
f 5336 5334 5337 4247
f 5339 5338 5340 4253
f 5340 5338 5341 4123
f 5343 5342 5344 4078
f 5344 5342 5345 4254
f 5347 5346 5348 4257
f 5348 5346 5349 4057
f 5351 5350 5040 4056
f 5040 5350 5352 4057
f 5354 5353 5355 4100
f 5355 5353 5356 4260
f 5358 5357 5359 4261
f 5359 5357 5360 4262
f 5362 5361 5187 4151
f 5187 5361 5363 4150
f 5365 5364 5366 4268
f 5366 5364 5367 4269
f 5369 5368 5370 4271
f 5370 5368 5371 4272
f 5373 5372 5374 4203
f 5374 5372 5375 4088
f 5377 5376 5378 4274
f 5378 5376 5379 4275
f 5381 5380 5382 4277
f 5382 5380 5383 4278
f 5385 5384 5386 4280
f 5386 5384 5387 4281
f 5389 5388 5390 4283
f 5390 5388 5391 4284
f 5393 5392 5394 4286
f 5394 5392 5395 4287
f 5398 5397 5399 4292
f 5399 5397 5400 4293
f 5404 5403 5405 4040
f 5405 5403 5406 4297
f 5408 5407 5409 4298
f 5409 5407 4793 3891
f 5411 5410 5412 4299
f 5412 5410 5413 3940
f 5415 5414 5416 4302
f 5416 5414 5417 4300
f 5419 5418 5416 4300
f 5416 5418 5420 4302
f 5423 5421 5424 4304
f 5427 5426 5428 4307
f 5428 5426 5429 4308
f 5409 5430 5431 4298
f 5431 5430 5432 4308
f 5434 5433 4790 3888
f 4790 5433 5435 3887
f 5437 5436 5438 4312
f 5438 5436 5439 4296
f 5441 5440 5442 4313
f 5442 5440 4807 3899
f 5444 5443 4810 3904
f 4810 5443 5445 3903
f 5447 5446 5387 4279
f 5387 5446 5448 4281
f 5450 5449 5451 4316
f 5451 5449 5452 3921
f 5454 5453 5455 4317
f 5455 5453 5456 4318
f 5458 5457 5459 4319
f 5459 5457 5460 3913
f 5462 5461 5463 4321
f 5463 5461 5464 4322
f 5466 5465 5467 4324
f 5467 5465 5468 4325
f 5470 5469 4805 3900
f 4805 5469 5471 3899
f 5473 5472 5474 4328
f 5474 5472 5475 3962
f 5477 5476 4946 3997
f 4946 5476 5478 3996
f 5480 5479 5481 4331
f 5481 5479 5482 4332
f 5484 5483 5316 4001
f 5316 5483 5485 4234
f 5487 5486 5488 4334
f 5488 5486 5489 4335
f 5491 5490 5492 4337
f 5492 5490 5493 4338
f 5308 5494 4979 4016
f 4979 5494 5495 4015
f 5497 5496 5498 4340
f 5498 5496 5499 4333
f 5501 5500 5502 4342
f 5502 5500 5503 4343
f 5505 5504 4862 3939
f 4862 5504 5506 3941
f 5508 5507 5389 4283
f 5389 5507 5509 4282
f 5511 5510 5393 4286
f 5393 5510 5512 4285
f 5514 5513 5515 4345
f 5515 5513 5516 4347
f 5518 5517 5050 4065
f 5050 5517 5519 4064
f 5231 5520 5521 4180
f 5521 5520 5522 4078
f 5524 5523 5062 4074
f 5062 5523 5525 4073
f 5527 5526 5098 4094
f 5098 5526 5528 4093
f 5530 5529 5531 4350
f 5531 5529 5532 4351
f 5534 5533 5535 4353
f 5535 5533 5536 4354
f 5538 5537 5539 4355
f 5539 5537 5540 4356
f 5542 5541 5543 4069
f 5543 5541 5544 4125
f 5546 5545 5356 4259
f 5356 5545 5547 4260
f 5549 5548 5550 4357
f 5550 5548 5551 4359
f 5553 5552 5112 4101
f 5112 5552 5554 4097
f 5556 5555 5557 4360
f 5557 5555 5558 4361
f 5145 5559 5560 4122
f 5560 5559 5561 4362
f 5563 5562 5564 4363
f 5564 5562 5565 4364
f 5567 5566 5133 4116
f 5133 5566 5568 4115
f 5570 5569 5571 4366
f 5571 5569 5572 4367
f 5574 5573 5159 4131
f 5159 5573 5575 4130
f 5577 5576 5578 4369
f 5578 5576 5579 4370
f 5581 5580 5582 4371
f 5582 5580 5583 4372
f 5585 5584 5586 4374
f 5586 5584 5587 4375
f 5589 5588 5325 4241
f 5325 5588 5590 4211
f 5592 5591 5235 4181
f 5235 5591 5593 4183
f 5595 5596 5597 4378
f 5597 5596 5598 4380
f 5600 5599 5601 3981
f 5601 5599 5602 4382
f 5604 5603 5605 4383
f 5605 5603 5317 4234
f 5609 5607 5610 4386
f 5612 5611 5589 4241
f 5589 5611 5613 4376
f 5615 5614 5351 4056
f 5351 5614 5616 4258
f 5570 5617 5618 4365
f 5618 5617 5619 4204
f 5621 5620 5622 4387
f 5622 5620 5623 4077
f 5080 5624 5625 4083
f 5625 5624 5073 4080
f 5627 5626 4919 3975
f 4919 5626 5628 3916
f 5630 5629 5631 4391
f 5631 5629 5632 4392
f 5634 5633 5635 4111
f 5635 5633 5636 4116
f 5556 5637 5113 4102
f 5113 5637 5638 4101
f 5640 5639 5641 4393
f 5641 5639 5642 4394
f 5514 5643 5644 4346
f 5644 5643 5645 4395
f 5647 5646 4789 3887
f 4789 5646 5648 3886
f 5600 5649 5650 4381
f 5650 5649 5651 4397
f 5653 5652 5654 4761
f 5654 5652 5655 4763
f 5655 5652 5656 4399
f 5658 5657 5659 4759
f 5659 5657 5660 4765
f 5660 5657 5661 4400
f 5663 5662 5664 4769
f 5664 5662 5665 3888
f 5665 5662 5666 4401
f 5668 5667 5669 4401
f 5669 5667 5670 4402
f 5670 5667 5671 4770
f 5673 5672 5674 4221
f 5674 5672 5675 4772
f 5675 5672 5676 4771
f 5678 5677 5679 4775
f 5679 5677 5680 4777
f 5680 5677 5681 4404
f 5683 5682 5684 4779
f 5684 5682 5685 4781
f 5685 5682 5686 4405
f 5688 5687 5689 4780
f 5689 5687 5690 4783
f 5690 5687 5691 4223
f 5697 5696 4791 3886
f 4791 5696 5698 3888
f 5698 5696 5699 4768
f 5701 5700 5702 4406
f 5702 5700 5703 4760
f 5703 5700 5704 4398
f 5706 5705 5707 4764
f 5707 5705 5708 4787
f 5708 5705 5709 4408
f 5711 5710 5712 4776
f 5712 5710 5713 4786
f 5713 5710 5714 4407
f 5716 5715 5717 4762
f 5717 5715 5718 4774
f 5718 5715 5719 4403
f 5721 5720 5722 4784
f 5722 5720 5723 4778
f 5723 5720 4923 3980
f 5725 5724 5726 4773
f 5726 5724 5298 4221
f 5298 5724 5727 4223
f 5730 5729 5731 4309
f 5733 5732 5734 4411
f 5734 5732 5735 4312
f 5735 5732 5736 4412
f 5738 5737 5739 4307
f 5739 5737 5733 4411
f 5733 5737 5740 4410
f 5742 5741 5428 4308
f 5428 5741 5738 4307
f 5738 5741 5743 4413
f 4794 5744 5432 3891
f 5432 5744 5745 4308
f 5745 5744 4877 3951
f 5747 5746 5748 4045
f 5748 5746 5749 4412
f 5749 5746 5730 4309
f 5751 5750 5752 4416
f 5752 5750 5753 4407
f 5758 5757 5759 4420
f 5759 5757 5017 4041
f 5017 5757 5760 4040
f 5762 5761 5763 4421
f 5763 5761 5764 4422
f 5764 5761 5751 4416
f 5766 5765 5018 4042
f 5018 5765 5767 4041
f 5767 5765 5754 4415
f 5439 5768 5406 4296
f 5406 5768 5769 4297
f 5734 5770 5771 4411
f 5771 5770 5772 4423
f 5772 5770 5438 4296
f 5774 5773 5763 4422
f 5763 5773 5775 4421
f 5775 5773 5776 4425
f 4797 5777 5778 3893
f 5778 5777 5779 4426
f 5785 5784 5786 4313
f 5786 5784 5787 4429
f 5787 5784 5788 4430
f 5790 5789 5791 3968
f 5791 5789 5785 4313
f 5785 5789 5792 4428
f 5794 5793 5445 4314
f 5445 5793 5795 3903
f 5795 5793 4891 3960
f 5797 5796 5015 4038
f 5015 5796 5798 3893
f 5798 5796 5799 4431
f 4798 5800 5782 3894
f 5782 5800 5801 4427
f 5801 5800 5802 4315
f 5013 5803 5805 4038
f 5805 5803 5806 4433
f 5808 5807 5809 3901
f 5809 5807 5810 4314
f 5816 5815 5817 3935
f 5817 5815 5818 4043
f 5818 5815 4822 3908
f 4817 5819 5820 3908
f 5820 5819 5821 4436
f 5821 5819 5822 4437
f 5824 5823 5825 4048
f 5825 5823 5826 3937
f 5826 5823 4821 3912
f 4818 5827 5828 3909
f 5828 5827 5459 3913
f 5459 5827 5829 4319
f 5831 5830 5832 3945
f 5832 5830 5833 3914
f 5833 5830 5448 3929
f 5835 5834 5836 4439
f 5836 5834 5837 4440
f 5837 5834 5838 4441
f 5840 5839 5835 4439
f 5835 5839 5841 4438
f 5841 5839 5842 3917
f 5844 5843 5845 3916
f 5845 5843 5846 3925
f 5846 5843 4908 3973
f 5848 5847 5846 3973
f 5846 5847 4842 3925
f 4842 5847 4831 3918
f 5850 5849 5838 4438
f 5838 5849 5851 4441
f 5851 5849 4840 3926
f 5853 5852 5848 3973
f 5848 5852 5452 3920
f 4841 5854 5855 3926
f 5855 5854 5856 4442
f 5856 5854 4837 3924
f 5858 5857 5859 4443
f 5859 5857 5860 4444
f 5860 5857 5851 3926
f 5862 5861 4849 3931
f 4849 5861 5863 3930
f 5863 5861 4815 3905
f 5833 5864 5865 3914
f 5865 5864 5866 4437
f 5866 5864 4848 3930
f 5868 5867 5447 4279
f 5447 5867 4850 3929
f 4850 5867 5869 3931
f 5871 5870 5872 4044
f 5872 5870 5873 4446
f 5873 5870 5874 3938
f 5876 5875 4852 3935
f 4852 5875 5877 3934
f 5877 5875 5878 4447
f 5880 5879 5881 4449
f 5881 5879 5882 4293
f 5882 5879 5883 4450
f 5874 5884 4857 3938
f 4857 5884 5825 3937
f 5825 5884 5026 4048
f 4868 5885 5886 3944
f 5886 5885 4826 3915
f 4826 5885 5832 3914
f 5888 5887 5889 3922
f 5889 5887 5890 3962
f 5892 5891 4874 3947
f 4874 5891 5893 3949
f 5893 5891 5894 4453
f 5896 5895 5897 4455
f 5897 5895 4873 3949
f 4873 5895 5898 3948
f 5900 5899 5901 4456
f 5902 5899 5903 4457
f 5905 5904 4864 3942
f 4864 5904 5886 3915
f 5886 5904 5906 3944
f 5908 5907 5906 4458
f 5906 5907 4870 3944
f 4870 5907 5909 3946
f 5743 5910 5911 4413
f 5911 5910 5912 4460
f 5912 5910 5913 4461
f 5462 5914 5915 4320
f 5915 5914 5913 4414
f 5913 5914 5916 4461
f 5918 5917 5919 4462
f 5919 5917 5920 3950
f 5920 5917 5292 4219
f 5922 5921 5788 4428
f 5788 5921 5923 4430
f 5923 5921 5924 4396
f 4888 5925 5926 3957
f 5926 5925 5909 4459
f 5909 5925 5927 3946
f 5929 5928 5468 4323
f 5468 5928 5930 4325
f 5930 5928 5931 4465
f 5933 5932 5934 3964
f 5934 5932 4930 3985
f 4930 5932 5935 3984
f 5937 5936 5931 4464
f 5931 5936 5938 4465
f 5938 5936 5893 4453
f 5940 5939 5941 4224
f 5941 5939 5942 4466
f 5942 5939 5896 4455
f 5944 5943 4892 3961
f 4892 5943 5795 3960
f 5795 5943 5945 3903
f 5947 5946 5945 4326
f 5945 5946 4809 3903
f 4809 5946 5948 3902
f 5947 5949 5950 4467
f 5950 5949 5951 3964
f 5953 5952 4895 3963
f 4895 5952 5474 3962
f 5474 5952 5954 4328
f 5956 5955 5632 4390
f 5632 5955 5957 4392
f 5957 5955 5958 4467
f 4899 5959 5960 3965
f 5960 5959 5958 4468
f 5958 5959 5961 4467
f 4901 5962 5471 3967
f 5471 5962 5963 3899
f 5963 5962 5964 3970
f 4905 5965 5963 3970
f 5963 5965 5442 3899
f 5442 5965 5791 4313
f 5927 5966 5967 3946
f 5967 5966 5968 4469
f 5964 5969 4904 3970
f 4904 5969 5970 3969
f 5970 5969 5960 4468
f 5972 5971 4916 3977
f 4916 5971 5973 3976
f 5973 5971 5631 4392
f 5975 5974 5976 4470
f 5976 5974 4912 3974
f 4912 5974 5977 3923
f 5979 5978 5967 4469
f 5967 5978 5842 3946
f 5842 5978 5980 3917
f 4922 5981 5982 3978
f 5982 5981 5983 4472
f 5985 5984 5986 4473
f 5986 5984 4924 3978
f 4924 5984 5686 3980
f 5988 5987 5534 4353
f 5534 5987 5989 4352
f 5989 5987 5990 4327
f 5992 5991 5262 4199
f 5262 5991 5993 4201
f 5993 5991 5450 4316
f 5995 5994 5996 4474
f 5996 5994 5992 4199
f 5992 5994 4830 3920
f 5998 5997 5999 4087
f 5999 5997 5995 4474
f 5995 5997 4838 3919
f 6001 6000 6002 4475
f 6002 6000 5998 4087
f 5998 6000 6003 3924
f 6005 6004 5379 4273
f 5379 6004 6006 4275
f 6006 6004 6007 3928
f 6009 6008 6007 4476
f 6007 6008 4845 3928
f 4845 6008 4814 3907
f 5475 6010 5889 3962
f 5889 6010 5990 3922
f 6012 6011 6013 4478
f 6013 6011 6014 4447
f 6014 6011 6015 4290
f 6017 6016 6018 4295
f 6018 6016 6019 4480
f 6019 6016 6020 4481
f 4938 6021 6022 3990
f 6022 6021 6023 4482
f 6025 6024 5478 4329
f 5478 6024 6026 3996
f 6026 6024 5139 4119
f 6028 6027 5508 4283
f 5508 6027 6026 4119
f 6026 6027 6029 3996
f 6031 6030 6029 4483
f 6029 6030 6032 3996
f 6032 6030 6033 4485
f 6035 6034 6036 4486
f 6036 6034 6020 4479
f 5953 6037 6038 3988
f 6038 6037 4896 3964
f 6040 6039 6041 4487
f 6041 6039 6042 4488
f 6042 6039 6022 4482
f 6044 6043 5604 4383
f 5604 6043 4954 4000
f 4954 6043 6045 3999
f 6047 6046 6048 4490
f 6048 6046 5605 4234
f 5605 6046 6044 4383
f 6051 6050 6047 4490
f 6047 6050 6052 4489
f 6052 6050 6053 4492
f 6055 6054 6056 4492
f 6056 6054 6057 4330
f 6057 6054 6058 4494
f 6060 6059 6053 4491
f 6053 6059 6055 4492
f 6055 6059 6061 4493
f 6063 6062 6064 4495
f 6064 6062 6061 4233
f 6061 6062 6058 4493
f 6066 6065 5606 4384
f 5313 6065 6064 4233
f 6068 6067 6069 4497
f 6069 6067 6070 4495
f 6070 6067 6071 4498
f 6073 6072 6074 4500
f 6074 6072 6075 4049
f 6075 6072 6076 4501
f 6078 6077 6076 4499
f 6076 6077 6079 4501
f 6079 6077 6080 4503
f 6082 6081 6083 3999
f 6083 6081 6084 4049
f 6086 6085 6087 4503
f 6087 6085 6088 3999
f 6088 6085 6089 4505
f 6092 6091 6093 4004
f 6093 6091 6094 4506
f 6094 6091 6095 4227
f 6097 6096 6098 4502
f 6098 6096 6099 4507
f 6099 6096 5487 4334
f 6101 6100 6102 4508
f 6102 6100 5499 4339
f 5499 6100 5489 4333
f 6104 6103 4960 4002
f 4960 6103 6092 4004
f 6092 6103 5493 4336
f 6107 6105 4959 4004
f 4959 6105 4964 4003
f 4967 6109 4972 4007
f 4972 6109 6110 4010
f 6110 6109 6111 4510
f 6113 6112 6110 4510
f 6110 6112 6114 4010
f 6114 6112 6115 4511
f 6117 6116 6118 4513
f 6118 6116 6119 4514
f 6119 6116 6120 4515
f 5175 6121 6115 4141
f 6115 6121 6122 4511
f 6122 6121 6123 4229
f 6125 6124 6126 4516
f 6126 6124 6127 4517
f 6127 6124 4974 4012
f 5271 6128 6129 4207
f 6129 6128 6130 4518
f 6130 6128 6131 4371
f 5582 6132 6130 4371
f 6130 6132 6133 4518
f 6133 6132 6134 4519
f 6136 6135 6137 4013
f 6137 6135 6138 4021
f 6140 6139 6141 4517
f 6141 6139 6142 4513
f 6142 6139 4982 4018
f 6144 6143 6145 4521
f 6145 6143 6146 4522
f 6146 6143 4975 4013
f 6148 6147 6149 4332
f 6149 6147 6150 4524
f 6150 6147 6151 4525
f 6153 6152 6154 4526
f 6154 6152 6073 4500
f 6073 6152 6155 4499
f 6157 6156 6158 4526
f 6158 6156 6159 4527
f 6159 6156 6160 4522
f 6102 6161 6162 4508
f 6162 6161 6163 4528
f 6163 6161 6164 4020
f 6166 6165 6164 4339
f 6164 6165 4988 4020
f 4988 6165 6167 4022
f 6169 6168 6170 4530
f 6170 6168 6171 4519
f 6171 6168 6172 4027
f 6134 6173 6170 4519
f 6170 6173 6174 4530
f 6174 6173 6175 4190
f 6177 6176 6178 4531
f 6178 6176 5247 4192
f 5247 6176 6174 4190
f 6180 6179 6181 4532
f 6181 6179 6182 4533
f 6182 6179 6183 4026
f 6183 6184 6185 4026
f 6185 6184 4986 4021
f 4986 6184 6163 4020
f 6187 6186 6188 4534
f 6188 6186 6189 4535
f 6189 6186 6101 4508
f 6191 6190 6192 4536
f 6192 6190 6187 4534
f 6194 6193 6195 4538
f 6195 6193 5006 4034
f 5006 6193 6196 4032
f 5898 6197 6198 3948
f 6198 6197 6199 4539
f 6199 6197 6200 4540
f 6202 6201 6203 4504
f 6203 6201 6204 4541
f 6204 6201 6205 4028
f 6207 6206 6208 4542
f 6208 6206 6203 4541
f 6203 6206 6089 4504
f 6210 6209 6211 4543
f 6211 6209 6212 4544
f 6212 6209 6208 4541
f 6214 6213 6215 4225
f 6215 6213 6210 4543
f 6210 6213 6216 4542
f 5940 6217 6200 4454
f 6200 6217 6218 4540
f 6218 6217 6219 4546
f 6188 6220 6221 4534
f 6221 6220 6222 4034
f 6222 6220 6223 4547
f 4872 6224 6225 3947
f 6225 6224 6226 4548
f 6226 6224 6198 4539
f 6228 6227 6229 4550
f 6229 6227 6230 4548
f 6230 6227 6231 4551
f 6233 6232 6234 4547
f 6234 6232 6228 4550
f 6228 6232 6235 4549
f 5502 6236 6237 4342
f 6237 6236 6238 4263
f 6238 6236 6239 4553
f 6241 6240 6242 4555
f 6242 6240 6243 4556
f 6243 6240 6244 4557
f 6246 6245 6247 4558
f 6247 6245 6248 4559
f 6248 6245 6242 4556
f 6250 6249 6251 4560
f 6251 6249 6246 4558
f 6246 6249 6241 4555
f 6253 6252 6254 4264
f 6254 6252 6255 4562
f 6243 6256 6257 4556
f 6257 6256 6258 4563
f 6258 6256 6259 4562
f 6261 6260 6262 4563
f 6262 6260 6263 4565
f 6263 6260 6264 4270
f 6266 6265 6267 4566
f 6267 6265 6268 4352
f 6268 6265 6263 4270
f 6270 6269 6271 3989
f 6271 6269 6266 4566
f 6266 6269 6272 4565
f 6274 6273 4936 3987
f 4936 6273 6270 3989
f 6270 6273 6247 4559
f 6276 6275 6277 4567
f 6277 6275 6274 3987
f 6274 6275 6251 4558
f 6279 6278 6280 4388
f 6280 6278 6281 4568
f 6281 6278 6231 4549
f 6283 6282 5503 4341
f 5503 6282 6284 4343
f 6284 6282 6285 4529
f 6287 6286 6288 4552
f 6288 6286 6289 4344
f 6289 6286 6181 4533
f 6291 6290 6292 4569
f 6292 6290 4876 3892
f 4876 6290 5919 3950
f 5824 6294 6295 3911
f 6295 6294 5829 3910
f 5829 6294 6296 4319
f 5025 6297 5506 4046
f 5506 6297 5021 3941
f 5021 6297 5871 4044
f 5747 6298 6299 3933
f 6299 6298 5023 4044
f 5093 6300 6301 4089
f 6301 6300 6302 4252
f 6305 6304 6306 4570
f 4943 6308 6309 3994
f 6309 6308 5618 4204
f 5618 6308 6310 4365
f 6312 6311 6313 4572
f 6313 6311 6314 4257
f 6314 6311 6315 4256
f 6317 6316 6318 4574
f 6318 6316 6315 4571
f 6315 6316 6319 4256
f 6321 6320 6322 4576
f 6322 6320 6323 4356
f 6323 6320 6324 4574
f 6326 6325 6327 4575
f 6327 6325 6328 4252
f 6328 6325 6329 4578
f 6331 6330 6321 4576
f 6321 6330 6326 4575
f 6326 6330 6332 4577
f 6334 6333 6329 4577
f 6329 6333 6335 4578
f 6335 6333 5258 4198
f 6337 6336 5644 4395
f 5644 6336 6338 4346
f 6338 6336 5047 4063
f 5515 6339 5512 4345
f 5512 6339 6340 4285
f 6340 6339 6341 4579
f 5070 6342 5060 4070
f 5060 6342 5281 4072
f 5281 6342 5522 4178
f 5320 6343 5525 4239
f 5525 6343 6344 4073
f 6344 6343 6345 4580
f 6347 6346 6348 4582
f 6348 6346 6344 4580
f 6344 6346 6349 4073
f 6351 6350 6352 4253
f 6352 6350 6353 4583
f 6353 6350 6347 4582
f 6355 6354 6356 4584
f 6356 6354 6351 4253
f 6351 6354 6357 4581
f 6349 6358 6359 4073
f 6359 6358 5066 4071
f 5066 6358 6357 4076
f 5069 6360 6361 4077
f 6361 6360 6355 4584
f 6355 6360 5067 4076
f 6363 6362 5528 4348
f 5528 6362 6364 4093
f 6364 6362 6365 4585
f 6367 6366 6368 4587
f 6368 6366 6253 4264
f 6253 6366 6369 4561
f 6268 6370 5536 4352
f 5536 6370 6371 4354
f 6371 6370 5369 4271
f 6373 6372 6374 4084
f 6374 6372 6375 4351
f 6375 6372 6376 4588
f 6378 6377 5532 4349
f 5532 6377 6379 4351
f 6381 6380 6382 4589
f 6382 6380 6383 4349
f 6383 6380 6384 4590
f 6386 6385 6387 4200
f 6387 6385 6388 4592
f 6388 6385 6389 4593
f 6391 6390 5999 4474
f 5999 6390 5085 4087
f 5085 6390 6392 4086
f 6388 6393 6392 4592
f 6392 6393 5089 4086
f 5089 6393 6394 4088
f 6396 6395 5540 4063
f 5540 6395 6322 4356
f 6322 6395 6331 4576
f 5150 6397 6398 4064
f 6398 6397 6399 4594
f 6399 6397 6400 4267
f 6402 6401 5151 4125
f 5151 6401 6403 4124
f 6403 6401 6364 4585
f 5345 6404 5544 4254
f 5544 6404 6402 4125
f 6402 6404 5097 4093
f 5355 6405 6406 4100
f 6406 6405 6407 4266
f 6407 6405 6381 4589
f 5550 6408 5547 4357
f 5547 6408 6384 4260
f 6384 6408 6409 4590
f 6411 6410 6412 4358
f 6412 6410 6413 4595
f 6413 6410 5108 4099
f 6415 6414 6416 4389
f 6416 6414 6417 4596
f 6417 6414 5102 4097
f 6419 6418 6420 4387
f 6420 6418 6421 4597
f 6421 6418 6422 4364
f 5147 6423 6424 4123
f 6424 6423 6425 4598
f 6425 6423 5560 4362
f 6427 6426 5129 4113
f 5129 6426 6428 4112
f 6428 6426 6429 4600
f 6431 6430 5132 4115
f 5132 6430 6432 4114
f 6432 6430 6433 4602
f 6435 6434 6436 4604
f 6436 6434 6437 4605
f 6437 6434 6438 4262
f 6440 6439 6383 4590
f 6383 6439 6378 4349
f 5081 6441 6379 4079
f 6379 6441 6374 4351
f 6443 6442 6444 4607
f 6444 6442 6407 4589
f 6407 6442 6445 4266
f 6447 6446 6448 4609
f 6449 6446 6450 4611
f 6452 6451 6453 4385
f 6447 6451 6454 4608
f 6456 6455 6457 4611
f 6457 6455 6458 4613
f 6458 6455 5163 4133
f 6460 6459 6461 4615
f 6465 6464 6466 4617
f 6466 6464 6463 4616
f 6468 6467 6469 4619
f 6469 6467 6470 4620
f 6470 6467 6471 4615
f 6473 6472 6474 4622
f 6474 6472 6468 4619
f 6468 6472 6475 4618
f 6477 6476 5575 4368
f 5575 6476 6478 4130
f 6478 6476 6111 4008
f 6480 6479 6481 4623
f 6481 6479 6482 4509
f 6482 6479 6478 4008
f 6484 6483 6485 4625
f 6485 6483 6486 4626
f 6486 6483 6487 4622
f 6489 6488 6474 4619
f 6474 6488 6486 4622
f 6486 6488 6490 4626
f 6492 6491 6466 4616
f 6466 6491 6493 4617
f 6493 6491 6494 4629
f 6496 6495 6497 4630
f 6497 6495 6498 4631
f 6498 6495 6499 4632
f 6501 6500 5200 4158
f 5200 6500 6502 4160
f 6502 6500 6503 4634
f 6505 6504 5168 4134
f 5168 6504 6506 4136
f 6506 6504 6507 4635
f 5172 6508 5579 4139
f 5579 6508 6509 4370
f 6509 6508 6510 4634
f 6512 6511 5155 4128
f 5155 6511 6513 4127
f 6513 6511 6477 4368
f 5178 6514 5333 4143
f 5288 6516 5179 4145
f 5179 6516 6517 4144
f 6517 6516 6518 4636
f 6520 6519 6518 4216
f 6518 6519 6521 4636
f 6521 6519 6522 4251
f 6524 6523 5285 4215
f 5285 6523 6525 4214
f 6525 6523 6526 4639
f 6528 6527 6529 4641
f 6529 6527 6524 4215
f 6524 6527 6530 4638
f 6532 6531 6533 4249
f 6533 6531 6528 4641
f 6528 6531 6534 4640
f 6536 6535 5275 4208
f 5275 6535 6537 4209
f 6537 6535 5194 4156
f 6539 6538 5195 4157
f 5195 6538 6540 4156
f 6540 6538 6541 4248
f 6543 6542 6544 4644
f 6544 6542 6545 4645
f 6545 6542 6546 4248
f 6548 6547 6549 4646
f 6549 6547 6550 4647
f 6550 6547 6551 4648
f 6553 6552 6554 4162
f 6554 6552 6555 4650
f 6555 6552 6556 4266
f 6558 6557 6559 4066
f 6559 6557 6560 4651
f 6560 6557 5587 4373
f 6562 6561 6559 4651
f 6559 6561 6563 4066
f 6563 6561 5190 4153
f 6345 6564 6565 4580
f 6565 6564 6566 4091
f 6566 6564 6567 4168
f 6525 6568 6569 4214
f 6569 6568 6570 4236
f 6572 6571 6573 4210
f 6573 6571 5290 4145
f 5290 6571 6574 4217
f 6576 6575 5180 4143
f 5180 6575 6573 4145
f 6573 6575 5279 4210
f 6578 6577 5331 4245
f 5331 6577 6576 4143
f 6576 6577 6579 4212
f 6581 6580 6582 4654
f 6582 6580 5234 4183
f 5234 6580 6583 4182
f 6585 6584 6586 4655
f 6586 6584 6587 4656
f 6587 6584 6581 4654
f 6589 6588 6590 4658
f 6590 6588 6587 4654
f 6587 6588 6591 4656
f 6593 6592 6594 4660
f 6594 6592 6589 4658
f 6589 6592 6595 4657
f 6597 6596 6598 4662
f 6598 6596 6599 4663
f 6599 6596 6600 4664
f 4926 6602 5593 3981
f 5593 6602 6603 4183
f 6603 6602 6604 4667
f 6606 6605 6607 4669
f 6607 6605 6608 4670
f 6608 6605 6609 4671
f 6611 6610 6612 4185
f 6612 6610 6606 4669
f 6606 6610 6613 4668
f 6615 6614 6616 4673
f 6616 6614 6617 4660
f 6617 6614 6618 4663
f 6622 6621 6623 4676
f 6623 6621 6624 4677
f 6626 6625 6627 4678
f 6627 6625 6622 4676
f 6622 6625 6619 4674
f 6631 6630 6632 4680
f 6632 6630 6628 4679
f 6635 6634 6636 4681
f 6636 6634 6631 4680
f 6631 6634 6623 4677
f 6638 6637 6639 4682
f 6639 6637 6640 4683
f 6640 6637 6641 4678
f 6643 6642 6644 4685
f 6644 6642 6645 4686
f 6645 6642 6646 4687
f 6648 6647 6649 4689
f 6649 6647 6650 4690
f 6650 6647 6651 4691
f 6653 6652 6654 4693
f 6654 6652 6648 4689
f 6648 6652 6655 4688
f 6658 6656 6653 4693
f 6653 6656 6659 4692
f 6662 6660 6663 4682
f 6665 6664 6666 4690
f 6666 6664 6636 4680
f 6636 6664 6667 4681
f 6654 6668 6669 4693
f 6629 6668 6670 4679
f 6655 6671 6672 4688
f 6672 6671 6673 4696
f 6673 6671 6674 4697
f 6651 6675 6676 4691
f 6676 6675 6677 4698
f 6677 6675 6672 4696
f 6679 6678 6680 4699
f 6680 6678 6681 4700
f 6681 6678 6676 4698
f 6683 6682 6646 4684
f 6646 6682 6684 4687
f 6684 6682 6685 4702
f 6687 6686 5609 4386
f 6689 6688 6690 4187
f 6690 6688 6691 4675
f 6694 6693 6695 4703
f 6695 6693 6696 4704
f 6696 6693 6005 4273
f 6698 6697 6699 4705
f 6699 6697 6700 4601
f 6700 6697 6695 4704
f 6702 6701 6340 4579
f 6340 6701 6703 4285
f 6703 6701 6704 4706
f 6706 6705 6704 4367
f 6704 6705 6707 4706
f 6707 6705 6708 4486
f 6710 6709 6711 4553
f 6711 6709 5358 4261
f 5358 6709 5246 4191
f 6713 6712 6714 4708
f 6714 6712 6715 4709
f 6715 6712 6371 4271
f 6214 6716 6717 4545
f 6717 6716 5900 4456
f 5900 6716 5301 4226
f 6719 6718 5274 4209
f 5274 6718 5221 4174
f 5221 6718 6720 4173
f 5186 6721 6722 4149
f 6722 6721 6723 4146
f 6723 6721 6724 4710
f 6529 6725 6726 4641
f 6726 6725 6727 4711
f 6727 6725 5286 4213
f 6729 6728 5756 4418
f 5756 6728 5669 4402
f 5669 6728 6730 4401
f 6732 6731 5602 4381
f 5602 6731 6733 4382
f 6733 6731 5296 4222
f 5937 6734 5897 3949
f 5897 6734 6735 4455
f 6735 6734 6736 4433
f 5806 6737 6735 4433
f 6735 6737 5942 4455
f 5942 6737 6738 4466
f 4999 6740 6741 4029
f 6741 6740 5004 4031
f 5004 6740 6742 4033
f 6744 6743 6745 4544
f 6745 6743 6746 4713
f 6746 6743 6741 4031
f 6748 6747 6738 4432
f 6738 6747 6749 4466
f 6749 6747 6750 4457
f 6748 6751 6752 4714
f 5778 6753 5014 3893
f 5014 6753 6739 4039
f 4799 6754 6755 3895
f 6755 6754 5798 4431
f 6757 6756 6758 4497
f 6758 6756 6759 4715
f 6759 6756 5304 4227
f 5492 6760 6761 4337
f 6761 6760 6762 4496
f 6762 6760 6763 4716
f 6765 6764 6766 4717
f 6766 6764 6767 4009
f 6767 6764 6763 4338
f 4971 6768 6766 4009
f 6766 6768 6769 4717
f 6769 6768 6770 4718
f 6114 6771 6770 4010
f 6770 6771 6772 4718
f 6772 6771 6773 4719
f 6775 6774 5306 4230
f 5306 6774 6122 4229
f 6122 6774 6773 4511
f 6777 6776 5310 4231
f 5310 6776 4980 4014
f 4980 6776 5307 4016
f 6138 6778 6779 4021
f 6779 6778 6780 4025
f 4991 6781 6782 4024
f 6782 6781 6783 4207
f 6783 6781 6784 4232
f 6786 6785 6125 4516
f 6125 6785 6787 4011
f 6787 6785 6777 4231
f 6513 6788 5154 4127
f 5154 6788 6789 4126
f 6789 6788 5574 4131
f 5160 6790 6789 4131
f 6789 6790 5164 4126
f 5164 6790 6791 4133
f 6793 6792 6460 4615
f 6460 6792 6794 4614
f 6465 6795 6470 4615
f 6470 6795 6796 4620
f 6798 6797 6799 4721
f 6799 6797 6493 4629
f 6493 6797 6796 4617
f 6801 6800 6802 4075
f 6802 6800 5225 4177
f 5225 6800 6803 4176
f 5094 6804 6805 4090
f 6805 6804 5212 4166
f 5212 6804 6566 4168
f 6563 6806 5051 4066
f 5051 6806 5518 4065
f 5518 6806 5191 4154
f 6808 6807 5336 4247
f 5336 6807 6809 4246
f 6809 6807 5577 4369
f 5215 6810 6811 4170
f 6811 6810 5226 4175
f 5226 6810 6812 4177
f 6814 6813 6815 4179
f 6815 6813 6816 4722
f 6816 6813 5183 4148
f 6541 6817 6545 4248
f 6545 6817 6818 4645
f 5171 6819 6820 4138
f 6820 6819 6821 4723
f 6821 6819 6808 4247
f 5219 6822 6823 4172
f 6823 6822 5223 4173
f 5223 6822 6811 4175
f 5323 6824 5612 4241
f 5612 6824 5319 4239
f 5319 6824 6825 4238
f 6578 6826 6827 4652
f 6827 6826 6828 4724
f 6828 6826 6829 4243
f 5148 6830 6831 4121
f 6831 6830 5257 4196
f 5257 6830 5341 4198
f 6833 6832 5344 4254
f 5344 6832 5521 4078
f 5521 6832 6834 4180
f 6836 6835 5402 4256
f 6838 6837 6314 4256
f 6314 6837 5347 4257
f 6840 6839 6363 4348
f 6363 6839 5109 4100
f 5109 6839 5623 4099
f 6842 6841 5531 4351
f 5531 6841 6843 4350
f 6843 6841 6844 4607
f 6238 6845 6846 4263
f 6846 6845 6847 4726
f 6847 6845 6711 4261
f 6849 6848 6259 4557
f 6259 6848 6254 4562
f 6254 6848 6850 4264
f 5549 6851 6411 4358
f 6411 6851 6852 4098
f 6852 6851 5546 4259
f 6237 6853 6854 4342
f 6854 6853 6850 4344
f 6850 6853 6855 4264
f 6368 6856 6857 4587
f 6857 6856 6846 4726
f 6846 6856 6855 4263
f 6859 6858 6860 4603
f 6860 6858 6857 4726
f 6435 6861 6862 4603
f 6862 6861 6863 4606
f 6865 6864 6866 4727
f 6866 6864 6867 4194
f 6867 6864 6868 4646
f 6724 6869 6870 4710
f 6870 6869 5054 4068
f 5054 6869 5363 4067
f 6872 6871 6180 4532
f 6180 6871 6162 4528
f 6162 6871 6189 4508
f 5470 6873 6874 3967
f 6874 6873 5444 3904
f 5444 6873 6875 4314
f 6877 6876 6878 4470
f 6878 6876 5957 4467
f 5628 6879 5844 3916
f 5844 6879 4907 3972
f 6881 6880 6882 3958
f 6882 6880 6883 4728
f 6883 6880 5417 4301
f 6389 6884 6885 4593
f 6885 6884 6713 4708
f 6713 6884 6886 4354
f 6878 6887 6888 4470
f 6888 6887 5950 3964
f 5973 6889 6890 3976
f 6890 6889 5976 3974
f 5976 6889 6877 4470
f 6892 6891 6001 4475
f 6001 6891 6893 4278
f 6893 6891 6894 4105
f 6896 6895 6428 4600
f 6428 6895 6897 4112
f 6897 6895 6898 4361
f 6900 6899 5377 4274
f 5377 6899 6696 4273
f 6696 6899 6901 4704
f 6003 6902 5856 3924
f 5856 6902 6903 4442
f 6903 6902 5383 4276
f 6905 6904 6906 4729
f 6906 6904 6907 4107
f 6907 6904 6908 4103
f 6903 6909 6910 4442
f 6910 6909 5378 4275
f 5378 6909 6911 4274
f 6913 6912 4854 3934
f 4854 6912 6914 3936
f 6914 6912 6915 4292
f 6917 6916 6023 3991
f 6023 6916 6918 4482
f 6918 6916 6919 4731
f 6013 6920 6921 4478
f 6921 6920 5010 4037
f 5010 6920 5878 4036
f 6923 6922 6924 4732
f 6924 6922 6925 4479
f 6927 6926 6928 4733
f 6928 6926 6031 4483
f 6031 6926 6925 4484
f 6930 6929 5390 4284
f 5390 6929 6028 4283
f 6028 6929 6928 4483
f 6932 6931 6933 4733
f 6933 6931 6703 4706
f 6703 6931 5395 4285
f 6935 6934 5880 4449
f 5880 6934 6936 4448
f 6936 6934 6937 4734
f 6939 6938 6940 4449
f 6940 6938 6941 4736
f 6941 6938 6942 4488
f 6935 6943 6944 4318
f 6944 6943 6945 4737
f 6945 6943 6940 4736
f 5455 6946 6947 4317
f 6947 6946 6948 4294
f 6948 6946 6944 4737
f 6950 6949 5814 4434
f 5814 6949 6951 4288
f 6951 6949 6952 4394
f 5641 6953 6954 4393
f 6954 6953 6019 4481
f 6019 6953 6952 4480
f 6956 6955 6708 4707
f 6708 6955 6035 4486
f 6035 6955 6954 4481
f 6959 6958 6960 4477
f 6960 6958 4947 3992
f 4947 6958 5477 3997
f 6962 6961 6963 4282
f 6963 6961 5511 4286
f 5511 6961 5645 4345
f 6965 6964 6966 4730
f 6966 6964 6040 4487
f 6040 6964 6967 3990
f 6915 6968 5398 4292
f 5398 6968 6969 4291
f 6969 6968 6966 4487
f 6971 6970 6972 4294
f 6972 6970 6017 4295
f 6930 6973 6932 4733
f 6932 6973 6974 4287
f 5391 6975 6974 4284
f 6974 6975 5394 4287
f 5394 6975 6963 4286
f 6977 6976 6978 4220
f 6978 6976 6979 3955
f 6979 6976 5648 4396
f 6981 6980 6982 3952
f 6982 6980 6983 4738
f 5661 6984 6985 4400
f 6985 6984 5294 4218
f 5294 6984 6977 4220
f 5709 6986 6987 4408
f 6987 6986 5918 4462
f 5918 6986 6985 4218
f 5719 6988 6989 4403
f 6989 6988 5774 4422
f 5774 6988 6990 4424
f 5681 6991 6992 4404
f 6992 6991 5764 4416
f 5764 6991 6989 4422
f 5760 6993 5404 4040
f 5404 6993 5772 4296
f 5772 6993 6994 4423
f 6996 6995 6994 4419
f 6994 6995 6997 4423
f 6997 6995 6998 4306
f 7000 6999 7001 4739
f 7001 6999 5408 4298
f 5408 6999 7002 3890
f 5463 7003 7004 4321
f 7004 7003 5926 4459
f 5926 7003 7005 3957
f 5908 7006 7004 4459
f 7004 7006 5916 4321
f 5916 7006 7007 4461
f 7009 7008 5413 3943
f 5413 7008 4860 3940
f 4860 7008 5505 3939
f 5651 7010 7011 4397
f 7011 7010 5592 4181
f 6583 7012 7013 4182
f 7013 7012 7014 4741
f 7014 7012 7015 4742
f 6585 7016 7015 4653
f 7015 7016 7017 4742
f 7017 7016 7018 4743
f 6586 7019 7018 4655
f 7018 7019 7020 4743
f 7020 7019 7021 4697
f 6591 7022 7021 4656
f 7021 7022 6673 4697
f 6673 7022 7023 4696
f 7025 7024 7026 4659
f 7026 7024 6681 4698
f 6681 7024 7027 4700
f 7029 7028 7030 4661
f 7030 7028 6685 4701
f 6685 7028 7031 4702
f 7031 7032 7033 4702
f 7035 7034 5762 4421
f 5762 7034 5767 4415
f 5767 7034 5759 4041
f 7037 7036 5775 4425
f 5775 7036 7035 4421
f 7035 7036 7038 4420
f 7037 7039 7002 4740
f 7002 7039 4795 3890
f 4795 7039 7040 3892
f 6996 7041 7000 4739
f 7000 7041 7038 4740
f 7038 7041 5758 4420
f 5427 7042 6997 4306
f 6997 7042 5771 4423
f 5771 7042 5739 4411
f 7044 7043 5911 4460
f 5911 7043 5740 4413
f 5740 7043 7045 4410
f 6292 7046 7047 4569
f 7047 7046 5776 4424
f 5776 7046 7040 4425
f 7049 7048 5435 4310
f 5435 7048 5647 3887
f 5647 7048 5923 4396
f 6729 7050 7051 4712
f 4803 7052 7053 3898
f 7058 7057 7055 3897
f 7055 7057 7049 4310
f 7049 7057 5787 4430
f 7060 7059 4802 3898
f 4802 7059 7058 3897
f 7060 7061 5786 4429
f 5786 7061 5441 4313
f 5441 7061 7062 3901
f 5794 7063 7064 3959
f 7064 7063 5810 4315
f 7064 7065 7066 3959
f 7066 7065 5799 4323
f 5799 7065 7067 4431
f 7053 7068 7062 3898
f 7062 7068 5808 3901
f 5808 7068 5801 4315
f 7070 7069 6945 4736
f 6945 7069 7071 4737
f 7071 7069 7072 4732
f 6042 7073 6941 4488
f 6941 7073 7070 4736
f 7070 7073 6918 4731
f 5863 7074 5866 3930
f 5866 7074 5821 4437
f 5821 7074 7075 4436
f 4813 7076 7075 3905
f 7075 7076 7077 4436
f 7077 7076 7078 4744
f 7080 7079 7077 4744
f 7077 7079 7081 4436
f 7081 7079 5011 4035
f 5009 7082 7083 4035
f 7083 7082 5817 4043
f 5817 7082 5876 3935
f 7083 7084 7081 4035
f 7081 7084 5820 4436
f 5820 7084 5818 3908
f 4825 7085 5828 3913
f 5828 7085 5822 3909
f 5822 7085 5865 4437
f 5840 7086 4869 3946
f 4869 7086 7087 3945
f 7087 7086 5836 4440
f 7087 7088 5831 3945
f 5831 7088 5386 4281
f 5386 7088 7089 4280
f 5841 7090 5850 4438
f 5850 7090 5845 3925
f 5845 7090 7091 3916
f 4835 7092 4911 3923
f 4911 7092 4909 3971
f 4909 7092 5853 3973
f 6006 7093 7094 4275
f 7094 7093 7095 4444
f 7095 7093 4846 3927
f 7097 7096 5869 4445
f 5869 7096 5862 3931
f 5862 7096 4844 3907
f 7099 7098 7100 3932
f 7100 7098 5811 3933
f 5456 7101 6937 4318
f 6937 7101 7102 4734
f 7104 7103 7105 4446
f 7105 7103 6936 4734
f 6936 7103 5883 4448
f 6299 7106 7102 3933
f 7102 7106 7105 4734
f 7105 7106 5872 4446
f 4858 7107 5873 3938
f 5873 7107 7104 4446
f 7104 7107 7108 4450
f 7089 7109 7110 4280
f 7110 7109 5858 4443
f 5858 7109 5837 4441
f 7112 7111 5400 4291
f 5400 7111 5881 4293
f 5881 7111 6939 4449
f 6969 7113 7112 4291
f 7112 7113 6942 4735
f 6942 7113 6041 4488
f 5882 7114 5399 4293
f 5399 7114 6914 4292
f 6914 7114 7108 3936
f 5826 7115 4856 3937
f 4856 7115 4853 3936
f 4853 7115 5816 3935
f 5748 7116 5022 4045
f 5022 7116 7117 3941
f 7117 7116 5736 4410
f 7045 7118 7117 4410
f 7117 7118 4861 3941
f 4861 7118 5412 3940
f 5460 7119 4827 3913
f 4827 7119 4866 3915
f 4866 7119 7009 3943
f 5888 7120 5977 4451
f 5977 7120 4834 3923
f 7122 7121 4932 3984
f 4932 7121 7123 3986
f 7123 7121 5894 4452
f 7125 7124 5745 3951
f 5745 7124 5742 4308
f 5742 7124 5915 4414
f 7127 7126 7128 4738
f 7128 7126 7129 4745
f 7129 7126 5464 4320
f 7128 7130 6982 4738
f 6982 7130 4882 3952
f 4882 7130 7131 3954
f 6978 7132 5293 4220
f 5293 7132 7133 4219
f 7133 7132 4884 3954
f 5792 7134 5922 4428
f 5922 7134 7135 4463
f 7135 7134 5420 3956
f 5419 7136 4889 3956
f 4889 7136 6881 3958
f 7138 7137 7139 4324
f 7139 7137 5944 3961
f 5944 7137 5951 4326
f 7138 7140 5933 3964
f 5933 7140 5467 4325
f 5938 7141 5930 4465
f 5930 7141 5935 4325
f 5935 7141 7122 3984
f 5466 7142 7066 4323
f 7066 7142 4893 3959
f 4893 7142 7139 3961
f 5975 7143 7144 4451
f 7144 7143 6888 3964
f 7144 7145 5890 4451
f 5890 7145 4897 3962
f 7147 7146 4903 3969
f 4903 7146 5790 3968
f 5790 7146 5415 4302
f 7149 7148 5972 3977
f 5972 7148 7150 4391
f 7150 7148 7151 4728
f 5980 7152 7091 3917
f 7091 7152 4920 3916
f 4920 7152 7149 3977
f 5297 7153 7154 4222
f 7154 7153 5985 4473
f 5985 7153 5691 4405
f 5601 7155 4928 3981
f 4928 7155 7156 3983
f 7158 7157 6271 4566
f 6271 7157 4935 3989
f 4935 7157 5954 3988
f 5989 7159 6267 4352
f 6267 7159 7158 4566
f 7158 7159 5473 4328
f 5970 7160 7147 3969
f 7147 7160 7161 4301
f 7161 7160 5956 4390
f 6921 7162 6012 4478
f 6012 7162 7163 4477
f 7163 7162 7164 4705
f 7166 7165 7163 4705
f 7163 7165 6959 4477
f 6959 7165 6025 4329
f 6917 7167 6032 4485
f 6032 7167 4948 3996
f 4948 7167 4939 3992
f 6923 7168 6033 4484
f 6033 7168 6919 4485
f 6919 7168 7072 4731
f 6956 7169 5640 4393
f 5640 7169 4944 3993
f 4944 7169 7170 3995
f 7172 7171 5451 3921
f 5451 7171 5993 4316
f 5993 7171 7173 4201
f 5934 7174 6038 3964
f 6038 7174 7175 3988
f 7175 7174 7176 4747
f 7178 7177 6957 4289
f 4952 7177 4942 3994
f 7071 7179 6948 4737
f 6948 7179 6971 4294
f 6971 7179 6924 4479
f 7181 7180 6088 4505
f 6088 7180 4956 3999
f 4956 7180 5484 4001
f 6052 7182 6045 4489
f 6045 7182 6082 3999
f 6082 7182 6056 4330
f 7184 7183 6066 4384
f 6066 7183 6069 4495
f 6069 7183 6757 4497
f 7186 7185 6070 4498
f 6070 7185 6063 4495
f 6063 7185 7187 4494
f 6148 7188 7187 4523
f 7187 7188 6057 4494
f 6057 7188 5482 4330
f 7190 7189 5480 4331
f 5480 7189 6084 4330
f 5481 7191 7190 4331
f 7190 7191 6074 4049
f 6074 7191 7192 4500
f 6079 7193 6075 4501
f 6075 7193 6083 4049
f 6083 7193 6087 3999
f 6080 7194 6086 4503
f 6086 7194 6202 4504
f 6202 7194 6098 4507
f 6095 7196 6759 4227
f 6759 7196 7197 4715
f 7197 7196 5491 4337
f 6155 7198 6078 4499
f 6078 7198 6097 4502
f 6097 7198 5498 4333
f 4962 7199 4958 4003
f 4958 7199 7200 4002
f 7200 7199 4966 4007
f 4963 7201 4968 4005
f 4968 7201 6482 4008
f 7203 7202 6119 4515
f 6119 7202 7204 4514
f 7204 7202 6772 4719
f 7206 7205 6120 4512
f 6120 7205 7203 4515
f 7203 7205 6769 4718
f 6775 7207 7204 4719
f 7204 7207 7208 4514
f 7208 7207 6786 4516
f 6126 7209 7208 4516
f 7208 7209 6118 4514
f 6118 7209 6141 4513
f 7211 7210 6787 4231
f 6787 7210 4976 4011
f 4976 7210 6136 4013
f 6123 7212 5495 4229
f 5495 7212 5269 4015
f 5269 7212 7213 4206
f 6783 7214 5270 4207
f 5270 7214 4978 4015
f 4978 7214 5312 4014
f 6129 7215 6782 4207
f 6782 7215 4990 4024
f 4990 7215 7216 4023
f 6133 7217 7216 4518
f 7216 7217 4995 4023
f 4995 7217 6171 4027
f 6144 7218 6127 4012
f 6127 7218 6140 4517
f 6140 7218 7219 4017
f 7221 7220 7219 4521
f 7219 7220 4984 4017
f 4984 7220 7222 4019
f 7224 7223 6142 4018
f 6142 7223 6117 4513
f 6117 7223 7225 4512
f 4983 7226 7224 4018
f 7224 7226 7227 4749
f 7227 7226 7228 4525
f 7230 7229 7222 4748
f 7222 7229 7228 4019
f 7228 7229 6150 4525
f 6145 7231 7221 4521
f 7221 7231 7230 4748
f 7230 7231 6160 4524
f 7233 7232 7186 4498
f 7186 7232 6151 4523
f 6151 7232 7227 4525
f 6762 7234 6071 4496
f 6071 7234 7233 4498
f 7233 7234 7235 4749
f 6765 7236 7235 4716
f 7235 7236 7225 4749
f 7225 7236 7206 4512
f 7200 7237 6104 4002
f 6104 7237 6767 4338
f 6767 7237 4970 4009
f 6157 7238 6149 4524
f 6149 7238 7192 4332
f 7192 7238 6154 4500
f 6166 7239 6158 4527
f 6158 7239 6153 4526
f 6153 7239 5497 4340
f 6779 7240 6185 4021
f 6185 7240 4996 4026
f 4996 7240 4992 4023
f 6710 7241 6178 4192
f 6178 7241 7242 4531
f 7242 7241 6239 4343
f 6284 7243 7242 4343
f 7242 7243 6177 4531
f 6177 7243 6169 4530
f 6172 7244 4994 4027
f 4994 7244 6182 4026
f 6182 7244 6285 4533
f 6191 7245 5488 4335
f 5488 7245 7246 4334
f 7246 7245 7247 4030
f 5000 7248 7246 4030
f 7246 7248 6099 4334
f 6099 7248 6205 4507
f 6192 7249 7250 4536
f 7250 7249 5007 4033
f 5007 7249 6221 4034
f 6199 7251 7252 4539
f 7252 7251 6194 4538
f 6194 7251 7253 4537
f 6212 7254 6744 4544
f 6744 7254 4998 4029
f 4998 7254 6204 4028
f 7256 7255 6216 4545
f 6216 7255 6207 4542
f 6207 7255 7181 4505
f 7258 7257 6218 4546
f 6218 7257 7253 4540
f 7253 7257 7259 4537
f 7259 7260 6196 4537
f 6196 7260 5002 4032
f 5002 7260 6746 4031
f 7262 7261 6234 4550
f 6234 7261 6222 4547
f 6222 7261 6195 4034
f 6226 7263 6229 4548
f 6229 7263 7262 4550
f 7262 7263 7252 4538
f 6872 7264 6223 4535
f 6223 7264 6233 4547
f 6233 7264 6287 4552
f 6849 7265 7266 4344
f 7266 7265 7267 4568
f 7267 7265 6244 4554
f 6280 7268 7269 4388
f 7269 7268 6250 4560
f 6250 7268 7267 4554
f 6261 7270 7271 4564
f 7271 7270 6255 4561
f 6255 7270 6258 4562
f 6257 7272 6248 4556
f 6248 7272 6272 4559
f 6272 7272 6262 4565
f 7274 7273 7123 4452
f 7123 7273 7275 3986
f 7275 7273 6279 4388
f 5892 7276 7274 4452
f 7274 7276 6230 4551
f 6230 7276 6225 4548
f 6281 7277 7266 4568
f 7266 7277 6288 4344
f 6288 7277 6235 4552
f 6717 7278 7256 4545
f 7256 7278 5267 4205
f 5769 7279 5405 4297
f 5405 7279 5019 4040
f 5019 7279 6293 4042
f 5437 7280 7281 4311
f 7281 7280 5749 4309
f 5749 7280 5735 4412
f 6295 7282 4823 3911
f 4823 7282 4819 3908
f 5458 7283 5027 4046
f 5027 7283 6296 4048
f 6283 7284 6289 4533
f 6289 7284 7285 4344
f 6146 7286 6159 4522
f 6159 7286 7287 4527
f 7287 7286 6137 4021
f 7287 7288 6167 4527
f 6167 7288 4987 4022
f 5031 7289 5028 4050
f 5401 7289 6838 4256
f 7291 7290 7292 4053
f 5037 7290 5615 4056
f 7294 7293 7295 4750
f 7295 7293 7296 4366
f 7296 7293 7297 4258
f 5571 7298 7295 4366
f 7295 7298 7299 4750
f 7299 7298 6702 4579
f 7294 7300 7301 4572
f 7301 7300 6341 4347
f 6341 7300 7299 4579
f 7297 7302 5352 4258
f 5352 7302 5348 4057
f 5348 7302 6313 4257
f 7304 7303 7301 4347
f 7301 7303 6312 4572
f 6312 7303 7305 4571
f 7305 7306 6318 4571
f 6318 7306 6323 4574
f 6323 7306 5539 4356
f 6317 7307 7308 4573
f 7308 7307 6327 4252
f 6327 7307 6324 4575
f 6334 7309 5254 4197
f 5254 7309 5044 4058
f 5044 7309 6332 4060
f 5043 7310 7311 4059
f 7311 7310 5048 4061
f 5048 7310 6396 4063
f 7313 7312 5509 4119
f 5509 7312 6962 4282
f 6962 7312 6337 4395
f 6338 7314 5516 4346
f 5516 7314 7304 4347
f 7304 7314 5538 4355
f 7316 7315 6398 4594
f 6398 7315 5052 4064
f 5052 7315 6558 4066
f 7318 7317 5519 4154
f 5519 7317 7319 4064
f 7319 7317 6870 4068
f 6833 7320 5362 4151
f 5362 7320 5056 4067
f 5056 7320 5542 4069
f 5059 7321 6359 4071
f 6359 7321 5064 4073
f 5064 7321 6801 4075
f 6556 7322 6406 4266
f 6406 7322 6365 4100
f 6365 7322 7323 4585
f 7325 7324 6859 4603
f 6859 7324 6367 4587
f 6367 7324 7326 4586
f 5371 7327 6376 4272
f 6376 7327 7328 4588
f 7328 7327 6264 4564
f 7330 7329 6373 4084
f 6373 7329 5370 4272
f 5370 7329 6715 4271
f 6842 7331 7326 4725
f 7326 7331 7332 4586
f 7332 7331 6375 4588
f 5530 7333 6382 4349
f 6382 7333 6444 4589
f 6444 7333 6843 4607
f 6409 7334 6440 4590
f 6440 7334 5075 4079
f 5075 7334 7335 4081
f 7337 7336 5264 4202
f 5264 7336 5082 4083
f 5082 7336 7330 4084
f 5260 7338 5996 4199
f 5996 7338 6391 4474
f 6391 7338 6387 4592
f 7173 7339 5261 4201
f 5261 7339 6386 4200
f 6386 7339 7340 4591
f 7342 7341 7343 4389
f 7343 7341 5086 4085
f 5086 7341 6002 4087
f 6714 7344 7345 4708
f 7345 7344 5265 4203
f 5265 7344 7337 4202
f 7347 7346 5095 4089
f 5095 7346 6565 4091
f 6565 7346 6348 4580
f 7349 7348 6301 4252
f 6301 7348 7347 4089
f 7347 7348 6353 4582
f 7323 7350 6403 4585
f 6403 7350 6400 4124
f 6400 7350 7351 4267
f 7319 7352 5152 4064
f 5152 7352 5543 4125
f 5543 7352 5055 4069
f 7332 7353 6369 4586
f 6369 7353 7271 4561
f 7271 7353 7328 4564
f 7335 7354 5105 4081
f 5105 7354 5103 4095
f 5103 7354 7355 4097
f 6412 7356 5551 4358
f 5551 7356 7355 4359
f 7355 7356 7357 4097
f 7359 7358 6420 4597
f 6420 7358 5621 4387
f 5621 7358 6413 4099
f 7359 7360 7357 4595
f 7357 7360 5114 4097
f 5114 7360 7361 4102
f 5117 7362 5554 4104
f 5554 7362 6417 4097
f 6417 7362 6894 4596
f 6416 7363 7342 4389
f 7342 7363 6892 4475
f 6908 7364 5118 4103
f 5118 7364 6893 4105
f 6893 7364 5382 4278
f 7366 7365 5122 4106
f 5122 7365 6898 4108
f 6898 7365 5557 4361
f 7361 7367 5558 4102
f 5558 7367 7368 4361
f 7368 7367 6421 4364
f 7370 7369 5622 4077
f 5622 7369 6419 4387
f 6419 7369 6425 4362
f 7372 7371 5561 4120
f 5561 7371 6422 4362
f 6422 7371 5564 4364
f 7368 7373 7374 4361
f 7374 7373 5126 4109
f 5126 7373 5565 4061
f 5128 7375 5634 4111
f 5634 7375 7374 4109
f 7374 7375 6897 4361
f 7166 7376 5141 4118
f 5141 7376 6431 4115
f 6431 7376 6699 4601
f 6901 7377 6700 4704
f 6700 7377 6433 4601
f 6433 7377 7378 4602
f 6896 7379 5121 4108
f 5121 7379 7380 4107
f 7380 7379 6429 4599
f 7382 7381 5568 4117
f 5568 7381 5140 4115
f 5140 7381 7313 4119
f 5046 7383 5137 4061
f 5137 7383 7382 4117
f 6310 7384 5572 4365
f 5572 7384 6706 4367
f 6706 7384 7170 4707
f 6437 7385 7386 4605
f 7386 7385 5243 4163
f 5243 7385 5360 4191
f 6449 7392 6692 4610
f 7393 7392 6457 4613
f 7396 7395 6450 4608
f 6450 7395 6456 4611
f 6456 7395 7397 4132
f 7399 7398 6454 4612
f 6454 7398 7396 4608
f 7396 7398 6475 4621
f 6793 7400 7401 4720
f 7401 7400 7399 4612
f 7399 7400 6471 4618
f 7403 7402 6487 4624
f 6487 7402 6473 4622
f 6473 7402 7397 4621
f 7403 7404 5162 4132
f 5162 7404 5156 4126
f 5156 7404 7405 4128
f 6480 7406 5158 4130
f 5158 7406 7407 4129
f 7407 7406 7391 4613
f 6484 7408 7405 4624
f 7405 7408 7409 4128
f 7409 7408 7410 4751
f 6798 7411 6469 4620
f 6469 7411 6489 4619
f 6489 7411 7412 4627
f 6462 7413 6492 4616
f 6492 7413 6499 4628
f 6498 7418 7419 4631
f 7419 7418 7416 4752
f 7421 7420 7422 4235
f 7422 7420 6496 4630
f 6496 7420 6494 4628
f 7424 7423 6570 4639
f 6570 7423 7425 4236
f 7425 7423 7412 4721
f 7427 7426 6526 4638
f 6526 7426 7424 4639
f 7424 7426 6490 4627
f 7429 7428 6530 4640
f 6530 7428 7427 4638
f 7427 7428 6485 4626
f 7431 7430 6534 4248
f 6534 7430 7429 4640
f 7429 7430 7432 4625
f 7434 7433 6546 4643
f 6546 7433 7435 4248
f 7435 7433 5170 4138
f 6502 7436 7437 4160
f 7437 7436 7434 4643
f 7434 7436 6510 4137
f 6501 7438 7439 4633
f 7439 7438 6506 4635
f 6506 7438 7440 4136
f 7442 7441 7443 4370
f 7443 7441 5176 4140
f 5176 7441 6507 4142
f 7443 7444 5578 4370
f 5578 7444 6809 4369
f 6809 7444 5335 4246
f 5174 7445 7446 4140
f 7446 7445 6512 4128
f 6512 7445 6113 4510
f 6503 7447 6509 4634
f 6509 7447 7442 4370
f 7442 7447 7439 4635
f 6517 7448 6515 4144
f 7450 7449 7451 4711
f 7451 7449 6522 4637
f 6522 7449 7417 4251
f 7453 7452 6727 4213
f 6727 7452 7450 4711
f 7450 7452 7419 4752
f 7455 7454 5284 4214
f 5284 7454 7453 4213
f 7453 7454 6497 4631
f 6537 7456 6719 4209
f 6719 7456 7457 4250
f 7457 7456 6540 4248
f 6536 7458 7459 4155
f 7459 7458 5184 4146
f 5184 7458 7460 4148
f 6723 7461 7462 4146
f 7462 7461 5192 4152
f 5192 7461 7318 4154
f 7462 7463 7459 4146
f 7459 7463 5196 4155
f 5196 7463 7464 4157
f 7437 7465 5199 4160
f 5199 7465 7466 4159
f 7466 7465 6543 4644
f 7468 7467 5366 4269
f 5366 7467 7469 4268
f 7469 7467 7440 4158
f 7468 7470 5167 4136
f 5167 7470 5204 4135
f 5204 7470 7471 4162
f 6865 7472 6554 4650
f 6554 7472 5203 4162
f 5203 7472 7473 4161
f 7475 7474 6549 4647
f 6549 7474 6867 4646
f 6867 7474 5249 4194
f 7477 7476 7478 4165
f 7478 7476 7475 4647
f 7475 7476 7479 4193
f 6131 7480 5581 4371
f 5581 7480 7477 4165
f 7477 7480 7481 4753
f 6550 7482 7478 4647
f 7478 7482 5207 4165
f 5207 7482 7483 4164
f 5367 7484 7471 4269
f 7471 7484 6553 4162
f 6553 7484 7351 4649
f 7486 7485 7487 4754
f 7487 7485 5365 4268
f 5365 7485 6399 4267
f 5586 7488 7489 4374
f 7489 7488 7486 4754
f 7486 7488 7316 4594
f 5210 7490 7491 4166
f 7493 7492 5321 4238
f 5321 7492 6567 4240
f 6567 7492 7494 4168
f 5278 7495 5324 4211
f 5324 7495 7496 4242
f 7496 7495 6579 4652
f 5277 7497 6572 4210
f 6572 7497 5216 4169
f 5216 7497 7498 4171
f 5273 7499 7500 4208
f 7500 7499 5227 4176
f 5227 7499 5222 4175
f 6816 7501 7502 4722
f 7502 7501 7500 4176
f 7500 7501 7460 4208
f 7504 7503 6821 4247
f 6821 7503 7432 4723
f 7432 7503 7410 4625
f 7455 7505 7422 4630
f 7422 7505 7506 4235
f 7506 7505 6569 4236
f 5211 7507 5327 4167
f 5327 7507 6828 4243
f 6828 7507 7494 4724
f 5218 7508 6574 4169
f 6574 7508 7509 4217
f 7509 7508 7510 4249
f 7512 7511 5590 4376
f 5590 7511 7498 4211
f 6599 7513 6617 4663
f 6617 7513 6593 4660
f 6593 7513 7025 4659
f 7515 7514 6597 4662
f 6597 7514 7029 4661
f 7517 7516 4927 3983
f 4927 7516 6604 3982
f 6604 7516 7518 4667
f 6608 7519 7520 4670
f 7520 7519 7517 3983
f 7517 7519 6615 4673
f 6613 7522 7523 4668
f 7523 7522 7515 4662
f 7515 7522 7521 4665
f 6609 7524 6618 4671
f 6618 7524 6598 4663
f 6598 7524 7523 4662
f 7518 7525 7526 4667
f 7526 7525 6594 4658
f 6594 7525 6616 4660
f 6603 7527 6582 4183
f 6582 7527 6590 4654
f 6590 7527 7526 4658
f 7529 7528 7156 4382
f 7156 7528 7520 3983
f 7520 7528 7530 4670
f 7530 7531 6607 4670
f 6607 7531 7532 4669
f 7532 7531 7533 4756
f 7532 7534 6612 4669
f 6612 7534 5236 4185
f 7537 7536 5423 4304
f 7014 7539 7541 4741
f 7017 7542 7540 4742
f 7545 7544 7538 4757
f 7537 7546 7545 4757
f 7545 7546 7547 4741
f 7547 7546 7548 4397
f 6620 7549 6690 4675
f 6690 7549 5240 4187
f 5240 7549 7550 4189
f 7552 7551 5238 4188
f 5238 7551 7553 4187
f 7550 7554 6641 4189
f 6641 7554 6626 4678
f 6626 7554 5594 4377
f 6640 7555 7556 4683
f 7556 7555 6635 4681
f 6635 7555 6627 4676
f 6663 7557 6638 4682
f 6638 7557 5239 4189
f 6645 7559 6661 4686
f 7562 7561 7563 4695
f 7563 7561 6643 4685
f 6643 7561 7564 4684
f 6650 7565 6665 4690
f 6665 7565 7562 4695
f 7562 7565 6679 4699
f 6662 7566 6644 4686
f 6644 7566 7567 4685
f 7567 7566 6639 4683
f 7567 7568 7563 4685
f 7563 7568 6667 4695
f 6667 7568 7556 4681
f 6666 7569 6649 4690
f 6649 7569 6670 4689
f 6670 7569 6632 4679
f 6659 7570 6674 4692
f 6674 7570 7020 4697
f 7020 7570 7543 4743
f 7564 7571 6683 4684
f 6683 7571 7572 4701
f 7572 7571 6680 4700
f 6684 7573 7560 4687
f 7575 7574 7576 4380
f 7576 7574 6687 4386
f 7553 7577 6689 4187
f 6689 7577 7575 4380
f 7580 7579 7535 4756
f 7535 7579 7578 4184
f 7582 7581 7533 4755
f 7533 7581 7580 4756
f 7580 7581 5986 3978
f 6733 7583 7529 4382
f 7529 7583 7582 4755
f 7582 7583 7154 4473
f 7585 7584 6732 4381
f 6732 7584 5673 4221
f 5673 7584 7586 4402
f 7586 7587 5755 4402
f 5583 7588 6175 4372
f 6175 7588 5244 4190
f 5244 7588 5208 4163
f 5251 7589 7590 4195
f 7590 7589 7591 4758
f 7591 7589 7479 4753
f 7386 7592 7593 4605
f 7593 7592 7483 4648
f 7483 7592 5206 4164
f 6436 7594 7595 4604
f 7595 7594 6551 4265
f 6551 7594 7593 4648
f 7291 7596 6309 4204
f 7502 7597 6815 4722
f 6815 7597 5282 4179
f 5282 7597 6803 4072
f 6533 7598 7599 4249
f 7599 7598 7451 4637
f 7451 7598 6726 4711
f 7509 7600 5289 4217
f 5289 7600 6520 4216
f 6520 7600 7599 4637
f 7056 7601 6730 4712
f 6730 7601 5665 4401
f 5665 7601 5434 3888
f 5929 7602 6736 4464
f 6736 7602 5805 4433
f 5805 7602 5797 4038
f 6750 7603 5902 4457
f 7247 7604 6742 4030
f 6742 7604 7250 4033
f 7067 7605 6755 4431
f 6755 7605 5802 3895
f 6211 7606 7607 4543
f 7607 7606 7258 4546
f 7258 7606 6745 4713
f 6215 7608 5300 4225
f 5300 7608 6219 4224
f 6219 7608 7607 4546
f 5903 7609 6749 4457
f 6749 7609 5941 4466
f 5941 7609 5302 4224
f 6068 7610 6761 4496
f 6761 7610 7197 4337
f 7197 7610 6758 4715
f 7184 7611 5303 4228
f 6060 7612 5314 4233
f 6051 7614 7613 4491
f 5311 7615 7211 4231
f 7211 7615 6780 4520
f 6780 7615 6784 4025
f 7390 7616 7393 4613
f 6458 7617 7407 4613
f 7407 7617 6791 4129
f 7619 7618 7620 4237
f 6452 7618 7401 4612
f 7619 7621 6794 4720
f 6794 7621 7394 4614
f 7421 7622 6799 4629
f 6799 7622 7425 4721
f 7425 7622 7506 4236
f 5610 7623 7576 4386
f 7576 7623 5597 4380
f 7512 7624 6812 4171
f 6812 7624 6802 4177
f 6802 7624 7625 4075
f 7409 7627 7446 4128
f 7446 7627 5337 4140
f 5337 7627 7504 4247
f 7487 7628 7629 4754
f 7629 7628 5198 4159
f 5198 7628 7469 4158
f 7489 7630 7631 4374
f 7631 7630 7466 4644
f 7466 7630 7629 4159
f 5585 7632 7633 4373
f 7633 7632 6544 4645
f 6544 7632 7631 4644
f 6562 7634 7464 4152
f 7464 7634 6539 4157
f 6539 7634 7635 4642
f 5524 7636 5613 4239
f 5613 7636 7625 4376
f 7625 7636 5063 4075
f 7638 7637 7372 4120
f 7372 7637 7639 4363
f 7639 7637 5042 4059
f 7639 7640 5563 4363
f 5563 7640 7311 4061
f 6840 7641 7642 4077
f 7642 7641 5527 4094
f 6722 7643 7644 4149
f 7644 7643 6814 4179
f 6814 7643 5182 4147
f 5616 7646 7296 4258
f 7296 7646 5619 4366
f 7635 7647 6818 4642
f 6818 7647 7633 4645
f 7633 7647 6560 4373
f 7431 7648 6820 4723
f 6820 7648 7435 4138
f 6532 7649 7457 4248
f 7457 7649 7650 4250
f 6720 7651 6823 4173
f 6823 7651 7510 4172
f 7510 7651 7650 4249
f 7493 7652 6827 4724
f 6827 7652 7496 4652
f 7496 7652 6825 4242
f 5332 7653 6829 4245
f 6829 7653 5329 4243
f 6328 7654 7349 4252
f 7349 7654 7655 4583
f 6335 7656 7655 4578
f 7655 7656 6352 4583
f 6352 7656 5339 4253
f 5143 7657 7638 4120
f 7638 7657 5253 4058
f 5253 7657 6831 4196
f 6356 7658 7659 4584
f 7659 7658 6424 4598
f 6424 7658 5340 4123
f 6361 7660 7370 4077
f 7370 7660 7659 4598
f 5071 7661 5343 4078
f 5343 7661 5099 4092
f 5099 7661 7642 4094
f 5188 7662 6834 4151
f 6834 7662 5230 4180
f 5230 7662 7644 4179
f 6305 7663 7308 4252
f 7308 7663 7664 4573
f 6307 7665 7664 4570
f 7664 7665 6319 4573
f 6319 7665 6836 4256
f 5032 7666 5349 4052
f 5349 7666 5091 4057
f 5091 7666 7645 4054
f 7325 7667 6844 4725
f 6844 7667 6443 4607
f 6443 7667 6862 4606
f 6438 7668 5359 4262
f 5359 7668 6847 4261
f 6847 7668 6860 4726
f 5501 7669 7285 4341
f 7285 7669 6854 4344
f 7671 7670 5202 4161
f 5202 7670 7672 4135
f 7672 7670 7590 4758
f 7595 7673 6863 4604
f 6863 7673 6445 4606
f 6445 7673 7674 4266
f 6548 7675 7674 4265
f 7674 7675 6555 4266
f 6555 7675 6868 4650
f 7473 7676 7671 4161
f 7671 7676 5250 4195
f 5250 7676 6866 4194
f 5354 7677 6852 4259
f 6852 7677 5110 4098
f 5166 7678 6505 4134
f 6505 7678 7679 4142
f 7679 7678 7672 4758
f 7591 7680 7679 4758
f 7679 7680 7213 4142
f 7213 7680 7481 4206
f 4934 7681 6277 3987
f 6277 7681 7682 4567
f 7682 7681 7175 4747
f 7684 7683 6276 4567
f 6276 7683 7269 4560
f 7269 7683 7275 4388
f 4931 7685 7176 3985
f 7176 7685 7682 4747
f 7682 7685 7684 4567
f 6415 7686 5101 4096
f 5101 7686 7687 4095
f 7687 7686 7343 4085
f 5809 7688 4806 3901
f 4806 7688 6875 3900
f 5077 7689 5625 4080
f 5625 7689 5266 4083
f 5266 7689 5373 4203
f 5088 7690 7687 4085
f 7687 7690 5106 4095
f 5106 7690 5375 4082
f 6394 7691 5374 4088
f 5374 7691 7345 4203
f 7345 7691 6885 4708
f 7340 7692 6886 4591
f 6886 7692 5535 4354
f 5535 7692 7693 4353
f 5988 7694 4833 3922
f 4833 7694 7172 3921
f 7172 7694 7693 4746
f 4811 7695 6874 3904
f 6874 7695 4900 3967
f 4900 7695 7696 3966
f 5948 7697 7696 3902
f 7696 7697 5961 3966
f 4913 7698 6890 3974
f 6890 7698 4915 3976
f 4915 7698 5627 3975
f 7150 7699 5630 4391
f 5630 7699 7161 4390
f 7161 7699 6883 4301
f 6698 7700 7701 4703
f 7701 7700 7080 4744
f 7080 7700 7164 4037
f 6694 7702 6009 4476
f 6009 7702 7078 3906
f 7078 7702 7701 4744
f 6910 7703 5855 4442
f 5855 7703 5860 3926
f 5860 7703 7094 4444
f 5567 7704 5136 4117
f 5136 7704 5124 4110
f 5124 7704 5636 4109
f 5553 7705 7706 4104
f 7706 7705 7366 4106
f 7366 7705 5638 4360
f 5130 7707 7708 4113
f 7708 7707 5134 4114
f 5134 7707 5635 4116
f 6427 7709 7710 4599
f 7710 7709 6432 4602
f 6432 7709 7708 4114
f 7378 7711 7710 4602
f 7710 7711 7380 4599
f 7380 7711 6906 4107
f 5116 7712 6907 4103
f 6907 7712 5120 4107
f 5120 7712 7706 4106
f 5381 7713 6911 4276
f 6911 7713 6900 4274
f 6900 7713 6905 4729
f 5859 7714 7715 4443
f 7715 7714 7097 4445
f 7097 7714 7095 3927
f 5868 7716 7715 4445
f 7715 7716 7110 4443
f 7110 7716 5385 4280
f 5877 7717 6913 3934
f 6913 7717 6965 4730
f 6965 7717 6014 4290
f 6927 7718 6036 4479
f 6036 7718 6707 4486
f 6707 7718 6933 4706
f 7099 7719 5813 4435
f 5813 7719 7720 4434
f 7720 7719 7721 4295
f 5642 7722 6951 4394
f 6951 7722 5396 4288
f 6018 7723 7720 4295
f 7720 7723 6950 4434
f 4940 7724 6960 3992
f 6960 7724 6015 4477
f 6015 7724 6967 4290
f 7100 7725 7726 3932
f 7726 7725 5454 4317
f 7721 7727 6972 4295
f 6972 7727 6947 4294
f 6947 7727 7726 4317
f 7005 7728 4887 3957
f 4887 7728 6983 3956
f 6983 7728 7127 4738
f 5704 7729 7730 4398
f 7730 7729 6291 4569
f 6291 7729 6987 4462
f 7047 7731 7730 4569
f 7730 7731 5656 4398
f 5656 7731 6990 4399
f 5752 7732 6992 4416
f 6992 7732 5714 4404
f 5431 7733 7001 4298
f 7001 7733 6998 4739
f 6998 7733 5429 4306
f 4885 7734 7735 3953
f 7735 7734 5924 4463
f 5924 7734 6979 4396
f 4880 7736 6981 3952
f 6981 7736 7135 3956
f 7135 7736 7735 4463
f 5905 7737 7007 4458
f 7007 7737 5912 4461
f 5912 7737 7738 4460
f 7044 7739 5411 4299
f 5411 7739 4865 3943
f 4865 7739 7738 3942
f 5920 7740 7741 3950
f 7741 7740 7131 4745
f 7131 7740 7133 3954
f 4878 7742 7125 3951
f 7125 7742 7129 4320
f 7129 7742 7741 4745
f 7151 7743 6882 4728
f 6882 7743 5968 3958
f 5968 7743 5979 4469
f 7548 7744 5650 4397
f 5650 7744 7585 4381
f 7585 7744 5424 4303
f 5233 7745 7011 4181
f 7011 7745 7547 4397
f 7547 7745 7013 4741
f 6595 7746 7023 4657
f 7023 7746 6677 4696
f 6677 7746 7026 4698
f 6600 7747 7027 4664
f 7027 7747 7572 4700
f 7572 7747 7030 4701
f 7749 7748 5694 4785
f 5712 7750 7751 4776
f 7751 7750 5722 4778
f 5722 7750 7752 4784
f 5679 7753 7754 4775
f 7754 7753 5684 4781
f 5684 7753 7755 4779
f 5717 7756 7757 4762
f 7757 7756 5689 4783
f 5689 7756 7758 4780
f 5654 7759 7760 4761
f 7760 7759 5725 4773
f 5725 7759 7761 4782
f 5702 7762 7763 4406
f 7763 7762 5675 4771
f 5675 7762 7764 4772
f 5707 7765 7766 4764
f 7766 7765 5671 4767
f 5671 7765 7767 4770
f 5659 7768 7769 4759
f 7769 7768 5663 4769
f 5663 7768 7770 4766
