# BrainViewer — regione: occipital
# generato da tools/split_lobes.py, non modificare a mano
o occipital
v -0.047623 0.588898 -0.208725
v -0.044785 0.591751 -0.209047
v -0.049576 0.589432 -0.201255
v -0.053802 0.591812 -0.171592
v -0.049744 0.590942 -0.177254
v -0.047943 0.591324 -0.175570
v -0.034943 0.614243 -0.228532
v -0.279449 0.703903 0.145067
v -0.280853 0.705933 0.125633
v -0.268890 0.725693 0.129780
v -0.293961 0.702499 0.043683
v -0.271271 0.728912 0.059596
v -0.298676 0.708939 0.059463
v -0.265488 0.739990 0.038125
v -0.282318 0.704346 0.092609
v -0.298889 0.694962 0.075848
v -0.285187 0.690613 0.121716
v -0.297256 0.709869 0.066022
v -0.267944 0.732620 0.066461
v -0.271652 0.725906 0.078211
v -0.281372 0.711716 0.107445
v -0.284515 0.689163 0.141875
v -0.288864 0.686386 0.132614
v -0.294189 0.680557 0.128713
v -0.238937 0.736359 -0.540010
v -0.255341 0.712967 -0.542385
v -0.250778 0.731400 -0.523355
v -0.322464 0.719009 -0.510849
v -0.287201 0.714920 -0.530191
v -0.349945 0.701950 -0.479631
v -0.342422 0.706741 -0.494359
v -0.353775 0.687790 -0.494464
v -0.360245 0.699478 -0.454080
v -0.354843 0.706406 -0.454814
v -0.356125 0.697098 -0.460443
v -0.331024 0.711838 -0.508577
v -0.334503 0.721573 -0.500918
v -0.263779 0.705887 -0.543529
v -0.254166 0.705048 -0.548126
v -0.378372 0.684418 -0.465603
v -0.382919 0.685287 -0.462810
v -0.468231 0.527283 -0.339966
v -0.479980 0.559753 -0.333783
v -0.464569 0.555786 -0.359939
v -0.429138 0.658997 -0.437848
v -0.429169 0.676575 -0.406067
v -0.417801 0.686890 -0.439856
v -0.370819 0.523727 -0.465264
v -0.393295 0.548248 -0.451843
v -0.385422 0.559570 -0.454192
v -0.399643 0.495178 -0.435304
v -0.393829 0.477234 -0.431252
v -0.394150 0.469482 -0.421975
v -0.382324 0.614075 -0.480994
v -0.366287 0.620239 -0.503125
v -0.356857 0.605621 -0.510605
v -0.339325 0.642914 -0.525656
v -0.356415 0.651642 -0.511639
v -0.322830 0.689850 -0.523499
v -0.307907 0.627014 -0.538122
v -0.287384 0.620361 -0.547790
v -0.281784 0.611679 -0.555215
v -0.344177 0.609268 -0.521110
v -0.339340 0.632050 -0.526198
v -0.329803 0.636414 -0.529226
v -0.293808 0.640137 -0.527175
v -0.281509 0.686905 -0.547299
v -0.288391 0.703934 -0.541432
v -0.420914 0.567169 -0.400402
v -0.417633 0.570236 -0.381824
v -0.411865 0.590027 -0.387360
v -0.273285 0.389618 -0.526160
v -0.267548 0.404984 -0.531956
v -0.259903 0.408585 -0.534732
v -0.389847 0.465332 -0.426484
v -0.390030 0.473679 -0.433877
v -0.383347 0.474258 -0.444758
v -0.260605 0.557907 -0.568948
v -0.257462 0.565567 -0.575176
v -0.244476 0.561539 -0.584236
v -0.263916 0.566162 -0.570263
v -0.257751 0.585648 -0.577848
v -0.285873 0.644943 -0.530661
v -0.276703 0.643036 -0.554512
v -0.280930 0.620682 -0.552943
v -0.266220 0.560257 -0.563470
v -0.286514 0.559311 -0.548705
v -0.271133 0.544312 -0.532817
v -0.176987 0.637253 -0.590179
v -0.194717 0.632217 -0.592070
v -0.192535 0.664154 -0.586193
v -0.345978 0.455490 -0.476398
v -0.342163 0.445633 -0.492679
v -0.350342 0.430603 -0.478238
v -0.260574 0.533264 -0.564367
v -0.263626 0.539551 -0.542260
v -0.068146 0.635437 -0.620190
v -0.058380 0.614868 -0.642168
v -0.087540 0.628540 -0.644670
v -0.156036 0.618286 -0.614996
v -0.146637 0.637756 -0.622862
v -0.107040 0.631027 -0.642740
v -0.162674 0.637543 -0.607624
v -0.150284 0.664780 -0.611803
v -0.136993 0.664581 -0.621325
v -0.106247 0.658188 -0.630116
v -0.095673 0.635193 -0.642458
v -0.079605 0.643570 -0.621367
v -0.104599 0.679428 -0.624271
v -0.118729 0.442429 -0.643106
v -0.158081 0.468948 -0.629723
v -0.116776 0.468231 -0.650127
v -0.117874 0.508453 -0.652353
v -0.162628 0.520523 -0.634163
v -0.155838 0.550659 -0.636141
v -0.171112 0.498169 -0.623529
v -0.106171 0.529068 -0.648653
v -0.100555 0.541199 -0.640701
v -0.079819 0.526062 -0.652306
v -0.210312 0.582932 -0.593451
v -0.199966 0.586029 -0.592808
v -0.176620 0.587418 -0.609245
v -0.232834 0.582474 -0.591545
v -0.219681 0.565933 -0.596481
v -0.151703 0.424820 -0.615183
v -0.144714 0.415009 -0.620596
v -0.148895 0.403732 -0.615446
v -0.176407 0.464890 -0.582548
v -0.189804 0.471573 -0.594883
v -0.179153 0.483704 -0.602055
v -0.123047 0.421570 -0.634636
v -0.138702 0.417145 -0.624470
v -0.147614 0.428879 -0.620420
v -0.174545 0.438141 -0.598181
v -0.172623 0.456802 -0.583832
v -0.232056 0.393860 -0.546218
v -0.216125 0.422592 -0.537587
v -0.192795 0.369370 -0.560698
v -0.190567 0.375839 -0.563383
v -0.206238 0.418365 -0.546656
v -0.202209 0.402435 -0.568540
v -0.227493 0.434952 -0.556263
v -0.220169 0.458420 -0.579702
v -0.207520 0.449722 -0.577564
v -0.127335 0.365738 -0.588163
v -0.159256 0.359055 -0.580032
v -0.158524 0.379471 -0.601400
v -0.037582 0.329025 -0.563350
v -0.032150 0.337051 -0.580486
v -0.096527 0.618698 -0.647598
v -0.085358 0.339661 -0.514936
v -0.044830 0.331085 -0.537898
v -0.044861 0.341156 -0.518248
v -0.020325 0.346161 -0.530049
v -0.022552 0.338028 -0.541501
v -0.006989 0.350464 -0.548761
v -0.005814 0.527588 -0.609676
v -0.018295 0.535172 -0.625532
v -0.011978 0.551453 -0.624294
v -0.006638 0.612152 -0.564715
v -0.005249 0.588486 -0.604435
v -0.035492 0.628830 -0.596901
v -0.006744 0.618820 -0.559402
v -0.032013 0.635040 -0.589939
v -0.013809 0.636154 -0.575436
v -0.003860 0.664642 -0.485711
v -0.006744 0.669891 -0.519878
v -0.002396 0.611877 -0.547745
v -0.004562 0.621613 -0.553191
v -0.005890 0.642822 -0.537479
v 0.000153 0.572937 -0.565731
v -0.002289 0.607697 -0.554960
v -0.002182 0.524521 -0.592905
v -0.002457 0.529419 -0.599815
v -0.004562 0.362518 -0.575296
v -0.005325 0.390717 -0.583628
v -0.000198 0.382874 -0.567281
v -0.012146 0.650925 -0.360065
v -0.026047 0.577682 -0.347132
v -0.023422 0.579910 -0.358418
v -0.014359 0.611938 -0.387771
v -0.027817 0.567230 -0.349528
v -0.027222 0.551407 -0.365529
v -0.014130 0.584366 -0.402165
v -0.024734 0.535904 -0.383025
v -0.022034 0.538651 -0.393950
v -0.016266 0.562149 -0.418923
v -0.024139 0.526215 -0.389524
v -0.015350 0.502213 -0.420559
v -0.007568 0.523285 -0.452300
v -0.046295 0.503067 -0.369789
v -0.031006 0.524475 -0.375113
v -0.044449 0.510239 -0.360598
v -0.037384 0.565140 -0.335497
v -0.054337 0.543350 -0.316934
v -0.003098 0.479294 -0.617825
v -0.002548 0.496368 -0.593222
v -0.006348 0.481522 -0.587976
v -0.111084 0.394394 -0.445577
v -0.129669 0.383438 -0.445860
v -0.098938 0.370712 -0.470051
v -0.054764 0.386322 -0.474690
v -0.050064 0.402283 -0.471153
v -0.055725 0.407974 -0.464425
v -0.067947 0.573486 -0.300961
v -0.041931 0.585220 -0.306906
v -0.040344 0.606216 -0.287731
v -0.035172 0.572159 -0.333631
v -0.075302 0.560211 -0.300505
v -0.113724 0.428055 -0.412922
v -0.109573 0.410202 -0.434032
v -0.102905 0.440353 -0.424169
v -0.136230 0.413498 -0.407193
v -0.150192 0.425186 -0.388945
v -0.159363 0.424774 -0.385568
v -0.116241 0.400818 -0.436553
v -0.180725 0.410370 -0.390376
v -0.186249 0.419952 -0.378879
v -0.186279 0.422211 -0.364106
v -0.150665 0.431824 -0.377451
v -0.173965 0.445847 -0.349040
v -0.045929 0.499146 -0.373813
v -0.042770 0.492950 -0.379252
v -0.031860 0.517624 -0.380591
v -0.091034 0.451675 -0.426812
v -0.103882 0.464600 -0.419390
v -0.096619 0.444336 -0.426878
v -0.086624 0.475769 -0.360074
v -0.085876 0.482117 -0.376184
v -0.065689 0.487885 -0.364893
v -0.064011 0.493134 -0.353605
v -0.064804 0.500702 -0.329890
v -0.092636 0.477417 -0.341083
v -0.081528 0.511124 -0.298682
v -0.041611 0.638641 -0.598383
v -0.035233 0.656876 -0.600033
v -0.014496 0.660141 -0.573498
v -0.035080 0.678482 -0.595554
v -0.018280 0.683533 -0.542553
v -0.056198 0.403687 -0.616405
v -0.036591 0.412125 -0.606213
v -0.046326 0.388580 -0.610806
v -0.075058 0.565872 -0.292665
v -0.096588 0.433151 -0.430890
v -0.074432 0.414001 -0.446518
v -0.070160 0.422180 -0.447249
v -0.115707 0.439392 -0.405116
v -0.119736 0.430511 -0.404607
v -0.156281 0.428406 -0.381495
v -0.117996 0.352478 -0.549443
v -0.375793 0.611923 -0.418704
v -0.332870 0.541336 -0.465270
v -0.293381 0.649536 -0.527584
v -0.171387 0.628540 -0.591129
v -0.162811 0.609863 -0.596783
v -0.170822 0.615112 -0.581627
v -0.170761 0.635086 -0.594025
v -0.071777 0.532974 -0.652233
v -0.069702 0.523697 -0.653770
v -0.069443 0.645538 -0.615986
v -0.094223 0.680511 -0.623928
v -0.103989 0.689667 -0.623802
v -0.170837 0.664597 -0.574416
v -0.167068 0.669449 -0.576597
v -0.166046 0.662064 -0.579863
v -0.154434 0.660492 -0.605864
v -0.155853 0.669342 -0.603527
v -0.175674 0.607239 -0.581791
v -0.178360 0.612793 -0.580059
v -0.160919 0.600357 -0.601049
v -0.156418 0.603729 -0.605038
v -0.192612 0.702881 -0.554351
v -0.177002 0.682251 -0.572279
v -0.180740 0.677750 -0.571258
v -0.002411 0.520477 -0.572991
v 0.002121 0.565231 -0.549970
v -0.000519 0.559814 -0.540582
v -0.004684 0.498734 -0.622477
v -0.004227 0.517471 -0.607265
v -0.002731 0.512100 -0.602921
v -0.031296 0.421432 -0.604441
v -0.027924 0.413773 -0.601147
v -0.041565 0.701904 -0.569164
v -0.015045 0.347778 -0.580576
v -0.014999 0.365646 -0.592436
v -0.416046 0.589874 -0.384031
v -0.414215 0.594894 -0.387937
v -0.169159 0.461914 -0.588461
v -0.482330 0.629700 -0.340228
v -0.479248 0.624985 -0.322633
v -0.472305 0.638794 -0.322389
v -0.212357 0.732193 -0.553962
v -0.179352 0.721863 -0.569795
v -0.435760 0.695618 -0.353170
v -0.438004 0.682037 -0.372054
v -0.213577 0.707886 -0.546716
v -0.458725 0.611588 -0.391426
v -0.462570 0.602646 -0.382663
v -0.472870 0.616074 -0.365079
v -0.438004 0.591095 -0.386419
v -0.443634 0.575684 -0.381068
v -0.459595 0.593948 -0.380328
v -0.416641 0.619263 -0.424063
v -0.427734 0.602493 -0.404321
v -0.449570 0.606674 -0.396298
v -0.457321 0.603104 -0.387510
v -0.433548 0.510254 -0.345769
v -0.423096 0.540024 -0.367672
v -0.426346 0.526871 -0.379670
v -0.385468 0.651062 -0.469081
v -0.376266 0.652252 -0.487993
v -0.383209 0.609268 -0.453274
v -0.385193 0.645599 -0.447520
v -0.186462 0.358307 -0.562572
v -0.197525 0.350342 -0.551379
v -0.272064 0.409607 -0.531466
v -0.333038 0.474472 -0.510596
v -0.329849 0.435059 -0.506398
v -0.332733 0.505920 -0.511221
v -0.341522 0.485748 -0.491167
v -0.257507 0.451782 -0.560317
v -0.250900 0.438644 -0.557198
v -0.277527 0.442612 -0.549582
v -0.268311 0.463318 -0.555113
v -0.262527 0.460541 -0.556746
v -0.240829 0.462494 -0.575039
v -0.244049 0.621460 -0.586559
v -0.268250 0.632492 -0.567510
v -0.341415 0.495941 -0.475906
v -0.331650 0.523285 -0.494872
v -0.076675 0.498596 -0.658112
v -0.174164 0.412613 -0.603674
v -0.163193 0.461334 -0.616354
v -0.173813 0.483078 -0.607817
v -0.020279 0.391159 -0.600924
v -0.012955 0.673508 -0.551729
v -0.010925 0.675934 -0.538858
v -0.043655 0.522537 -0.341424
v -0.025650 0.613098 -0.321632
v -0.032181 0.384827 -0.485312
v -0.033554 0.406342 -0.470552
v -0.044968 0.405472 -0.471086
v -0.075485 0.464401 -0.391524
v -0.081741 0.481308 -0.379848
v -0.101349 0.474503 -0.403075
v -0.104004 0.470551 -0.413775
v -0.087006 0.453598 -0.423489
v -0.073624 0.449509 -0.409290
v -0.061691 0.480392 -0.376820
v -0.063248 0.486832 -0.370474
v -0.169205 0.690628 -0.593634
v -0.026886 0.421555 -0.595554
v -0.180969 0.362701 -0.568551
v -0.267258 0.415436 -0.536131
v -0.255722 0.416840 -0.537604
v -0.183990 0.490829 -0.605429
v -0.177460 0.492737 -0.610825
v -0.306732 0.683624 -0.057713
v -0.289780 0.699936 -0.051814
v -0.303238 0.688995 -0.103086
v -0.295120 0.703171 -0.112250
v -0.288177 0.708679 -0.110064
v -0.463104 0.699524 -0.334876
v -0.429550 0.705154 -0.412309
v -0.406479 0.704346 -0.440719
v -0.441269 0.705521 -0.383468
v -0.370193 0.729645 -0.445790
v -0.383987 0.734482 -0.446905
v -0.396561 0.688644 -0.459432
v -0.126282 0.669006 -0.177556
v -0.216324 0.678177 -0.273309
v -0.210983 0.685593 -0.257551
v -0.223984 0.679016 -0.242280
v -0.203796 0.669235 -0.402719
v -0.231094 0.665527 -0.377876
v -0.213745 0.655380 -0.381886
v -0.196350 0.670303 -0.400970
v -0.206970 0.656616 -0.379092
v -0.202438 0.670334 -0.371840
v -0.161041 0.641190 -0.256046
v -0.153946 0.649155 -0.245142
v -0.156387 0.668228 -0.249233
v -0.144470 0.670151 -0.221895
v -0.218063 0.632568 -0.350654
v -0.222733 0.632416 -0.350779
v -0.221390 0.624420 -0.344636
v -0.156860 0.612686 -0.217344
v -0.165680 0.597946 -0.215059
v -0.155167 0.615936 -0.206239
v -0.298203 0.678085 -0.139500
v -0.285629 0.676346 -0.158423
v -0.281311 0.707611 -0.136835
v -0.284393 0.714584 -0.114785
v -0.274048 0.728790 -0.115988
v -0.275894 0.730026 -0.016924
v -0.488937 0.692993 -0.274041
v -0.385986 0.704956 -0.456164
v -0.343506 0.714462 -0.490778
v -0.349838 0.710007 -0.476322
v -0.202576 0.665817 -0.316932
v -0.183273 0.664062 -0.278918
v -0.181732 0.683853 -0.259200
v -0.138367 0.671524 -0.208900
v -0.291946 0.704361 -0.116995
v -0.441315 0.699600 -0.345536
v -0.229263 0.680542 -0.230528
v -0.248322 0.682953 -0.211829
v -0.257919 0.660263 -0.247272
v -0.154404 0.688980 -0.225533
v -0.161972 0.696808 -0.227118
v -0.168594 0.682220 -0.249308
v -0.219009 0.647369 -0.368483
v -0.455978 0.680206 -0.340194
v -0.422134 0.650253 -0.172237
v -0.392410 0.650955 -0.157285
v -0.353012 0.654846 -0.151732
v -0.398438 0.672134 -0.146937
v -0.116898 0.476334 -0.186908
v -0.139328 0.465607 -0.196712
v -0.121140 0.481598 -0.223161
v -0.164871 0.458084 -0.202176
v -0.167923 0.463974 -0.226544
v -0.153381 0.469482 -0.241675
v -0.186234 0.467255 -0.227298
v -0.183044 0.458328 -0.192749
v -0.190170 0.468826 -0.186321
v -0.155029 0.456467 -0.173633
v -0.218765 0.422180 -0.179482
v -0.509552 0.622025 -0.275356
v -0.506134 0.652618 -0.276932
v -0.484238 0.665741 -0.316383
v -0.214371 0.417572 -0.314364
v -0.222763 0.421310 -0.297926
v -0.230331 0.416885 -0.298450
v -0.210999 0.432907 -0.276501
v -0.226608 0.424927 -0.269135
v -0.225906 0.421844 -0.290837
v -0.060532 0.560318 -0.272975
v -0.045685 0.599380 -0.281408
v -0.069397 0.535812 -0.240550
v -0.050201 0.561111 -0.224533
v -0.066559 0.528824 -0.195298
v -0.086426 0.514450 -0.256649
v -0.109039 0.496109 -0.274346
v -0.108017 0.497528 -0.265115
v -0.114563 0.493011 -0.243728
v -0.176285 0.461700 -0.316684
v -0.165146 0.468155 -0.336993
v -0.155457 0.465225 -0.331690
v -0.167252 0.479797 -0.276055
v -0.145676 0.484512 -0.279917
v -0.143143 0.480804 -0.263748
v -0.121262 0.488358 -0.282663
v -0.115219 0.484497 -0.302684
v -0.182419 0.641632 -0.281096
v -0.179550 0.615768 -0.287110
v -0.227402 0.610291 -0.310239
v -0.219009 0.604721 -0.331331
v -0.238342 0.632706 -0.330678
v -0.213928 0.571411 -0.289827
v -0.219589 0.558868 -0.276437
v -0.190140 0.560257 -0.245129
v -0.248383 0.624512 -0.292747
v -0.245880 0.612900 -0.258014
v -0.237549 0.595810 -0.261500
v -0.288300 0.648743 -0.170633
v -0.282120 0.626205 -0.159525
v -0.268753 0.571411 -0.173614
v -0.292526 0.646667 -0.150096
v -0.216721 0.592346 -0.320753
v -0.201721 0.592926 -0.309109
v -0.185791 0.561264 -0.232097
v -0.188126 0.571304 -0.214675
v -0.186829 0.575851 -0.197948
v -0.151184 0.572784 -0.166636
v -0.128601 0.611984 -0.157825
v -0.097366 0.481415 -0.145571
v -0.086182 0.491455 -0.134075
v -0.073944 0.577545 -0.183089
v -0.039215 0.604706 -0.235427
v -0.083527 0.575180 -0.176751
v -0.081421 0.570847 -0.180188
v -0.113495 0.568741 -0.166471
v -0.109024 0.576630 -0.167418
v -0.231003 0.615967 -0.309499
v -0.156708 0.637238 -0.245595
v -0.180756 0.571793 -0.241419
v -0.186279 0.564575 -0.147234
v -0.167084 0.582169 -0.155579
v -0.177795 0.587326 -0.154221
v -0.112961 0.649734 -0.143701
v -0.100677 0.645264 -0.151633
v -0.127792 0.483673 -0.294029
v -0.145996 0.482803 -0.286593
v -0.142532 0.472992 -0.301235
v -0.220352 0.410187 -0.351126
v -0.214264 0.412704 -0.362690
v -0.204208 0.465317 -0.236796
v -0.210648 0.459045 -0.236932
v -0.207169 0.459747 -0.249785
v -0.183350 0.467499 -0.285853
v -0.187561 0.461136 -0.293137
v -0.181137 0.465576 -0.295003
v -0.473953 0.642792 -0.317788
v -0.474869 0.604355 -0.288664
v -0.491608 0.604538 -0.284652
v -0.288132 0.613800 -0.130552
v -0.321411 0.651413 -0.126754
v -0.339493 0.653717 -0.109243
v -0.327896 0.656204 -0.104953
v -0.086197 0.507996 -0.113338
v -0.098938 0.507935 -0.280041
v -0.230286 0.422775 -0.217862
v -0.235306 0.417389 -0.233106
v -0.255356 0.416199 -0.201125
v -0.248672 0.405167 -0.273180
v -0.242264 0.404907 -0.310692
v -0.091888 0.497421 -0.214874
v -0.163452 0.470215 -0.300444
v -0.166687 0.478409 -0.284703
v -0.101639 0.505127 -0.270288
v -0.179260 0.602295 -0.280116
v -0.128128 0.654602 -0.142171
v -0.138733 0.654678 -0.170691
v -0.137665 0.658798 -0.161960
v -0.138138 0.657669 -0.149576
v -0.116501 0.556625 -0.154900
v -0.098846 0.553116 -0.147001
v -0.122330 0.538040 -0.142250
v -0.034805 0.617615 -0.147683
v 0.005386 0.604340 -0.196218
v -0.033447 0.610794 -0.225204
v -0.270172 0.731232 0.097014
v -0.278885 0.719437 0.034059
v -0.332504 0.685013 0.052219
v -0.328232 0.675888 0.032864
v -0.332458 0.684280 0.058169
v -0.294830 0.698074 0.024248
v -0.457458 0.651871 -0.393785
v -0.458969 0.667664 -0.370038
v -0.137482 0.719360 -0.590164
v -0.258209 0.727356 -0.521897
v -0.454330 0.676437 -0.346499
v -0.103561 0.727158 -0.605822
v -0.442917 0.633438 -0.420475
v -0.435440 0.596085 -0.391099
v -0.409317 0.652634 -0.447464
v -0.388489 0.649139 -0.444333
v -0.407166 0.601532 -0.400741
v -0.421371 0.571884 -0.378819
v -0.426300 0.542374 -0.365278
v -0.444016 0.542404 -0.367100
v -0.451080 0.513641 -0.346103
v -0.436874 0.512955 -0.342559
v -0.484818 0.586166 -0.315742
v -0.477768 0.595215 -0.300035
v -0.472305 0.602631 -0.291330
v -0.426025 0.507004 -0.389413
v -0.415359 0.475769 -0.396583
v -0.412766 0.551926 -0.428017
v -0.400681 0.581970 -0.430948
v -0.411713 0.584320 -0.413760
v -0.372849 0.683365 -0.474368
v -0.374649 0.584976 -0.484011
v -0.372604 0.576294 -0.467829
v -0.359787 0.574402 -0.502292
v -0.352509 0.554062 -0.488268
v -0.329239 0.579102 -0.527640
v -0.321548 0.553177 -0.519419
v -0.326645 0.646255 -0.530324
v -0.311172 0.670593 -0.537458
v -0.368073 0.572128 -0.450019
v -0.366196 0.574951 -0.452182
v -0.329102 0.410629 -0.495138
v -0.302841 0.396973 -0.511435
v -0.272583 0.354431 -0.493322
v -0.242249 0.371201 -0.536506
v -0.137802 0.347626 -0.564076
v -0.130066 0.340363 -0.546898
v -0.158005 0.334366 -0.542171
v -0.164566 0.347229 -0.563074
v -0.301636 0.422913 -0.524219
v -0.376968 0.434708 -0.439840
v -0.313629 0.533081 -0.517508
v -0.317581 0.512344 -0.524250
v -0.292664 0.476135 -0.544750
v -0.313660 0.472580 -0.529846
v -0.273773 0.486618 -0.551120
v -0.288788 0.526459 -0.537662
v -0.310196 0.541016 -0.510170
v -0.260315 0.491776 -0.549400
v -0.250137 0.470642 -0.568393
v -0.257080 0.461685 -0.560161
v -0.252945 0.494110 -0.567669
v -0.236145 0.496750 -0.583000
v -0.243652 0.530502 -0.582981
v -0.211426 0.627609 -0.593992
v -0.212936 0.661423 -0.589933
v -0.238602 0.656006 -0.585686
v -0.256287 0.667908 -0.574259
v -0.234222 0.685226 -0.579782
v -0.274353 0.683243 -0.550152
v -0.267303 0.675034 -0.562322
v -0.247986 0.698364 -0.566005
v -0.225906 0.703629 -0.564580
v -0.212738 0.695633 -0.572738
v -0.256577 0.492645 -0.552346
v -0.124558 0.591980 -0.637447
v -0.094696 0.561447 -0.649229
v -0.097549 0.545975 -0.641281
v -0.129349 0.580795 -0.626514
v -0.139572 0.696381 -0.611326
v -0.081436 0.434204 -0.647346
v -0.079071 0.465195 -0.655464
v -0.085922 0.418304 -0.636780
v -0.087250 0.403824 -0.625061
v -0.122131 0.401337 -0.623560
v -0.142944 0.567291 -0.631901
v -0.185806 0.565277 -0.617355
v -0.184769 0.505890 -0.615280
v -0.215637 0.531311 -0.598194
v -0.205139 0.494278 -0.599157
v -0.194214 0.431091 -0.579958
v -0.189362 0.414291 -0.591780
v -0.191849 0.392578 -0.584576
v -0.065445 0.559448 -0.653151
v -0.086868 0.393234 -0.616610
v -0.060791 0.667282 -0.616440
v -0.073029 0.714279 -0.605267
v -0.072388 0.692993 -0.621342
v -0.106110 0.703644 -0.619284
v -0.196503 0.335663 -0.528042
v -0.209015 0.401093 -0.395572
v -0.215103 0.415085 -0.379035
v -0.146454 0.369690 -0.459025
v -0.180206 0.383484 -0.429384
v -0.159439 0.396210 -0.416502
v -0.215347 0.416840 -0.373262
v -0.186096 0.421921 -0.374106
v -0.115433 0.354828 -0.487768
v -0.007706 0.415253 -0.574884
v -0.027328 0.448486 -0.578140
v -0.011932 0.444901 -0.562371
v -0.024872 0.479446 -0.562088
v -0.010086 0.475647 -0.546543
v -0.025635 0.509018 -0.541574
v -0.008728 0.508057 -0.522321
v -0.028625 0.542770 -0.509170
v -0.011856 0.539215 -0.488488
v -0.035049 0.613693 -0.454318
v -0.020035 0.604721 -0.436728
v -0.020950 0.573654 -0.455089
v -0.037292 0.579361 -0.477907
v -0.033813 0.642838 -0.429969
v -0.019745 0.633682 -0.414561
v -0.036224 0.582138 -0.484071
v -0.014267 0.589417 -0.495667
v -0.015869 0.621002 -0.474043
v -0.034332 0.616165 -0.460307
v -0.022842 0.432938 -0.620033
v -0.012436 0.454193 -0.601181
v -0.027267 0.450272 -0.584381
v -0.017960 0.448364 -0.630899
v -0.007767 0.461426 -0.618164
v -0.017746 0.650879 -0.447786
v -0.006836 0.657639 -0.465202
v -0.003220 0.598450 -0.509876
v -0.005188 0.629242 -0.490421
v -0.010193 0.551453 -0.527509
v -0.008316 0.513382 -0.561645
v 0.001114 0.408783 -0.553938
v 0.001633 0.437012 -0.535869
v -0.001358 0.492874 -0.486288
v -0.000122 0.465164 -0.512757
v -0.006561 0.476318 -0.452369
v -0.000336 0.395737 -0.524838
v 0.000763 0.422699 -0.506987
v -0.002182 0.371063 -0.540209
v -0.010376 0.385651 -0.502708
v -0.014008 0.362885 -0.519056
v -0.012756 0.409027 -0.482773
v -0.001404 0.449432 -0.483492
v -0.017914 0.432861 -0.457753
v -0.032104 0.621536 -0.282254
v -0.033340 0.477371 -0.397270
v -0.055557 0.464554 -0.391770
v -0.048553 0.448517 -0.412752
v -0.025925 0.456879 -0.425582
v -0.068665 0.358658 -0.492115
v -0.082565 0.391769 -0.457208
v -0.066605 0.425888 -0.446078
v -0.051575 0.414352 -0.461596
v -0.040009 0.426834 -0.444188
v -0.060394 0.432068 -0.437311
v -0.135269 0.454910 -0.376513
v -0.109650 0.461731 -0.415896
v -0.113235 0.470718 -0.408751
v -0.036240 0.359573 -0.502911
v -0.117249 0.464401 -0.352475
v -0.105057 0.468231 -0.373582
v -0.131332 0.463715 -0.367160
v -0.110184 0.474442 -0.400045
v -0.027985 0.605240 -0.627966
v -0.048981 0.439713 -0.643333
v -0.054550 0.422806 -0.631180
v -0.016068 0.472427 -0.638868
v -0.015366 0.500687 -0.638821
v -0.018677 0.526596 -0.627266
v -0.104172 0.403809 -0.442134
v -0.140549 0.447845 -0.375579
v -0.169006 0.464478 -0.339858
v -0.404892 0.598083 -0.402076
v -0.345352 0.494476 -0.470800
v -0.311478 0.544174 -0.510633
v -0.360321 0.448746 -0.466390
v -0.349747 0.459503 -0.471691
v -0.038620 0.536789 -0.646547
v -0.039749 0.526016 -0.648273
v -0.132385 0.576584 -0.625330
v -0.002411 0.634857 -0.506243
v -0.000153 0.604126 -0.524121
v -0.045837 0.467056 -0.652651
v -0.043350 0.498367 -0.654051
v -0.056458 0.410324 -0.620100
v -0.028381 0.544998 -0.515030
v -0.025482 0.510193 -0.547575
v -0.024384 0.480606 -0.568242
v -0.073746 0.724289 -0.584249
v -0.045288 0.696350 -0.587872
v -0.018982 0.680695 -0.553989
v -0.068985 0.370819 -0.605556
v -0.045914 0.350006 -0.595619
v -0.015442 0.340149 -0.566428
v -0.362244 0.489059 -0.466910
v -0.287918 0.582443 -0.553782
v -0.301208 0.508240 -0.537146
v -0.032898 0.563965 -0.641432
v -0.185791 0.532181 -0.618832
v -0.203171 0.592728 -0.590281
v -0.196625 0.446442 -0.569460
v -0.194031 0.443176 -0.569883
v -0.026505 0.344147 -0.586779
v -0.023529 0.334137 -0.557244
v -0.031998 0.360062 -0.598574
v -0.033478 0.645721 -0.435457
v -0.134598 0.467850 -0.324409
v -0.038513 0.607620 -0.273829
v -0.272095 0.731750 -0.062197
v -0.278305 0.720596 -0.085856
v -0.237381 0.715500 -0.191347
v -0.263092 0.713058 -0.166170
v -0.271591 0.677856 -0.183647
v -0.197906 0.714630 -0.214016
v -0.190964 0.719498 -0.229957
v -0.205536 0.713943 -0.207295
v -0.327026 0.682434 -0.111674
v -0.325439 0.690613 -0.121123
v -0.324677 0.688965 -0.126567
v -0.325256 0.670334 -0.142553
v -0.362411 0.684494 -0.127090
v -0.363205 0.678436 -0.114724
v -0.286407 0.709290 -0.119276
v -0.288727 0.702362 -0.086764
v -0.399826 0.734390 -0.437265
v -0.325012 0.657425 -0.151943
v -0.306671 0.657410 -0.157373
v -0.271896 0.650558 -0.202701
v -0.360260 0.670364 -0.145055
v -0.204285 0.686127 -0.262158
v -0.254959 0.660660 -0.328528
v -0.361832 0.683304 -0.132744
v -0.261444 0.656982 -0.288504
v -0.184402 0.716934 -0.232327
v -0.211563 0.649704 -0.364700
v -0.326492 0.677399 -0.091913
v -0.303497 0.684753 -0.086328
v -0.043350 0.616241 -0.149212
v -0.514694 0.642990 -0.234838
v -0.090042 0.488724 -0.174026
v -0.074524 0.504623 -0.156677
v -0.189407 0.470322 -0.264022
v -0.176010 0.472015 -0.255254
v -0.193115 0.465683 -0.182236
v -0.197266 0.445801 -0.182193
v -0.211685 0.447266 -0.220361
v -0.253601 0.408020 -0.226472
v -0.127701 0.466675 -0.156942
v -0.242813 0.414413 -0.181355
v -0.199738 0.420731 -0.340603
v -0.186844 0.440887 -0.326206
v -0.196060 0.441269 -0.301319
v -0.040543 0.592545 -0.250748
v -0.128021 0.486542 -0.286897
v -0.205322 0.639175 -0.315917
v -0.200668 0.604889 -0.314260
v -0.233749 0.586288 -0.264533
v -0.224854 0.567947 -0.286495
v -0.213379 0.527420 -0.228974
v -0.236969 0.528717 -0.243951
v -0.208725 0.529938 -0.220469
v -0.208359 0.545258 -0.197618
v -0.162521 0.613770 -0.192322
v -0.203720 0.551758 -0.181646
v -0.187469 0.577332 -0.187778
v -0.184204 0.587784 -0.161885
v -0.164520 0.621368 -0.158725
v -0.164307 0.614487 -0.183972
v -0.201248 0.554916 -0.174072
v -0.195663 0.564240 -0.152205
v -0.202942 0.536560 -0.143020
v -0.195648 0.547882 -0.130469
v -0.168182 0.552689 -0.154222
v -0.140350 0.575882 -0.167896
v -0.094711 0.600571 -0.154087
v -0.120758 0.608994 -0.158393
v -0.143814 0.545502 -0.147423
v -0.147171 0.532852 -0.124777
v -0.133774 0.522461 -0.127234
v -0.132339 0.553696 -0.155979
v -0.097977 0.537460 -0.133236
v -0.062561 0.549347 -0.176389
v -0.127136 0.521271 -0.125336
v -0.106461 0.522324 -0.114121
v -0.074188 0.523666 -0.140397
v -0.044205 0.575287 -0.212506
v -0.057602 0.611526 -0.145834
v -0.071381 0.625656 -0.142668
v -0.071426 0.594040 -0.158177
v -0.194336 0.464066 -0.268496
v -0.204529 0.436035 -0.283383
v -0.207611 0.532669 -0.147869
v -0.171524 0.538330 -0.130446
v -0.164581 0.535645 -0.129894
v -0.161194 0.549469 -0.154190
v -0.146286 0.566284 -0.167162
v -0.158112 0.619614 -0.150769
v -0.186127 0.548370 -0.126566
v -0.242935 0.533600 -0.244110
v -0.256577 0.508408 -0.193416
v -0.252197 0.503876 -0.193955
v -0.237167 0.502884 -0.184523
v -0.232071 0.506180 -0.178443
v -0.141510 0.615402 -0.151365
v -0.094391 0.641129 -0.151558
v -0.181732 0.457077 -0.317138
v -0.261566 0.537292 -0.178456
v -0.295792 0.638077 -0.125522
v -0.221939 0.524231 -0.160146
v -0.259766 0.528183 -0.182097
v -0.324036 0.653839 -0.145326
v -0.305481 0.648407 -0.128027
v -0.306549 0.653030 -0.147741
v -0.346420 0.647217 -0.127707
v -0.341431 0.646286 -0.121731
v -0.311966 0.651642 -0.100604
v -0.231384 0.407364 -0.332323
v -0.246384 0.554581 -0.231213
v -0.255920 0.589081 -0.219703
v -0.248718 0.563049 -0.226540
v -0.373398 0.659637 -0.125167
v 0.005386 0.604340 -0.196218
v -0.045914 0.590958 -0.208644
v -0.044113 0.593307 -0.211367
v -0.041153 0.592590 -0.204739
v -0.050858 0.588318 -0.204895
v -0.049652 0.591125 -0.175619
v -0.054352 0.588821 -0.176197
v -0.041443 0.592972 -0.177697
v -0.047913 0.594452 -0.171676
v -0.027786 0.632339 -0.232545
v -0.276749 0.712311 0.133077
v -0.280334 0.704071 0.136190
v -0.276184 0.715637 0.123948
v -0.274979 0.714035 0.138943
v -0.283813 0.717056 0.056624
v -0.280701 0.716873 0.051579
v -0.282959 0.720871 0.061579
v -0.296921 0.705322 0.052198
v -0.271225 0.715256 0.153388
v -0.286484 0.696640 0.093708
v -0.288589 0.702240 0.081995
v -0.289658 0.688171 0.105859
v -0.280594 0.722290 0.069221
v -0.281830 0.722427 0.066216
v -0.270340 0.729111 0.071380
v -0.283569 0.717621 0.072667
v -0.266113 0.733795 0.073590
v -0.283218 0.703506 0.117357
v -0.281219 0.710129 0.115714
v -0.282990 0.698563 0.125874
v -0.283325 0.702515 0.113966
v -0.284027 0.689041 0.133052
v -0.287796 0.686325 0.137991
v -0.284164 0.689575 0.127447
v -0.283630 0.691055 0.133873
v -0.265503 0.734589 0.064299
v -0.269836 0.731400 0.064442
v -0.266998 0.733322 0.059094
v -0.248764 0.724640 -0.537018
v -0.245529 0.722992 -0.543510
v -0.253220 0.720612 -0.533794
v -0.245834 0.735016 -0.530744
v -0.304871 0.720703 -0.519575
v -0.314392 0.727829 -0.509807
v -0.291306 0.724762 -0.521413
v -0.306580 0.715256 -0.521177
v -0.348511 0.699493 -0.489974
v -0.346329 0.704910 -0.487169
v -0.345200 0.698715 -0.496661
v -0.352646 0.696014 -0.485357
v -0.354279 0.698730 -0.453896
v -0.355942 0.703217 -0.452319
v -0.353210 0.699448 -0.457370
v -0.357788 0.696899 -0.456564
v -0.332092 0.716507 -0.507273
v -0.333649 0.715469 -0.505455
v -0.329041 0.722748 -0.504398
v -0.325912 0.714264 -0.511634
v -0.259872 0.705429 -0.545579
v -0.259277 0.709000 -0.541923
v -0.253830 0.709915 -0.546478
v -0.262054 0.702850 -0.546593
v -0.369949 0.693710 -0.461183
v -0.380020 0.685043 -0.464037
v -0.371765 0.693954 -0.460272
v -0.368393 0.693420 -0.462034
v -0.471939 0.545090 -0.345169
v -0.475128 0.539261 -0.335229
v -0.472534 0.559555 -0.349412
v -0.465088 0.538223 -0.351190
v -0.426758 0.673782 -0.429808
v -0.432144 0.664764 -0.424251
v -0.423141 0.682007 -0.426175
v -0.423355 0.673859 -0.440792
v -0.381821 0.541107 -0.461792
v -0.385605 0.535904 -0.457982
v -0.391891 0.555069 -0.453293
v -0.374832 0.542389 -0.462729
v -0.396759 0.481903 -0.431193
v -0.395844 0.483215 -0.433866
v -0.393661 0.474289 -0.428735
v -0.398743 0.480316 -0.426865
v -0.370453 0.609756 -0.496966
v -0.373703 0.617188 -0.494365
v -0.361603 0.614105 -0.507405
v -0.370239 0.605164 -0.496102
v -0.338486 0.665054 -0.521647
v -0.347610 0.647369 -0.519440
v -0.343323 0.670654 -0.515996
v -0.331085 0.666000 -0.525878
v -0.295425 0.622665 -0.546381
v -0.295853 0.625229 -0.543903
v -0.286148 0.616302 -0.551532
v -0.298126 0.616653 -0.545266
v -0.341217 0.623779 -0.524243
v -0.343048 0.622528 -0.523065
v -0.336853 0.635544 -0.527935
v -0.337982 0.619965 -0.525537
v -0.293869 0.629868 -0.538507
v -0.288589 0.629440 -0.538235
v -0.301025 0.636063 -0.532666
v -0.276611 0.700974 -0.546585
v -0.286865 0.696365 -0.545416
v -0.274246 0.706970 -0.542640
v -0.271317 0.698090 -0.547858
v -0.416855 0.578125 -0.389667
v -0.419830 0.567276 -0.388825
v -0.414673 0.581436 -0.384600
v -0.416351 0.580933 -0.394319
v -0.269119 0.399765 -0.530720
v -0.270035 0.399368 -0.530235
v -0.265884 0.406937 -0.532949
v -0.265320 0.397461 -0.532503
v -0.398361 0.464844 -0.411172
v -0.389008 0.456772 -0.411537
v -0.387299 0.472916 -0.437531
v -0.390305 0.471542 -0.431636
v -0.388306 0.475739 -0.438455
v -0.386520 0.466919 -0.435905
v -0.253326 0.562027 -0.577854
v -0.258896 0.562042 -0.573452
v -0.251251 0.565353 -0.579760
v -0.253357 0.557831 -0.577496
v -0.258347 0.573822 -0.576235
v -0.259979 0.566132 -0.573401
v -0.262253 0.574020 -0.573115
v -0.255402 0.573883 -0.578173
v -0.282364 0.634109 -0.543773
v -0.281372 0.645294 -0.542661
v -0.279175 0.630646 -0.553237
v -0.284332 0.630768 -0.540273
v -0.274872 0.561111 -0.560558
v -0.265121 0.562866 -0.568663
v -0.275055 0.559357 -0.557239
v -0.274628 0.564163 -0.561319
v -0.272507 0.555679 -0.550048
v -0.266846 0.554626 -0.550466
v -0.281006 0.552429 -0.539709
v -0.187134 0.647141 -0.590548
v -0.186905 0.632706 -0.590847
v -0.193100 0.648849 -0.590754
v -0.183334 0.651489 -0.588236
v -0.347107 0.442123 -0.481538
v -0.344482 0.450882 -0.485025
v -0.345352 0.436081 -0.486619
v -0.349274 0.441956 -0.477079
v -0.263626 0.547424 -0.554785
v -0.263275 0.536530 -0.551041
v -0.263641 0.551819 -0.552341
v -0.260757 0.547302 -0.566695
v -0.072647 0.627853 -0.637144
v -0.060181 0.626953 -0.629805
v -0.073654 0.624283 -0.643913
v -0.080170 0.632080 -0.634256
v -0.131546 0.627075 -0.630783
v -0.149963 0.627258 -0.620708
v -0.125580 0.634262 -0.633715
v -0.129822 0.621841 -0.631472
v -0.158432 0.629684 -0.614801
v -0.162659 0.627945 -0.609903
v -0.157104 0.637054 -0.614752
v -0.145554 0.652832 -0.619915
v -0.145950 0.666046 -0.615812
v -0.138672 0.649399 -0.624640
v -0.149567 0.649948 -0.617363
v -0.102585 0.645828 -0.638994
v -0.100052 0.645950 -0.636963
v -0.098923 0.633881 -0.645845
v -0.107773 0.645676 -0.637188
v -0.092850 0.644531 -0.631506
v -0.087112 0.637436 -0.632595
v -0.091766 0.651489 -0.625650
v -0.092682 0.659439 -0.623596
v -0.107239 0.670685 -0.625120
v -0.089447 0.660782 -0.622152
v -0.134094 0.458618 -0.641327
v -0.138290 0.452057 -0.637049
v -0.137878 0.471298 -0.641705
v -0.116287 0.453461 -0.647392
v -0.143066 0.527435 -0.643682
v -0.141083 0.512711 -0.643999
v -0.160233 0.539032 -0.635717
v -0.136765 0.532318 -0.645119
v -0.164780 0.496460 -0.630190
v -0.166092 0.486618 -0.626354
v -0.169037 0.508850 -0.628399
v -0.157898 0.495453 -0.634281
v -0.092224 0.529892 -0.648149
v -0.103500 0.536087 -0.644279
v -0.088364 0.532776 -0.646698
v -0.091095 0.523285 -0.651924
v -0.192719 0.585449 -0.600868
v -0.205078 0.582047 -0.594442
v -0.189102 0.588287 -0.599394
v -0.193802 0.583328 -0.602016
v -0.233032 0.569763 -0.590975
v -0.226715 0.573624 -0.593494
v -0.232712 0.561554 -0.590467
v -0.239166 0.571899 -0.588095
v -0.147461 0.412613 -0.618601
v -0.146484 0.418106 -0.620197
v -0.144226 0.409851 -0.619629
v -0.151962 0.414703 -0.615902
v -0.179413 0.474167 -0.594046
v -0.182953 0.466782 -0.588820
v -0.184296 0.479355 -0.599733
v -0.176514 0.475555 -0.593317
v -0.134949 0.421219 -0.628738
v -0.132446 0.418762 -0.629213
v -0.142181 0.420776 -0.623701
v -0.136200 0.426971 -0.629875
v -0.163910 0.441452 -0.600582
v -0.162720 0.431808 -0.607409
v -0.173645 0.448135 -0.591263
v -0.161118 0.442200 -0.600132
v -0.209595 0.393387 -0.550011
v -0.223846 0.406464 -0.542659
v -0.202240 0.394699 -0.549680
v -0.212204 0.380814 -0.553768
v -0.200699 0.397125 -0.555961
v -0.199326 0.395935 -0.552021
v -0.205475 0.411636 -0.555581
v -0.196503 0.386261 -0.566333
v -0.236725 0.411285 -0.538347
v -0.237900 0.416168 -0.535162
v -0.247528 0.401871 -0.539788
v -0.220566 0.443146 -0.568398
v -0.226151 0.444260 -0.567146
v -0.212997 0.454666 -0.580200
v -0.217606 0.439377 -0.564225
v -0.148254 0.365616 -0.590990
v -0.145294 0.360077 -0.583303
v -0.160141 0.367950 -0.590073
v -0.142517 0.372986 -0.598314
v -0.037064 0.335541 -0.579624
v -0.032700 0.332458 -0.571739
v -0.075043 0.622986 -0.646208
v -0.090927 0.626984 -0.648132
v -0.075897 0.614410 -0.647095
v -0.060959 0.335648 -0.522118
v -0.065338 0.333939 -0.527695
v -0.044937 0.335617 -0.526567
v -0.063217 0.340057 -0.514834
v -0.014526 0.344650 -0.539804
v -0.022400 0.341156 -0.534779
v -0.014084 0.343094 -0.544925
v -0.011948 0.349152 -0.537848
v -0.009903 0.534988 -0.618021
v -0.010773 0.529968 -0.615767
v -0.016006 0.541534 -0.626589
v -0.007034 0.540375 -0.615559
v -0.014206 0.611862 -0.585751
v -0.005112 0.602051 -0.580843
v -0.019028 0.611572 -0.599937
v -0.018707 0.620148 -0.577549
v -0.017563 0.628723 -0.575098
v -0.019363 0.625916 -0.574456
v -0.022751 0.637466 -0.584049
v -0.010757 0.627686 -0.569219
v -0.004868 0.665390 -0.504717
v -0.004364 0.628754 -0.543640
v -0.003235 0.617874 -0.549253
v -0.005463 0.632019 -0.547590
v -0.003906 0.627686 -0.539381
v -0.000946 0.593842 -0.556253
v -0.001022 0.593124 -0.561521
v -0.002274 0.608139 -0.552780
v -0.000565 0.593063 -0.552915
v -0.000946 0.546341 -0.581734
v -0.002197 0.526077 -0.596375
v -0.001022 0.550262 -0.584112
v -0.000793 0.545288 -0.579187
v -0.001862 0.375961 -0.576633
v -0.004089 0.375717 -0.580984
v -0.001160 0.387070 -0.575281
v -0.001587 0.371429 -0.570453
v -0.019669 0.592941 -0.369724
v -0.025085 0.576416 -0.352459
v -0.019089 0.591858 -0.372497
v -0.019272 0.598373 -0.366462
v -0.020294 0.570740 -0.376818
v -0.028473 0.558670 -0.356674
v -0.019516 0.566711 -0.384666
v -0.019043 0.578140 -0.377426
v -0.020370 0.549881 -0.400709
v -0.023605 0.536606 -0.387684
v -0.018875 0.547287 -0.406487
v -0.020233 0.552475 -0.398418
v -0.014557 0.519806 -0.420702
v -0.020203 0.513885 -0.404715
v -0.009872 0.511093 -0.437597
v -0.014694 0.527390 -0.421173
v -0.038025 0.514572 -0.371328
v -0.037460 0.513947 -0.374278
v -0.036682 0.518311 -0.367898
v -0.045532 0.506058 -0.366182
v -0.041245 0.555649 -0.330072
v -0.031418 0.565094 -0.341648
v -0.044785 0.556473 -0.326619
v -0.040817 0.552750 -0.332349
v -0.002502 0.483948 -0.601925
v -0.002151 0.488571 -0.605501
v -0.003311 0.489731 -0.590082
v -0.003448 0.477951 -0.603724
v -0.112076 0.382156 -0.454654
v -0.118790 0.388901 -0.446417
v -0.115799 0.374939 -0.460006
v -0.104691 0.384094 -0.456145
v -0.052490 0.397858 -0.471163
v -0.049774 0.395538 -0.473472
v -0.051682 0.405487 -0.469058
v -0.056213 0.397507 -0.468363
v -0.053192 0.587509 -0.294212
v -0.055023 0.578140 -0.303043
v -0.042130 0.595078 -0.295880
v -0.056519 0.589264 -0.291324
v -0.048904 0.573441 -0.316233
v -0.051620 0.570755 -0.319643
v -0.037598 0.578217 -0.321589
v -0.053009 0.560364 -0.319884
v -0.064560 0.551910 -0.308385
v -0.053116 0.565979 -0.320947
v -0.108063 0.423370 -0.425721
v -0.112518 0.417557 -0.423831
v -0.105865 0.422668 -0.430390
v -0.107773 0.435562 -0.419046
v -0.146484 0.420288 -0.395609
v -0.144958 0.420624 -0.395487
v -0.153168 0.426331 -0.386927
v -0.149857 0.417603 -0.396713
v -0.120666 0.391769 -0.443248
v -0.113098 0.398544 -0.441373
v -0.124466 0.393234 -0.439072
v -0.173920 0.420288 -0.383156
v -0.168152 0.417297 -0.388566
v -0.172226 0.423523 -0.380838
v -0.185562 0.415710 -0.383120
v -0.169022 0.433762 -0.364079
v -0.167923 0.427673 -0.370705
v -0.162308 0.441635 -0.362041
v -0.179306 0.433945 -0.355845
v -0.038177 0.506042 -0.378358
v -0.045654 0.495544 -0.375641
v -0.036652 0.506775 -0.379681
v -0.037521 0.509949 -0.377475
v -0.099258 0.456924 -0.422691
v -0.098877 0.461212 -0.421433
v -0.101746 0.456436 -0.422108
v -0.093124 0.447662 -0.427392
v -0.077866 0.482086 -0.365121
v -0.086594 0.478729 -0.369272
v -0.075272 0.484787 -0.369254
v -0.076263 0.481567 -0.359834
v -0.073486 0.488922 -0.341987
v -0.062317 0.497177 -0.343222
v -0.079102 0.489059 -0.332380
v -0.077225 0.484512 -0.348771
v -0.072372 0.537643 -0.301727
v -0.079346 0.535355 -0.296680
v -0.067535 0.526489 -0.306641
v -0.035568 0.645187 -0.597265
v -0.036865 0.637375 -0.594906
v -0.040085 0.647415 -0.600672
v -0.032318 0.646164 -0.594786
v -0.026184 0.665192 -0.591381
v -0.024246 0.657562 -0.589170
v -0.036530 0.669357 -0.601259
v -0.023697 0.669296 -0.585176
v -0.044769 0.404022 -0.610956
v -0.044403 0.409286 -0.611021
v -0.039948 0.402176 -0.608627
v -0.054199 0.396835 -0.614290
v -0.039322 0.329025 -0.550896
v -0.076935 0.568649 -0.298278
v -0.072067 0.574234 -0.295877
v -0.080460 0.559586 -0.294979
v -0.070862 0.568695 -0.304290
v -0.085449 0.427536 -0.436425
v -0.095383 0.439011 -0.428806
v -0.086594 0.423203 -0.438061
v -0.084564 0.429077 -0.436440
v -0.063263 0.412476 -0.455482
v -0.061615 0.414185 -0.456661
v -0.071732 0.418991 -0.446789
v -0.063416 0.407486 -0.457558
v -0.113678 0.431610 -0.408497
v -0.116928 0.434357 -0.403959
v -0.116425 0.427994 -0.409121
v -0.112259 0.435715 -0.410418
v -0.099319 0.442657 -0.425754
v -0.100784 0.436768 -0.427602
v -0.100723 0.446381 -0.424294
v -0.154739 0.428818 -0.383378
v -0.158783 0.428009 -0.382015
v -0.151108 0.427490 -0.385747
v -0.121338 0.359299 -0.567565
v -0.117233 0.357773 -0.568900
v -0.123047 0.357895 -0.567317
v -0.310852 0.638855 -0.530041
v -0.320724 0.630264 -0.531992
v -0.311508 0.640900 -0.527631
v -0.289047 0.643799 -0.523785
v -0.287277 0.649811 -0.527433
v -0.288116 0.639908 -0.527609
v -0.295212 0.643494 -0.524381
v -0.167938 0.617783 -0.589920
v -0.166901 0.619415 -0.593962
v -0.166580 0.611481 -0.588753
v -0.171387 0.622467 -0.585987
v -0.166733 0.620819 -0.595474
v -0.171356 0.631271 -0.593197
v -0.166138 0.620651 -0.597136
v -0.074417 0.528412 -0.653173
v -0.069061 0.528870 -0.652910
v -0.075134 0.523788 -0.653933
v -0.077515 0.530396 -0.651400
v -0.071472 0.639359 -0.617474
v -0.066269 0.638550 -0.614511
v -0.074844 0.637756 -0.621584
v -0.075623 0.645355 -0.618303
v -0.102585 0.684586 -0.625132
v -0.098358 0.678131 -0.624252
v -0.107590 0.687302 -0.623713
v -0.099487 0.687622 -0.624653
v -0.167801 0.666901 -0.572434
v -0.169479 0.668991 -0.571839
v -0.165466 0.666733 -0.577257
v -0.168716 0.662567 -0.575073
v -0.173737 0.635056 -0.592358
v -0.173325 0.639481 -0.590103
v -0.173965 0.632217 -0.590206
v -0.150574 0.664978 -0.610502
v -0.153290 0.665207 -0.605303
v -0.153107 0.668747 -0.608614
v -0.151245 0.659882 -0.611614
v -0.172989 0.613159 -0.577024
v -0.170975 0.611694 -0.580170
v -0.177826 0.608994 -0.578691
v -0.173157 0.616470 -0.578833
v -0.160400 0.604034 -0.599874
v -0.162109 0.604980 -0.596817
v -0.161301 0.608658 -0.600159
v -0.156616 0.600723 -0.603540
v -0.184982 0.691330 -0.560440
v -0.183868 0.694229 -0.562768
v -0.178406 0.680099 -0.569146
v -0.187790 0.690460 -0.562578
v 0.000122 0.541412 -0.559122
v 0.000259 0.541290 -0.564183
v 0.001556 0.563034 -0.544831
v -0.001358 0.538452 -0.556734
v -0.003403 0.506744 -0.614210
v -0.005051 0.508224 -0.617094
v -0.002899 0.514954 -0.605423
v -0.003159 0.503952 -0.612835
v -0.031540 0.417969 -0.603474
v -0.030731 0.418686 -0.603149
v -0.032150 0.412827 -0.604057
v -0.034790 0.416702 -0.605656
v -0.010651 0.357117 -0.583841
v -0.015106 0.355270 -0.587421
v -0.008926 0.365189 -0.585573
v -0.009338 0.352982 -0.576696
v -0.411591 0.593033 -0.384913
v -0.412277 0.589996 -0.384059
v -0.414993 0.593185 -0.385370
v -0.410797 0.594284 -0.387246
v -0.172394 0.463608 -0.580296
v -0.175690 0.461151 -0.579119
v -0.172943 0.467102 -0.583651
v -0.168915 0.458252 -0.585424
v -0.479828 0.634094 -0.329590
v -0.482315 0.626968 -0.329386
v -0.476868 0.630905 -0.321919
v -0.476669 0.639786 -0.334234
v -0.177475 0.730103 -0.569152
v -0.196075 0.726242 -0.560648
v -0.301331 0.702774 -0.532528
v -0.285339 0.709824 -0.536543
v -0.304047 0.697311 -0.535051
v -0.303696 0.704437 -0.528321
v -0.228256 0.712845 -0.547307
v -0.211258 0.716766 -0.549178
v -0.231506 0.706741 -0.546567
v -0.233994 0.717712 -0.549713
v -0.467102 0.612473 -0.376566
v -0.461823 0.608093 -0.385744
v -0.468475 0.605408 -0.371669
v -0.465302 0.616806 -0.381035
v -0.449615 0.589478 -0.383633
v -0.440445 0.585037 -0.384547
v -0.453430 0.582886 -0.379930
v -0.449875 0.594421 -0.384604
v -0.433670 0.608795 -0.408116
v -0.419571 0.609238 -0.413704
v -0.440521 0.603897 -0.399933
v -0.436050 0.612473 -0.409669
v -0.461716 0.602692 -0.384076
v -0.460770 0.605011 -0.386794
v -0.458786 0.600967 -0.384488
v -0.462265 0.596863 -0.380924
v -0.463516 0.579025 -0.372230
v -0.461670 0.573868 -0.370895
v -0.465302 0.580032 -0.369478
v -0.427551 0.523727 -0.362367
v -0.427597 0.525467 -0.356597
v -0.424454 0.534775 -0.373960
v -0.429794 0.515656 -0.363237
v -0.385040 0.636353 -0.477579
v -0.382156 0.652802 -0.478199
v -0.381042 0.633545 -0.484892
v -0.386398 0.632477 -0.471312
v -0.381378 0.623062 -0.437841
v -0.378784 0.609894 -0.437605
v -0.379913 0.628723 -0.432320
v -0.385162 0.626740 -0.449827
v -0.191391 0.355545 -0.558817
v -0.186829 0.360825 -0.563663
v -0.188950 0.353790 -0.558957
v -0.198196 0.359406 -0.556688
v -0.270401 0.400024 -0.530171
v -0.267288 0.407410 -0.532370
v -0.274734 0.401138 -0.528703
v -0.335876 0.453888 -0.504709
v -0.330231 0.453278 -0.510576
v -0.337646 0.439590 -0.499178
v -0.338516 0.460144 -0.500494
v -0.336899 0.492111 -0.505737
v -0.332108 0.492935 -0.513833
v -0.338776 0.480789 -0.499892
v -0.338028 0.498581 -0.501190
v -0.263672 0.443787 -0.555506
v -0.255051 0.446609 -0.559832
v -0.264404 0.438217 -0.552790
v -0.267197 0.447006 -0.555035
v -0.269836 0.452774 -0.554598
v -0.272797 0.455887 -0.553475
v -0.264297 0.462723 -0.556353
v -0.269409 0.450546 -0.554681
v -0.248581 0.451599 -0.566072
v -0.243332 0.449478 -0.567289
v -0.249207 0.456787 -0.567628
v -0.244354 0.597885 -0.587168
v -0.244904 0.584503 -0.585960
v -0.252258 0.604065 -0.581942
v -0.236389 0.602051 -0.590157
v -0.275406 0.622513 -0.560784
v -0.280334 0.616348 -0.555647
v -0.275269 0.625092 -0.560603
v -0.272018 0.619446 -0.564061
v -0.335220 0.520355 -0.476651
v -0.336166 0.518585 -0.470032
v -0.330643 0.531387 -0.481511
v -0.337097 0.511276 -0.485548
v -0.344254 0.474609 -0.478206
v -0.344559 0.473312 -0.474748
v -0.342041 0.490326 -0.484006
v -0.343765 0.470078 -0.483334
v -0.075790 0.512360 -0.656301
v -0.070831 0.511917 -0.656160
v -0.080124 0.512039 -0.656031
v -0.162140 0.397934 -0.607908
v -0.163147 0.409302 -0.609455
v -0.150940 0.390335 -0.609358
v -0.168747 0.396088 -0.603651
v -0.168167 0.474930 -0.616882
v -0.162750 0.463943 -0.620838
v -0.168381 0.470840 -0.611153
v -0.168320 0.478699 -0.618811
v -0.156006 0.447952 -0.622013
v -0.157837 0.447815 -0.615982
v -0.150696 0.445236 -0.626545
v -0.124359 0.420990 -0.408977
v -0.127045 0.423172 -0.404929
v -0.123108 0.418884 -0.412137
v -0.016922 0.400574 -0.595737
v -0.011490 0.389999 -0.592762
v -0.024612 0.402618 -0.602068
v -0.015945 0.403732 -0.592270
v -0.008072 0.626663 -0.565900
v -0.004486 0.618301 -0.556231
v -0.008209 0.630020 -0.564167
v -0.011902 0.668427 -0.557913
v -0.014206 0.669357 -0.562602
v -0.011581 0.674530 -0.545879
v -0.011215 0.666550 -0.555095
v -0.008911 0.680588 -0.520746
v -0.008804 0.672592 -0.532199
v -0.011581 0.683899 -0.522258
v -0.037567 0.520477 -0.359928
v -0.044388 0.514282 -0.351069
v -0.035446 0.525314 -0.359411
v -0.035172 0.601303 -0.303500
v -0.033615 0.595276 -0.313671
v -0.030991 0.613068 -0.301723
v -0.037094 0.397247 -0.476816
v -0.030975 0.395477 -0.479618
v -0.040405 0.406860 -0.469131
v -0.039597 0.395340 -0.477445
v -0.089218 0.473679 -0.392536
v -0.078522 0.472992 -0.385254
v -0.094421 0.478073 -0.392637
v -0.089294 0.468704 -0.397870
v -0.090088 0.459671 -0.413457
v -0.096527 0.463715 -0.417640
v -0.081345 0.451172 -0.417665
v -0.089645 0.461029 -0.409012
v -0.026978 0.570099 -0.346954
v -0.024643 0.574295 -0.355304
v -0.027283 0.569717 -0.346268
v -0.034744 0.509476 -0.380825
v -0.028610 0.522400 -0.382491
v -0.032928 0.507553 -0.384362
v -0.071320 0.483322 -0.374266
v -0.062469 0.484680 -0.372782
v -0.072845 0.484512 -0.373061
v -0.071472 0.479996 -0.377396
v -0.024597 0.531525 -0.383666
v -0.022064 0.533051 -0.393621
v -0.025116 0.530365 -0.383104
v -0.161377 0.678314 -0.602661
v -0.163208 0.678406 -0.598953
v -0.159103 0.679428 -0.604246
v -0.165985 0.628693 -0.604719
v -0.166901 0.638504 -0.599817
v -0.165939 0.625443 -0.603121
v -0.003128 0.613922 -0.554163
v -0.002411 0.607758 -0.559111
v -0.007446 0.616776 -0.559598
v -0.003159 0.614105 -0.553671
v -0.030334 0.419022 -0.602531
v -0.030228 0.423187 -0.599695
v -0.026230 0.415817 -0.598431
v -0.263596 0.411392 -0.534700
v -0.263901 0.416397 -0.537807
v -0.256683 0.412827 -0.534687
v -0.264496 0.410767 -0.534322
v -0.302322 0.687988 -0.046955
v -0.298477 0.689331 -0.057424
v -0.300262 0.693024 -0.040942
v -0.296204 0.696869 -0.106518
v -0.299515 0.695526 -0.107947
v -0.290573 0.705521 -0.110653
v -0.295853 0.696594 -0.104226
v -0.454941 0.716141 -0.345376
v -0.419876 0.694504 -0.423246
v -0.429123 0.691864 -0.410828
v -0.417725 0.705994 -0.427261
v -0.417252 0.690781 -0.425779
v -0.436295 0.695053 -0.399608
v -0.438110 0.706558 -0.397632
v -0.436798 0.691910 -0.391631
v -0.376053 0.729858 -0.447309
v -0.377136 0.693665 -0.459725
v -0.389069 0.685410 -0.461478
v -0.377548 0.695007 -0.458182
v -0.360123 0.718719 -0.449974
v -0.359070 0.728165 -0.454665
v -0.217865 0.679031 -0.251658
v -0.213928 0.680527 -0.262588
v -0.215088 0.683746 -0.247096
v -0.224548 0.676468 -0.259893
v -0.212494 0.665970 -0.395422
v -0.212479 0.670425 -0.397205
v -0.222687 0.660522 -0.382474
v -0.204544 0.663956 -0.397803
v -0.197418 0.667725 -0.391817
v -0.199249 0.664627 -0.396364
v -0.201721 0.664154 -0.372667
v -0.197235 0.672607 -0.393809
v -0.155228 0.655945 -0.249878
v -0.156723 0.645370 -0.250369
v -0.153214 0.658310 -0.245929
v -0.158798 0.656158 -0.253611
v -0.148788 0.662033 -0.235539
v -0.147720 0.658279 -0.231626
v -0.149200 0.671051 -0.233318
v -0.220581 0.630829 -0.352657
v -0.219635 0.634537 -0.356272
v -0.222031 0.628494 -0.347280
v -0.220047 0.627579 -0.350307
v -0.158386 0.607895 -0.214655
v -0.161804 0.601776 -0.218041
v -0.162201 0.604126 -0.210971
v -0.153503 0.616791 -0.209813
v -0.287735 0.688797 -0.143378
v -0.291901 0.675934 -0.149066
v -0.282669 0.692230 -0.149399
v -0.289383 0.692932 -0.136469
v -0.281097 0.719772 -0.114363
v -0.285965 0.712524 -0.113112
v -0.280609 0.719849 -0.116622
v -0.281097 0.719025 -0.110732
v -0.282867 0.713623 -0.034461
v -0.280777 0.720398 -0.020216
v -0.287643 0.707718 -0.035636
v -0.281113 0.717087 -0.036543
v -0.417694 0.689072 -0.428228
v -0.411011 0.695770 -0.441211
v -0.378189 0.697113 -0.457841
v -0.391586 0.696793 -0.457969
v -0.373154 0.703461 -0.455571
v -0.345764 0.723389 -0.490273
v -0.343491 0.729050 -0.489445
v -0.339676 0.716644 -0.497166
v -0.348862 0.722641 -0.485395
v -0.350143 0.719589 -0.481982
v -0.346619 0.711609 -0.484535
v -0.353439 0.722076 -0.474773
v -0.190109 0.672180 -0.286786
v -0.192825 0.663651 -0.295976
v -0.182831 0.673340 -0.272182
v -0.192657 0.675079 -0.286599
v -0.288635 0.708252 -0.112764
v -0.293457 0.705673 -0.114513
v -0.288269 0.708694 -0.113029
v -0.245743 0.673538 -0.232199
v -0.236221 0.682953 -0.221457
v -0.254364 0.671997 -0.227296
v -0.245728 0.670013 -0.244102
v -0.168121 0.687286 -0.242697
v -0.175018 0.682480 -0.255014
v -0.163940 0.685272 -0.240304
v -0.168503 0.687759 -0.242071
v -0.225540 0.657578 -0.377068
v -0.216995 0.651459 -0.375077
v -0.230103 0.656158 -0.370578
v -0.141388 0.639648 -0.195726
v -0.142120 0.639938 -0.192572
v -0.141754 0.641693 -0.199797
v -0.450485 0.692902 -0.342031
v -0.449142 0.700470 -0.343110
v -0.446472 0.689911 -0.343641
v -0.459259 0.686386 -0.338666
v -0.384659 0.648865 -0.163481
v -0.403961 0.648438 -0.164829
v -0.376678 0.650787 -0.155763
v -0.384415 0.651688 -0.163638
v -0.405075 0.660675 -0.160015
v -0.124573 0.475159 -0.204686
v -0.128510 0.470398 -0.191159
v -0.132156 0.472488 -0.211718
v -0.115921 0.480255 -0.204612
v -0.161560 0.462433 -0.223064
v -0.167755 0.460846 -0.216272
v -0.162445 0.465729 -0.234403
v -0.156677 0.463791 -0.221673
v -0.187622 0.465637 -0.205440
v -0.184479 0.462616 -0.211203
v -0.186722 0.463501 -0.186009
v -0.189804 0.468231 -0.208092
v -0.154236 0.458160 -0.189244
v -0.162781 0.455597 -0.184791
v -0.151398 0.461624 -0.201030
v -0.146286 0.460342 -0.183598
v -0.231720 0.411209 -0.166596
v -0.498917 0.651001 -0.297490
v -0.509842 0.637451 -0.276241
v -0.494431 0.663239 -0.300835
v -0.495789 0.645905 -0.300382
v -0.221268 0.417709 -0.305829
v -0.217712 0.420364 -0.304340
v -0.226364 0.419373 -0.299853
v -0.223373 0.415802 -0.308451
v -0.220078 0.425323 -0.283045
v -0.216904 0.430664 -0.274573
v -0.227753 0.421417 -0.283417
v -0.217834 0.425583 -0.286124
v -0.056870 0.582123 -0.284549
v -0.068695 0.561676 -0.284109
v -0.057907 0.587280 -0.287879
v -0.050430 0.584366 -0.277641
v -0.061569 0.541718 -0.218936
v -0.058975 0.549698 -0.233742
v -0.056717 0.547073 -0.209218
v -0.069809 0.529816 -0.219644
v -0.073334 0.534286 -0.261944
v -0.064941 0.546799 -0.257478
v -0.078918 0.522522 -0.247912
v -0.076157 0.534348 -0.269649
v -0.110886 0.495895 -0.257234
v -0.107483 0.497772 -0.268916
v -0.110672 0.496048 -0.256210
v -0.114136 0.494125 -0.258672
v -0.168625 0.465118 -0.326411
v -0.173111 0.465637 -0.325230
v -0.160553 0.466751 -0.336549
v -0.168076 0.463501 -0.321771
v -0.153885 0.482040 -0.273603
v -0.156448 0.483109 -0.278103
v -0.144775 0.482895 -0.273739
v -0.157135 0.479630 -0.268627
v -0.114182 0.490326 -0.287355
v -0.115936 0.491730 -0.277195
v -0.117737 0.487442 -0.291727
v -0.110001 0.492081 -0.288767
v -0.172546 0.630600 -0.272919
v -0.181747 0.627121 -0.285220
v -0.169464 0.626556 -0.270967
v -0.170456 0.642670 -0.266690
v -0.223099 0.615402 -0.330990
v -0.224350 0.619293 -0.330309
v -0.224228 0.605759 -0.317842
v -0.220673 0.616562 -0.340282
v -0.226028 0.637466 -0.351397
v -0.230255 0.641953 -0.351672
v -0.229019 0.631912 -0.342033
v -0.219940 0.639832 -0.360451
v -0.204315 0.561401 -0.263718
v -0.216492 0.567337 -0.286058
v -0.206573 0.556915 -0.259872
v -0.201569 0.566238 -0.267223
v -0.242859 0.610794 -0.274862
v -0.247253 0.620972 -0.276760
v -0.241318 0.600113 -0.258132
v -0.241516 0.610519 -0.280662
v -0.277283 0.608704 -0.170775
v -0.283829 0.634857 -0.166602
v -0.275848 0.597183 -0.163828
v -0.276062 0.608856 -0.177335
v -0.287399 0.644821 -0.161242
v -0.287140 0.640198 -0.154077
v -0.291824 0.649887 -0.160151
v -0.213959 0.584610 -0.309848
v -0.217941 0.582748 -0.309632
v -0.207550 0.580750 -0.297468
v -0.210358 0.594513 -0.320009
v -0.176346 0.581421 -0.222032
v -0.173538 0.582458 -0.224533
v -0.187637 0.565735 -0.223442
v -0.175858 0.586060 -0.216061
v -0.177521 0.585587 -0.210052
v -0.188583 0.572876 -0.205975
v -0.174988 0.589279 -0.205914
v -0.095642 0.483032 -0.132455
v -0.089355 0.486572 -0.141239
v -0.094772 0.485825 -0.125791
v -0.059937 0.584976 -0.188844
v -0.062988 0.582932 -0.192736
v -0.045898 0.590897 -0.191840
v -0.064270 0.583069 -0.181186
v -0.036697 0.628082 -0.239553
v -0.035492 0.629196 -0.245649
v -0.038300 0.608322 -0.230884
v -0.082779 0.572754 -0.179542
v -0.078735 0.575516 -0.179102
v -0.087692 0.572083 -0.177505
v -0.077972 0.574692 -0.183346
v -0.229553 0.626022 -0.331297
v -0.226822 0.624176 -0.331343
v -0.234390 0.621399 -0.315702
v -0.157013 0.641159 -0.249912
v -0.159958 0.636429 -0.254812
v -0.154053 0.645111 -0.243996
v -0.185486 0.559662 -0.237304
v -0.188675 0.555191 -0.236170
v -0.181839 0.565979 -0.234298
v -0.184464 0.565582 -0.244396
v -0.180588 0.575272 -0.151711
v -0.177261 0.571396 -0.152769
v -0.172623 0.585785 -0.153920
v -0.184525 0.575241 -0.151546
v -0.106247 0.647324 -0.147512
v -0.137238 0.480225 -0.293117
v -0.135666 0.484055 -0.289478
v -0.145157 0.477875 -0.292651
v -0.133469 0.477798 -0.298869
v -0.215561 0.411438 -0.357460
v -0.209534 0.463104 -0.241024
v -0.207413 0.464020 -0.232719
v -0.210983 0.457794 -0.246382
v -0.206497 0.464417 -0.244506
v -0.185287 0.464020 -0.292063
v -0.186356 0.464691 -0.288300
v -0.184998 0.462814 -0.295982
v -0.182465 0.466705 -0.290282
v -0.228043 0.420303 -0.296736
v -0.224792 0.421860 -0.294465
v -0.230438 0.418854 -0.292642
v -0.479492 0.619156 -0.301124
v -0.474304 0.622604 -0.304340
v -0.482407 0.602402 -0.286464
v -0.484436 0.624634 -0.302184
v -0.515961 0.615143 -0.258983
v -0.327057 0.653992 -0.117238
v -0.329407 0.652344 -0.119770
v -0.334503 0.655884 -0.106773
v -0.321609 0.653610 -0.117327
v -0.086777 0.529175 -0.290370
v -0.089584 0.532425 -0.287519
v -0.093170 0.508148 -0.287989
v -0.194839 0.468079 -0.213638
v -0.198257 0.467484 -0.211691
v -0.195435 0.467316 -0.232706
v -0.229034 0.421936 -0.245156
v -0.233994 0.418961 -0.225205
v -0.231628 0.419647 -0.248608
v -0.227448 0.425507 -0.244531
v -0.241806 0.407455 -0.293778
v -0.247223 0.403732 -0.293697
v -0.235794 0.410004 -0.305687
v -0.239624 0.410934 -0.286294
v -0.106628 0.491226 -0.225456
v -0.105041 0.488937 -0.216458
v -0.118973 0.487000 -0.234208
v -0.102829 0.494827 -0.230490
v -0.172501 0.472015 -0.291025
v -0.165009 0.474945 -0.290636
v -0.175095 0.472672 -0.288064
v -0.172592 0.467880 -0.298966
v -0.110062 0.496414 -0.256418
v -0.106461 0.498398 -0.268081
v -0.107162 0.497101 -0.252849
v -0.181747 0.583008 -0.262794
v -0.178665 0.587997 -0.259501
v -0.185303 0.582077 -0.266723
v -0.121643 0.652267 -0.141541
v -0.109909 0.659912 -0.146508
v -0.129898 0.668030 -0.166486
v -0.133316 0.661163 -0.172174
v -0.136902 0.659393 -0.164789
v -0.130325 0.667618 -0.164714
v -0.131943 0.666382 -0.159527
v -0.139359 0.657639 -0.155939
v -0.127502 0.665665 -0.158140
v -0.108582 0.561249 -0.155167
v -0.117111 0.563629 -0.160821
v -0.108582 0.555817 -0.150273
v -0.102158 0.561661 -0.157943
v -0.018402 0.607468 -0.161529
v -0.021317 0.597778 -0.176325
v -0.036026 0.605179 -0.161511
v -0.027100 0.596329 -0.194079
v -0.019699 0.598053 -0.202633
v -0.022171 0.597641 -0.186736
v -0.026413 0.630981 -0.230481
v -0.033661 0.613251 -0.225275
v -0.018448 0.598511 -0.182345
v -0.021317 0.597778 -0.176325
v -0.022171 0.597641 -0.186736
v -0.000565 0.606201 -0.190247
v -0.017120 0.605240 -0.211785
v -0.013947 0.613892 -0.222766
v -0.019699 0.598053 -0.202633
v -0.033783 0.602127 -0.215997
v -0.039795 0.600739 -0.217953
v -0.040344 0.598633 -0.219138
v -0.276260 0.719360 0.113526
v -0.276657 0.721039 0.102342
v -0.268326 0.731659 0.110314
v -0.270981 0.729889 0.045827
v -0.274719 0.723907 0.046898
v -0.273026 0.728775 0.035175
v -0.266449 0.736237 0.049223
v -0.313416 0.691666 0.046698
v -0.330566 0.680283 0.043153
v -0.310226 0.688141 0.037278
v -0.315384 0.696243 0.055574
v -0.348114 0.672470 0.042104
v -0.350204 0.676819 0.051098
v -0.312469 0.683167 0.071318
v -0.285248 0.711105 0.077570
v -0.299377 0.701813 0.070379
v -0.277863 0.715439 0.085078
v -0.314926 0.689865 0.065104
v -0.330566 0.678467 0.062071
v -0.315765 0.695541 0.061465
v -0.349869 0.675919 0.056971
v -0.265015 0.738602 0.079761
v -0.270355 0.729065 0.087045
v -0.282440 0.692764 0.152936
v -0.282181 0.695297 0.145231
v -0.279282 0.702133 0.153390
v -0.287445 0.685608 0.151163
v -0.306137 0.666077 0.125969
v -0.273849 0.712601 0.149829
v -0.284592 0.689224 0.125454
v -0.289688 0.685867 0.130257
v -0.289719 0.683807 0.121814
v -0.304230 0.677155 0.143134
v -0.302689 0.677933 0.145246
v -0.316040 0.697632 0.059402
v -0.299179 0.710114 0.062818
v -0.333130 0.686401 0.056058
v -0.350861 0.678055 0.054896
v -0.326538 0.674896 0.024825
v -0.307983 0.687027 0.029328
v -0.293091 0.700134 0.034698
v -0.281021 0.714691 0.043625
v -0.285141 0.709595 0.030124
v -0.284882 0.694794 0.104871
v -0.283218 0.697876 0.107162
v -0.304398 0.667831 0.112657
v -0.275986 0.719177 0.092678
v -0.280716 0.709900 0.099642
v -0.299011 0.678955 0.149454
v -0.282822 0.701767 0.108406
v -0.282394 0.696854 0.136277
v -0.282333 0.722397 0.064250
v -0.443878 0.672165 -0.386705
v -0.434052 0.679031 -0.383712
v -0.443939 0.663727 -0.401405
v -0.459259 0.660583 -0.381555
v -0.445801 0.678207 -0.372062
v -0.154404 0.730011 -0.576904
v -0.157425 0.720047 -0.580954
v -0.134811 0.731216 -0.583654
v -0.197678 0.718445 -0.554511
v -0.187881 0.712601 -0.560499
v -0.202072 0.708252 -0.549873
v -0.228317 0.735977 -0.546700
v -0.276413 0.730331 -0.516691
v -0.269547 0.722549 -0.526451
v -0.268341 0.715271 -0.534677
v -0.259399 0.717224 -0.532983
v -0.446365 0.682495 -0.360057
v -0.456787 0.672882 -0.357553
v -0.444489 0.686859 -0.349741
v -0.436050 0.687027 -0.362203
v -0.098572 0.732849 -0.595106
v -0.345490 0.707840 -0.485863
v -0.348831 0.704956 -0.477301
v -0.341583 0.710571 -0.493134
v -0.471191 0.643936 -0.367585
v -0.466919 0.636414 -0.380010
v -0.478577 0.622375 -0.352379
v -0.471466 0.650482 -0.357735
v -0.459900 0.628983 -0.394288
v -0.450867 0.621521 -0.405915
v -0.451950 0.642563 -0.408236
v -0.441803 0.654739 -0.416993
v -0.435608 0.645554 -0.430821
v -0.443253 0.600830 -0.394787
v -0.432404 0.598358 -0.396776
v -0.447571 0.599426 -0.389782
v -0.455048 0.604187 -0.390382
v -0.424576 0.638351 -0.436353
v -0.420486 0.655228 -0.445139
v -0.411072 0.634857 -0.436765
v -0.430618 0.626617 -0.425647
v -0.395111 0.630661 -0.432493
v -0.397415 0.649918 -0.445858
v -0.383804 0.630798 -0.430577
v -0.395813 0.617905 -0.422038
v -0.421829 0.597488 -0.395315
v -0.412949 0.597458 -0.393367
v -0.423477 0.595001 -0.389802
v -0.415344 0.602081 -0.403565
v -0.428558 0.582840 -0.383359
v -0.425674 0.589859 -0.385506
v -0.418488 0.582581 -0.382100
v -0.431610 0.572815 -0.380191
v -0.433121 0.559113 -0.375061
v -0.423645 0.558151 -0.373363
v -0.433945 0.541916 -0.366822
v -0.444214 0.560440 -0.375111
v -0.437271 0.526230 -0.356657
v -0.446350 0.526672 -0.357714
v -0.430893 0.526718 -0.354692
v -0.442780 0.512634 -0.344920
v -0.481949 0.610794 -0.320794
v -0.482025 0.591629 -0.307299
v -0.478271 0.613876 -0.314721
v -0.483917 0.606888 -0.329557
v -0.474854 0.617233 -0.310028
v -0.474411 0.599075 -0.294605
v -0.472534 0.620529 -0.307031
v -0.421509 0.492203 -0.394185
v -0.432068 0.493332 -0.369756
v -0.414536 0.513290 -0.415945
v -0.408569 0.489258 -0.416533
v -0.419861 0.528854 -0.409588
v -0.406479 0.523651 -0.432441
v -0.395218 0.528152 -0.446956
v -0.386139 0.510437 -0.452358
v -0.401993 0.551331 -0.442986
v -0.414551 0.572281 -0.420297
v -0.408463 0.570129 -0.431321
v -0.418701 0.559570 -0.413761
v -0.416977 0.577377 -0.410033
v -0.407288 0.584579 -0.421630
v -0.392456 0.481888 -0.437847
v -0.391937 0.475037 -0.432114
v -0.389023 0.487442 -0.444091
v -0.422363 0.550339 -0.383730
v -0.423630 0.545349 -0.392576
v -0.420166 0.555496 -0.376268
v -0.432007 0.505600 -0.365439
v -0.427200 0.518188 -0.384918
v -0.373688 0.670547 -0.482373
v -0.380402 0.668686 -0.472262
v -0.365463 0.684326 -0.482931
v -0.365295 0.670715 -0.492609
v -0.386612 0.629089 -0.461712
v -0.384674 0.610870 -0.466421
v -0.386353 0.648773 -0.459329
v -0.380829 0.594681 -0.470573
v -0.374802 0.579941 -0.477069
v -0.379227 0.592926 -0.458752
v -0.378235 0.596268 -0.482724
v -0.367126 0.568039 -0.485309
v -0.357605 0.562408 -0.496289
v -0.363098 0.562134 -0.477161
v -0.369385 0.579376 -0.492054
v -0.372910 0.633224 -0.496113
v -0.366592 0.652771 -0.500313
v -0.363235 0.632416 -0.507338
v -0.352844 0.672195 -0.505633
v -0.341461 0.687698 -0.508018
v -0.348724 0.584869 -0.515468
v -0.339386 0.593918 -0.522835
v -0.346619 0.572830 -0.513787
v -0.359375 0.588715 -0.506374
v -0.349442 0.604080 -0.516937
v -0.343185 0.560852 -0.509468
v -0.338547 0.551651 -0.502542
v -0.325912 0.563080 -0.524020
v -0.301743 0.661133 -0.536462
v -0.318405 0.658661 -0.534719
v -0.298584 0.676071 -0.542279
v -0.288162 0.665726 -0.537261
v -0.309601 0.647720 -0.529139
v -0.302155 0.687637 -0.539656
v -0.315414 0.677689 -0.533945
v -0.382660 0.586197 -0.436380
v -0.375534 0.566467 -0.451900
v -0.393738 0.574097 -0.441941
v -0.388458 0.595352 -0.425007
v -0.374039 0.591217 -0.434753
v -0.375702 0.595825 -0.443547
v -0.372208 0.594040 -0.436933
v -0.368591 0.575272 -0.458227
v -0.354340 0.557312 -0.468055
v -0.343323 0.548859 -0.477504
v -0.351227 0.558105 -0.460361
v -0.341827 0.406204 -0.475305
v -0.328659 0.396774 -0.483986
v -0.354202 0.417084 -0.466580
v -0.340561 0.419006 -0.486334
v -0.315079 0.387970 -0.492259
v -0.301895 0.381226 -0.499433
v -0.316467 0.403229 -0.503681
v -0.287735 0.375458 -0.505049
v -0.274246 0.369843 -0.509528
v -0.286407 0.360184 -0.489296
v -0.288208 0.391846 -0.517894
v -0.260452 0.364105 -0.515537
v -0.243378 0.357590 -0.523348
v -0.258942 0.379608 -0.529867
v -0.147324 0.340546 -0.554405
v -0.133789 0.344116 -0.557119
v -0.142563 0.336273 -0.545133
v -0.161621 0.340073 -0.552331
v -0.147430 0.345978 -0.563319
v -0.144272 0.353317 -0.573845
v -0.159393 0.352722 -0.572031
v -0.133286 0.353897 -0.572110
v -0.317307 0.415619 -0.510288
v -0.329514 0.421936 -0.501845
v -0.317886 0.428925 -0.514598
v -0.302612 0.409149 -0.518111
v -0.337784 0.505341 -0.494510
v -0.332443 0.515778 -0.504756
v -0.325333 0.522842 -0.512280
v -0.315994 0.525162 -0.521002
v -0.325638 0.510483 -0.518125
v -0.324371 0.530334 -0.504602
v -0.298279 0.449158 -0.536558
v -0.287064 0.457565 -0.546255
v -0.290817 0.433197 -0.536263
v -0.308899 0.447464 -0.527749
v -0.303452 0.472824 -0.537663
v -0.283035 0.423782 -0.535454
v -0.284897 0.414337 -0.528931
v -0.273224 0.426758 -0.541720
v -0.270432 0.414276 -0.534068
v -0.278015 0.464417 -0.551620
v -0.269287 0.471939 -0.554378
v -0.282761 0.481262 -0.549184
v -0.339096 0.428024 -0.493355
v -0.292038 0.539825 -0.526771
v -0.300018 0.533508 -0.528770
v -0.311234 0.538330 -0.512482
v -0.290894 0.542740 -0.523335
v -0.279663 0.533600 -0.534995
v -0.271210 0.514908 -0.542882
v -0.265900 0.490570 -0.550349
v -0.280014 0.508423 -0.545225
v -0.264145 0.516876 -0.541265
v -0.262955 0.475174 -0.554590
v -0.259552 0.473846 -0.554708
v -0.249985 0.460754 -0.567792
v -0.246170 0.468262 -0.572194
v -0.258286 0.455139 -0.560719
v -0.253036 0.465881 -0.564453
v -0.244049 0.481201 -0.575617
v -0.246262 0.495804 -0.575655
v -0.236130 0.480133 -0.580873
v -0.250702 0.479370 -0.568458
v -0.251053 0.513535 -0.574347
v -0.253952 0.531265 -0.574600
v -0.239838 0.513702 -0.583151
v -0.257339 0.514328 -0.565072
v -0.224091 0.606094 -0.592381
v -0.226181 0.625397 -0.591831
v -0.212250 0.606216 -0.593493
v -0.222046 0.585907 -0.592852
v -0.234024 0.670822 -0.584305
v -0.226944 0.659668 -0.588743
v -0.246933 0.662781 -0.581198
v -0.245544 0.678635 -0.577824
v -0.222412 0.674881 -0.585373
v -0.226303 0.643402 -0.590868
v -0.241486 0.643723 -0.586452
v -0.210663 0.645691 -0.592804
v -0.278503 0.660614 -0.546631
v -0.281097 0.664703 -0.540565
v -0.271378 0.679077 -0.555306
v -0.273270 0.658325 -0.557805
v -0.275955 0.629639 -0.559096
v -0.272415 0.639801 -0.562181
v -0.262299 0.692703 -0.558184
v -0.266098 0.695419 -0.551806
v -0.250656 0.701126 -0.556259
v -0.258362 0.688995 -0.564951
v -0.211014 0.704163 -0.558098
v -0.219971 0.705002 -0.555586
v -0.202866 0.699280 -0.562382
v -0.221390 0.702011 -0.569488
v -0.200470 0.647842 -0.592192
v -0.202927 0.663681 -0.588684
v -0.201874 0.630600 -0.593626
v -0.341370 0.465958 -0.492479
v -0.260132 0.518097 -0.552571
v -0.260284 0.517639 -0.544496
v -0.255844 0.493622 -0.558681
v -0.232330 0.698013 -0.574078
v -0.235931 0.702881 -0.566554
v -0.223434 0.691025 -0.578268
v -0.242538 0.693161 -0.573665
v -0.212616 0.679794 -0.583168
v -0.202957 0.682999 -0.578562
v -0.112198 0.566162 -0.639452
v -0.109558 0.573273 -0.644545
v -0.095932 0.549637 -0.645554
v -0.113129 0.562576 -0.634708
v -0.128540 0.584671 -0.631485
v -0.181061 0.701233 -0.570372
v -0.173660 0.706940 -0.580603
v -0.174347 0.687119 -0.581629
v -0.159531 0.709030 -0.589258
v -0.157364 0.695450 -0.600983
v -0.140427 0.708771 -0.599447
v -0.091629 0.511917 -0.655285
v -0.095108 0.499390 -0.656672
v -0.110229 0.520157 -0.651617
v -0.097000 0.449600 -0.650782
v -0.099457 0.436371 -0.646399
v -0.097198 0.466156 -0.654228
v -0.079941 0.448380 -0.651928
v -0.102432 0.427155 -0.641886
v -0.103943 0.419312 -0.637047
v -0.121140 0.432617 -0.638838
v -0.083725 0.425232 -0.642288
v -0.104355 0.410995 -0.631720
v -0.105667 0.400589 -0.623669
v -0.119308 0.411850 -0.630804
v -0.086761 0.410858 -0.630878
v -0.128983 0.413589 -0.628439
v -0.132004 0.410141 -0.625021
v -0.166153 0.572830 -0.624165
v -0.149750 0.560135 -0.634598
v -0.171448 0.561386 -0.626852
v -0.181091 0.577438 -0.614506
v -0.159286 0.580551 -0.621016
v -0.177399 0.498581 -0.616446
v -0.177063 0.504700 -0.620541
v -0.173386 0.493027 -0.617489
v -0.182266 0.498306 -0.612280
v -0.182220 0.595490 -0.593559
v -0.170700 0.604233 -0.589880
v -0.167664 0.593750 -0.605179
v -0.188293 0.596405 -0.587034
v -0.225662 0.513290 -0.591194
v -0.211716 0.514160 -0.598911
v -0.222733 0.496429 -0.590420
v -0.230331 0.530411 -0.590359
v -0.234207 0.446457 -0.567111
v -0.238663 0.434830 -0.554947
v -0.229568 0.461380 -0.578211
v -0.197739 0.413605 -0.581503
v -0.192352 0.423157 -0.587025
v -0.191055 0.404846 -0.589928
v -0.199066 0.397842 -0.577309
v -0.200974 0.418167 -0.572513
v -0.177872 0.395508 -0.597792
v -0.177261 0.385284 -0.593138
v -0.182846 0.413666 -0.597725
v -0.144485 0.599060 -0.620220
v -0.144806 0.594513 -0.615231
v -0.157303 0.610229 -0.608921
v -0.140289 0.605316 -0.626757
v -0.081360 0.543015 -0.651157
v -0.068207 0.543335 -0.653200
v -0.084213 0.537430 -0.647707
v -0.080246 0.558456 -0.652699
v -0.165619 0.676132 -0.590214
v -0.161194 0.669479 -0.590576
v -0.170837 0.674210 -0.576496
v -0.204697 0.470032 -0.590958
v -0.197342 0.480133 -0.597559
v -0.197723 0.461655 -0.587986
v -0.213394 0.475555 -0.589823
v -0.168686 0.483871 -0.620872
v -0.174789 0.488220 -0.610907
v -0.162933 0.455460 -0.605804
v -0.159866 0.446396 -0.602194
v -0.171188 0.471008 -0.596897
v -0.175888 0.374664 -0.585150
v -0.171677 0.361694 -0.575348
v -0.187576 0.378387 -0.577332
v -0.239990 0.424957 -0.542755
v -0.223969 0.429352 -0.546255
v -0.238358 0.420395 -0.536443
v -0.254013 0.426239 -0.545877
v -0.112000 0.387634 -0.611378
v -0.124435 0.384903 -0.608841
v -0.089279 0.398270 -0.620016
v -0.106354 0.381546 -0.606329
v -0.105286 0.361343 -0.588951
v -0.126175 0.353424 -0.565258
v -0.122314 0.347305 -0.549175
v -0.052490 0.651657 -0.609118
v -0.065948 0.658600 -0.616982
v -0.050278 0.664139 -0.610802
v -0.053726 0.641174 -0.606743
v -0.088776 0.711014 -0.616718
v -0.072159 0.704910 -0.614079
v -0.089478 0.701218 -0.621710
v -0.105713 0.714096 -0.613888
v -0.089020 0.721298 -0.608187
v -0.175888 0.333954 -0.536147
v -0.070984 0.332672 -0.537373
v -0.087494 0.337402 -0.533659
v -0.033142 0.337814 -0.529820
v -0.031265 0.343307 -0.523158
v -0.032135 0.334000 -0.539186
v -0.199829 0.411377 -0.383913
v -0.195389 0.404648 -0.392509
v -0.200424 0.416824 -0.378462
v -0.214493 0.409256 -0.385165
v -0.163345 0.376419 -0.444697
v -0.155685 0.382080 -0.437093
v -0.170944 0.388885 -0.422405
v -0.139008 0.374954 -0.452265
v -0.145645 0.389404 -0.431355
v -0.201584 0.417221 -0.368912
v -0.201660 0.415985 -0.363269
v -0.215256 0.414993 -0.368629
v -0.200928 0.418701 -0.372969
v -0.186066 0.421173 -0.370778
v -0.119232 0.413544 -0.420735
v -0.125259 0.406021 -0.424043
v -0.112411 0.405045 -0.434900
v -0.130478 0.362305 -0.473553
v -0.014069 0.407700 -0.587908
v -0.005676 0.402786 -0.579008
v -0.017242 0.417847 -0.586029
v -0.019623 0.430328 -0.580725
v -0.020615 0.446747 -0.572102
v -0.010254 0.429611 -0.569216
v -0.027420 0.433105 -0.587915
v -0.019760 0.462509 -0.564670
v -0.018005 0.478271 -0.556345
v -0.011459 0.460190 -0.554988
v -0.026123 0.464050 -0.570050
v -0.016769 0.494598 -0.545523
v -0.017502 0.509750 -0.533988
v -0.008942 0.492126 -0.535543
v -0.024765 0.494217 -0.552851
v -0.018433 0.525558 -0.518382
v -0.020554 0.542114 -0.500710
v -0.009476 0.523407 -0.506472
v -0.026505 0.525314 -0.526251
v -0.030060 0.593597 -0.458104
v -0.028122 0.610153 -0.447523
v -0.021408 0.589951 -0.445395
v -0.029602 0.576935 -0.468564
v -0.037064 0.597107 -0.465697
v -0.027527 0.623993 -0.436849
v -0.027161 0.639206 -0.423584
v -0.019684 0.617859 -0.427220
v -0.034271 0.627731 -0.443093
v -0.026810 0.601593 -0.477228
v -0.025955 0.585236 -0.488990
v -0.015381 0.605743 -0.484354
v -0.025742 0.617844 -0.466413
v -0.036087 0.599716 -0.471656
v -0.022491 0.438385 -0.601547
v -0.027557 0.427567 -0.612091
v -0.015732 0.442459 -0.610380
v -0.020218 0.451721 -0.591572
v -0.028275 0.435684 -0.594627
v -0.012009 0.448456 -0.617174
v -0.019913 0.439667 -0.625807
v -0.010345 0.455826 -0.624350
v -0.008392 0.458725 -0.610624
v -0.005554 0.469284 -0.604803
v -0.009598 0.467072 -0.594036
v -0.005493 0.469177 -0.618656
v -0.002594 0.509644 -0.589100
v -0.002121 0.521423 -0.584358
v -0.002960 0.504929 -0.583635
v -0.002487 0.504639 -0.597599
v -0.002625 0.515915 -0.598122
v -0.009308 0.661514 -0.546798
v -0.006500 0.657913 -0.528948
v -0.009216 0.651321 -0.554693
v -0.013519 0.680252 -0.537083
v -0.011292 0.654297 -0.456279
v -0.017975 0.667404 -0.431380
v -0.008408 0.610550 -0.491852
v -0.007202 0.594193 -0.502779
v -0.004333 0.614563 -0.499666
v -0.009293 0.625198 -0.482258
v -0.005478 0.575623 -0.517591
v -0.004089 0.555908 -0.534362
v -0.001556 0.580093 -0.524126
v -0.012253 0.571075 -0.510435
v -0.003876 0.536133 -0.551127
v -0.004211 0.515839 -0.567417
v -0.008972 0.532089 -0.545167
v -0.001083 0.399933 -0.570495
v -0.001770 0.413040 -0.564668
v 0.000626 0.395554 -0.561357
v -0.003021 0.428345 -0.557202
v -0.003906 0.442154 -0.549568
v 0.001556 0.422958 -0.545441
v -0.003601 0.486877 -0.519286
v -0.003464 0.501556 -0.505687
v -0.000565 0.479095 -0.499781
v -0.003952 0.471420 -0.530497
v -0.004715 0.516068 -0.491314
v -0.007584 0.532227 -0.473400
v -0.003647 0.507187 -0.471979
v -0.012283 0.550537 -0.454458
v -0.016373 0.569489 -0.439532
v -0.011993 0.544708 -0.438218
v -0.016708 0.556305 -0.470227
v -0.014832 0.608932 -0.414972
v -0.015015 0.625870 -0.403665
v -0.013947 0.599548 -0.398465
v -0.015121 0.596710 -0.422903
v -0.014786 0.647690 -0.387933
v -0.013290 0.633118 -0.375019
v -0.019745 0.655472 -0.397284
v -0.005737 0.499069 -0.452819
v -0.002243 0.484940 -0.468195
v -0.010605 0.489685 -0.436424
v 0.002487 0.416092 -0.531351
v 0.001480 0.402512 -0.539672
v 0.003021 0.430206 -0.521522
v 0.000458 0.409256 -0.516294
v -0.001816 0.366379 -0.558722
v -0.004440 0.356567 -0.562073
v -0.000244 0.377197 -0.554327
v -0.003983 0.360733 -0.545172
v -0.005005 0.377563 -0.521515
v -0.004044 0.390045 -0.512696
v -0.011551 0.373886 -0.511482
v -0.006775 0.366302 -0.528806
v -0.001083 0.382904 -0.533126
v -0.003891 0.403244 -0.503175
v -0.004608 0.415268 -0.493590
v -0.010925 0.397446 -0.493199
v -0.006058 0.428024 -0.482472
v -0.008331 0.440521 -0.469672
v -0.015015 0.420914 -0.471089
v 0.000107 0.436127 -0.496272
v -0.032990 0.532440 -0.359964
v -0.035751 0.537231 -0.350014
v -0.028061 0.530121 -0.375891
v -0.026215 0.543808 -0.374249
v -0.031570 0.587265 -0.324505
v -0.025742 0.595840 -0.337611
v -0.028748 0.574677 -0.339345
v -0.024017 0.630020 -0.297009
v -0.034546 0.616562 -0.285383
v -0.018631 0.638138 -0.308145
v -0.024780 0.632797 -0.283976
v -0.020844 0.395081 -0.485462
v -0.023331 0.406540 -0.475135
v -0.020004 0.383789 -0.493939
v -0.039749 0.461319 -0.404490
v -0.044296 0.469055 -0.393296
v -0.051956 0.456757 -0.401374
v -0.036865 0.451477 -0.417671
v -0.029205 0.467850 -0.410510
v -0.048676 0.476242 -0.384769
v -0.052322 0.483627 -0.377641
v -0.059113 0.473038 -0.383412
v -0.038345 0.485855 -0.387245
v -0.069016 0.472794 -0.382601
v -0.065109 0.463013 -0.390408
v -0.075073 0.374634 -0.474588
v -0.083496 0.362869 -0.483150
v -0.061295 0.371246 -0.483072
v -0.069092 0.387344 -0.466623
v -0.088318 0.380157 -0.464598
v -0.052292 0.422180 -0.451044
v -0.057617 0.418182 -0.455354
v -0.046066 0.419449 -0.454171
v -0.052048 0.429474 -0.440862
v -0.063370 0.428848 -0.443167
v -0.088745 0.491211 -0.317430
v -0.097061 0.494705 -0.301595
v -0.104034 0.480469 -0.322717
v -0.072693 0.504639 -0.314353
v -0.061310 0.518524 -0.316500
v -0.049957 0.531601 -0.326509
v -0.054413 0.511566 -0.332053
v -0.120270 0.454498 -0.399018
v -0.123978 0.445801 -0.393209
v -0.113251 0.450943 -0.409761
v -0.112396 0.466782 -0.411580
v -0.122620 0.461884 -0.394455
v -0.143967 0.421997 -0.393154
v -0.139999 0.423828 -0.393373
v -0.152924 0.427399 -0.381883
v -0.168549 0.425766 -0.374574
v -0.169495 0.425873 -0.377239
v -0.028168 0.351013 -0.516539
v -0.041367 0.349243 -0.510530
v -0.017334 0.353516 -0.524967
v -0.023758 0.360931 -0.510096
v -0.087753 0.463272 -0.402986
v -0.103271 0.471954 -0.408936
v -0.073792 0.456802 -0.399001
v -0.101578 0.468048 -0.357674
v -0.107254 0.469116 -0.345221
v -0.110153 0.465179 -0.366350
v -0.097473 0.470322 -0.367694
v -0.089783 0.474747 -0.352285
v -0.053696 0.498627 -0.362983
v -0.053284 0.501831 -0.356629
v -0.064682 0.490250 -0.359706
v -0.054901 0.495117 -0.366695
v -0.062363 0.454498 -0.399588
v -0.060013 0.447205 -0.410116
v -0.116486 0.466980 -0.379026
v -0.125412 0.463806 -0.360963
v -0.120773 0.467941 -0.385915
v -0.107727 0.470428 -0.385921
v -0.024185 0.648132 -0.587929
v -0.014755 0.646500 -0.575989
v -0.021759 0.611465 -0.610556
v -0.016220 0.597870 -0.619268
v -0.032425 0.619522 -0.614777
v -0.035263 0.433853 -0.632612
v -0.032257 0.443298 -0.637718
v -0.037247 0.426849 -0.626677
v -0.051819 0.430313 -0.637423
v -0.009445 0.464401 -0.629066
v -0.016953 0.459381 -0.635654
v -0.008072 0.475174 -0.630568
v -0.009735 0.513245 -0.623224
v -0.008362 0.499084 -0.630857
v -0.016953 0.515396 -0.632957
v -0.010666 0.522293 -0.616718
v -0.052780 0.568848 -0.321096
v -0.034622 0.569061 -0.338095
v -0.027756 0.502136 -0.394263
v -0.023178 0.490189 -0.406960
v -0.026566 0.527740 -0.382191
v -0.030045 0.522736 -0.380056
v -0.050720 0.409073 -0.468135
v -0.047897 0.411392 -0.465670
v -0.054108 0.411545 -0.464190
v -0.047852 0.404007 -0.471646
v -0.097107 0.479660 -0.392159
v -0.097931 0.478500 -0.388922
v -0.106430 0.476547 -0.404472
v -0.084946 0.483032 -0.379265
v -0.073746 0.485321 -0.371552
v -0.063889 0.488129 -0.368520
v -0.099106 0.464371 -0.419705
v -0.089706 0.453827 -0.425954
v -0.105225 0.469238 -0.417138
v -0.078979 0.438507 -0.436060
v -0.080765 0.436737 -0.436319
v -0.068665 0.424057 -0.447243
v -0.076904 0.439606 -0.433905
v -0.104309 0.421448 -0.433226
v -0.100388 0.419098 -0.436053
v -0.107880 0.406723 -0.438684
v -0.158234 0.451477 -0.358811
v -0.155563 0.458450 -0.356789
v -0.170822 0.456818 -0.343598
v -0.144211 0.440674 -0.376790
v -0.170227 0.425415 -0.379118
v -0.186157 0.421814 -0.376346
v -0.392075 0.471344 -0.428545
v -0.391708 0.467529 -0.423059
v -0.267838 0.449631 -0.555258
v -0.260834 0.459549 -0.557493
v -0.390533 0.606491 -0.407202
v -0.393417 0.607529 -0.408777
v -0.391479 0.604156 -0.409536
v -0.404160 0.600784 -0.399797
v -0.419952 0.557510 -0.373293
v -0.417419 0.571411 -0.378936
v -0.423203 0.542145 -0.365173
v -0.428192 0.526474 -0.354365
v -0.434341 0.512604 -0.342016
v -0.337006 0.517532 -0.467566
v -0.340073 0.517883 -0.467274
v -0.342484 0.494492 -0.471690
v -0.321625 0.542282 -0.488291
v -0.322433 0.540604 -0.488678
v -0.324432 0.543549 -0.488977
v -0.310013 0.542511 -0.509520
v -0.290955 0.544067 -0.522094
v -0.291763 0.545792 -0.524098
v -0.257492 0.473236 -0.555395
v -0.257629 0.492203 -0.549675
v -0.256042 0.474030 -0.557339
v -0.352310 0.442780 -0.473946
v -0.353622 0.453201 -0.471120
v -0.348038 0.454926 -0.472877
v -0.357147 0.436783 -0.469692
v -0.335800 0.640396 -0.529049
v -0.333496 0.647446 -0.529301
v -0.328964 0.641159 -0.528971
v -0.339233 0.635391 -0.526563
v -0.268433 0.696716 -0.549006
v -0.276291 0.685318 -0.547818
v -0.285873 0.629349 -0.538780
v -0.283676 0.618912 -0.549640
v -0.312195 0.642410 -0.526792
v -0.163300 0.652969 -0.594652
v -0.168427 0.651276 -0.586073
v -0.160202 0.661774 -0.592466
v -0.158752 0.649780 -0.606321
v -0.003128 0.520447 -0.604151
v -0.005188 0.521835 -0.607296
v -0.003494 0.529617 -0.605783
v -0.002823 0.519348 -0.603003
v -0.037445 0.634140 -0.594488
v -0.032837 0.631165 -0.589357
v -0.042007 0.634705 -0.597881
v -0.055099 0.530090 -0.651653
v -0.054092 0.535309 -0.651291
v -0.039322 0.531570 -0.647207
v -0.055740 0.524734 -0.652544
v -0.085999 0.534622 -0.646454
v -0.098785 0.543808 -0.639706
v -0.020065 0.623886 -0.574503
v -0.054001 0.636566 -0.606249
v -0.051865 0.632782 -0.610178
v -0.083847 0.634293 -0.633043
v -0.093124 0.630783 -0.644592
v -0.173172 0.673050 -0.571845
v -0.174973 0.668854 -0.574465
v -0.171127 0.651093 -0.582611
v -0.173767 0.653046 -0.582209
v -0.166473 0.608185 -0.588585
v -0.145508 0.592194 -0.613279
v -0.147827 0.590164 -0.613955
v -0.130249 0.578674 -0.624599
v -0.004410 0.660278 -0.473593
v -0.003784 0.646606 -0.486110
v -0.006119 0.643433 -0.478841
v -0.002914 0.632080 -0.497315
v -0.003159 0.649170 -0.496345
v -0.002014 0.617203 -0.506489
v -0.000900 0.601364 -0.516182
v -0.001434 0.620117 -0.514869
v 0.000687 0.583527 -0.529298
v 0.001465 0.586426 -0.535827
v -0.008163 0.485931 -0.632858
v -0.004028 0.489105 -0.622190
v -0.015457 0.486115 -0.640539
v -0.028809 0.484573 -0.648445
v -0.044708 0.482590 -0.654501
v -0.027847 0.499893 -0.647270
v -0.029633 0.469498 -0.646736
v -0.039124 0.421005 -0.619770
v -0.042374 0.415512 -0.613878
v -0.055756 0.415939 -0.625010
v -0.035950 0.562042 -0.496450
v -0.033371 0.561081 -0.492654
v -0.031296 0.543518 -0.512592
v -0.032684 0.563766 -0.498673
v -0.039749 0.580643 -0.481716
v -0.029190 0.525772 -0.529459
v -0.028336 0.509262 -0.544724
v -0.026337 0.526978 -0.532129
v -0.027405 0.494492 -0.556010
v -0.027130 0.480164 -0.564795
v -0.024475 0.495056 -0.559310
v -0.058105 0.710342 -0.587463
v -0.057846 0.713867 -0.578663
v -0.041748 0.697586 -0.577654
v -0.056320 0.704086 -0.596155
v -0.073853 0.720627 -0.594273
v -0.029312 0.685638 -0.571624
v -0.027985 0.689301 -0.560326
v -0.024765 0.679062 -0.572707
v -0.039474 0.688232 -0.589855
v -0.012466 0.677490 -0.542630
v -0.014633 0.676270 -0.551250
v -0.016815 0.681381 -0.546096
v -0.080521 0.362671 -0.599312
v -0.057159 0.359909 -0.600805
v -0.008194 0.349518 -0.566402
v -0.010101 0.344864 -0.558134
v -0.014313 0.343445 -0.572745
v -0.459412 0.605927 -0.388941
v -0.453903 0.608994 -0.395659
v -0.450104 0.597702 -0.386367
v -0.436981 0.594269 -0.388088
v -0.177521 0.489441 -0.606979
v -0.176651 0.485321 -0.603420
v -0.181473 0.488235 -0.605082
v -0.180847 0.492126 -0.607285
v -0.238617 0.418137 -0.534232
v -0.174744 0.476166 -0.593569
v -0.383484 0.666428 -0.463295
v -0.376801 0.683228 -0.468673
v -0.383926 0.667770 -0.459102
v -0.309525 0.708679 -0.522647
v -0.325134 0.703491 -0.515424
v -0.359009 0.693161 -0.476383
v -0.353500 0.698990 -0.469353
v -0.363983 0.692139 -0.468296
v -0.337021 0.698715 -0.506809
v -0.336853 0.708847 -0.502410
v -0.115005 0.734741 -0.591232
v -0.119583 0.722870 -0.599367
v -0.237427 0.722534 -0.548642
v -0.367279 0.692322 -0.464394
v -0.351379 0.701859 -0.466516
v -0.352631 0.708786 -0.465097
v -0.337112 0.713287 -0.500360
v -0.255539 0.718643 -0.532487
v -0.253403 0.729584 -0.520638
v -0.481705 0.597092 -0.339396
v -0.477280 0.589554 -0.349074
v -0.484055 0.574890 -0.324058
v -0.455490 0.531357 -0.356038
v -0.454575 0.547089 -0.364170
v -0.460098 0.518646 -0.343655
v -0.455093 0.567017 -0.372567
v -0.439835 0.617508 -0.412591
v -0.414764 0.673615 -0.449692
v -0.409271 0.688004 -0.450986
v -0.405060 0.671143 -0.454772
v -0.402344 0.609421 -0.413226
v -0.470947 0.583710 -0.360249
v -0.401352 0.565750 -0.441701
v -0.403244 0.474869 -0.415342
v -0.379196 0.497543 -0.455716
v -0.364258 0.507187 -0.466164
v -0.373550 0.481567 -0.456962
v -0.422485 0.539474 -0.402977
v -0.369949 0.594864 -0.495412
v -0.325104 0.665588 -0.530526
v -0.345505 0.621246 -0.521166
v -0.348343 0.623993 -0.519173
v -0.354172 0.629623 -0.515228
v -0.307358 0.566940 -0.538158
v -0.289047 0.569931 -0.551390
v -0.303436 0.556229 -0.534130
v -0.307571 0.580612 -0.540870
v -0.305878 0.599030 -0.541929
v -0.319000 0.603989 -0.534455
v -0.286819 0.596664 -0.553828
v -0.329544 0.610077 -0.529162
v -0.395905 0.597672 -0.416025
v -0.408417 0.591431 -0.408668
v -0.414810 0.584763 -0.401153
v -0.410629 0.593292 -0.394766
v -0.361450 0.546951 -0.461255
v -0.353088 0.555099 -0.458274
v -0.352097 0.532089 -0.465349
v -0.371368 0.460663 -0.455026
v -0.369507 0.441483 -0.453776
v -0.380280 0.454483 -0.441697
v -0.361496 0.467819 -0.466209
v -0.364578 0.427216 -0.456808
v -0.223160 0.350281 -0.531087
v -0.198853 0.342819 -0.539310
v -0.219742 0.339951 -0.518635
v -0.220993 0.360443 -0.543286
v -0.178635 0.339905 -0.546443
v -0.180634 0.346359 -0.555800
v -0.169189 0.354996 -0.570215
v -0.174210 0.353531 -0.565484
v -0.181747 0.351349 -0.560481
v -0.183167 0.359024 -0.564462
v -0.216751 0.370483 -0.551231
v -0.238327 0.382736 -0.544169
v -0.254684 0.391632 -0.537495
v -0.286713 0.404449 -0.524611
v -0.384857 0.450043 -0.430614
v -0.319641 0.448807 -0.518995
v -0.323120 0.473206 -0.521406
v -0.324387 0.492996 -0.521690
v -0.316605 0.494217 -0.528027
v -0.305038 0.524841 -0.530413
v -0.308792 0.511154 -0.531661
v -0.296219 0.517426 -0.538257
v -0.307922 0.493362 -0.534854
v -0.297989 0.495026 -0.541142
v -0.288254 0.502060 -0.544658
v -0.348511 0.517426 -0.467874
v -0.352005 0.493896 -0.470228
v -0.353775 0.471695 -0.470583
v -0.348145 0.472595 -0.471638
v -0.324677 0.536774 -0.491109
v -0.253845 0.546387 -0.576281
v -0.244354 0.546494 -0.583620
v -0.247406 0.573959 -0.583321
v -0.253693 0.646515 -0.579224
v -0.262558 0.651215 -0.571547
v -0.257568 0.628067 -0.577053
v -0.268448 0.654541 -0.565397
v -0.262482 0.671722 -0.568357
v -0.262619 0.610794 -0.572959
v -0.268631 0.600235 -0.567761
v -0.273697 0.593124 -0.563971
v -0.272400 0.583176 -0.565719
v -0.273560 0.572495 -0.563689
v -0.332336 0.546127 -0.492074
v -0.315826 0.547287 -0.513987
v -0.252533 0.685425 -0.571507
v -0.178833 0.658051 -0.582563
v -0.185944 0.671967 -0.578022
v -0.194778 0.687775 -0.569899
v -0.254425 0.476334 -0.561471
v -0.295105 0.549606 -0.529590
v -0.050919 0.546509 -0.650436
v -0.036240 0.547974 -0.644901
v -0.048859 0.562393 -0.648853
v -0.045715 0.624664 -0.620955
v -0.042114 0.609222 -0.635271
v -0.104645 0.587723 -0.647305
v -0.093567 0.588135 -0.649460
v -0.114594 0.605057 -0.642380
v -0.128525 0.613922 -0.633614
v -0.105408 0.624939 -0.644749
v -0.154602 0.646774 -0.613712
v -0.122421 0.645203 -0.632177
v -0.122986 0.662598 -0.626484
v -0.120071 0.695007 -0.619158
v -0.105469 0.695374 -0.622221
v -0.123123 0.688553 -0.619719
v -0.123245 0.702423 -0.615070
v -0.125061 0.678696 -0.621605
v -0.139557 0.680847 -0.616322
v -0.123016 0.711884 -0.607689
v -0.089157 0.727722 -0.596310
v -0.055222 0.696442 -0.604725
v -0.053146 0.686569 -0.610594
v -0.051300 0.676361 -0.612143
v -0.065979 0.678268 -0.619911
v -0.077866 0.670471 -0.621563
v -0.083649 0.664185 -0.621042
v -0.085144 0.685928 -0.623859
v -0.091629 0.694611 -0.623835
v -0.071304 0.412476 -0.628695
v -0.071198 0.406723 -0.623850
v -0.070007 0.419754 -0.634693
v -0.066772 0.427124 -0.640738
v -0.064972 0.436035 -0.646448
v -0.064133 0.449539 -0.651520
v -0.062241 0.465546 -0.655260
v -0.047302 0.452301 -0.648682
v -0.060822 0.481415 -0.657238
v -0.059570 0.497177 -0.657228
v -0.078308 0.481567 -0.657526
v -0.057388 0.513016 -0.654955
v -0.041321 0.513885 -0.651255
v -0.097534 0.483734 -0.656185
v -0.117340 0.487076 -0.651764
v -0.141144 0.492538 -0.642391
v -0.130508 0.539368 -0.644232
v -0.124359 0.546753 -0.641636
v -0.119293 0.552460 -0.637928
v -0.136932 0.572693 -0.628302
v -0.115891 0.557861 -0.634007
v -0.153030 0.586578 -0.616768
v -0.189941 0.497009 -0.607538
v -0.191299 0.491943 -0.603819
v -0.194763 0.503815 -0.608027
v -0.199081 0.517166 -0.607683
v -0.200348 0.532471 -0.608347
v -0.185745 0.517731 -0.617476
v -0.201950 0.549698 -0.608131
v -0.201736 0.565659 -0.606897
v -0.186630 0.549408 -0.618763
v -0.217957 0.548721 -0.597765
v -0.196899 0.577057 -0.604961
v -0.212646 0.575043 -0.596626
v -0.191132 0.612167 -0.587967
v -0.178818 0.621658 -0.585176
v -0.191238 0.601944 -0.585018
v -0.199493 0.610352 -0.591385
v -0.204926 0.609650 -0.593258
v -0.208481 0.588760 -0.592243
v -0.221375 0.576324 -0.593697
v -0.231979 0.546951 -0.590296
v -0.224152 0.479675 -0.586599
v -0.212234 0.436691 -0.557364
v -0.206299 0.436325 -0.554037
v -0.201477 0.447433 -0.573109
v -0.203674 0.423798 -0.560733
v -0.203308 0.432571 -0.555466
v -0.194321 0.437744 -0.573710
v -0.185226 0.428925 -0.593397
v -0.175568 0.426926 -0.601839
v -0.184952 0.438293 -0.588856
v -0.163452 0.421387 -0.609518
v -0.136246 0.407104 -0.622118
v -0.135437 0.399048 -0.618341
v -0.142181 0.415817 -0.622026
v -0.136551 0.385361 -0.608583
v -0.191025 0.485291 -0.601370
v -0.140442 0.442139 -0.632492
v -0.182846 0.446899 -0.584106
v -0.183456 0.452148 -0.578157
v -0.190552 0.458389 -0.583363
v -0.186020 0.456009 -0.577848
v -0.193893 0.382294 -0.572695
v -0.186417 0.367966 -0.567923
v -0.264374 0.429413 -0.546948
v -0.020966 0.339920 -0.577248
v -0.021439 0.344223 -0.583815
v -0.023102 0.337433 -0.573426
v -0.028809 0.340561 -0.584312
v -0.026367 0.334167 -0.568662
v -0.019104 0.336594 -0.561350
v -0.029266 0.331360 -0.560035
v -0.034134 0.346954 -0.592144
v -0.028564 0.349503 -0.592127
v -0.038559 0.342941 -0.589382
v -0.039429 0.355576 -0.598240
v -0.048950 0.367950 -0.604467
v -0.039261 0.373474 -0.605185
v -0.058624 0.379105 -0.609579
v -0.067795 0.389908 -0.614830
v -0.080414 0.383194 -0.611385
v -0.070694 0.399353 -0.619116
v -0.045975 0.584839 -0.644924
v -0.061127 0.586365 -0.649050
v -0.029480 0.584793 -0.636446
v -0.078506 0.589661 -0.650045
v -0.031570 0.331451 -0.549378
v -0.022797 0.335373 -0.549969
v -0.014923 0.340454 -0.552176
v -0.196960 0.392075 -0.411590
v -0.101166 0.347748 -0.500750
v -0.092453 0.353226 -0.492633
v -0.107086 0.360199 -0.480644
v -0.077271 0.348450 -0.501657
v -0.122314 0.367233 -0.467514
v -0.186203 0.396454 -0.406527
v -0.171890 0.403442 -0.402202
v -0.133133 0.430389 -0.393810
v -0.128021 0.437790 -0.392655
v -0.008987 0.377518 -0.588987
v -0.017151 0.378525 -0.597481
v -0.025436 0.559769 -0.483157
v -0.026520 0.659836 -0.406060
v -0.032867 0.662598 -0.413102
v -0.026428 0.665680 -0.423818
v -0.032745 0.664825 -0.418693
v -0.026291 0.647842 -0.440705
v -0.025513 0.632339 -0.455047
v -0.016800 0.635666 -0.462005
v -0.033661 0.630447 -0.448904
v -0.023071 0.567459 -0.503361
v -0.019775 0.547852 -0.520498
v -0.017822 0.529022 -0.538332
v -0.016968 0.511475 -0.554296
v -0.018082 0.466339 -0.583406
v -0.016174 0.480804 -0.576283
v -0.025681 0.465515 -0.576006
v -0.004486 0.554520 -0.611048
v -0.002655 0.556458 -0.602928
v -0.008316 0.568527 -0.618139
v -0.001404 0.559784 -0.591227
v -0.001068 0.579407 -0.584101
v -0.001434 0.593079 -0.575596
v -0.008499 0.639267 -0.559431
v -0.004227 0.653625 -0.510863
v -0.003632 0.639252 -0.519834
v -0.002533 0.624481 -0.527706
v -0.001038 0.608322 -0.535544
v 0.000580 0.591415 -0.543779
v 0.001297 0.568481 -0.557017
v -0.000351 0.542130 -0.573129
v -0.010483 0.639557 -0.470191
v -0.003998 0.456985 -0.539901
v 0.000885 0.451218 -0.524778
v -0.016647 0.584991 -0.431039
v -0.015778 0.574585 -0.412205
v -0.016754 0.632294 -0.341737
v -0.018143 0.613571 -0.357020
v -0.017853 0.587952 -0.378592
v -0.019806 0.559265 -0.391982
v -0.014877 0.538483 -0.421248
v -0.000320 0.471420 -0.482256
v 0.001022 0.457779 -0.497337
v -0.003601 0.462952 -0.468162
v 0.002350 0.444046 -0.510626
v 0.000717 0.389526 -0.547590
v -0.011566 0.453613 -0.453801
v -0.015091 0.466187 -0.437664
v -0.021820 0.445099 -0.441908
v -0.018707 0.478592 -0.422094
v -0.039398 0.544922 -0.338696
v -0.004074 0.499573 -0.579374
v -0.007553 0.496887 -0.574680
v -0.015747 0.495422 -0.567219
v -0.009140 0.356689 -0.534261
v -0.021011 0.372208 -0.502273
v -0.033203 0.371094 -0.494779
v -0.025742 0.417831 -0.462744
v -0.028412 0.429108 -0.448807
v -0.035355 0.416794 -0.458387
v -0.032394 0.440582 -0.433245
v -0.043961 0.438690 -0.427580
v -0.055908 0.438385 -0.425472
v -0.065918 0.439163 -0.426185
v -0.073547 0.440796 -0.428534
v -0.091293 0.413803 -0.441320
v -0.094910 0.397980 -0.448924
v -0.077667 0.403458 -0.451422
v -0.097961 0.386444 -0.456265
v -0.106628 0.396912 -0.445290
v -0.047943 0.369583 -0.489391
v -0.043793 0.382751 -0.481657
v -0.052505 0.357895 -0.497937
v -0.065369 0.398056 -0.461429
v -0.115723 0.472321 -0.328964
v -0.124969 0.474197 -0.316144
v -0.126236 0.465836 -0.337967
v -0.052963 0.505737 -0.345727
v -0.149048 0.463577 -0.352356
v -0.143097 0.463837 -0.349616
v -0.152100 0.462845 -0.354224
v -0.135193 0.461304 -0.371220
v -0.135818 0.463806 -0.345166
v -0.144531 0.465591 -0.329676
v -0.041687 0.415924 -0.458379
v -0.043442 0.392715 -0.477023
v -0.108933 0.447235 -0.415802
v -0.106079 0.453171 -0.419679
v -0.159042 0.411209 -0.398951
v -0.147659 0.404037 -0.412418
v -0.135040 0.397568 -0.427258
v -0.059799 0.347397 -0.506809
v -0.097916 0.474625 -0.380927
v -0.077988 0.481918 -0.353753
v -0.123260 0.465897 -0.389945
v -0.113647 0.472794 -0.405384
v -0.020676 0.673218 -0.572824
v -0.016678 0.579651 -0.626839
v -0.020828 0.560059 -0.633276
v -0.028946 0.377975 -0.603466
v -0.032104 0.389816 -0.606699
v -0.023514 0.363998 -0.596916
v -0.021637 0.352921 -0.590620
v -0.027527 0.514755 -0.643156
v -0.027863 0.527145 -0.638849
v -0.025681 0.546326 -0.637249
v -0.027390 0.537155 -0.637148
v -0.038406 0.611511 -0.280828
v -0.035553 0.615402 -0.277922
v -0.040787 0.604553 -0.277183
v -0.043671 0.604935 -0.283412
v -0.027969 0.569260 -0.345018
v -0.057877 0.589493 -0.289648
v -0.053650 0.488785 -0.373489
v -0.054337 0.491623 -0.371094
v -0.083038 0.433167 -0.436230
v -0.108459 0.470642 -0.416162
v -0.107010 0.465500 -0.418346
v -0.109116 0.473495 -0.413695
v -0.109665 0.401367 -0.440656
v -0.153900 0.461685 -0.355481
v -0.167542 0.467804 -0.337871
v -0.138626 0.451324 -0.374692
v -0.125702 0.441498 -0.391875
v -0.109467 0.474991 -0.410625
v -0.054947 0.493271 -0.369103
v -0.046249 0.501266 -0.372099
v -0.037155 0.512741 -0.376236
v -0.060226 0.415756 -0.456950
v -0.103943 0.455780 -0.421392
v -0.215286 0.417236 -0.375895
v -0.200638 0.418930 -0.375484
v -0.390305 0.459869 -0.410089
v -0.264297 0.553833 -0.551167
v -0.262650 0.559906 -0.565961
v -0.264404 0.540817 -0.538864
v -0.379868 0.631027 -0.430464
v -0.384918 0.648834 -0.444430
v -0.409622 0.596771 -0.392646
v -0.414490 0.582596 -0.382333
v -0.371094 0.592880 -0.434730
v -0.365555 0.574417 -0.449830
v -0.350540 0.558304 -0.457481
v -0.345474 0.472824 -0.472788
v -0.261047 0.517426 -0.541287
v -0.282700 0.614609 -0.553458
v -0.282745 0.666870 -0.538172
v -0.152512 0.682281 -0.608696
v -0.164871 0.620224 -0.601118
v -0.002670 0.518570 -0.602011
v -0.003067 0.614334 -0.552634
v -0.096786 0.629105 -0.648481
v -0.209152 0.581619 -0.592119
v -0.203918 0.586121 -0.590265
v -0.010895 0.526611 -0.614605
v -0.019135 0.531647 -0.625252
v -0.028030 0.532700 -0.637354
v -0.086929 0.661606 -0.621256
v -0.159470 0.666000 -0.591164
v -0.173706 0.624542 -0.584517
v -0.190796 0.597626 -0.584440
v -0.114059 0.560455 -0.632931
v -0.002548 0.496887 -0.609062
v -0.030731 0.455292 -0.642801
v -0.034927 0.664001 -0.416236
v -0.035950 0.644531 -0.432908
v -0.036453 0.629395 -0.446017
v -0.037277 0.615250 -0.457420
v -0.039276 0.598724 -0.468985
v -0.028229 0.464859 -0.572715
v -0.029587 0.449402 -0.581091
v -0.030106 0.434326 -0.591379
v -0.043762 0.412476 -0.611441
v -0.056778 0.407227 -0.617775
v -0.071472 0.403610 -0.621374
v -0.027298 0.690674 -0.554842
v -0.033157 0.399765 -0.606638
v -0.043793 0.340210 -0.586924
v -0.096878 0.373825 -0.602802
v -0.424408 0.593185 -0.387099
v -0.184464 0.362823 -0.565873
v -0.189026 0.371979 -0.561896
v -0.265350 0.410172 -0.533722
v -0.145447 0.420303 -0.621330
v -0.149811 0.427109 -0.615709
v -0.199341 0.395355 -0.550119
v -0.207016 0.420700 -0.543107
v -0.203766 0.435852 -0.553311
v -0.194473 0.445541 -0.568420
v -0.184128 0.454529 -0.576077
v -0.159454 0.442856 -0.600563
v -0.261383 0.562744 -0.571615
v -0.232727 0.704712 -0.553116
v -0.173981 0.547333 -0.627483
v -0.174591 0.529953 -0.626848
v -0.175644 0.515900 -0.624527
v -0.467911 0.655975 -0.347056
v -0.464233 0.659286 -0.336676
v -0.395477 0.668625 -0.455807
v -0.388306 0.668686 -0.456229
v -0.384964 0.668716 -0.457186
v -0.267288 0.740662 -0.045374
v -0.271057 0.734070 -0.089168
v -0.276245 0.725052 -0.097255
v -0.266418 0.740814 -0.105669
v -0.275940 0.724594 -0.075275
v -0.256897 0.696259 -0.188169
v -0.251602 0.714584 -0.179659
v -0.267731 0.694992 -0.174679
v -0.260574 0.680420 -0.199056
v -0.242477 0.698486 -0.200775
v -0.194473 0.716965 -0.222435
v -0.226059 0.698929 -0.211233
v -0.215454 0.696854 -0.218626
v -0.219833 0.715134 -0.200710
v -0.308197 0.693085 -0.112149
v -0.325928 0.687225 -0.117373
v -0.307480 0.697525 -0.116249
v -0.313110 0.685165 -0.106849
v -0.307541 0.686966 -0.129151
v -0.296127 0.691711 -0.127798
v -0.306931 0.695984 -0.121796
v -0.324356 0.680740 -0.133791
v -0.310379 0.673691 -0.139942
v -0.316986 0.680374 -0.058187
v -0.362778 0.681793 -0.121933
v -0.380478 0.683609 -0.126493
v -0.290085 0.696487 -0.129594
v -0.284912 0.708725 -0.125443
v -0.288467 0.705933 -0.118201
v -0.282440 0.712051 -0.069051
v -0.289215 0.700333 -0.071025
v -0.282730 0.712372 -0.085351
v -0.280045 0.716827 -0.055915
v -0.391129 0.733780 -0.444362
v -0.403061 0.697006 -0.451504
v -0.396179 0.705856 -0.451483
v -0.415527 0.719788 -0.426893
v -0.402222 0.719177 -0.440993
v -0.428162 0.719421 -0.411011
v -0.328003 0.740341 -0.490430
v -0.373032 0.714554 -0.452116
v -0.383881 0.717346 -0.452538
v -0.364456 0.714737 -0.449786
v -0.357132 0.726868 -0.462494
v -0.155960 0.679321 -0.236073
v -0.164612 0.677109 -0.251010
v -0.148895 0.679977 -0.222898
v -0.311432 0.664886 -0.148365
v -0.325195 0.663010 -0.148801
v -0.314468 0.657898 -0.154231
v -0.303543 0.665161 -0.150967
v -0.281372 0.664352 -0.178329
v -0.279358 0.676880 -0.169968
v -0.288269 0.664215 -0.166271
v -0.279160 0.646545 -0.185452
v -0.273438 0.666382 -0.193928
v -0.340942 0.663589 -0.148696
v -0.341949 0.670105 -0.143894
v -0.358368 0.661911 -0.151658
v -0.337570 0.656616 -0.149240
v -0.263214 0.669098 -0.215151
v -0.264343 0.654556 -0.224314
v -0.198059 0.676605 -0.284040
v -0.210190 0.673203 -0.294220
v -0.193710 0.685074 -0.263281
v -0.208176 0.680084 -0.271006
v -0.134445 0.666138 -0.197571
v -0.229645 0.669083 -0.307240
v -0.238556 0.669952 -0.298534
v -0.230988 0.665726 -0.326763
v -0.226517 0.666809 -0.348078
v -0.243454 0.661743 -0.353959
v -0.217239 0.670303 -0.373133
v -0.206329 0.667633 -0.347082
v -0.287781 0.709534 -0.113441
v -0.285690 0.712158 -0.115973
v -0.380295 0.684357 -0.129242
v -0.379929 0.682632 -0.132126
v -0.362228 0.685226 -0.129874
v -0.307022 0.698990 -0.118481
v -0.325043 0.691727 -0.123273
v -0.367432 0.730164 -0.445519
v -0.360779 0.715195 -0.449319
v -0.250900 0.666641 -0.260829
v -0.259796 0.656815 -0.270489
v -0.247559 0.667801 -0.268988
v -0.227692 0.679169 -0.237545
v -0.199799 0.701416 -0.249100
v -0.195267 0.700317 -0.248407
v -0.188965 0.720184 -0.232884
v -0.202026 0.700607 -0.245713
v -0.208694 0.686340 -0.261347
v -0.168686 0.688446 -0.241525
v -0.157272 0.692474 -0.225948
v -0.173355 0.690796 -0.242961
v -0.172943 0.672867 -0.262774
v -0.170105 0.665924 -0.264075
v -0.287354 0.709518 0.018953
v -0.280624 0.718857 0.021849
v -0.274078 0.729065 0.023339
v -0.241058 0.651733 -0.353118
v -0.251144 0.646866 -0.333089
v -0.216904 0.640976 -0.363636
v -0.214523 0.643082 -0.357848
v -0.214355 0.646896 -0.370777
v -0.207932 0.672562 -0.392509
v -0.196838 0.671875 -0.407650
v -0.173264 0.707489 -0.229513
v -0.184647 0.696747 -0.245255
v -0.264847 0.736145 -0.131387
v -0.268677 0.724625 -0.142368
v -0.272369 0.711319 -0.151398
v -0.259140 0.728104 -0.156416
v -0.276108 0.720886 -0.129055
v -0.275925 0.694916 -0.160418
v -0.246674 0.730850 -0.169541
v -0.232361 0.731430 -0.180489
v -0.206070 0.697983 -0.237008
v -0.209274 0.696732 -0.226539
v -0.341309 0.678452 -0.136655
v -0.360992 0.677979 -0.138188
v -0.342911 0.685104 -0.130500
v -0.379044 0.678024 -0.137389
v -0.380112 0.669785 -0.146121
v -0.315628 0.679642 -0.073903
v -0.327438 0.677277 -0.076005
v -0.313812 0.680023 -0.088885
v -0.304718 0.683914 -0.072433
v -0.296005 0.691177 -0.071980
v -0.295227 0.692963 -0.086575
v -0.294922 0.695831 -0.098162
v -0.303818 0.686111 -0.096475
v -0.288193 0.705872 -0.099807
v -0.280670 0.717590 -0.121950
v -0.281433 0.716583 -0.100602
v -0.275970 0.725708 -0.040407
v -0.478912 0.694839 -0.303591
v -0.392517 0.717789 -0.449537
v -0.436691 0.719467 -0.395681
v -0.440918 0.718719 -0.379902
v -0.435455 0.691010 -0.378941
v -0.439178 0.702057 -0.368111
v -0.432022 0.686096 -0.377352
v -0.448242 0.711945 -0.347330
v -0.441711 0.713669 -0.350189
v -0.440460 0.714020 -0.364912
v -0.438980 0.713455 -0.355868
v -0.431091 0.684021 -0.376659
v -0.319702 0.739685 -0.496832
v -0.296051 0.664948 -0.156491
v -0.298187 0.656509 -0.161971
v -0.385620 0.657822 -0.158730
v -0.141968 0.669571 -0.215948
v -0.244217 0.669128 -0.284500
v -0.260178 0.658112 -0.307163
v -0.343704 0.687393 -0.127503
v -0.344055 0.686539 -0.125049
v -0.439011 0.713715 -0.351993
v -0.438202 0.698776 -0.347249
v -0.211945 0.681198 -0.266127
v -0.211136 0.696213 -0.222096
v -0.199905 0.713699 -0.210358
v -0.168655 0.656006 -0.263755
v -0.182907 0.653839 -0.280348
v -0.040115 0.617264 -0.150148
v -0.213287 0.649689 -0.374454
v -0.209747 0.653397 -0.368750
v -0.209778 0.653854 -0.381448
v -0.200882 0.663452 -0.398232
v -0.225281 0.622330 -0.331219
v -0.229156 0.613037 -0.307684
v -0.343567 0.675140 -0.093725
v -0.504669 0.666687 -0.253153
v -0.510010 0.663773 -0.232023
v -0.498016 0.671417 -0.275835
v -0.511948 0.646667 -0.254708
v -0.486923 0.678650 -0.301366
v -0.474564 0.681381 -0.324668
v -0.444641 0.688553 -0.345197
v -0.454239 0.677841 -0.341748
v -0.078369 0.505096 -0.184912
v -0.089691 0.493698 -0.192816
v -0.078430 0.511520 -0.203894
v -0.070740 0.515488 -0.173867
v -0.080399 0.496460 -0.166325
v -0.191422 0.468857 -0.246988
v -0.196976 0.468140 -0.251296
v -0.184174 0.471481 -0.260197
v -0.181625 0.469330 -0.243472
v -0.200897 0.458176 -0.205964
v -0.193726 0.457245 -0.181568
v -0.204407 0.448944 -0.205832
v -0.211487 0.452927 -0.229820
v -0.201126 0.464111 -0.209640
v -0.222687 0.435394 -0.242660
v -0.218689 0.441238 -0.254576
v -0.219421 0.437241 -0.223438
v -0.262924 0.404373 -0.245992
v -0.258301 0.402573 -0.272331
v -0.251907 0.406082 -0.247650
v -0.265381 0.407288 -0.224031
v -0.172333 0.453995 -0.178463
v -0.164124 0.454193 -0.164500
v -0.179535 0.455566 -0.172163
v -0.175720 0.456711 -0.196673
v -0.142960 0.460403 -0.164251
v -0.135056 0.464996 -0.176642
v -0.121689 0.471161 -0.170641
v -0.255188 0.411972 -0.212743
v -0.244614 0.414566 -0.215879
v -0.242279 0.412842 -0.228341
v -0.241577 0.417633 -0.207065
v -0.247406 0.415924 -0.189511
v -0.200851 0.434402 -0.162386
v -0.205826 0.434708 -0.182539
v -0.192657 0.444946 -0.159700
v -0.485443 0.571548 -0.289454
v -0.488129 0.564819 -0.297291
v -0.480637 0.577286 -0.282032
v -0.487350 0.553864 -0.304674
v -0.484238 0.539795 -0.310401
v -0.476639 0.582001 -0.276217
v -0.473770 0.586288 -0.273293
v -0.483932 0.587173 -0.269630
v -0.494583 0.588745 -0.267541
v -0.475891 0.587982 -0.271235
v -0.203445 0.415619 -0.355602
v -0.209717 0.414230 -0.346480
v -0.193634 0.421875 -0.352370
v -0.236450 0.414642 -0.281428
v -0.238510 0.413605 -0.269456
v -0.214096 0.442795 -0.261284
v -0.208130 0.446960 -0.262297
v -0.198715 0.429306 -0.319565
v -0.192200 0.430283 -0.333356
v -0.191757 0.440796 -0.313449
v -0.203964 0.429184 -0.308009
v -0.206436 0.419327 -0.327635
v -0.046478 0.586349 -0.268565
v -0.038559 0.602585 -0.266109
v -0.050430 0.573853 -0.260056
v -0.099243 0.498779 -0.243039
v -0.094009 0.510376 -0.263602
v -0.089813 0.504501 -0.235943
v -0.169098 0.464813 -0.312292
v -0.178848 0.462219 -0.306533
v -0.160049 0.466949 -0.314651
v -0.161072 0.475494 -0.260610
v -0.165359 0.471085 -0.250543
v -0.171616 0.475510 -0.266606
v -0.148010 0.476013 -0.253360
v -0.134903 0.484787 -0.277431
v -0.134979 0.485779 -0.283489
v -0.124695 0.486908 -0.285857
v -0.130478 0.485703 -0.271929
v -0.186111 0.432419 -0.346172
v -0.181412 0.444168 -0.337816
v -0.253387 0.402618 -0.294210
v -0.248337 0.403870 -0.312910
v -0.194870 0.653168 -0.298583
v -0.203537 0.652710 -0.318001
v -0.194931 0.640793 -0.298028
v -0.257172 0.644012 -0.314547
v -0.258408 0.641403 -0.295600
v -0.245865 0.628098 -0.309089
v -0.255630 0.639130 -0.274378
v -0.254166 0.635040 -0.254099
v -0.209747 0.648956 -0.340714
v -0.206192 0.656921 -0.345664
v -0.212479 0.636337 -0.334688
v -0.211548 0.620880 -0.329024
v -0.203552 0.621323 -0.314866
v -0.217468 0.619308 -0.340678
v -0.210083 0.605515 -0.325901
v -0.170334 0.601532 -0.248901
v -0.170807 0.589142 -0.232551
v -0.156876 0.624222 -0.231102
v -0.168152 0.618027 -0.263436
v -0.226059 0.591293 -0.296233
v -0.230103 0.599197 -0.286651
v -0.229874 0.576324 -0.274134
v -0.222382 0.585724 -0.306549
v -0.214523 0.545364 -0.252933
v -0.201874 0.543213 -0.239262
v -0.227493 0.544800 -0.262791
v -0.224945 0.528442 -0.237419
v -0.199341 0.549667 -0.219433
v -0.209030 0.536942 -0.209974
v -0.199234 0.557465 -0.208820
v -0.197632 0.544556 -0.229107
v -0.144821 0.639633 -0.186154
v -0.159668 0.613876 -0.198819
v -0.147949 0.639038 -0.179201
v -0.198334 0.561081 -0.199838
v -0.206177 0.549637 -0.188171
v -0.197449 0.562088 -0.191859
v -0.176468 0.598740 -0.175924
v -0.186142 0.582794 -0.175087
v -0.175354 0.603470 -0.161973
v -0.165115 0.617477 -0.172128
v -0.176804 0.593994 -0.188729
v -0.193726 0.570450 -0.171148
v -0.198883 0.559769 -0.163689
v -0.191269 0.574860 -0.158660
v -0.195877 0.565002 -0.183105
v -0.200211 0.550583 -0.153278
v -0.199844 0.542206 -0.137393
v -0.196381 0.555801 -0.142682
v -0.202560 0.545456 -0.160315
v -0.169479 0.566025 -0.157210
v -0.161514 0.561569 -0.161843
v -0.159271 0.577484 -0.160408
v -0.176300 0.557709 -0.150436
v -0.121048 0.588837 -0.162453
v -0.127808 0.576187 -0.167271
v -0.105209 0.587570 -0.160916
v -0.109329 0.605148 -0.156092
v -0.132507 0.590439 -0.163637
v -0.137466 0.535370 -0.136792
v -0.134399 0.541153 -0.144447
v -0.146118 0.539688 -0.137094
v -0.139221 0.527573 -0.125593
v -0.130783 0.530014 -0.136495
v -0.132492 0.545486 -0.149138
v -0.139420 0.550522 -0.153588
v -0.127350 0.546417 -0.149940
v -0.112183 0.549332 -0.146837
v -0.109955 0.546036 -0.142798
v -0.118256 0.548340 -0.149240
v -0.107147 0.543457 -0.139284
v -0.094925 0.544952 -0.141245
v -0.110443 0.537689 -0.135551
v -0.087128 0.559891 -0.165976
v -0.096298 0.568375 -0.171551
v -0.079926 0.551224 -0.159481
v -0.071854 0.562302 -0.178975
v -0.114731 0.530365 -0.128762
v -0.118118 0.522751 -0.119629
v -0.102478 0.529816 -0.124243
v -0.124313 0.528732 -0.134224
v -0.077530 0.506088 -0.134213
v -0.071808 0.514175 -0.147520
v -0.080093 0.515228 -0.126998
v -0.084320 0.499146 -0.124149
v -0.079498 0.497284 -0.144098
v -0.053131 0.553162 -0.201239
v -0.045486 0.568771 -0.217354
v -0.052429 0.561768 -0.196392
v -0.060730 0.539169 -0.183900
v -0.058868 0.570007 -0.192993
v -0.063385 0.577896 -0.193919
v -0.046417 0.582123 -0.209366
v -0.073349 0.607513 -0.147836
v -0.062607 0.617386 -0.142393
v -0.083130 0.613937 -0.147461
v -0.081604 0.597229 -0.154591
v -0.061844 0.603592 -0.150603
v -0.049789 0.613770 -0.146652
v -0.051926 0.602905 -0.156054
v -0.062515 0.592514 -0.164295
v -0.046021 0.603821 -0.159770
v -0.202606 0.451950 -0.265079
v -0.200684 0.462997 -0.257265
v -0.207397 0.434906 -0.278586
v -0.198273 0.451416 -0.274088
v -0.091690 0.587921 -0.160245
v -0.087936 0.584412 -0.163872
v -0.028168 0.623795 -0.270997
v -0.027130 0.626617 -0.265539
v -0.042160 0.582367 -0.229745
v -0.046326 0.573898 -0.237367
v -0.038422 0.600891 -0.242287
v -0.040970 0.588058 -0.224899
v -0.149323 0.638596 -0.175797
v -0.163757 0.613602 -0.189047
v -0.150406 0.638046 -0.172211
v -0.176819 0.592316 -0.194142
v -0.175659 0.592789 -0.196910
v -0.188019 0.575226 -0.193123
v -0.203918 0.543274 -0.163528
v -0.206100 0.541779 -0.166114
v -0.204681 0.534164 -0.145582
v -0.202469 0.552887 -0.178514
v -0.167084 0.543274 -0.143731
v -0.170517 0.545456 -0.143078
v -0.168243 0.536240 -0.130977
v -0.163498 0.542542 -0.142628
v -0.164612 0.550446 -0.155324
v -0.158188 0.559387 -0.163194
v -0.155182 0.557861 -0.161984
v -0.151474 0.566986 -0.167766
v -0.064728 0.581207 -0.193931
v -0.099274 0.572006 -0.173331
v -0.094452 0.575272 -0.172277
v -0.114517 0.571915 -0.169595
v -0.066956 0.582092 -0.177665
v -0.070908 0.582169 -0.174832
v -0.042969 0.604263 -0.161263
v -0.130966 0.570984 -0.168713
v -0.143631 0.570099 -0.169145
v -0.131058 0.568542 -0.167338
v -0.173233 0.603989 -0.155736
v -0.181580 0.588623 -0.155913
v -0.168900 0.602432 -0.153850
v -0.162506 0.621490 -0.152594
v -0.188263 0.575684 -0.153002
v -0.192047 0.565399 -0.146961
v -0.192383 0.557449 -0.137795
v -0.191483 0.549942 -0.127109
v -0.186661 0.555740 -0.137563
v -0.219650 0.618790 -0.344571
v -0.189285 0.602158 -0.301406
v -0.190384 0.608597 -0.301570
v -0.199783 0.598221 -0.313567
v -0.190765 0.595581 -0.295087
v -0.178528 0.610947 -0.286965
v -0.167877 0.624420 -0.269178
v -0.220795 0.583740 -0.310182
v -0.220367 0.582092 -0.308654
v -0.216797 0.596924 -0.325521
v -0.232513 0.545181 -0.266099
v -0.233963 0.549316 -0.263929
v -0.241684 0.529449 -0.246119
v -0.224258 0.562851 -0.285592
v -0.248901 0.516937 -0.222296
v -0.250153 0.521027 -0.220320
v -0.255371 0.504654 -0.195354
v -0.244705 0.516159 -0.220955
v -0.232178 0.602890 -0.282878
v -0.234283 0.606339 -0.285091
v -0.235687 0.590652 -0.260607
v -0.221359 0.514526 -0.206620
v -0.225021 0.514603 -0.209811
v -0.234055 0.503052 -0.181960
v -0.220230 0.517334 -0.202522
v -0.209061 0.527359 -0.225089
v -0.128281 0.527847 -0.135960
v -0.131119 0.520676 -0.127445
v -0.118759 0.633255 -0.150197
v -0.134125 0.613373 -0.154629
v -0.113785 0.630768 -0.154069
v -0.126938 0.634674 -0.146641
v -0.096069 0.621475 -0.150714
v -0.083572 0.634369 -0.146869
v -0.106979 0.626740 -0.154363
v -0.161392 0.601105 -0.153174
v -0.154907 0.597275 -0.154787
v -0.150116 0.617722 -0.150195
v -0.148407 0.570023 -0.169364
v -0.145691 0.575760 -0.168104
v -0.082336 0.535645 -0.277947
v -0.088486 0.534485 -0.283058
v -0.090561 0.533722 -0.285627
v -0.100906 0.507996 -0.276374
v -0.120178 0.486343 -0.293065
v -0.125870 0.486237 -0.290538
v -0.123047 0.482697 -0.299096
v -0.187302 0.468781 -0.154944
v -0.186111 0.467209 -0.156248
v -0.187958 0.465668 -0.154984
v -0.192245 0.468964 -0.182703
v -0.200363 0.466660 -0.211113
v -0.199432 0.467316 -0.253601
v -0.192093 0.469101 -0.265993
v -0.183289 0.460480 -0.304710
v -0.185196 0.457336 -0.305766
v -0.180069 0.460205 -0.315447
v -0.216293 0.425812 -0.288447
v -0.213974 0.426498 -0.291948
v -0.194855 0.452255 -0.282897
v -0.190628 0.462845 -0.280287
v -0.200516 0.439026 -0.290795
v -0.191132 0.452179 -0.296038
v -0.472183 0.623001 -0.305924
v -0.471985 0.604553 -0.289950
v -0.470367 0.641815 -0.319865
v -0.472977 0.588257 -0.272374
v -0.270767 0.535156 -0.149835
v -0.267303 0.523361 -0.153216
v -0.263977 0.548035 -0.176097
v -0.274796 0.555344 -0.148117
v -0.294250 0.628815 -0.112499
v -0.291779 0.630112 -0.128176
v -0.297913 0.637650 -0.110839
v -0.178406 0.543503 -0.128526
v -0.214355 0.529709 -0.152699
v -0.264130 0.502289 -0.160781
v -0.258224 0.518066 -0.187920
v -0.265289 0.513550 -0.156552
v -0.263062 0.492874 -0.164358
v -0.238235 0.504105 -0.146049
v -0.228104 0.514496 -0.170143
v -0.244064 0.495377 -0.152729
v -0.313507 0.652405 -0.139469
v -0.321838 0.652313 -0.137731
v -0.312424 0.650925 -0.128550
v -0.305603 0.650330 -0.138817
v -0.314377 0.654404 -0.147966
v -0.332062 0.649902 -0.132406
v -0.336136 0.650436 -0.136584
v -0.344543 0.645752 -0.123072
v -0.332764 0.648712 -0.124979
v -0.333939 0.649673 -0.120578
v -0.344772 0.645691 -0.118890
v -0.302322 0.644440 -0.112031
v -0.300034 0.644089 -0.126142
v -0.307663 0.649292 -0.115273
v -0.305313 0.645844 -0.097124
v -0.156677 0.535004 -0.126993
v -0.246780 0.491943 -0.155490
v -0.249283 0.491287 -0.157765
v -0.349503 0.644440 -0.119202
v -0.351776 0.646698 -0.123298
v -0.468369 0.672104 -0.331408
v -0.478180 0.656906 -0.320315
v -0.465164 0.664505 -0.331773
v -0.130814 0.474991 -0.307649
v -0.139893 0.469711 -0.312292
v -0.344101 0.676971 -0.104938
v -0.326920 0.679092 -0.103521
v -0.344330 0.680084 -0.113931
v -0.314514 0.681244 -0.099820
v -0.344772 0.683640 -0.120672
v -0.103241 0.485977 -0.200190
v -0.103317 0.482147 -0.181006
v -0.145142 0.468018 -0.218636
v -0.137909 0.474976 -0.233807
v -0.170853 0.468292 -0.240625
v -0.175018 0.465317 -0.228448
v -0.177124 0.461136 -0.213908
v -0.212555 0.437439 -0.204489
v -0.224030 0.424759 -0.199005
v -0.240189 0.412872 -0.249635
v -0.183777 0.461792 -0.161318
v -0.107285 0.477493 -0.164293
v -0.092957 0.484619 -0.158751
v -0.111374 0.474197 -0.150687
v -0.083939 0.490891 -0.153306
v -0.235336 0.418655 -0.194518
v -0.232819 0.416458 -0.180731
v -0.237335 0.410751 -0.169008
v -0.188950 0.457245 -0.156610
v -0.503723 0.596115 -0.265648
v -0.500427 0.613144 -0.281860
v -0.515610 0.629517 -0.255836
v -0.215530 0.412842 -0.335158
v -0.222717 0.411179 -0.324784
v -0.225647 0.408859 -0.342079
v -0.229340 0.410751 -0.315565
v -0.236954 0.406097 -0.322765
v -0.209106 0.428146 -0.298849
v -0.079483 0.516083 -0.225781
v -0.055527 0.560226 -0.248673
v -0.133759 0.480713 -0.244288
v -0.129196 0.485703 -0.252650
v -0.123032 0.489380 -0.262989
v -0.150787 0.467819 -0.314514
v -0.153122 0.471191 -0.301479
v -0.154938 0.476456 -0.291620
v -0.156631 0.481339 -0.284621
v -0.179459 0.472855 -0.273129
v -0.185211 0.469391 -0.276596
v -0.177261 0.473221 -0.281301
v -0.101288 0.496490 -0.291098
v -0.104401 0.498184 -0.278374
v -0.243332 0.405533 -0.326086
v -0.238083 0.407059 -0.335924
v -0.202713 0.663223 -0.351210
v -0.193527 0.624435 -0.300301
v -0.143982 0.645889 -0.210974
v -0.145889 0.653198 -0.223317
v -0.195343 0.579285 -0.277711
v -0.251785 0.531265 -0.214401
v -0.244598 0.544067 -0.238053
v -0.253311 0.541229 -0.208125
v -0.236313 0.559845 -0.257172
v -0.239426 0.570511 -0.248239
v -0.234222 0.515808 -0.216871
v -0.244492 0.503479 -0.190047
v -0.238449 0.613525 -0.293252
v -0.245178 0.585739 -0.241601
v -0.251175 0.571426 -0.223973
v -0.242477 0.578568 -0.243151
v -0.249847 0.601303 -0.238840
v -0.257523 0.558975 -0.201001
v -0.255234 0.549789 -0.203849
v -0.262131 0.578491 -0.197775
v -0.258682 0.627991 -0.230941
v -0.264496 0.619507 -0.211489
v -0.270645 0.610443 -0.192110
v -0.298187 0.652710 -0.158519
v -0.298859 0.650620 -0.148416
v -0.306824 0.654327 -0.155327
v -0.218475 0.524979 -0.193292
v -0.215576 0.533981 -0.180731
v -0.172531 0.594452 -0.201916
v -0.210968 0.538727 -0.171411
v -0.152725 0.637100 -0.164779
v -0.151535 0.640671 -0.152652
v -0.115067 0.663147 -0.154407
v -0.133163 0.656601 -0.145342
v -0.148056 0.592911 -0.159131
v -0.141190 0.591843 -0.162680
v -0.177902 0.550674 -0.140703
v -0.129532 0.564041 -0.163723
v -0.124878 0.556396 -0.157090
v -0.139603 0.560455 -0.162110
v -0.148483 0.555267 -0.158837
v -0.153625 0.548157 -0.151241
v -0.155640 0.541702 -0.139726
v -0.122971 0.548965 -0.151282
v -0.077011 0.541748 -0.151286
v -0.083664 0.532120 -0.135931
v -0.067978 0.534760 -0.157739
v -0.089371 0.523849 -0.123779
v -0.094696 0.517487 -0.113329
v -0.066574 0.525757 -0.164758
v -0.040604 0.593521 -0.221313
v -0.080826 0.582443 -0.169193
v -0.029419 0.631378 -0.258248
v -0.196869 0.562805 -0.188163
v -0.148911 0.640991 -0.146838
v -0.144363 0.639114 -0.145211
v -0.209549 0.599228 -0.324335
v -0.146744 0.656555 -0.228425
v -0.219833 0.580978 -0.307768
v -0.254105 0.545685 -0.205538
v -0.247437 0.559174 -0.228193
v -0.260513 0.532639 -0.179733
v -0.241028 0.575119 -0.244462
v -0.197357 0.542664 -0.233532
v -0.171570 0.584305 -0.226118
v -0.137665 0.591232 -0.163946
v -0.125732 0.610855 -0.159034
v -0.098511 0.643875 -0.153083
v -0.111572 0.628998 -0.155504
v -0.136444 0.636810 -0.145070
v -0.105377 0.498886 -0.273145
v -0.232666 0.408234 -0.345403
v -0.188187 0.467224 -0.278794
v -0.175583 0.464935 -0.325491
v -0.176987 0.461792 -0.327639
v -0.176270 0.473068 -0.285596
v -0.167557 0.479767 -0.281280
v -0.157333 0.483200 -0.280879
v -0.146118 0.484741 -0.283279
v -0.134964 0.485718 -0.286970
v -0.178467 0.454681 -0.331983
v -0.183640 0.450241 -0.320828
v -0.187729 0.450287 -0.308741
v -0.490768 0.636444 -0.302052
v -0.279236 0.584167 -0.146924
v -0.284256 0.617828 -0.146325
v -0.254562 0.490753 -0.162787
v -0.260132 0.489471 -0.164863
v -0.298798 0.646744 -0.138052
v -0.293762 0.641800 -0.138737
v -0.288773 0.634415 -0.143065
v -0.314316 0.652145 -0.116666
v -0.320068 0.654984 -0.102772
v -0.364029 0.653442 -0.120067
v -0.395630 0.655472 -0.150110
v -0.376465 0.655258 -0.146439
v -0.362564 0.656067 -0.140089
v -0.355835 0.653290 -0.133788
v -0.347687 0.651123 -0.137585
v -0.265915 0.518356 -0.154752
v -0.262253 0.489609 -0.165970
v -0.313965 0.655228 -0.153663
v -0.325226 0.654694 -0.149827
v -0.339554 0.651474 -0.141140
v -0.463562 0.661072 -0.332554
v 0.047623 0.588898 -0.208725
v 0.044785 0.591751 -0.209047
v 0.049576 0.589432 -0.201255
v 0.053802 0.591812 -0.171592
v 0.049744 0.590942 -0.177254
v 0.047943 0.591324 -0.175570
v 0.034943 0.614243 -0.228532
v 0.279449 0.703903 0.145067
v 0.280853 0.705933 0.125633
v 0.268890 0.725693 0.129780
v 0.293961 0.702499 0.043683
v 0.271271 0.728912 0.059596
v 0.298676 0.708939 0.059463
v 0.265488 0.739990 0.038125
v 0.282318 0.704346 0.092609
v 0.298889 0.694962 0.075848
v 0.285187 0.690613 0.121716
v 0.297256 0.709869 0.066022
v 0.267944 0.732620 0.066461
v 0.271652 0.725906 0.078211
v 0.281372 0.711716 0.107445
v 0.284515 0.689163 0.141875
v 0.288864 0.686386 0.132614
v 0.294189 0.680557 0.128713
v 0.238937 0.736359 -0.540010
v 0.255341 0.712967 -0.542385
v 0.250778 0.731400 -0.523355
v 0.322464 0.719009 -0.510849
v 0.287201 0.714920 -0.530191
v 0.349945 0.701950 -0.479631
v 0.342422 0.706741 -0.494359
v 0.353775 0.687790 -0.494464
v 0.360245 0.699478 -0.454080
v 0.354843 0.706406 -0.454814
v 0.356125 0.697098 -0.460443
v 0.331024 0.711838 -0.508577
v 0.334503 0.721573 -0.500918
v 0.263779 0.705887 -0.543529
v 0.254166 0.705048 -0.548126
v 0.378372 0.684418 -0.465603
v 0.382919 0.685287 -0.462810
v 0.468231 0.527283 -0.339966
v 0.479980 0.559753 -0.333783
v 0.464569 0.555786 -0.359939
v 0.429138 0.658997 -0.437848
v 0.429169 0.676575 -0.406067
v 0.417801 0.686890 -0.439856
v 0.370819 0.523727 -0.465264
v 0.393295 0.548248 -0.451843
v 0.385422 0.559570 -0.454192
v 0.399643 0.495178 -0.435304
v 0.393829 0.477234 -0.431252
v 0.394150 0.469482 -0.421975
v 0.382324 0.614075 -0.480994
v 0.366287 0.620239 -0.503125
v 0.356857 0.605621 -0.510605
v 0.339325 0.642914 -0.525656
v 0.356415 0.651642 -0.511639
v 0.322830 0.689850 -0.523499
v 0.307907 0.627014 -0.538122
v 0.287384 0.620361 -0.547790
v 0.281784 0.611679 -0.555215
v 0.344177 0.609268 -0.521110
v 0.339340 0.632050 -0.526198
v 0.329803 0.636414 -0.529226
v 0.293808 0.640137 -0.527175
v 0.281509 0.686905 -0.547299
v 0.288391 0.703934 -0.541432
v 0.420914 0.567169 -0.400402
v 0.417633 0.570236 -0.381824
v 0.411865 0.590027 -0.387360
v 0.273285 0.389618 -0.526160
v 0.267548 0.404984 -0.531956
v 0.259903 0.408585 -0.534732
v 0.389847 0.465332 -0.426484
v 0.390030 0.473679 -0.433877
v 0.383347 0.474258 -0.444758
v 0.260605 0.557907 -0.568948
v 0.257462 0.565567 -0.575176
v 0.244476 0.561539 -0.584236
v 0.263916 0.566162 -0.570263
v 0.257751 0.585648 -0.577848
v 0.285873 0.644943 -0.530661
v 0.276703 0.643036 -0.554512
v 0.280930 0.620682 -0.552943
v 0.266220 0.560257 -0.563470
v 0.286514 0.559311 -0.548705
v 0.271133 0.544312 -0.532817
v 0.176987 0.637253 -0.590179
v 0.194717 0.632217 -0.592070
v 0.192535 0.664154 -0.586193
v 0.345978 0.455490 -0.476398
v 0.342163 0.445633 -0.492679
v 0.350342 0.430603 -0.478238
v 0.260574 0.533264 -0.564367
v 0.263626 0.539551 -0.542260
v 0.068146 0.635437 -0.620190
v 0.058380 0.614868 -0.642168
v 0.087540 0.628540 -0.644670
v 0.156036 0.618286 -0.614996
v 0.146637 0.637756 -0.622862
v 0.107040 0.631027 -0.642740
v 0.162674 0.637543 -0.607624
v 0.150284 0.664780 -0.611803
v 0.136993 0.664581 -0.621325
v 0.106247 0.658188 -0.630116
v 0.095673 0.635193 -0.642458
v 0.079605 0.643570 -0.621367
v 0.104599 0.679428 -0.624271
v 0.118729 0.442429 -0.643106
v 0.158081 0.468948 -0.629723
v 0.116776 0.468231 -0.650127
v 0.117874 0.508453 -0.652353
v 0.162628 0.520523 -0.634163
v 0.155838 0.550659 -0.636141
v 0.171112 0.498169 -0.623529
v 0.106171 0.529068 -0.648653
v 0.100555 0.541199 -0.640701
v 0.079819 0.526062 -0.652306
v 0.210312 0.582932 -0.593451
v 0.199966 0.586029 -0.592808
v 0.176620 0.587418 -0.609245
v 0.232834 0.582474 -0.591545
v 0.219681 0.565933 -0.596481
v 0.151703 0.424820 -0.615183
v 0.144714 0.415009 -0.620596
v 0.148895 0.403732 -0.615446
v 0.176407 0.464890 -0.582548
v 0.189804 0.471573 -0.594883
v 0.179153 0.483704 -0.602055
v 0.123047 0.421570 -0.634636
v 0.138702 0.417145 -0.624470
v 0.147614 0.428879 -0.620420
v 0.174545 0.438141 -0.598181
v 0.172623 0.456802 -0.583832
v 0.232056 0.393860 -0.546218
v 0.216125 0.422592 -0.537587
v 0.192795 0.369370 -0.560698
v 0.190567 0.375839 -0.563383
v 0.206238 0.418365 -0.546656
v 0.202209 0.402435 -0.568540
v 0.227493 0.434952 -0.556263
v 0.220169 0.458420 -0.579702
v 0.207520 0.449722 -0.577564
v 0.127335 0.365738 -0.588163
v 0.159256 0.359055 -0.580032
v 0.158524 0.379471 -0.601400
v 0.037582 0.329025 -0.563350
v 0.032150 0.337051 -0.580486
v 0.096527 0.618698 -0.647598
v 0.085358 0.339661 -0.514936
v 0.044830 0.331085 -0.537898
v 0.044861 0.341156 -0.518248
v 0.020325 0.346161 -0.530049
v 0.022552 0.338028 -0.541501
v 0.006989 0.350464 -0.548761
v 0.005814 0.527588 -0.609676
v 0.018295 0.535172 -0.625532
v 0.011978 0.551453 -0.624294
v 0.006638 0.612152 -0.564715
v 0.005249 0.588486 -0.604435
v 0.035492 0.628830 -0.596901
v 0.006744 0.618820 -0.559402
v 0.032013 0.635040 -0.589939
v 0.013809 0.636154 -0.575436
v 0.003860 0.664642 -0.485711
v 0.006744 0.669891 -0.519878
v 0.002396 0.611877 -0.547745
v 0.004562 0.621613 -0.553191
v 0.005890 0.642822 -0.537479
v -0.000153 0.572937 -0.565731
v 0.002289 0.607697 -0.554960
v 0.002182 0.524521 -0.592905
v 0.002457 0.529419 -0.599815
v 0.004562 0.362518 -0.575296
v 0.005325 0.390717 -0.583628
v 0.000198 0.382874 -0.567281
v 0.012146 0.650925 -0.360065
v 0.026047 0.577682 -0.347132
v 0.023422 0.579910 -0.358418
v 0.014359 0.611938 -0.387771
v 0.027817 0.567230 -0.349528
v 0.027222 0.551407 -0.365529
v 0.014130 0.584366 -0.402165
v 0.024734 0.535904 -0.383025
v 0.022034 0.538651 -0.393950
v 0.016266 0.562149 -0.418923
v 0.024139 0.526215 -0.389524
v 0.015350 0.502213 -0.420559
v 0.007568 0.523285 -0.452300
v 0.046295 0.503067 -0.369789
v 0.031006 0.524475 -0.375113
v 0.044449 0.510239 -0.360598
v 0.037384 0.565140 -0.335497
v 0.054337 0.543350 -0.316934
v 0.003098 0.479294 -0.617825
v 0.002548 0.496368 -0.593222
v 0.006348 0.481522 -0.587976
v 0.111084 0.394394 -0.445577
v 0.129669 0.383438 -0.445860
v 0.098938 0.370712 -0.470051
v 0.054764 0.386322 -0.474690
v 0.050064 0.402283 -0.471153
v 0.055725 0.407974 -0.464425
v 0.067947 0.573486 -0.300961
v 0.041931 0.585220 -0.306906
v 0.040344 0.606216 -0.287731
v 0.035172 0.572159 -0.333631
v 0.075302 0.560211 -0.300505
v 0.113724 0.428055 -0.412922
v 0.109573 0.410202 -0.434032
v 0.102905 0.440353 -0.424169
v 0.136230 0.413498 -0.407193
v 0.150192 0.425186 -0.388945
v 0.159363 0.424774 -0.385568
v 0.116241 0.400818 -0.436553
v 0.180725 0.410370 -0.390376
v 0.186249 0.419952 -0.378879
v 0.186279 0.422211 -0.364106
v 0.150665 0.431824 -0.377451
v 0.173965 0.445847 -0.349040
v 0.045929 0.499146 -0.373813
v 0.042770 0.492950 -0.379252
v 0.031860 0.517624 -0.380591
v 0.091034 0.451675 -0.426812
v 0.103882 0.464600 -0.419390
v 0.096619 0.444336 -0.426878
v 0.086624 0.475769 -0.360074
v 0.085876 0.482117 -0.376184
v 0.065689 0.487885 -0.364893
v 0.064011 0.493134 -0.353605
v 0.064804 0.500702 -0.329890
v 0.092636 0.477417 -0.341083
v 0.081528 0.511124 -0.298682
v 0.041611 0.638641 -0.598383
v 0.035233 0.656876 -0.600033
v 0.014496 0.660141 -0.573498
v 0.035080 0.678482 -0.595554
v 0.018280 0.683533 -0.542553
v 0.056198 0.403687 -0.616405
v 0.036591 0.412125 -0.606213
v 0.046326 0.388580 -0.610806
v 0.075058 0.565872 -0.292665
v 0.096588 0.433151 -0.430890
v 0.074432 0.414001 -0.446518
v 0.070160 0.422180 -0.447249
v 0.115707 0.439392 -0.405116
v 0.119736 0.430511 -0.404607
v 0.156281 0.428406 -0.381495
v 0.117996 0.352478 -0.549443
v 0.375793 0.611923 -0.418704
v 0.332870 0.541336 -0.465270
v 0.293381 0.649536 -0.527584
v 0.171387 0.628540 -0.591129
v 0.162811 0.609863 -0.596783
v 0.170822 0.615112 -0.581627
v 0.170761 0.635086 -0.594025
v 0.071777 0.532974 -0.652233
v 0.069702 0.523697 -0.653770
v 0.069443 0.645538 -0.615986
v 0.094223 0.680511 -0.623928
v 0.103989 0.689667 -0.623802
v 0.170837 0.664597 -0.574416
v 0.167068 0.669449 -0.576597
v 0.166046 0.662064 -0.579863
v 0.154434 0.660492 -0.605864
v 0.155853 0.669342 -0.603527
v 0.175674 0.607239 -0.581791
v 0.178360 0.612793 -0.580059
v 0.160919 0.600357 -0.601049
v 0.156418 0.603729 -0.605038
v 0.192612 0.702881 -0.554351
v 0.177002 0.682251 -0.572279
v 0.180740 0.677750 -0.571258
v 0.002411 0.520477 -0.572991
v -0.002121 0.565231 -0.549970
v 0.000519 0.559814 -0.540582
v 0.004684 0.498734 -0.622477
v 0.004227 0.517471 -0.607265
v 0.002731 0.512100 -0.602921
v 0.031296 0.421432 -0.604441
v 0.027924 0.413773 -0.601147
v 0.041565 0.701904 -0.569164
v 0.015045 0.347778 -0.580576
v 0.014999 0.365646 -0.592436
v 0.416046 0.589874 -0.384031
v 0.414215 0.594894 -0.387937
v 0.169159 0.461914 -0.588461
v 0.482330 0.629700 -0.340228
v 0.479248 0.624985 -0.322633
v 0.472305 0.638794 -0.322389
v 0.212357 0.732193 -0.553962
v 0.179352 0.721863 -0.569795
v 0.435760 0.695618 -0.353170
v 0.438004 0.682037 -0.372054
v 0.213577 0.707886 -0.546716
v 0.458725 0.611588 -0.391426
v 0.462570 0.602646 -0.382663
v 0.472870 0.616074 -0.365079
v 0.438004 0.591095 -0.386419
v 0.443634 0.575684 -0.381068
v 0.459595 0.593948 -0.380328
v 0.416641 0.619263 -0.424063
v 0.427734 0.602493 -0.404321
v 0.449570 0.606674 -0.396298
v 0.457321 0.603104 -0.387510
v 0.433548 0.510254 -0.345769
v 0.423096 0.540024 -0.367672
v 0.426346 0.526871 -0.379670
v 0.385468 0.651062 -0.469081
v 0.376266 0.652252 -0.487993
v 0.383209 0.609268 -0.453274
v 0.385193 0.645599 -0.447520
v 0.186462 0.358307 -0.562572
v 0.197525 0.350342 -0.551379
v 0.272064 0.409607 -0.531466
v 0.333038 0.474472 -0.510596
v 0.329849 0.435059 -0.506398
v 0.332733 0.505920 -0.511221
v 0.341522 0.485748 -0.491167
v 0.257507 0.451782 -0.560317
v 0.250900 0.438644 -0.557198
v 0.277527 0.442612 -0.549582
v 0.268311 0.463318 -0.555113
v 0.262527 0.460541 -0.556746
v 0.240829 0.462494 -0.575039
v 0.244049 0.621460 -0.586559
v 0.268250 0.632492 -0.567510
v 0.341415 0.495941 -0.475906
v 0.331650 0.523285 -0.494872
v 0.076675 0.498596 -0.658112
v 0.174164 0.412613 -0.603674
v 0.163193 0.461334 -0.616354
v 0.173813 0.483078 -0.607817
v 0.020279 0.391159 -0.600924
v 0.012955 0.673508 -0.551729
v 0.010925 0.675934 -0.538858
v 0.043655 0.522537 -0.341424
v 0.025650 0.613098 -0.321632
v 0.032181 0.384827 -0.485312
v 0.033554 0.406342 -0.470552
v 0.044968 0.405472 -0.471086
v 0.075485 0.464401 -0.391524
v 0.081741 0.481308 -0.379848
v 0.101349 0.474503 -0.403075
v 0.104004 0.470551 -0.413775
v 0.087006 0.453598 -0.423489
v 0.073624 0.449509 -0.409290
v 0.061691 0.480392 -0.376820
v 0.063248 0.486832 -0.370474
v 0.169205 0.690628 -0.593634
v 0.026886 0.421555 -0.595554
v 0.180969 0.362701 -0.568551
v 0.267258 0.415436 -0.536131
v 0.255722 0.416840 -0.537604
v 0.183990 0.490829 -0.605429
v 0.177460 0.492737 -0.610825
v 0.306732 0.683624 -0.057713
v 0.289780 0.699936 -0.051814
v 0.303238 0.688995 -0.103086
v 0.295120 0.703171 -0.112250
v 0.288177 0.708679 -0.110064
v 0.463104 0.699524 -0.334876
v 0.429550 0.705154 -0.412309
v 0.406479 0.704346 -0.440719
v 0.441269 0.705521 -0.383468
v 0.370193 0.729645 -0.445790
v 0.383987 0.734482 -0.446905
v 0.396561 0.688644 -0.459432
v 0.126282 0.669006 -0.177556
v 0.216324 0.678177 -0.273309
v 0.210983 0.685593 -0.257551
v 0.223984 0.679016 -0.242280
v 0.203796 0.669235 -0.402719
v 0.231094 0.665527 -0.377876
v 0.213745 0.655380 -0.381886
v 0.196350 0.670303 -0.400970
v 0.206970 0.656616 -0.379092
v 0.202438 0.670334 -0.371840
v 0.161041 0.641190 -0.256046
v 0.153946 0.649155 -0.245142
v 0.156387 0.668228 -0.249233
v 0.144470 0.670151 -0.221895
v 0.218063 0.632568 -0.350654
v 0.222733 0.632416 -0.350779
v 0.221390 0.624420 -0.344636
v 0.156860 0.612686 -0.217344
v 0.165680 0.597946 -0.215059
v 0.155167 0.615936 -0.206239
v 0.298203 0.678085 -0.139500
v 0.285629 0.676346 -0.158423
v 0.281311 0.707611 -0.136835
v 0.284393 0.714584 -0.114785
v 0.274048 0.728790 -0.115988
v 0.275894 0.730026 -0.016924
v 0.488937 0.692993 -0.274041
v 0.385986 0.704956 -0.456164
v 0.343506 0.714462 -0.490778
v 0.349838 0.710007 -0.476322
v 0.202576 0.665817 -0.316932
v 0.183273 0.664062 -0.278918
v 0.181732 0.683853 -0.259200
v 0.138367 0.671524 -0.208900
v 0.291946 0.704361 -0.116995
v 0.441315 0.699600 -0.345536
v 0.229263 0.680542 -0.230528
v 0.248322 0.682953 -0.211829
v 0.257919 0.660263 -0.247272
v 0.154404 0.688980 -0.225533
v 0.161972 0.696808 -0.227118
v 0.168594 0.682220 -0.249308
v 0.219009 0.647369 -0.368483
v 0.455978 0.680206 -0.340194
v 0.422134 0.650253 -0.172237
v 0.392410 0.650955 -0.157285
v 0.353012 0.654846 -0.151732
v 0.398438 0.672134 -0.146937
v 0.116898 0.476334 -0.186908
v 0.139328 0.465607 -0.196712
v 0.121140 0.481598 -0.223161
v 0.164871 0.458084 -0.202176
v 0.167923 0.463974 -0.226544
v 0.153381 0.469482 -0.241675
v 0.186234 0.467255 -0.227298
v 0.183044 0.458328 -0.192749
v 0.190170 0.468826 -0.186321
v 0.155029 0.456467 -0.173633
v 0.218765 0.422180 -0.179482
v 0.509552 0.622025 -0.275356
v 0.506134 0.652618 -0.276932
v 0.484238 0.665741 -0.316383
v 0.214371 0.417572 -0.314364
v 0.222763 0.421310 -0.297926
v 0.230331 0.416885 -0.298450
v 0.210999 0.432907 -0.276501
v 0.226608 0.424927 -0.269135
v 0.225906 0.421844 -0.290837
v 0.060532 0.560318 -0.272975
v 0.045685 0.599380 -0.281408
v 0.069397 0.535812 -0.240550
v 0.050201 0.561111 -0.224533
v 0.066559 0.528824 -0.195298
v 0.086426 0.514450 -0.256649
v 0.109039 0.496109 -0.274346
v 0.108017 0.497528 -0.265115
v 0.114563 0.493011 -0.243728
v 0.176285 0.461700 -0.316684
v 0.165146 0.468155 -0.336993
v 0.155457 0.465225 -0.331690
v 0.167252 0.479797 -0.276055
v 0.145676 0.484512 -0.279917
v 0.143143 0.480804 -0.263748
v 0.121262 0.488358 -0.282663
v 0.115219 0.484497 -0.302684
v 0.182419 0.641632 -0.281096
v 0.179550 0.615768 -0.287110
v 0.227402 0.610291 -0.310239
v 0.219009 0.604721 -0.331331
v 0.238342 0.632706 -0.330678
v 0.213928 0.571411 -0.289827
v 0.219589 0.558868 -0.276437
v 0.190140 0.560257 -0.245129
v 0.248383 0.624512 -0.292747
v 0.245880 0.612900 -0.258014
v 0.237549 0.595810 -0.261500
v 0.288300 0.648743 -0.170633
v 0.282120 0.626205 -0.159525
v 0.268753 0.571411 -0.173614
v 0.292526 0.646667 -0.150096
v 0.216721 0.592346 -0.320753
v 0.201721 0.592926 -0.309109
v 0.185791 0.561264 -0.232097
v 0.188126 0.571304 -0.214675
v 0.186829 0.575851 -0.197948
v 0.151184 0.572784 -0.166636
v 0.128601 0.611984 -0.157825
v 0.097366 0.481415 -0.145571
v 0.086182 0.491455 -0.134075
v 0.073944 0.577545 -0.183089
v 0.039215 0.604706 -0.235427
v 0.083527 0.575180 -0.176751
v 0.081421 0.570847 -0.180188
v 0.113495 0.568741 -0.166471
v 0.109024 0.576630 -0.167418
v 0.231003 0.615967 -0.309499
v 0.156708 0.637238 -0.245595
v 0.180756 0.571793 -0.241419
v 0.186279 0.564575 -0.147234
v 0.167084 0.582169 -0.155579
v 0.177795 0.587326 -0.154221
v 0.112961 0.649734 -0.143701
v 0.100677 0.645264 -0.151633
v 0.127792 0.483673 -0.294029
v 0.145996 0.482803 -0.286593
v 0.142532 0.472992 -0.301235
v 0.220352 0.410187 -0.351126
v 0.214264 0.412704 -0.362690
v 0.204208 0.465317 -0.236796
v 0.210648 0.459045 -0.236932
v 0.207169 0.459747 -0.249785
v 0.183350 0.467499 -0.285853
v 0.187561 0.461136 -0.293137
v 0.181137 0.465576 -0.295003
v 0.473953 0.642792 -0.317788
v 0.474869 0.604355 -0.288664
v 0.491608 0.604538 -0.284652
v 0.288132 0.613800 -0.130552
v 0.321411 0.651413 -0.126754
v 0.339493 0.653717 -0.109243
v 0.327896 0.656204 -0.104953
v 0.086197 0.507996 -0.113338
v 0.098938 0.507935 -0.280041
v 0.230286 0.422775 -0.217862
v 0.235306 0.417389 -0.233106
v 0.255356 0.416199 -0.201125
v 0.248672 0.405167 -0.273180
v 0.242264 0.404907 -0.310692
v 0.091888 0.497421 -0.214874
v 0.163452 0.470215 -0.300444
v 0.166687 0.478409 -0.284703
v 0.101639 0.505127 -0.270288
v 0.179260 0.602295 -0.280116
v 0.128128 0.654602 -0.142171
v 0.138733 0.654678 -0.170691
v 0.137665 0.658798 -0.161960
v 0.138138 0.657669 -0.149576
v 0.116501 0.556625 -0.154900
v 0.098846 0.553116 -0.147001
v 0.122330 0.538040 -0.142250
v 0.034805 0.617615 -0.147683
v -0.005386 0.604340 -0.196218
v 0.033447 0.610794 -0.225204
v 0.270172 0.731232 0.097014
v 0.278885 0.719437 0.034059
v 0.332504 0.685013 0.052219
v 0.328232 0.675888 0.032864
v 0.332458 0.684280 0.058169
v 0.294830 0.698074 0.024248
v 0.457458 0.651871 -0.393785
v 0.458969 0.667664 -0.370038
v 0.137482 0.719360 -0.590164
v 0.258209 0.727356 -0.521897
v 0.454330 0.676437 -0.346499
v 0.103561 0.727158 -0.605822
v 0.442917 0.633438 -0.420475
v 0.435440 0.596085 -0.391099
v 0.409317 0.652634 -0.447464
v 0.388489 0.649139 -0.444333
v 0.407166 0.601532 -0.400741
v 0.421371 0.571884 -0.378819
v 0.426300 0.542374 -0.365278
v 0.444016 0.542404 -0.367100
v 0.451080 0.513641 -0.346103
v 0.436874 0.512955 -0.342559
v 0.484818 0.586166 -0.315742
v 0.477768 0.595215 -0.300035
v 0.472305 0.602631 -0.291330
v 0.426025 0.507004 -0.389413
v 0.415359 0.475769 -0.396583
v 0.412766 0.551926 -0.428017
v 0.400681 0.581970 -0.430948
v 0.411713 0.584320 -0.413760
v 0.372849 0.683365 -0.474368
v 0.374649 0.584976 -0.484011
v 0.372604 0.576294 -0.467829
v 0.359787 0.574402 -0.502292
v 0.352509 0.554062 -0.488268
v 0.329239 0.579102 -0.527640
v 0.321548 0.553177 -0.519419
v 0.326645 0.646255 -0.530324
v 0.311172 0.670593 -0.537458
v 0.368073 0.572128 -0.450019
v 0.366196 0.574951 -0.452182
v 0.329102 0.410629 -0.495138
v 0.302841 0.396973 -0.511435
v 0.272583 0.354431 -0.493322
v 0.242249 0.371201 -0.536506
v 0.137802 0.347626 -0.564076
v 0.130066 0.340363 -0.546898
v 0.158005 0.334366 -0.542171
v 0.164566 0.347229 -0.563074
v 0.301636 0.422913 -0.524219
v 0.376968 0.434708 -0.439840
v 0.313629 0.533081 -0.517508
v 0.317581 0.512344 -0.524250
v 0.292664 0.476135 -0.544750
v 0.313660 0.472580 -0.529846
v 0.273773 0.486618 -0.551120
v 0.288788 0.526459 -0.537662
v 0.310196 0.541016 -0.510170
v 0.260315 0.491776 -0.549400
v 0.250137 0.470642 -0.568393
v 0.257080 0.461685 -0.560161
v 0.252945 0.494110 -0.567669
v 0.236145 0.496750 -0.583000
v 0.243652 0.530502 -0.582981
v 0.211426 0.627609 -0.593992
v 0.212936 0.661423 -0.589933
v 0.238602 0.656006 -0.585686
v 0.256287 0.667908 -0.574259
v 0.234222 0.685226 -0.579782
v 0.274353 0.683243 -0.550152
v 0.267303 0.675034 -0.562322
v 0.247986 0.698364 -0.566005
v 0.225906 0.703629 -0.564580
v 0.212738 0.695633 -0.572738
v 0.256577 0.492645 -0.552346
v 0.124558 0.591980 -0.637447
v 0.094696 0.561447 -0.649229
v 0.097549 0.545975 -0.641281
v 0.129349 0.580795 -0.626514
v 0.139572 0.696381 -0.611326
v 0.081436 0.434204 -0.647346
v 0.079071 0.465195 -0.655464
v 0.085922 0.418304 -0.636780
v 0.087250 0.403824 -0.625061
v 0.122131 0.401337 -0.623560
v 0.142944 0.567291 -0.631901
v 0.185806 0.565277 -0.617355
v 0.184769 0.505890 -0.615280
v 0.215637 0.531311 -0.598194
v 0.205139 0.494278 -0.599157
v 0.194214 0.431091 -0.579958
v 0.189362 0.414291 -0.591780
v 0.191849 0.392578 -0.584576
v 0.065445 0.559448 -0.653151
v 0.086868 0.393234 -0.616610
v 0.060791 0.667282 -0.616440
v 0.073029 0.714279 -0.605267
v 0.072388 0.692993 -0.621342
v 0.106110 0.703644 -0.619284
v 0.196503 0.335663 -0.528042
v 0.209015 0.401093 -0.395572
v 0.215103 0.415085 -0.379035
v 0.146454 0.369690 -0.459025
v 0.180206 0.383484 -0.429384
v 0.159439 0.396210 -0.416502
v 0.215347 0.416840 -0.373262
v 0.186096 0.421921 -0.374106
v 0.115433 0.354828 -0.487768
v 0.007706 0.415253 -0.574884
v 0.027328 0.448486 -0.578140
v 0.011932 0.444901 -0.562371
v 0.024872 0.479446 -0.562088
v 0.010086 0.475647 -0.546543
v 0.025635 0.509018 -0.541574
v 0.008728 0.508057 -0.522321
v 0.028625 0.542770 -0.509170
v 0.011856 0.539215 -0.488488
v 0.035049 0.613693 -0.454318
v 0.020035 0.604721 -0.436728
v 0.020950 0.573654 -0.455089
v 0.037292 0.579361 -0.477907
v 0.033813 0.642838 -0.429969
v 0.019745 0.633682 -0.414561
v 0.036224 0.582138 -0.484071
v 0.014267 0.589417 -0.495667
v 0.015869 0.621002 -0.474043
v 0.034332 0.616165 -0.460307
v 0.022842 0.432938 -0.620033
v 0.012436 0.454193 -0.601181
v 0.027267 0.450272 -0.584381
v 0.017960 0.448364 -0.630899
v 0.007767 0.461426 -0.618164
v 0.017746 0.650879 -0.447786
v 0.006836 0.657639 -0.465202
v 0.003220 0.598450 -0.509876
v 0.005188 0.629242 -0.490421
v 0.010193 0.551453 -0.527509
v 0.008316 0.513382 -0.561645
v -0.001114 0.408783 -0.553938
v -0.001633 0.437012 -0.535869
v 0.001358 0.492874 -0.486288
v 0.000122 0.465164 -0.512757
v 0.006561 0.476318 -0.452369
v 0.000336 0.395737 -0.524838
v -0.000763 0.422699 -0.506987
v 0.002182 0.371063 -0.540209
v 0.010376 0.385651 -0.502708
v 0.014008 0.362885 -0.519056
v 0.012756 0.409027 -0.482773
v 0.001404 0.449432 -0.483492
v 0.017914 0.432861 -0.457753
v 0.032104 0.621536 -0.282254
v 0.033340 0.477371 -0.397270
v 0.055557 0.464554 -0.391770
v 0.048553 0.448517 -0.412752
v 0.025925 0.456879 -0.425582
v 0.068665 0.358658 -0.492115
v 0.082565 0.391769 -0.457208
v 0.066605 0.425888 -0.446078
v 0.051575 0.414352 -0.461596
v 0.040009 0.426834 -0.444188
v 0.060394 0.432068 -0.437311
v 0.135269 0.454910 -0.376513
v 0.109650 0.461731 -0.415896
v 0.113235 0.470718 -0.408751
v 0.036240 0.359573 -0.502911
v 0.117249 0.464401 -0.352475
v 0.105057 0.468231 -0.373582
v 0.131332 0.463715 -0.367160
v 0.110184 0.474442 -0.400045
v 0.027985 0.605240 -0.627966
v 0.048981 0.439713 -0.643333
v 0.054550 0.422806 -0.631180
v 0.016068 0.472427 -0.638868
v 0.015366 0.500687 -0.638821
v 0.018677 0.526596 -0.627266
v 0.104172 0.403809 -0.442134
v 0.140549 0.447845 -0.375579
v 0.169006 0.464478 -0.339858
v 0.404892 0.598083 -0.402076
v 0.345352 0.494476 -0.470800
v 0.311478 0.544174 -0.510633
v 0.360321 0.448746 -0.466390
v 0.349747 0.459503 -0.471691
v 0.038620 0.536789 -0.646547
v 0.039749 0.526016 -0.648273
v 0.132385 0.576584 -0.625330
v 0.002411 0.634857 -0.506243
v 0.000153 0.604126 -0.524121
v 0.045837 0.467056 -0.652651
v 0.043350 0.498367 -0.654051
v 0.056458 0.410324 -0.620100
v 0.028381 0.544998 -0.515030
v 0.025482 0.510193 -0.547575
v 0.024384 0.480606 -0.568242
v 0.073746 0.724289 -0.584249
v 0.045288 0.696350 -0.587872
v 0.018982 0.680695 -0.553989
v 0.068985 0.370819 -0.605556
v 0.045914 0.350006 -0.595619
v 0.015442 0.340149 -0.566428
v 0.362244 0.489059 -0.466910
v 0.287918 0.582443 -0.553782
v 0.301208 0.508240 -0.537146
v 0.032898 0.563965 -0.641432
v 0.185791 0.532181 -0.618832
v 0.203171 0.592728 -0.590281
v 0.196625 0.446442 -0.569460
v 0.194031 0.443176 -0.569883
v 0.026505 0.344147 -0.586779
v 0.023529 0.334137 -0.557244
v 0.031998 0.360062 -0.598574
v 0.033478 0.645721 -0.435457
v 0.134598 0.467850 -0.324409
v 0.038513 0.607620 -0.273829
v 0.272095 0.731750 -0.062197
v 0.278305 0.720596 -0.085856
v 0.237381 0.715500 -0.191347
v 0.263092 0.713058 -0.166170
v 0.271591 0.677856 -0.183647
v 0.197906 0.714630 -0.214016
v 0.190964 0.719498 -0.229957
v 0.205536 0.713943 -0.207295
v 0.327026 0.682434 -0.111674
v 0.325439 0.690613 -0.121123
v 0.324677 0.688965 -0.126567
v 0.325256 0.670334 -0.142553
v 0.362411 0.684494 -0.127090
v 0.363205 0.678436 -0.114724
v 0.286407 0.709290 -0.119276
v 0.288727 0.702362 -0.086764
v 0.399826 0.734390 -0.437265
v 0.325012 0.657425 -0.151943
v 0.306671 0.657410 -0.157373
v 0.271896 0.650558 -0.202701
v 0.360260 0.670364 -0.145055
v 0.204285 0.686127 -0.262158
v 0.254959 0.660660 -0.328528
v 0.361832 0.683304 -0.132744
v 0.261444 0.656982 -0.288504
v 0.184402 0.716934 -0.232327
v 0.211563 0.649704 -0.364700
v 0.326492 0.677399 -0.091913
v 0.303497 0.684753 -0.086328
v 0.043350 0.616241 -0.149212
v 0.514694 0.642990 -0.234838
v 0.090042 0.488724 -0.174026
v 0.074524 0.504623 -0.156677
v 0.189407 0.470322 -0.264022
v 0.176010 0.472015 -0.255254
v 0.193115 0.465683 -0.182236
v 0.197266 0.445801 -0.182193
v 0.211685 0.447266 -0.220361
v 0.253601 0.408020 -0.226472
v 0.127701 0.466675 -0.156942
v 0.242813 0.414413 -0.181355
v 0.199738 0.420731 -0.340603
v 0.186844 0.440887 -0.326206
v 0.196060 0.441269 -0.301319
v 0.040543 0.592545 -0.250748
v 0.128021 0.486542 -0.286897
v 0.205322 0.639175 -0.315917
v 0.200668 0.604889 -0.314260
v 0.233749 0.586288 -0.264533
v 0.224854 0.567947 -0.286495
v 0.213379 0.527420 -0.228974
v 0.236969 0.528717 -0.243951
v 0.208725 0.529938 -0.220469
v 0.208359 0.545258 -0.197618
v 0.162521 0.613770 -0.192322
v 0.203720 0.551758 -0.181646
v 0.187469 0.577332 -0.187778
v 0.184204 0.587784 -0.161885
v 0.164520 0.621368 -0.158725
v 0.164307 0.614487 -0.183972
v 0.201248 0.554916 -0.174072
v 0.195663 0.564240 -0.152205
v 0.202942 0.536560 -0.143020
v 0.195648 0.547882 -0.130469
v 0.168182 0.552689 -0.154222
v 0.140350 0.575882 -0.167896
v 0.094711 0.600571 -0.154087
v 0.120758 0.608994 -0.158393
v 0.143814 0.545502 -0.147423
v 0.147171 0.532852 -0.124777
v 0.133774 0.522461 -0.127234
v 0.132339 0.553696 -0.155979
v 0.097977 0.537460 -0.133236
v 0.062561 0.549347 -0.176389
v 0.127136 0.521271 -0.125336
v 0.106461 0.522324 -0.114121
v 0.074188 0.523666 -0.140397
v 0.044205 0.575287 -0.212506
v 0.057602 0.611526 -0.145834
v 0.071381 0.625656 -0.142668
v 0.071426 0.594040 -0.158177
v 0.194336 0.464066 -0.268496
v 0.204529 0.436035 -0.283383
v 0.207611 0.532669 -0.147869
v 0.171524 0.538330 -0.130446
v 0.164581 0.535645 -0.129894
v 0.161194 0.549469 -0.154190
v 0.146286 0.566284 -0.167162
v 0.158112 0.619614 -0.150769
v 0.186127 0.548370 -0.126566
v 0.242935 0.533600 -0.244110
v 0.256577 0.508408 -0.193416
v 0.252197 0.503876 -0.193955
v 0.237167 0.502884 -0.184523
v 0.232071 0.506180 -0.178443
v 0.141510 0.615402 -0.151365
v 0.094391 0.641129 -0.151558
v 0.181732 0.457077 -0.317138
v 0.261566 0.537292 -0.178456
v 0.295792 0.638077 -0.125522
v 0.221939 0.524231 -0.160146
v 0.259766 0.528183 -0.182097
v 0.324036 0.653839 -0.145326
v 0.305481 0.648407 -0.128027
v 0.306549 0.653030 -0.147741
v 0.346420 0.647217 -0.127707
v 0.341431 0.646286 -0.121731
v 0.311966 0.651642 -0.100604
v 0.231384 0.407364 -0.332323
v 0.246384 0.554581 -0.231213
v 0.255920 0.589081 -0.219703
v 0.248718 0.563049 -0.226540
v 0.373398 0.659637 -0.125167
v -0.005386 0.604340 -0.196218
v 0.045914 0.590958 -0.208644
v 0.044113 0.593307 -0.211367
v 0.041153 0.592590 -0.204739
v 0.050858 0.588318 -0.204895
v 0.049652 0.591125 -0.175619
v 0.054352 0.588821 -0.176197
v 0.041443 0.592972 -0.177697
v 0.047913 0.594452 -0.171676
v 0.027786 0.632339 -0.232545
v 0.276749 0.712311 0.133077
v 0.280334 0.704071 0.136190
v 0.276184 0.715637 0.123948
v 0.274979 0.714035 0.138943
v 0.283813 0.717056 0.056624
v 0.280701 0.716873 0.051579
v 0.282959 0.720871 0.061579
v 0.296921 0.705322 0.052198
v 0.271225 0.715256 0.153388
v 0.286484 0.696640 0.093708
v 0.288589 0.702240 0.081995
v 0.289658 0.688171 0.105859
v 0.280594 0.722290 0.069221
v 0.281830 0.722427 0.066216
v 0.270340 0.729111 0.071380
v 0.283569 0.717621 0.072667
v 0.266113 0.733795 0.073590
v 0.283218 0.703506 0.117357
v 0.281219 0.710129 0.115714
v 0.282990 0.698563 0.125874
v 0.283325 0.702515 0.113966
v 0.284027 0.689041 0.133052
v 0.287796 0.686325 0.137991
v 0.284164 0.689575 0.127447
v 0.283630 0.691055 0.133873
v 0.265503 0.734589 0.064299
v 0.269836 0.731400 0.064442
v 0.266998 0.733322 0.059094
v 0.248764 0.724640 -0.537018
v 0.245529 0.722992 -0.543510
v 0.253220 0.720612 -0.533794
v 0.245834 0.735016 -0.530744
v 0.304871 0.720703 -0.519575
v 0.314392 0.727829 -0.509807
v 0.291306 0.724762 -0.521413
v 0.306580 0.715256 -0.521177
v 0.348511 0.699493 -0.489974
v 0.346329 0.704910 -0.487169
v 0.345200 0.698715 -0.496661
v 0.352646 0.696014 -0.485357
v 0.354279 0.698730 -0.453896
v 0.355942 0.703217 -0.452319
v 0.353210 0.699448 -0.457370
v 0.357788 0.696899 -0.456564
v 0.332092 0.716507 -0.507273
v 0.333649 0.715469 -0.505455
v 0.329041 0.722748 -0.504398
v 0.325912 0.714264 -0.511634
v 0.259872 0.705429 -0.545579
v 0.259277 0.709000 -0.541923
v 0.253830 0.709915 -0.546478
v 0.262054 0.702850 -0.546593
v 0.369949 0.693710 -0.461183
v 0.380020 0.685043 -0.464037
v 0.371765 0.693954 -0.460272
v 0.368393 0.693420 -0.462034
v 0.471939 0.545090 -0.345169
v 0.475128 0.539261 -0.335229
v 0.472534 0.559555 -0.349412
v 0.465088 0.538223 -0.351190
v 0.426758 0.673782 -0.429808
v 0.432144 0.664764 -0.424251
v 0.423141 0.682007 -0.426175
v 0.423355 0.673859 -0.440792
v 0.381821 0.541107 -0.461792
v 0.385605 0.535904 -0.457982
v 0.391891 0.555069 -0.453293
v 0.374832 0.542389 -0.462729
v 0.396759 0.481903 -0.431193
v 0.395844 0.483215 -0.433866
v 0.393661 0.474289 -0.428735
v 0.398743 0.480316 -0.426865
v 0.370453 0.609756 -0.496966
v 0.373703 0.617188 -0.494365
v 0.361603 0.614105 -0.507405
v 0.370239 0.605164 -0.496102
v 0.338486 0.665054 -0.521647
v 0.347610 0.647369 -0.519440
v 0.343323 0.670654 -0.515996
v 0.331085 0.666000 -0.525878
v 0.295425 0.622665 -0.546381
v 0.295853 0.625229 -0.543903
v 0.286148 0.616302 -0.551532
v 0.298126 0.616653 -0.545266
v 0.341217 0.623779 -0.524243
v 0.343048 0.622528 -0.523065
v 0.336853 0.635544 -0.527935
v 0.337982 0.619965 -0.525537
v 0.293869 0.629868 -0.538507
v 0.288589 0.629440 -0.538235
v 0.301025 0.636063 -0.532666
v 0.276611 0.700974 -0.546585
v 0.286865 0.696365 -0.545416
v 0.274246 0.706970 -0.542640
v 0.271317 0.698090 -0.547858
v 0.416855 0.578125 -0.389667
v 0.419830 0.567276 -0.388825
v 0.414673 0.581436 -0.384600
v 0.416351 0.580933 -0.394319
v 0.269119 0.399765 -0.530720
v 0.270035 0.399368 -0.530235
v 0.265884 0.406937 -0.532949
v 0.265320 0.397461 -0.532503
v 0.398361 0.464844 -0.411172
v 0.389008 0.456772 -0.411537
v 0.387299 0.472916 -0.437531
v 0.390305 0.471542 -0.431636
v 0.388306 0.475739 -0.438455
v 0.386520 0.466919 -0.435905
v 0.253326 0.562027 -0.577854
v 0.258896 0.562042 -0.573452
v 0.251251 0.565353 -0.579760
v 0.253357 0.557831 -0.577496
v 0.258347 0.573822 -0.576235
v 0.259979 0.566132 -0.573401
v 0.262253 0.574020 -0.573115
v 0.255402 0.573883 -0.578173
v 0.282364 0.634109 -0.543773
v 0.281372 0.645294 -0.542661
v 0.279175 0.630646 -0.553237
v 0.284332 0.630768 -0.540273
v 0.274872 0.561111 -0.560558
v 0.265121 0.562866 -0.568663
v 0.275055 0.559357 -0.557239
v 0.274628 0.564163 -0.561319
v 0.272507 0.555679 -0.550048
v 0.266846 0.554626 -0.550466
v 0.281006 0.552429 -0.539709
v 0.187134 0.647141 -0.590548
v 0.186905 0.632706 -0.590847
v 0.193100 0.648849 -0.590754
v 0.183334 0.651489 -0.588236
v 0.347107 0.442123 -0.481538
v 0.344482 0.450882 -0.485025
v 0.345352 0.436081 -0.486619
v 0.349274 0.441956 -0.477079
v 0.263626 0.547424 -0.554785
v 0.263275 0.536530 -0.551041
v 0.263641 0.551819 -0.552341
v 0.260757 0.547302 -0.566695
v 0.072647 0.627853 -0.637144
v 0.060181 0.626953 -0.629805
v 0.073654 0.624283 -0.643913
v 0.080170 0.632080 -0.634256
v 0.131546 0.627075 -0.630783
v 0.149963 0.627258 -0.620708
v 0.125580 0.634262 -0.633715
v 0.129822 0.621841 -0.631472
v 0.158432 0.629684 -0.614801
v 0.162659 0.627945 -0.609903
v 0.157104 0.637054 -0.614752
v 0.145554 0.652832 -0.619915
v 0.145950 0.666046 -0.615812
v 0.138672 0.649399 -0.624640
v 0.149567 0.649948 -0.617363
v 0.102585 0.645828 -0.638994
v 0.100052 0.645950 -0.636963
v 0.098923 0.633881 -0.645845
v 0.107773 0.645676 -0.637188
v 0.092850 0.644531 -0.631506
v 0.087112 0.637436 -0.632595
v 0.091766 0.651489 -0.625650
v 0.092682 0.659439 -0.623596
v 0.107239 0.670685 -0.625120
v 0.089447 0.660782 -0.622152
v 0.134094 0.458618 -0.641327
v 0.138290 0.452057 -0.637049
v 0.137878 0.471298 -0.641705
v 0.116287 0.453461 -0.647392
v 0.143066 0.527435 -0.643682
v 0.141083 0.512711 -0.643999
v 0.160233 0.539032 -0.635717
v 0.136765 0.532318 -0.645119
v 0.164780 0.496460 -0.630190
v 0.166092 0.486618 -0.626354
v 0.169037 0.508850 -0.628399
v 0.157898 0.495453 -0.634281
v 0.092224 0.529892 -0.648149
v 0.103500 0.536087 -0.644279
v 0.088364 0.532776 -0.646698
v 0.091095 0.523285 -0.651924
v 0.192719 0.585449 -0.600868
v 0.205078 0.582047 -0.594442
v 0.189102 0.588287 -0.599394
v 0.193802 0.583328 -0.602016
v 0.233032 0.569763 -0.590975
v 0.226715 0.573624 -0.593494
v 0.232712 0.561554 -0.590467
v 0.239166 0.571899 -0.588095
v 0.147461 0.412613 -0.618601
v 0.146484 0.418106 -0.620197
v 0.144226 0.409851 -0.619629
v 0.151962 0.414703 -0.615902
v 0.179413 0.474167 -0.594046
v 0.182953 0.466782 -0.588820
v 0.184296 0.479355 -0.599733
v 0.176514 0.475555 -0.593317
v 0.134949 0.421219 -0.628738
v 0.132446 0.418762 -0.629213
v 0.142181 0.420776 -0.623701
v 0.136200 0.426971 -0.629875
v 0.163910 0.441452 -0.600582
v 0.162720 0.431808 -0.607409
v 0.173645 0.448135 -0.591263
v 0.161118 0.442200 -0.600132
v 0.209595 0.393387 -0.550011
v 0.223846 0.406464 -0.542659
v 0.202240 0.394699 -0.549680
v 0.212204 0.380814 -0.553768
v 0.200699 0.397125 -0.555961
v 0.199326 0.395935 -0.552021
v 0.205475 0.411636 -0.555581
v 0.196503 0.386261 -0.566333
v 0.236725 0.411285 -0.538347
v 0.237900 0.416168 -0.535162
v 0.247528 0.401871 -0.539788
v 0.220566 0.443146 -0.568398
v 0.226151 0.444260 -0.567146
v 0.212997 0.454666 -0.580200
v 0.217606 0.439377 -0.564225
v 0.148254 0.365616 -0.590990
v 0.145294 0.360077 -0.583303
v 0.160141 0.367950 -0.590073
v 0.142517 0.372986 -0.598314
v 0.037064 0.335541 -0.579624
v 0.032700 0.332458 -0.571739
v 0.075043 0.622986 -0.646208
v 0.090927 0.626984 -0.648132
v 0.075897 0.614410 -0.647095
v 0.060959 0.335648 -0.522118
v 0.065338 0.333939 -0.527695
v 0.044937 0.335617 -0.526567
v 0.063217 0.340057 -0.514834
v 0.014526 0.344650 -0.539804
v 0.022400 0.341156 -0.534779
v 0.014084 0.343094 -0.544925
v 0.011948 0.349152 -0.537848
v 0.009903 0.534988 -0.618021
v 0.010773 0.529968 -0.615767
v 0.016006 0.541534 -0.626589
v 0.007034 0.540375 -0.615559
v 0.014206 0.611862 -0.585751
v 0.005112 0.602051 -0.580843
v 0.019028 0.611572 -0.599937
v 0.018707 0.620148 -0.577549
v 0.017563 0.628723 -0.575098
v 0.019363 0.625916 -0.574456
v 0.022751 0.637466 -0.584049
v 0.010757 0.627686 -0.569219
v 0.004868 0.665390 -0.504717
v 0.004364 0.628754 -0.543640
v 0.003235 0.617874 -0.549253
v 0.005463 0.632019 -0.547590
v 0.003906 0.627686 -0.539381
v 0.000946 0.593842 -0.556253
v 0.001022 0.593124 -0.561521
v 0.002274 0.608139 -0.552780
v 0.000565 0.593063 -0.552915
v 0.000946 0.546341 -0.581734
v 0.002197 0.526077 -0.596375
v 0.001022 0.550262 -0.584112
v 0.000793 0.545288 -0.579187
v 0.001862 0.375961 -0.576633
v 0.004089 0.375717 -0.580984
v 0.001160 0.387070 -0.575281
v 0.001587 0.371429 -0.570453
v 0.019669 0.592941 -0.369724
v 0.025085 0.576416 -0.352459
v 0.019089 0.591858 -0.372497
v 0.019272 0.598373 -0.366462
v 0.020294 0.570740 -0.376818
v 0.028473 0.558670 -0.356674
v 0.019516 0.566711 -0.384666
v 0.019043 0.578140 -0.377426
v 0.020370 0.549881 -0.400709
v 0.023605 0.536606 -0.387684
v 0.018875 0.547287 -0.406487
v 0.020233 0.552475 -0.398418
v 0.014557 0.519806 -0.420702
v 0.020203 0.513885 -0.404715
v 0.009872 0.511093 -0.437597
v 0.014694 0.527390 -0.421173
v 0.038025 0.514572 -0.371328
v 0.037460 0.513947 -0.374278
v 0.036682 0.518311 -0.367898
v 0.045532 0.506058 -0.366182
v 0.041245 0.555649 -0.330072
v 0.031418 0.565094 -0.341648
v 0.044785 0.556473 -0.326619
v 0.040817 0.552750 -0.332349
v 0.002502 0.483948 -0.601925
v 0.002151 0.488571 -0.605501
v 0.003311 0.489731 -0.590082
v 0.003448 0.477951 -0.603724
v 0.112076 0.382156 -0.454654
v 0.118790 0.388901 -0.446417
v 0.115799 0.374939 -0.460006
v 0.104691 0.384094 -0.456145
v 0.052490 0.397858 -0.471163
v 0.049774 0.395538 -0.473472
v 0.051682 0.405487 -0.469058
v 0.056213 0.397507 -0.468363
v 0.053192 0.587509 -0.294212
v 0.055023 0.578140 -0.303043
v 0.042130 0.595078 -0.295880
v 0.056519 0.589264 -0.291324
v 0.048904 0.573441 -0.316233
v 0.051620 0.570755 -0.319643
v 0.037598 0.578217 -0.321589
v 0.053009 0.560364 -0.319884
v 0.064560 0.551910 -0.308385
v 0.053116 0.565979 -0.320947
v 0.108063 0.423370 -0.425721
v 0.112518 0.417557 -0.423831
v 0.105865 0.422668 -0.430390
v 0.107773 0.435562 -0.419046
v 0.146484 0.420288 -0.395609
v 0.144958 0.420624 -0.395487
v 0.153168 0.426331 -0.386927
v 0.149857 0.417603 -0.396713
v 0.120666 0.391769 -0.443248
v 0.113098 0.398544 -0.441373
v 0.124466 0.393234 -0.439072
v 0.173920 0.420288 -0.383156
v 0.168152 0.417297 -0.388566
v 0.172226 0.423523 -0.380838
v 0.185562 0.415710 -0.383120
v 0.169022 0.433762 -0.364079
v 0.167923 0.427673 -0.370705
v 0.162308 0.441635 -0.362041
v 0.179306 0.433945 -0.355845
v 0.038177 0.506042 -0.378358
v 0.045654 0.495544 -0.375641
v 0.036652 0.506775 -0.379681
v 0.037521 0.509949 -0.377475
v 0.099258 0.456924 -0.422691
v 0.098877 0.461212 -0.421433
v 0.101746 0.456436 -0.422108
v 0.093124 0.447662 -0.427392
v 0.077866 0.482086 -0.365121
v 0.086594 0.478729 -0.369272
v 0.075272 0.484787 -0.369254
v 0.076263 0.481567 -0.359834
v 0.073486 0.488922 -0.341987
v 0.062317 0.497177 -0.343222
v 0.079102 0.489059 -0.332380
v 0.077225 0.484512 -0.348771
v 0.072372 0.537643 -0.301727
v 0.079346 0.535355 -0.296680
v 0.067535 0.526489 -0.306641
v 0.035568 0.645187 -0.597265
v 0.036865 0.637375 -0.594906
v 0.040085 0.647415 -0.600672
v 0.032318 0.646164 -0.594786
v 0.026184 0.665192 -0.591381
v 0.024246 0.657562 -0.589170
v 0.036530 0.669357 -0.601259
v 0.023697 0.669296 -0.585176
v 0.044769 0.404022 -0.610956
v 0.044403 0.409286 -0.611021
v 0.039948 0.402176 -0.608627
v 0.054199 0.396835 -0.614290
v 0.039322 0.329025 -0.550896
v 0.076935 0.568649 -0.298278
v 0.072067 0.574234 -0.295877
v 0.080460 0.559586 -0.294979
v 0.070862 0.568695 -0.304290
v 0.085449 0.427536 -0.436425
v 0.095383 0.439011 -0.428806
v 0.086594 0.423203 -0.438061
v 0.084564 0.429077 -0.436440
v 0.063263 0.412476 -0.455482
v 0.061615 0.414185 -0.456661
v 0.071732 0.418991 -0.446789
v 0.063416 0.407486 -0.457558
v 0.113678 0.431610 -0.408497
v 0.116928 0.434357 -0.403959
v 0.116425 0.427994 -0.409121
v 0.112259 0.435715 -0.410418
v 0.099319 0.442657 -0.425754
v 0.100784 0.436768 -0.427602
v 0.100723 0.446381 -0.424294
v 0.154739 0.428818 -0.383378
v 0.158783 0.428009 -0.382015
v 0.151108 0.427490 -0.385747
v 0.121338 0.359299 -0.567565
v 0.117233 0.357773 -0.568900
v 0.123047 0.357895 -0.567317
v 0.310852 0.638855 -0.530041
v 0.320724 0.630264 -0.531992
v 0.311508 0.640900 -0.527631
v 0.289047 0.643799 -0.523785
v 0.287277 0.649811 -0.527433
v 0.288116 0.639908 -0.527609
v 0.295212 0.643494 -0.524381
v 0.167938 0.617783 -0.589920
v 0.166901 0.619415 -0.593962
v 0.166580 0.611481 -0.588753
v 0.171387 0.622467 -0.585987
v 0.166733 0.620819 -0.595474
v 0.171356 0.631271 -0.593197
v 0.166138 0.620651 -0.597136
v 0.074417 0.528412 -0.653173
v 0.069061 0.528870 -0.652910
v 0.075134 0.523788 -0.653933
v 0.077515 0.530396 -0.651400
v 0.071472 0.639359 -0.617474
v 0.066269 0.638550 -0.614511
v 0.074844 0.637756 -0.621584
v 0.075623 0.645355 -0.618303
v 0.102585 0.684586 -0.625132
v 0.098358 0.678131 -0.624252
v 0.107590 0.687302 -0.623713
v 0.099487 0.687622 -0.624653
v 0.167801 0.666901 -0.572434
v 0.169479 0.668991 -0.571839
v 0.165466 0.666733 -0.577257
v 0.168716 0.662567 -0.575073
v 0.173737 0.635056 -0.592358
v 0.173325 0.639481 -0.590103
v 0.173965 0.632217 -0.590206
v 0.150574 0.664978 -0.610502
v 0.153290 0.665207 -0.605303
v 0.153107 0.668747 -0.608614
v 0.151245 0.659882 -0.611614
v 0.172989 0.613159 -0.577024
v 0.170975 0.611694 -0.580170
v 0.177826 0.608994 -0.578691
v 0.173157 0.616470 -0.578833
v 0.160400 0.604034 -0.599874
v 0.162109 0.604980 -0.596817
v 0.161301 0.608658 -0.600159
v 0.156616 0.600723 -0.603540
v 0.184982 0.691330 -0.560440
v 0.183868 0.694229 -0.562768
v 0.178406 0.680099 -0.569146
v 0.187790 0.690460 -0.562578
v -0.000122 0.541412 -0.559122
v -0.000259 0.541290 -0.564183
v -0.001556 0.563034 -0.544831
v 0.001358 0.538452 -0.556734
v 0.003403 0.506744 -0.614210
v 0.005051 0.508224 -0.617094
v 0.002899 0.514954 -0.605423
v 0.003159 0.503952 -0.612835
v 0.031540 0.417969 -0.603474
v 0.030731 0.418686 -0.603149
v 0.032150 0.412827 -0.604057
v 0.034790 0.416702 -0.605656
v 0.010651 0.357117 -0.583841
v 0.015106 0.355270 -0.587421
v 0.008926 0.365189 -0.585573
v 0.009338 0.352982 -0.576696
v 0.411591 0.593033 -0.384913
v 0.412277 0.589996 -0.384059
v 0.414993 0.593185 -0.385370
v 0.410797 0.594284 -0.387246
v 0.172394 0.463608 -0.580296
v 0.175690 0.461151 -0.579119
v 0.172943 0.467102 -0.583651
v 0.168915 0.458252 -0.585424
v 0.479828 0.634094 -0.329590
v 0.482315 0.626968 -0.329386
v 0.476868 0.630905 -0.321919
v 0.476669 0.639786 -0.334234
v 0.177475 0.730103 -0.569152
v 0.196075 0.726242 -0.560648
v 0.301331 0.702774 -0.532528
v 0.285339 0.709824 -0.536543
v 0.304047 0.697311 -0.535051
v 0.303696 0.704437 -0.528321
v 0.228256 0.712845 -0.547307
v 0.211258 0.716766 -0.549178
v 0.231506 0.706741 -0.546567
v 0.233994 0.717712 -0.549713
v 0.467102 0.612473 -0.376566
v 0.461823 0.608093 -0.385744
v 0.468475 0.605408 -0.371669
v 0.465302 0.616806 -0.381035
v 0.449615 0.589478 -0.383633
v 0.440445 0.585037 -0.384547
v 0.453430 0.582886 -0.379930
v 0.449875 0.594421 -0.384604
v 0.433670 0.608795 -0.408116
v 0.419571 0.609238 -0.413704
v 0.440521 0.603897 -0.399933
v 0.436050 0.612473 -0.409669
v 0.461716 0.602692 -0.384076
v 0.460770 0.605011 -0.386794
v 0.458786 0.600967 -0.384488
v 0.462265 0.596863 -0.380924
v 0.463516 0.579025 -0.372230
v 0.461670 0.573868 -0.370895
v 0.465302 0.580032 -0.369478
v 0.427551 0.523727 -0.362367
v 0.427597 0.525467 -0.356597
v 0.424454 0.534775 -0.373960
v 0.429794 0.515656 -0.363237
v 0.385040 0.636353 -0.477579
v 0.382156 0.652802 -0.478199
v 0.381042 0.633545 -0.484892
v 0.386398 0.632477 -0.471312
v 0.381378 0.623062 -0.437841
v 0.378784 0.609894 -0.437605
v 0.379913 0.628723 -0.432320
v 0.385162 0.626740 -0.449827
v 0.191391 0.355545 -0.558817
v 0.186829 0.360825 -0.563663
v 0.188950 0.353790 -0.558957
v 0.198196 0.359406 -0.556688
v 0.270401 0.400024 -0.530171
v 0.267288 0.407410 -0.532370
v 0.274734 0.401138 -0.528703
v 0.335876 0.453888 -0.504709
v 0.330231 0.453278 -0.510576
v 0.337646 0.439590 -0.499178
v 0.338516 0.460144 -0.500494
v 0.336899 0.492111 -0.505737
v 0.332108 0.492935 -0.513833
v 0.338776 0.480789 -0.499892
v 0.338028 0.498581 -0.501190
v 0.263672 0.443787 -0.555506
v 0.255051 0.446609 -0.559832
v 0.264404 0.438217 -0.552790
v 0.267197 0.447006 -0.555035
v 0.269836 0.452774 -0.554598
v 0.272797 0.455887 -0.553475
v 0.264297 0.462723 -0.556353
v 0.269409 0.450546 -0.554681
v 0.248581 0.451599 -0.566072
v 0.243332 0.449478 -0.567289
v 0.249207 0.456787 -0.567628
v 0.244354 0.597885 -0.587168
v 0.244904 0.584503 -0.585960
v 0.252258 0.604065 -0.581942
v 0.236389 0.602051 -0.590157
v 0.275406 0.622513 -0.560784
v 0.280334 0.616348 -0.555647
v 0.275269 0.625092 -0.560603
v 0.272018 0.619446 -0.564061
v 0.335220 0.520355 -0.476651
v 0.336166 0.518585 -0.470032
v 0.330643 0.531387 -0.481511
v 0.337097 0.511276 -0.485548
v 0.344254 0.474609 -0.478206
v 0.344559 0.473312 -0.474748
v 0.342041 0.490326 -0.484006
v 0.343765 0.470078 -0.483334
v 0.075790 0.512360 -0.656301
v 0.070831 0.511917 -0.656160
v 0.080124 0.512039 -0.656031
v 0.162140 0.397934 -0.607908
v 0.163147 0.409302 -0.609455
v 0.150940 0.390335 -0.609358
v 0.168747 0.396088 -0.603651
v 0.168167 0.474930 -0.616882
v 0.162750 0.463943 -0.620838
v 0.168381 0.470840 -0.611153
v 0.168320 0.478699 -0.618811
v 0.156006 0.447952 -0.622013
v 0.157837 0.447815 -0.615982
v 0.150696 0.445236 -0.626545
v 0.124359 0.420990 -0.408977
v 0.127045 0.423172 -0.404929
v 0.123108 0.418884 -0.412137
v 0.016922 0.400574 -0.595737
v 0.011490 0.389999 -0.592762
v 0.024612 0.402618 -0.602068
v 0.015945 0.403732 -0.592270
v 0.008072 0.626663 -0.565900
v 0.004486 0.618301 -0.556231
v 0.008209 0.630020 -0.564167
v 0.011902 0.668427 -0.557913
v 0.014206 0.669357 -0.562602
v 0.011581 0.674530 -0.545879
v 0.011215 0.666550 -0.555095
v 0.008911 0.680588 -0.520746
v 0.008804 0.672592 -0.532199
v 0.011581 0.683899 -0.522258
v 0.037567 0.520477 -0.359928
v 0.044388 0.514282 -0.351069
v 0.035446 0.525314 -0.359411
v 0.035172 0.601303 -0.303500
v 0.033615 0.595276 -0.313671
v 0.030991 0.613068 -0.301723
v 0.037094 0.397247 -0.476816
v 0.030975 0.395477 -0.479618
v 0.040405 0.406860 -0.469131
v 0.039597 0.395340 -0.477445
v 0.089218 0.473679 -0.392536
v 0.078522 0.472992 -0.385254
v 0.094421 0.478073 -0.392637
v 0.089294 0.468704 -0.397870
v 0.090088 0.459671 -0.413457
v 0.096527 0.463715 -0.417640
v 0.081345 0.451172 -0.417665
v 0.089645 0.461029 -0.409012
v 0.026978 0.570099 -0.346954
v 0.024643 0.574295 -0.355304
v 0.027283 0.569717 -0.346268
v 0.034744 0.509476 -0.380825
v 0.028610 0.522400 -0.382491
v 0.032928 0.507553 -0.384362
v 0.071320 0.483322 -0.374266
v 0.062469 0.484680 -0.372782
v 0.072845 0.484512 -0.373061
v 0.071472 0.479996 -0.377396
v 0.024597 0.531525 -0.383666
v 0.022064 0.533051 -0.393621
v 0.025116 0.530365 -0.383104
v 0.161377 0.678314 -0.602661
v 0.163208 0.678406 -0.598953
v 0.159103 0.679428 -0.604246
v 0.165985 0.628693 -0.604719
v 0.166901 0.638504 -0.599817
v 0.165939 0.625443 -0.603121
v 0.003128 0.613922 -0.554163
v 0.002411 0.607758 -0.559111
v 0.007446 0.616776 -0.559598
v 0.003159 0.614105 -0.553671
v 0.030334 0.419022 -0.602531
v 0.030228 0.423187 -0.599695
v 0.026230 0.415817 -0.598431
v 0.263596 0.411392 -0.534700
v 0.263901 0.416397 -0.537807
v 0.256683 0.412827 -0.534687
v 0.264496 0.410767 -0.534322
v 0.302322 0.687988 -0.046955
v 0.298477 0.689331 -0.057424
v 0.300262 0.693024 -0.040942
v 0.296204 0.696869 -0.106518
v 0.299515 0.695526 -0.107947
v 0.290573 0.705521 -0.110653
v 0.295853 0.696594 -0.104226
v 0.454941 0.716141 -0.345376
v 0.419876 0.694504 -0.423246
v 0.429123 0.691864 -0.410828
v 0.417725 0.705994 -0.427261
v 0.417252 0.690781 -0.425779
v 0.436295 0.695053 -0.399608
v 0.438110 0.706558 -0.397632
v 0.436798 0.691910 -0.391631
v 0.376053 0.729858 -0.447309
v 0.377136 0.693665 -0.459725
v 0.389069 0.685410 -0.461478
v 0.377548 0.695007 -0.458182
v 0.360123 0.718719 -0.449974
v 0.359070 0.728165 -0.454665
v 0.217865 0.679031 -0.251658
v 0.213928 0.680527 -0.262588
v 0.215088 0.683746 -0.247096
v 0.224548 0.676468 -0.259893
v 0.212494 0.665970 -0.395422
v 0.212479 0.670425 -0.397205
v 0.222687 0.660522 -0.382474
v 0.204544 0.663956 -0.397803
v 0.197418 0.667725 -0.391817
v 0.199249 0.664627 -0.396364
v 0.201721 0.664154 -0.372667
v 0.197235 0.672607 -0.393809
v 0.155228 0.655945 -0.249878
v 0.156723 0.645370 -0.250369
v 0.153214 0.658310 -0.245929
v 0.158798 0.656158 -0.253611
v 0.148788 0.662033 -0.235539
v 0.147720 0.658279 -0.231626
v 0.149200 0.671051 -0.233318
v 0.220581 0.630829 -0.352657
v 0.219635 0.634537 -0.356272
v 0.222031 0.628494 -0.347280
v 0.220047 0.627579 -0.350307
v 0.158386 0.607895 -0.214655
v 0.161804 0.601776 -0.218041
v 0.162201 0.604126 -0.210971
v 0.153503 0.616791 -0.209813
v 0.287735 0.688797 -0.143378
v 0.291901 0.675934 -0.149066
v 0.282669 0.692230 -0.149399
v 0.289383 0.692932 -0.136469
v 0.281097 0.719772 -0.114363
v 0.285965 0.712524 -0.113112
v 0.280609 0.719849 -0.116622
v 0.281097 0.719025 -0.110732
v 0.282867 0.713623 -0.034461
v 0.280777 0.720398 -0.020216
v 0.287643 0.707718 -0.035636
v 0.281113 0.717087 -0.036543
v 0.417694 0.689072 -0.428228
v 0.411011 0.695770 -0.441211
v 0.378189 0.697113 -0.457841
v 0.391586 0.696793 -0.457969
v 0.373154 0.703461 -0.455571
v 0.345764 0.723389 -0.490273
v 0.343491 0.729050 -0.489445
v 0.339676 0.716644 -0.497166
v 0.348862 0.722641 -0.485395
v 0.350143 0.719589 -0.481982
v 0.346619 0.711609 -0.484535
v 0.353439 0.722076 -0.474773
v 0.190109 0.672180 -0.286786
v 0.192825 0.663651 -0.295976
v 0.182831 0.673340 -0.272182
v 0.192657 0.675079 -0.286599
v 0.288635 0.708252 -0.112764
v 0.293457 0.705673 -0.114513
v 0.288269 0.708694 -0.113029
v 0.245743 0.673538 -0.232199
v 0.236221 0.682953 -0.221457
v 0.254364 0.671997 -0.227296
v 0.245728 0.670013 -0.244102
v 0.168121 0.687286 -0.242697
v 0.175018 0.682480 -0.255014
v 0.163940 0.685272 -0.240304
v 0.168503 0.687759 -0.242071
v 0.225540 0.657578 -0.377068
v 0.216995 0.651459 -0.375077
v 0.230103 0.656158 -0.370578
v 0.141388 0.639648 -0.195726
v 0.142120 0.639938 -0.192572
v 0.141754 0.641693 -0.199797
v 0.450485 0.692902 -0.342031
v 0.449142 0.700470 -0.343110
v 0.446472 0.689911 -0.343641
v 0.459259 0.686386 -0.338666
v 0.384659 0.648865 -0.163481
v 0.403961 0.648438 -0.164829
v 0.376678 0.650787 -0.155763
v 0.384415 0.651688 -0.163638
v 0.405075 0.660675 -0.160015
v 0.124573 0.475159 -0.204686
v 0.128510 0.470398 -0.191159
v 0.132156 0.472488 -0.211718
v 0.115921 0.480255 -0.204612
v 0.161560 0.462433 -0.223064
v 0.167755 0.460846 -0.216272
v 0.162445 0.465729 -0.234403
v 0.156677 0.463791 -0.221673
v 0.187622 0.465637 -0.205440
v 0.184479 0.462616 -0.211203
v 0.186722 0.463501 -0.186009
v 0.189804 0.468231 -0.208092
v 0.154236 0.458160 -0.189244
v 0.162781 0.455597 -0.184791
v 0.151398 0.461624 -0.201030
v 0.146286 0.460342 -0.183598
v 0.231720 0.411209 -0.166596
v 0.498917 0.651001 -0.297490
v 0.509842 0.637451 -0.276241
v 0.494431 0.663239 -0.300835
v 0.495789 0.645905 -0.300382
v 0.221268 0.417709 -0.305829
v 0.217712 0.420364 -0.304340
v 0.226364 0.419373 -0.299853
v 0.223373 0.415802 -0.308451
v 0.220078 0.425323 -0.283045
v 0.216904 0.430664 -0.274573
v 0.227753 0.421417 -0.283417
v 0.217834 0.425583 -0.286124
v 0.056870 0.582123 -0.284549
v 0.068695 0.561676 -0.284109
v 0.057907 0.587280 -0.287879
v 0.050430 0.584366 -0.277641
v 0.061569 0.541718 -0.218936
v 0.058975 0.549698 -0.233742
v 0.056717 0.547073 -0.209218
v 0.069809 0.529816 -0.219644
v 0.073334 0.534286 -0.261944
v 0.064941 0.546799 -0.257478
v 0.078918 0.522522 -0.247912
v 0.076157 0.534348 -0.269649
v 0.110886 0.495895 -0.257234
v 0.107483 0.497772 -0.268916
v 0.110672 0.496048 -0.256210
v 0.114136 0.494125 -0.258672
v 0.168625 0.465118 -0.326411
v 0.173111 0.465637 -0.325230
v 0.160553 0.466751 -0.336549
v 0.168076 0.463501 -0.321771
v 0.153885 0.482040 -0.273603
v 0.156448 0.483109 -0.278103
v 0.144775 0.482895 -0.273739
v 0.157135 0.479630 -0.268627
v 0.114182 0.490326 -0.287355
v 0.115936 0.491730 -0.277195
v 0.117737 0.487442 -0.291727
v 0.110001 0.492081 -0.288767
v 0.172546 0.630600 -0.272919
v 0.181747 0.627121 -0.285220
v 0.169464 0.626556 -0.270967
v 0.170456 0.642670 -0.266690
v 0.223099 0.615402 -0.330990
v 0.224350 0.619293 -0.330309
v 0.224228 0.605759 -0.317842
v 0.220673 0.616562 -0.340282
v 0.226028 0.637466 -0.351397
v 0.230255 0.641953 -0.351672
v 0.229019 0.631912 -0.342033
v 0.219940 0.639832 -0.360451
v 0.204315 0.561401 -0.263718
v 0.216492 0.567337 -0.286058
v 0.206573 0.556915 -0.259872
v 0.201569 0.566238 -0.267223
v 0.242859 0.610794 -0.274862
v 0.247253 0.620972 -0.276760
v 0.241318 0.600113 -0.258132
v 0.241516 0.610519 -0.280662
v 0.277283 0.608704 -0.170775
v 0.283829 0.634857 -0.166602
v 0.275848 0.597183 -0.163828
v 0.276062 0.608856 -0.177335
v 0.287399 0.644821 -0.161242
v 0.287140 0.640198 -0.154077
v 0.291824 0.649887 -0.160151
v 0.213959 0.584610 -0.309848
v 0.217941 0.582748 -0.309632
v 0.207550 0.580750 -0.297468
v 0.210358 0.594513 -0.320009
v 0.176346 0.581421 -0.222032
v 0.173538 0.582458 -0.224533
v 0.187637 0.565735 -0.223442
v 0.175858 0.586060 -0.216061
v 0.177521 0.585587 -0.210052
v 0.188583 0.572876 -0.205975
v 0.174988 0.589279 -0.205914
v 0.095642 0.483032 -0.132455
v 0.089355 0.486572 -0.141239
v 0.094772 0.485825 -0.125791
v 0.059937 0.584976 -0.188844
v 0.062988 0.582932 -0.192736
v 0.045898 0.590897 -0.191840
v 0.064270 0.583069 -0.181186
v 0.036697 0.628082 -0.239553
v 0.035492 0.629196 -0.245649
v 0.038300 0.608322 -0.230884
v 0.082779 0.572754 -0.179542
v 0.078735 0.575516 -0.179102
v 0.087692 0.572083 -0.177505
v 0.077972 0.574692 -0.183346
v 0.229553 0.626022 -0.331297
v 0.226822 0.624176 -0.331343
v 0.234390 0.621399 -0.315702
v 0.157013 0.641159 -0.249912
v 0.159958 0.636429 -0.254812
v 0.154053 0.645111 -0.243996
v 0.185486 0.559662 -0.237304
v 0.188675 0.555191 -0.236170
v 0.181839 0.565979 -0.234298
v 0.184464 0.565582 -0.244396
v 0.180588 0.575272 -0.151711
v 0.177261 0.571396 -0.152769
v 0.172623 0.585785 -0.153920
v 0.184525 0.575241 -0.151546
v 0.106247 0.647324 -0.147512
v 0.137238 0.480225 -0.293117
v 0.135666 0.484055 -0.289478
v 0.145157 0.477875 -0.292651
v 0.133469 0.477798 -0.298869
v 0.215561 0.411438 -0.357460
v 0.209534 0.463104 -0.241024
v 0.207413 0.464020 -0.232719
v 0.210983 0.457794 -0.246382
v 0.206497 0.464417 -0.244506
v 0.185287 0.464020 -0.292063
v 0.186356 0.464691 -0.288300
v 0.184998 0.462814 -0.295982
v 0.182465 0.466705 -0.290282
v 0.228043 0.420303 -0.296736
v 0.224792 0.421860 -0.294465
v 0.230438 0.418854 -0.292642
v 0.479492 0.619156 -0.301124
v 0.474304 0.622604 -0.304340
v 0.482407 0.602402 -0.286464
v 0.484436 0.624634 -0.302184
v 0.515961 0.615143 -0.258983
v 0.327057 0.653992 -0.117238
v 0.329407 0.652344 -0.119770
v 0.334503 0.655884 -0.106773
v 0.321609 0.653610 -0.117327
v 0.086777 0.529175 -0.290370
v 0.089584 0.532425 -0.287519
v 0.093170 0.508148 -0.287989
v 0.194839 0.468079 -0.213638
v 0.198257 0.467484 -0.211691
v 0.195435 0.467316 -0.232706
v 0.229034 0.421936 -0.245156
v 0.233994 0.418961 -0.225205
v 0.231628 0.419647 -0.248608
v 0.227448 0.425507 -0.244531
v 0.241806 0.407455 -0.293778
v 0.247223 0.403732 -0.293697
v 0.235794 0.410004 -0.305687
v 0.239624 0.410934 -0.286294
v 0.106628 0.491226 -0.225456
v 0.105041 0.488937 -0.216458
v 0.118973 0.487000 -0.234208
v 0.102829 0.494827 -0.230490
v 0.172501 0.472015 -0.291025
v 0.165009 0.474945 -0.290636
v 0.175095 0.472672 -0.288064
v 0.172592 0.467880 -0.298966
v 0.110062 0.496414 -0.256418
v 0.106461 0.498398 -0.268081
v 0.107162 0.497101 -0.252849
v 0.181747 0.583008 -0.262794
v 0.178665 0.587997 -0.259501
v 0.185303 0.582077 -0.266723
v 0.121643 0.652267 -0.141541
v 0.109909 0.659912 -0.146508
v 0.129898 0.668030 -0.166486
v 0.133316 0.661163 -0.172174
v 0.136902 0.659393 -0.164789
v 0.130325 0.667618 -0.164714
v 0.131943 0.666382 -0.159527
v 0.139359 0.657639 -0.155939
v 0.127502 0.665665 -0.158140
v 0.108582 0.561249 -0.155167
v 0.117111 0.563629 -0.160821
v 0.108582 0.555817 -0.150273
v 0.102158 0.561661 -0.157943
v 0.018402 0.607468 -0.161529
v 0.021317 0.597778 -0.176325
v 0.036026 0.605179 -0.161511
v 0.027100 0.596329 -0.194079
v 0.019699 0.598053 -0.202633
v 0.022171 0.597641 -0.186736
v 0.026413 0.630981 -0.230481
v 0.033661 0.613251 -0.225275
v 0.018448 0.598511 -0.182345
v 0.021317 0.597778 -0.176325
v 0.022171 0.597641 -0.186736
v 0.000565 0.606201 -0.190247
v 0.017120 0.605240 -0.211785
v 0.013947 0.613892 -0.222766
v 0.019699 0.598053 -0.202633
v 0.033783 0.602127 -0.215997
v 0.039795 0.600739 -0.217953
v 0.040344 0.598633 -0.219138
v 0.276260 0.719360 0.113526
v 0.276657 0.721039 0.102342
v 0.268326 0.731659 0.110314
v 0.270981 0.729889 0.045827
v 0.274719 0.723907 0.046898
v 0.273026 0.728775 0.035175
v 0.266449 0.736237 0.049223
v 0.313416 0.691666 0.046698
v 0.330566 0.680283 0.043153
v 0.310226 0.688141 0.037278
v 0.315384 0.696243 0.055574
v 0.348114 0.672470 0.042104
v 0.350204 0.676819 0.051098
v 0.312469 0.683167 0.071318
v 0.285248 0.711105 0.077570
v 0.299377 0.701813 0.070379
v 0.277863 0.715439 0.085078
v 0.314926 0.689865 0.065104
v 0.330566 0.678467 0.062071
v 0.315765 0.695541 0.061465
v 0.349869 0.675919 0.056971
v 0.265015 0.738602 0.079761
v 0.270355 0.729065 0.087045
v 0.282440 0.692764 0.152936
v 0.282181 0.695297 0.145231
v 0.279282 0.702133 0.153390
v 0.287445 0.685608 0.151163
v 0.306137 0.666077 0.125969
v 0.273849 0.712601 0.149829
v 0.284592 0.689224 0.125454
v 0.289688 0.685867 0.130257
v 0.289719 0.683807 0.121814
v 0.304230 0.677155 0.143134
v 0.302689 0.677933 0.145246
v 0.316040 0.697632 0.059402
v 0.299179 0.710114 0.062818
v 0.333130 0.686401 0.056058
v 0.350861 0.678055 0.054896
v 0.326538 0.674896 0.024825
v 0.307983 0.687027 0.029328
v 0.293091 0.700134 0.034698
v 0.281021 0.714691 0.043625
v 0.285141 0.709595 0.030124
v 0.284882 0.694794 0.104871
v 0.283218 0.697876 0.107162
v 0.304398 0.667831 0.112657
v 0.275986 0.719177 0.092678
v 0.280716 0.709900 0.099642
v 0.299011 0.678955 0.149454
v 0.282822 0.701767 0.108406
v 0.282394 0.696854 0.136277
v 0.282333 0.722397 0.064250
v 0.443878 0.672165 -0.386705
v 0.434052 0.679031 -0.383712
v 0.443939 0.663727 -0.401405
v 0.459259 0.660583 -0.381555
v 0.445801 0.678207 -0.372062
v 0.154404 0.730011 -0.576904
v 0.157425 0.720047 -0.580954
v 0.134811 0.731216 -0.583654
v 0.197678 0.718445 -0.554511
v 0.187881 0.712601 -0.560499
v 0.202072 0.708252 -0.549873
v 0.228317 0.735977 -0.546700
v 0.276413 0.730331 -0.516691
v 0.269547 0.722549 -0.526451
v 0.268341 0.715271 -0.534677
v 0.259399 0.717224 -0.532983
v 0.446365 0.682495 -0.360057
v 0.456787 0.672882 -0.357553
v 0.444489 0.686859 -0.349741
v 0.436050 0.687027 -0.362203
v 0.098572 0.732849 -0.595106
v 0.345490 0.707840 -0.485863
v 0.348831 0.704956 -0.477301
v 0.341583 0.710571 -0.493134
v 0.471191 0.643936 -0.367585
v 0.466919 0.636414 -0.380010
v 0.478577 0.622375 -0.352379
v 0.471466 0.650482 -0.357735
v 0.459900 0.628983 -0.394288
v 0.450867 0.621521 -0.405915
v 0.451950 0.642563 -0.408236
v 0.441803 0.654739 -0.416993
v 0.435608 0.645554 -0.430821
v 0.443253 0.600830 -0.394787
v 0.432404 0.598358 -0.396776
v 0.447571 0.599426 -0.389782
v 0.455048 0.604187 -0.390382
v 0.424576 0.638351 -0.436353
v 0.420486 0.655228 -0.445139
v 0.411072 0.634857 -0.436765
v 0.430618 0.626617 -0.425647
v 0.395111 0.630661 -0.432493
v 0.397415 0.649918 -0.445858
v 0.383804 0.630798 -0.430577
v 0.395813 0.617905 -0.422038
v 0.421829 0.597488 -0.395315
v 0.412949 0.597458 -0.393367
v 0.423477 0.595001 -0.389802
v 0.415344 0.602081 -0.403565
v 0.428558 0.582840 -0.383359
v 0.425674 0.589859 -0.385506
v 0.418488 0.582581 -0.382100
v 0.431610 0.572815 -0.380191
v 0.433121 0.559113 -0.375061
v 0.423645 0.558151 -0.373363
v 0.433945 0.541916 -0.366822
v 0.444214 0.560440 -0.375111
v 0.437271 0.526230 -0.356657
v 0.446350 0.526672 -0.357714
v 0.430893 0.526718 -0.354692
v 0.442780 0.512634 -0.344920
v 0.481949 0.610794 -0.320794
v 0.482025 0.591629 -0.307299
v 0.478271 0.613876 -0.314721
v 0.483917 0.606888 -0.329557
v 0.474854 0.617233 -0.310028
v 0.474411 0.599075 -0.294605
v 0.472534 0.620529 -0.307031
v 0.421509 0.492203 -0.394185
v 0.432068 0.493332 -0.369756
v 0.414536 0.513290 -0.415945
v 0.408569 0.489258 -0.416533
v 0.419861 0.528854 -0.409588
v 0.406479 0.523651 -0.432441
v 0.395218 0.528152 -0.446956
v 0.386139 0.510437 -0.452358
v 0.401993 0.551331 -0.442986
v 0.414551 0.572281 -0.420297
v 0.408463 0.570129 -0.431321
v 0.418701 0.559570 -0.413761
v 0.416977 0.577377 -0.410033
v 0.407288 0.584579 -0.421630
v 0.392456 0.481888 -0.437847
v 0.391937 0.475037 -0.432114
v 0.389023 0.487442 -0.444091
v 0.422363 0.550339 -0.383730
v 0.423630 0.545349 -0.392576
v 0.420166 0.555496 -0.376268
v 0.432007 0.505600 -0.365439
v 0.427200 0.518188 -0.384918
v 0.373688 0.670547 -0.482373
v 0.380402 0.668686 -0.472262
v 0.365463 0.684326 -0.482931
v 0.365295 0.670715 -0.492609
v 0.386612 0.629089 -0.461712
v 0.384674 0.610870 -0.466421
v 0.386353 0.648773 -0.459329
v 0.380829 0.594681 -0.470573
v 0.374802 0.579941 -0.477069
v 0.379227 0.592926 -0.458752
v 0.378235 0.596268 -0.482724
v 0.367126 0.568039 -0.485309
v 0.357605 0.562408 -0.496289
v 0.363098 0.562134 -0.477161
v 0.369385 0.579376 -0.492054
v 0.372910 0.633224 -0.496113
v 0.366592 0.652771 -0.500313
v 0.363235 0.632416 -0.507338
v 0.352844 0.672195 -0.505633
v 0.341461 0.687698 -0.508018
v 0.348724 0.584869 -0.515468
v 0.339386 0.593918 -0.522835
v 0.346619 0.572830 -0.513787
v 0.359375 0.588715 -0.506374
v 0.349442 0.604080 -0.516937
v 0.343185 0.560852 -0.509468
v 0.338547 0.551651 -0.502542
v 0.325912 0.563080 -0.524020
v 0.301743 0.661133 -0.536462
v 0.318405 0.658661 -0.534719
v 0.298584 0.676071 -0.542279
v 0.288162 0.665726 -0.537261
v 0.309601 0.647720 -0.529139
v 0.302155 0.687637 -0.539656
v 0.315414 0.677689 -0.533945
v 0.382660 0.586197 -0.436380
v 0.375534 0.566467 -0.451900
v 0.393738 0.574097 -0.441941
v 0.388458 0.595352 -0.425007
v 0.374039 0.591217 -0.434753
v 0.375702 0.595825 -0.443547
v 0.372208 0.594040 -0.436933
v 0.368591 0.575272 -0.458227
v 0.354340 0.557312 -0.468055
v 0.343323 0.548859 -0.477504
v 0.351227 0.558105 -0.460361
v 0.341827 0.406204 -0.475305
v 0.328659 0.396774 -0.483986
v 0.354202 0.417084 -0.466580
v 0.340561 0.419006 -0.486334
v 0.315079 0.387970 -0.492259
v 0.301895 0.381226 -0.499433
v 0.316467 0.403229 -0.503681
v 0.287735 0.375458 -0.505049
v 0.274246 0.369843 -0.509528
v 0.286407 0.360184 -0.489296
v 0.288208 0.391846 -0.517894
v 0.260452 0.364105 -0.515537
v 0.243378 0.357590 -0.523348
v 0.258942 0.379608 -0.529867
v 0.147324 0.340546 -0.554405
v 0.133789 0.344116 -0.557119
v 0.142563 0.336273 -0.545133
v 0.161621 0.340073 -0.552331
v 0.147430 0.345978 -0.563319
v 0.144272 0.353317 -0.573845
v 0.159393 0.352722 -0.572031
v 0.133286 0.353897 -0.572110
v 0.317307 0.415619 -0.510288
v 0.329514 0.421936 -0.501845
v 0.317886 0.428925 -0.514598
v 0.302612 0.409149 -0.518111
v 0.337784 0.505341 -0.494510
v 0.332443 0.515778 -0.504756
v 0.325333 0.522842 -0.512280
v 0.315994 0.525162 -0.521002
v 0.325638 0.510483 -0.518125
v 0.324371 0.530334 -0.504602
v 0.298279 0.449158 -0.536558
v 0.287064 0.457565 -0.546255
v 0.290817 0.433197 -0.536263
v 0.308899 0.447464 -0.527749
v 0.303452 0.472824 -0.537663
v 0.283035 0.423782 -0.535454
v 0.284897 0.414337 -0.528931
v 0.273224 0.426758 -0.541720
v 0.270432 0.414276 -0.534068
v 0.278015 0.464417 -0.551620
v 0.269287 0.471939 -0.554378
v 0.282761 0.481262 -0.549184
v 0.339096 0.428024 -0.493355
v 0.292038 0.539825 -0.526771
v 0.300018 0.533508 -0.528770
v 0.311234 0.538330 -0.512482
v 0.290894 0.542740 -0.523335
v 0.279663 0.533600 -0.534995
v 0.271210 0.514908 -0.542882
v 0.265900 0.490570 -0.550349
v 0.280014 0.508423 -0.545225
v 0.264145 0.516876 -0.541265
v 0.262955 0.475174 -0.554590
v 0.259552 0.473846 -0.554708
v 0.249985 0.460754 -0.567792
v 0.246170 0.468262 -0.572194
v 0.258286 0.455139 -0.560719
v 0.253036 0.465881 -0.564453
v 0.244049 0.481201 -0.575617
v 0.246262 0.495804 -0.575655
v 0.236130 0.480133 -0.580873
v 0.250702 0.479370 -0.568458
v 0.251053 0.513535 -0.574347
v 0.253952 0.531265 -0.574600
v 0.239838 0.513702 -0.583151
v 0.257339 0.514328 -0.565072
v 0.224091 0.606094 -0.592381
v 0.226181 0.625397 -0.591831
v 0.212250 0.606216 -0.593493
v 0.222046 0.585907 -0.592852
v 0.234024 0.670822 -0.584305
v 0.226944 0.659668 -0.588743
v 0.246933 0.662781 -0.581198
v 0.245544 0.678635 -0.577824
v 0.222412 0.674881 -0.585373
v 0.226303 0.643402 -0.590868
v 0.241486 0.643723 -0.586452
v 0.210663 0.645691 -0.592804
v 0.278503 0.660614 -0.546631
v 0.281097 0.664703 -0.540565
v 0.271378 0.679077 -0.555306
v 0.273270 0.658325 -0.557805
v 0.275955 0.629639 -0.559096
v 0.272415 0.639801 -0.562181
v 0.262299 0.692703 -0.558184
v 0.266098 0.695419 -0.551806
v 0.250656 0.701126 -0.556259
v 0.258362 0.688995 -0.564951
v 0.211014 0.704163 -0.558098
v 0.219971 0.705002 -0.555586
v 0.202866 0.699280 -0.562382
v 0.221390 0.702011 -0.569488
v 0.200470 0.647842 -0.592192
v 0.202927 0.663681 -0.588684
v 0.201874 0.630600 -0.593626
v 0.341370 0.465958 -0.492479
v 0.260132 0.518097 -0.552571
v 0.260284 0.517639 -0.544496
v 0.255844 0.493622 -0.558681
v 0.232330 0.698013 -0.574078
v 0.235931 0.702881 -0.566554
v 0.223434 0.691025 -0.578268
v 0.242538 0.693161 -0.573665
v 0.212616 0.679794 -0.583168
v 0.202957 0.682999 -0.578562
v 0.112198 0.566162 -0.639452
v 0.109558 0.573273 -0.644545
v 0.095932 0.549637 -0.645554
v 0.113129 0.562576 -0.634708
v 0.128540 0.584671 -0.631485
v 0.181061 0.701233 -0.570372
v 0.173660 0.706940 -0.580603
v 0.174347 0.687119 -0.581629
v 0.159531 0.709030 -0.589258
v 0.157364 0.695450 -0.600983
v 0.140427 0.708771 -0.599447
v 0.091629 0.511917 -0.655285
v 0.095108 0.499390 -0.656672
v 0.110229 0.520157 -0.651617
v 0.097000 0.449600 -0.650782
v 0.099457 0.436371 -0.646399
v 0.097198 0.466156 -0.654228
v 0.079941 0.448380 -0.651928
v 0.102432 0.427155 -0.641886
v 0.103943 0.419312 -0.637047
v 0.121140 0.432617 -0.638838
v 0.083725 0.425232 -0.642288
v 0.104355 0.410995 -0.631720
v 0.105667 0.400589 -0.623669
v 0.119308 0.411850 -0.630804
v 0.086761 0.410858 -0.630878
v 0.128983 0.413589 -0.628439
v 0.132004 0.410141 -0.625021
v 0.166153 0.572830 -0.624165
v 0.149750 0.560135 -0.634598
v 0.171448 0.561386 -0.626852
v 0.181091 0.577438 -0.614506
v 0.159286 0.580551 -0.621016
v 0.177399 0.498581 -0.616446
v 0.177063 0.504700 -0.620541
v 0.173386 0.493027 -0.617489
v 0.182266 0.498306 -0.612280
v 0.182220 0.595490 -0.593559
v 0.170700 0.604233 -0.589880
v 0.167664 0.593750 -0.605179
v 0.188293 0.596405 -0.587034
v 0.225662 0.513290 -0.591194
v 0.211716 0.514160 -0.598911
v 0.222733 0.496429 -0.590420
v 0.230331 0.530411 -0.590359
v 0.234207 0.446457 -0.567111
v 0.238663 0.434830 -0.554947
v 0.229568 0.461380 -0.578211
v 0.197739 0.413605 -0.581503
v 0.192352 0.423157 -0.587025
v 0.191055 0.404846 -0.589928
v 0.199066 0.397842 -0.577309
v 0.200974 0.418167 -0.572513
v 0.177872 0.395508 -0.597792
v 0.177261 0.385284 -0.593138
v 0.182846 0.413666 -0.597725
v 0.144485 0.599060 -0.620220
v 0.144806 0.594513 -0.615231
v 0.157303 0.610229 -0.608921
v 0.140289 0.605316 -0.626757
v 0.081360 0.543015 -0.651157
v 0.068207 0.543335 -0.653200
v 0.084213 0.537430 -0.647707
v 0.080246 0.558456 -0.652699
v 0.165619 0.676132 -0.590214
v 0.161194 0.669479 -0.590576
v 0.170837 0.674210 -0.576496
v 0.204697 0.470032 -0.590958
v 0.197342 0.480133 -0.597559
v 0.197723 0.461655 -0.587986
v 0.213394 0.475555 -0.589823
v 0.168686 0.483871 -0.620872
v 0.174789 0.488220 -0.610907
v 0.162933 0.455460 -0.605804
v 0.159866 0.446396 -0.602194
v 0.171188 0.471008 -0.596897
v 0.175888 0.374664 -0.585150
v 0.171677 0.361694 -0.575348
v 0.187576 0.378387 -0.577332
v 0.239990 0.424957 -0.542755
v 0.223969 0.429352 -0.546255
v 0.238358 0.420395 -0.536443
v 0.254013 0.426239 -0.545877
v 0.112000 0.387634 -0.611378
v 0.124435 0.384903 -0.608841
v 0.089279 0.398270 -0.620016
v 0.106354 0.381546 -0.606329
v 0.105286 0.361343 -0.588951
v 0.126175 0.353424 -0.565258
v 0.122314 0.347305 -0.549175
v 0.052490 0.651657 -0.609118
v 0.065948 0.658600 -0.616982
v 0.050278 0.664139 -0.610802
v 0.053726 0.641174 -0.606743
v 0.088776 0.711014 -0.616718
v 0.072159 0.704910 -0.614079
v 0.089478 0.701218 -0.621710
v 0.105713 0.714096 -0.613888
v 0.089020 0.721298 -0.608187
v 0.175888 0.333954 -0.536147
v 0.070984 0.332672 -0.537373
v 0.087494 0.337402 -0.533659
v 0.033142 0.337814 -0.529820
v 0.031265 0.343307 -0.523158
v 0.032135 0.334000 -0.539186
v 0.199829 0.411377 -0.383913
v 0.195389 0.404648 -0.392509
v 0.200424 0.416824 -0.378462
v 0.214493 0.409256 -0.385165
v 0.163345 0.376419 -0.444697
v 0.155685 0.382080 -0.437093
v 0.170944 0.388885 -0.422405
v 0.139008 0.374954 -0.452265
v 0.145645 0.389404 -0.431355
v 0.201584 0.417221 -0.368912
v 0.201660 0.415985 -0.363269
v 0.215256 0.414993 -0.368629
v 0.200928 0.418701 -0.372969
v 0.186066 0.421173 -0.370778
v 0.119232 0.413544 -0.420735
v 0.125259 0.406021 -0.424043
v 0.112411 0.405045 -0.434900
v 0.130478 0.362305 -0.473553
v 0.014069 0.407700 -0.587908
v 0.005676 0.402786 -0.579008
v 0.017242 0.417847 -0.586029
v 0.019623 0.430328 -0.580725
v 0.020615 0.446747 -0.572102
v 0.010254 0.429611 -0.569216
v 0.027420 0.433105 -0.587915
v 0.019760 0.462509 -0.564670
v 0.018005 0.478271 -0.556345
v 0.011459 0.460190 -0.554988
v 0.026123 0.464050 -0.570050
v 0.016769 0.494598 -0.545523
v 0.017502 0.509750 -0.533988
v 0.008942 0.492126 -0.535543
v 0.024765 0.494217 -0.552851
v 0.018433 0.525558 -0.518382
v 0.020554 0.542114 -0.500710
v 0.009476 0.523407 -0.506472
v 0.026505 0.525314 -0.526251
v 0.030060 0.593597 -0.458104
v 0.028122 0.610153 -0.447523
v 0.021408 0.589951 -0.445395
v 0.029602 0.576935 -0.468564
v 0.037064 0.597107 -0.465697
v 0.027527 0.623993 -0.436849
v 0.027161 0.639206 -0.423584
v 0.019684 0.617859 -0.427220
v 0.034271 0.627731 -0.443093
v 0.026810 0.601593 -0.477228
v 0.025955 0.585236 -0.488990
v 0.015381 0.605743 -0.484354
v 0.025742 0.617844 -0.466413
v 0.036087 0.599716 -0.471656
v 0.022491 0.438385 -0.601547
v 0.027557 0.427567 -0.612091
v 0.015732 0.442459 -0.610380
v 0.020218 0.451721 -0.591572
v 0.028275 0.435684 -0.594627
v 0.012009 0.448456 -0.617174
v 0.019913 0.439667 -0.625807
v 0.010345 0.455826 -0.624350
v 0.008392 0.458725 -0.610624
v 0.005554 0.469284 -0.604803
v 0.009598 0.467072 -0.594036
v 0.005493 0.469177 -0.618656
v 0.002594 0.509644 -0.589100
v 0.002121 0.521423 -0.584358
v 0.002960 0.504929 -0.583635
v 0.002487 0.504639 -0.597599
v 0.002625 0.515915 -0.598122
v 0.009308 0.661514 -0.546798
v 0.006500 0.657913 -0.528948
v 0.009216 0.651321 -0.554693
v 0.013519 0.680252 -0.537083
v 0.011292 0.654297 -0.456279
v 0.017975 0.667404 -0.431380
v 0.008408 0.610550 -0.491852
v 0.007202 0.594193 -0.502779
v 0.004333 0.614563 -0.499666
v 0.009293 0.625198 -0.482258
v 0.005478 0.575623 -0.517591
v 0.004089 0.555908 -0.534362
v 0.001556 0.580093 -0.524126
v 0.012253 0.571075 -0.510435
v 0.003876 0.536133 -0.551127
v 0.004211 0.515839 -0.567417
v 0.008972 0.532089 -0.545167
v 0.001083 0.399933 -0.570495
v 0.001770 0.413040 -0.564668
v -0.000626 0.395554 -0.561357
v 0.003021 0.428345 -0.557202
v 0.003906 0.442154 -0.549568
v -0.001556 0.422958 -0.545441
v 0.003601 0.486877 -0.519286
v 0.003464 0.501556 -0.505687
v 0.000565 0.479095 -0.499781
v 0.003952 0.471420 -0.530497
v 0.004715 0.516068 -0.491314
v 0.007584 0.532227 -0.473400
v 0.003647 0.507187 -0.471979
v 0.012283 0.550537 -0.454458
v 0.016373 0.569489 -0.439532
v 0.011993 0.544708 -0.438218
v 0.016708 0.556305 -0.470227
v 0.014832 0.608932 -0.414972
v 0.015015 0.625870 -0.403665
v 0.013947 0.599548 -0.398465
v 0.015121 0.596710 -0.422903
v 0.014786 0.647690 -0.387933
v 0.013290 0.633118 -0.375019
v 0.019745 0.655472 -0.397284
v 0.005737 0.499069 -0.452819
v 0.002243 0.484940 -0.468195
v 0.010605 0.489685 -0.436424
v -0.002487 0.416092 -0.531351
v -0.001480 0.402512 -0.539672
v -0.003021 0.430206 -0.521522
v -0.000458 0.409256 -0.516294
v 0.001816 0.366379 -0.558722
v 0.004440 0.356567 -0.562073
v 0.000244 0.377197 -0.554327
v 0.003983 0.360733 -0.545172
v 0.005005 0.377563 -0.521515
v 0.004044 0.390045 -0.512696
v 0.011551 0.373886 -0.511482
v 0.006775 0.366302 -0.528806
v 0.001083 0.382904 -0.533126
v 0.003891 0.403244 -0.503175
v 0.004608 0.415268 -0.493590
v 0.010925 0.397446 -0.493199
v 0.006058 0.428024 -0.482472
v 0.008331 0.440521 -0.469672
v 0.015015 0.420914 -0.471089
v -0.000107 0.436127 -0.496272
v 0.032990 0.532440 -0.359964
v 0.035751 0.537231 -0.350014
v 0.028061 0.530121 -0.375891
v 0.026215 0.543808 -0.374249
v 0.031570 0.587265 -0.324505
v 0.025742 0.595840 -0.337611
v 0.028748 0.574677 -0.339345
v 0.024017 0.630020 -0.297009
v 0.034546 0.616562 -0.285383
v 0.018631 0.638138 -0.308145
v 0.024780 0.632797 -0.283976
v 0.020844 0.395081 -0.485462
v 0.023331 0.406540 -0.475135
v 0.020004 0.383789 -0.493939
v 0.039749 0.461319 -0.404490
v 0.044296 0.469055 -0.393296
v 0.051956 0.456757 -0.401374
v 0.036865 0.451477 -0.417671
v 0.029205 0.467850 -0.410510
v 0.048676 0.476242 -0.384769
v 0.052322 0.483627 -0.377641
v 0.059113 0.473038 -0.383412
v 0.038345 0.485855 -0.387245
v 0.069016 0.472794 -0.382601
v 0.065109 0.463013 -0.390408
v 0.075073 0.374634 -0.474588
v 0.083496 0.362869 -0.483150
v 0.061295 0.371246 -0.483072
v 0.069092 0.387344 -0.466623
v 0.088318 0.380157 -0.464598
v 0.052292 0.422180 -0.451044
v 0.057617 0.418182 -0.455354
v 0.046066 0.419449 -0.454171
v 0.052048 0.429474 -0.440862
v 0.063370 0.428848 -0.443167
v 0.088745 0.491211 -0.317430
v 0.097061 0.494705 -0.301595
v 0.104034 0.480469 -0.322717
v 0.072693 0.504639 -0.314353
v 0.061310 0.518524 -0.316500
v 0.049957 0.531601 -0.326509
v 0.054413 0.511566 -0.332053
v 0.120270 0.454498 -0.399018
v 0.123978 0.445801 -0.393209
v 0.113251 0.450943 -0.409761
v 0.112396 0.466782 -0.411580
v 0.122620 0.461884 -0.394455
v 0.143967 0.421997 -0.393154
v 0.139999 0.423828 -0.393373
v 0.152924 0.427399 -0.381883
v 0.168549 0.425766 -0.374574
v 0.169495 0.425873 -0.377239
v 0.028168 0.351013 -0.516539
v 0.041367 0.349243 -0.510530
v 0.017334 0.353516 -0.524967
v 0.023758 0.360931 -0.510096
v 0.087753 0.463272 -0.402986
v 0.103271 0.471954 -0.408936
v 0.073792 0.456802 -0.399001
v 0.101578 0.468048 -0.357674
v 0.107254 0.469116 -0.345221
v 0.110153 0.465179 -0.366350
v 0.097473 0.470322 -0.367694
v 0.089783 0.474747 -0.352285
v 0.053696 0.498627 -0.362983
v 0.053284 0.501831 -0.356629
v 0.064682 0.490250 -0.359706
v 0.054901 0.495117 -0.366695
v 0.062363 0.454498 -0.399588
v 0.060013 0.447205 -0.410116
v 0.116486 0.466980 -0.379026
v 0.125412 0.463806 -0.360963
v 0.120773 0.467941 -0.385915
v 0.107727 0.470428 -0.385921
v 0.024185 0.648132 -0.587929
v 0.014755 0.646500 -0.575989
v 0.021759 0.611465 -0.610556
v 0.016220 0.597870 -0.619268
v 0.032425 0.619522 -0.614777
v 0.035263 0.433853 -0.632612
v 0.032257 0.443298 -0.637718
v 0.037247 0.426849 -0.626677
v 0.051819 0.430313 -0.637423
v 0.009445 0.464401 -0.629066
v 0.016953 0.459381 -0.635654
v 0.008072 0.475174 -0.630568
v 0.009735 0.513245 -0.623224
v 0.008362 0.499084 -0.630857
v 0.016953 0.515396 -0.632957
v 0.010666 0.522293 -0.616718
v 0.052780 0.568848 -0.321096
v 0.034622 0.569061 -0.338095
v 0.027756 0.502136 -0.394263
v 0.023178 0.490189 -0.406960
v 0.026566 0.527740 -0.382191
v 0.030045 0.522736 -0.380056
v 0.050720 0.409073 -0.468135
v 0.047897 0.411392 -0.465670
v 0.054108 0.411545 -0.464190
v 0.047852 0.404007 -0.471646
v 0.097107 0.479660 -0.392159
v 0.097931 0.478500 -0.388922
v 0.106430 0.476547 -0.404472
v 0.084946 0.483032 -0.379265
v 0.073746 0.485321 -0.371552
v 0.063889 0.488129 -0.368520
v 0.099106 0.464371 -0.419705
v 0.089706 0.453827 -0.425954
v 0.105225 0.469238 -0.417138
v 0.078979 0.438507 -0.436060
v 0.080765 0.436737 -0.436319
v 0.068665 0.424057 -0.447243
v 0.076904 0.439606 -0.433905
v 0.104309 0.421448 -0.433226
v 0.100388 0.419098 -0.436053
v 0.107880 0.406723 -0.438684
v 0.158234 0.451477 -0.358811
v 0.155563 0.458450 -0.356789
v 0.170822 0.456818 -0.343598
v 0.144211 0.440674 -0.376790
v 0.170227 0.425415 -0.379118
v 0.186157 0.421814 -0.376346
v 0.392075 0.471344 -0.428545
v 0.391708 0.467529 -0.423059
v 0.267838 0.449631 -0.555258
v 0.260834 0.459549 -0.557493
v 0.390533 0.606491 -0.407202
v 0.393417 0.607529 -0.408777
v 0.391479 0.604156 -0.409536
v 0.404160 0.600784 -0.399797
v 0.419952 0.557510 -0.373293
v 0.417419 0.571411 -0.378936
v 0.423203 0.542145 -0.365173
v 0.428192 0.526474 -0.354365
v 0.434341 0.512604 -0.342016
v 0.337006 0.517532 -0.467566
v 0.340073 0.517883 -0.467274
v 0.342484 0.494492 -0.471690
v 0.321625 0.542282 -0.488291
v 0.322433 0.540604 -0.488678
v 0.324432 0.543549 -0.488977
v 0.310013 0.542511 -0.509520
v 0.290955 0.544067 -0.522094
v 0.291763 0.545792 -0.524098
v 0.257492 0.473236 -0.555395
v 0.257629 0.492203 -0.549675
v 0.256042 0.474030 -0.557339
v 0.352310 0.442780 -0.473946
v 0.353622 0.453201 -0.471120
v 0.348038 0.454926 -0.472877
v 0.357147 0.436783 -0.469692
v 0.335800 0.640396 -0.529049
v 0.333496 0.647446 -0.529301
v 0.328964 0.641159 -0.528971
v 0.339233 0.635391 -0.526563
v 0.268433 0.696716 -0.549006
v 0.276291 0.685318 -0.547818
v 0.285873 0.629349 -0.538780
v 0.283676 0.618912 -0.549640
v 0.312195 0.642410 -0.526792
v 0.163300 0.652969 -0.594652
v 0.168427 0.651276 -0.586073
v 0.160202 0.661774 -0.592466
v 0.158752 0.649780 -0.606321
v 0.003128 0.520447 -0.604151
v 0.005188 0.521835 -0.607296
v 0.003494 0.529617 -0.605783
v 0.002823 0.519348 -0.603003
v 0.037445 0.634140 -0.594488
v 0.032837 0.631165 -0.589357
v 0.042007 0.634705 -0.597881
v 0.055099 0.530090 -0.651653
v 0.054092 0.535309 -0.651291
v 0.039322 0.531570 -0.647207
v 0.055740 0.524734 -0.652544
v 0.085999 0.534622 -0.646454
v 0.098785 0.543808 -0.639706
v 0.020065 0.623886 -0.574503
v 0.054001 0.636566 -0.606249
v 0.051865 0.632782 -0.610178
v 0.083847 0.634293 -0.633043
v 0.093124 0.630783 -0.644592
v 0.173172 0.673050 -0.571845
v 0.174973 0.668854 -0.574465
v 0.171127 0.651093 -0.582611
v 0.173767 0.653046 -0.582209
v 0.166473 0.608185 -0.588585
v 0.145508 0.592194 -0.613279
v 0.147827 0.590164 -0.613955
v 0.130249 0.578674 -0.624599
v 0.004410 0.660278 -0.473593
v 0.003784 0.646606 -0.486110
v 0.006119 0.643433 -0.478841
v 0.002914 0.632080 -0.497315
v 0.003159 0.649170 -0.496345
v 0.002014 0.617203 -0.506489
v 0.000900 0.601364 -0.516182
v 0.001434 0.620117 -0.514869
v -0.000687 0.583527 -0.529298
v -0.001465 0.586426 -0.535827
v 0.008163 0.485931 -0.632858
v 0.004028 0.489105 -0.622190
v 0.015457 0.486115 -0.640539
v 0.028809 0.484573 -0.648445
v 0.044708 0.482590 -0.654501
v 0.027847 0.499893 -0.647270
v 0.029633 0.469498 -0.646736
v 0.039124 0.421005 -0.619770
v 0.042374 0.415512 -0.613878
v 0.055756 0.415939 -0.625010
v 0.035950 0.562042 -0.496450
v 0.033371 0.561081 -0.492654
v 0.031296 0.543518 -0.512592
v 0.032684 0.563766 -0.498673
v 0.039749 0.580643 -0.481716
v 0.029190 0.525772 -0.529459
v 0.028336 0.509262 -0.544724
v 0.026337 0.526978 -0.532129
v 0.027405 0.494492 -0.556010
v 0.027130 0.480164 -0.564795
v 0.024475 0.495056 -0.559310
v 0.058105 0.710342 -0.587463
v 0.057846 0.713867 -0.578663
v 0.041748 0.697586 -0.577654
v 0.056320 0.704086 -0.596155
v 0.073853 0.720627 -0.594273
v 0.029312 0.685638 -0.571624
v 0.027985 0.689301 -0.560326
v 0.024765 0.679062 -0.572707
v 0.039474 0.688232 -0.589855
v 0.012466 0.677490 -0.542630
v 0.014633 0.676270 -0.551250
v 0.016815 0.681381 -0.546096
v 0.080521 0.362671 -0.599312
v 0.057159 0.359909 -0.600805
v 0.008194 0.349518 -0.566402
v 0.010101 0.344864 -0.558134
v 0.014313 0.343445 -0.572745
v 0.459412 0.605927 -0.388941
v 0.453903 0.608994 -0.395659
v 0.450104 0.597702 -0.386367
v 0.436981 0.594269 -0.388088
v 0.177521 0.489441 -0.606979
v 0.176651 0.485321 -0.603420
v 0.181473 0.488235 -0.605082
v 0.180847 0.492126 -0.607285
v 0.238617 0.418137 -0.534232
v 0.174744 0.476166 -0.593569
v 0.383484 0.666428 -0.463295
v 0.376801 0.683228 -0.468673
v 0.383926 0.667770 -0.459102
v 0.309525 0.708679 -0.522647
v 0.325134 0.703491 -0.515424
v 0.359009 0.693161 -0.476383
v 0.353500 0.698990 -0.469353
v 0.363983 0.692139 -0.468296
v 0.337021 0.698715 -0.506809
v 0.336853 0.708847 -0.502410
v 0.115005 0.734741 -0.591232
v 0.119583 0.722870 -0.599367
v 0.237427 0.722534 -0.548642
v 0.367279 0.692322 -0.464394
v 0.351379 0.701859 -0.466516
v 0.352631 0.708786 -0.465097
v 0.337112 0.713287 -0.500360
v 0.255539 0.718643 -0.532487
v 0.253403 0.729584 -0.520638
v 0.481705 0.597092 -0.339396
v 0.477280 0.589554 -0.349074
v 0.484055 0.574890 -0.324058
v 0.455490 0.531357 -0.356038
v 0.454575 0.547089 -0.364170
v 0.460098 0.518646 -0.343655
v 0.455093 0.567017 -0.372567
v 0.439835 0.617508 -0.412591
v 0.414764 0.673615 -0.449692
v 0.409271 0.688004 -0.450986
v 0.405060 0.671143 -0.454772
v 0.402344 0.609421 -0.413226
v 0.470947 0.583710 -0.360249
v 0.401352 0.565750 -0.441701
v 0.403244 0.474869 -0.415342
v 0.379196 0.497543 -0.455716
v 0.364258 0.507187 -0.466164
v 0.373550 0.481567 -0.456962
v 0.422485 0.539474 -0.402977
v 0.369949 0.594864 -0.495412
v 0.325104 0.665588 -0.530526
v 0.345505 0.621246 -0.521166
v 0.348343 0.623993 -0.519173
v 0.354172 0.629623 -0.515228
v 0.307358 0.566940 -0.538158
v 0.289047 0.569931 -0.551390
v 0.303436 0.556229 -0.534130
v 0.307571 0.580612 -0.540870
v 0.305878 0.599030 -0.541929
v 0.319000 0.603989 -0.534455
v 0.286819 0.596664 -0.553828
v 0.329544 0.610077 -0.529162
v 0.395905 0.597672 -0.416025
v 0.408417 0.591431 -0.408668
v 0.414810 0.584763 -0.401153
v 0.410629 0.593292 -0.394766
v 0.361450 0.546951 -0.461255
v 0.353088 0.555099 -0.458274
v 0.352097 0.532089 -0.465349
v 0.371368 0.460663 -0.455026
v 0.369507 0.441483 -0.453776
v 0.380280 0.454483 -0.441697
v 0.361496 0.467819 -0.466209
v 0.364578 0.427216 -0.456808
v 0.223160 0.350281 -0.531087
v 0.198853 0.342819 -0.539310
v 0.219742 0.339951 -0.518635
v 0.220993 0.360443 -0.543286
v 0.178635 0.339905 -0.546443
v 0.180634 0.346359 -0.555800
v 0.169189 0.354996 -0.570215
v 0.174210 0.353531 -0.565484
v 0.181747 0.351349 -0.560481
v 0.183167 0.359024 -0.564462
v 0.216751 0.370483 -0.551231
v 0.238327 0.382736 -0.544169
v 0.254684 0.391632 -0.537495
v 0.286713 0.404449 -0.524611
v 0.384857 0.450043 -0.430614
v 0.319641 0.448807 -0.518995
v 0.323120 0.473206 -0.521406
v 0.324387 0.492996 -0.521690
v 0.316605 0.494217 -0.528027
v 0.305038 0.524841 -0.530413
v 0.308792 0.511154 -0.531661
v 0.296219 0.517426 -0.538257
v 0.307922 0.493362 -0.534854
v 0.297989 0.495026 -0.541142
v 0.288254 0.502060 -0.544658
v 0.348511 0.517426 -0.467874
v 0.352005 0.493896 -0.470228
v 0.353775 0.471695 -0.470583
v 0.348145 0.472595 -0.471638
v 0.324677 0.536774 -0.491109
v 0.253845 0.546387 -0.576281
v 0.244354 0.546494 -0.583620
v 0.247406 0.573959 -0.583321
v 0.253693 0.646515 -0.579224
v 0.262558 0.651215 -0.571547
v 0.257568 0.628067 -0.577053
v 0.268448 0.654541 -0.565397
v 0.262482 0.671722 -0.568357
v 0.262619 0.610794 -0.572959
v 0.268631 0.600235 -0.567761
v 0.273697 0.593124 -0.563971
v 0.272400 0.583176 -0.565719
v 0.273560 0.572495 -0.563689
v 0.332336 0.546127 -0.492074
v 0.315826 0.547287 -0.513987
v 0.252533 0.685425 -0.571507
v 0.178833 0.658051 -0.582563
v 0.185944 0.671967 -0.578022
v 0.194778 0.687775 -0.569899
v 0.254425 0.476334 -0.561471
v 0.295105 0.549606 -0.529590
v 0.050919 0.546509 -0.650436
v 0.036240 0.547974 -0.644901
v 0.048859 0.562393 -0.648853
v 0.045715 0.624664 -0.620955
v 0.042114 0.609222 -0.635271
v 0.104645 0.587723 -0.647305
v 0.093567 0.588135 -0.649460
v 0.114594 0.605057 -0.642380
v 0.128525 0.613922 -0.633614
v 0.105408 0.624939 -0.644749
v 0.154602 0.646774 -0.613712
v 0.122421 0.645203 -0.632177
v 0.122986 0.662598 -0.626484
v 0.120071 0.695007 -0.619158
v 0.105469 0.695374 -0.622221
v 0.123123 0.688553 -0.619719
v 0.123245 0.702423 -0.615070
v 0.125061 0.678696 -0.621605
v 0.139557 0.680847 -0.616322
v 0.123016 0.711884 -0.607689
v 0.089157 0.727722 -0.596310
v 0.055222 0.696442 -0.604725
v 0.053146 0.686569 -0.610594
v 0.051300 0.676361 -0.612143
v 0.065979 0.678268 -0.619911
v 0.077866 0.670471 -0.621563
v 0.083649 0.664185 -0.621042
v 0.085144 0.685928 -0.623859
v 0.091629 0.694611 -0.623835
v 0.071304 0.412476 -0.628695
v 0.071198 0.406723 -0.623850
v 0.070007 0.419754 -0.634693
v 0.066772 0.427124 -0.640738
v 0.064972 0.436035 -0.646448
v 0.064133 0.449539 -0.651520
v 0.062241 0.465546 -0.655260
v 0.047302 0.452301 -0.648682
v 0.060822 0.481415 -0.657238
v 0.059570 0.497177 -0.657228
v 0.078308 0.481567 -0.657526
v 0.057388 0.513016 -0.654955
v 0.041321 0.513885 -0.651255
v 0.097534 0.483734 -0.656185
v 0.117340 0.487076 -0.651764
v 0.141144 0.492538 -0.642391
v 0.130508 0.539368 -0.644232
v 0.124359 0.546753 -0.641636
v 0.119293 0.552460 -0.637928
v 0.136932 0.572693 -0.628302
v 0.115891 0.557861 -0.634007
v 0.153030 0.586578 -0.616768
v 0.189941 0.497009 -0.607538
v 0.191299 0.491943 -0.603819
v 0.194763 0.503815 -0.608027
v 0.199081 0.517166 -0.607683
v 0.200348 0.532471 -0.608347
v 0.185745 0.517731 -0.617476
v 0.201950 0.549698 -0.608131
v 0.201736 0.565659 -0.606897
v 0.186630 0.549408 -0.618763
v 0.217957 0.548721 -0.597765
v 0.196899 0.577057 -0.604961
v 0.212646 0.575043 -0.596626
v 0.191132 0.612167 -0.587967
v 0.178818 0.621658 -0.585176
v 0.191238 0.601944 -0.585018
v 0.199493 0.610352 -0.591385
v 0.204926 0.609650 -0.593258
v 0.208481 0.588760 -0.592243
v 0.221375 0.576324 -0.593697
v 0.231979 0.546951 -0.590296
v 0.224152 0.479675 -0.586599
v 0.212234 0.436691 -0.557364
v 0.206299 0.436325 -0.554037
v 0.201477 0.447433 -0.573109
v 0.203674 0.423798 -0.560733
v 0.203308 0.432571 -0.555466
v 0.194321 0.437744 -0.573710
v 0.185226 0.428925 -0.593397
v 0.175568 0.426926 -0.601839
v 0.184952 0.438293 -0.588856
v 0.163452 0.421387 -0.609518
v 0.136246 0.407104 -0.622118
v 0.135437 0.399048 -0.618341
v 0.142181 0.415817 -0.622026
v 0.136551 0.385361 -0.608583
v 0.191025 0.485291 -0.601370
v 0.140442 0.442139 -0.632492
v 0.182846 0.446899 -0.584106
v 0.183456 0.452148 -0.578157
v 0.190552 0.458389 -0.583363
v 0.186020 0.456009 -0.577848
v 0.193893 0.382294 -0.572695
v 0.186417 0.367966 -0.567923
v 0.264374 0.429413 -0.546948
v 0.020966 0.339920 -0.577248
v 0.021439 0.344223 -0.583815
v 0.023102 0.337433 -0.573426
v 0.028809 0.340561 -0.584312
v 0.026367 0.334167 -0.568662
v 0.019104 0.336594 -0.561350
v 0.029266 0.331360 -0.560035
v 0.034134 0.346954 -0.592144
v 0.028564 0.349503 -0.592127
v 0.038559 0.342941 -0.589382
v 0.039429 0.355576 -0.598240
v 0.048950 0.367950 -0.604467
v 0.039261 0.373474 -0.605185
v 0.058624 0.379105 -0.609579
v 0.067795 0.389908 -0.614830
v 0.080414 0.383194 -0.611385
v 0.070694 0.399353 -0.619116
v 0.045975 0.584839 -0.644924
v 0.061127 0.586365 -0.649050
v 0.029480 0.584793 -0.636446
v 0.078506 0.589661 -0.650045
v 0.031570 0.331451 -0.549378
v 0.022797 0.335373 -0.549969
v 0.014923 0.340454 -0.552176
v 0.196960 0.392075 -0.411590
v 0.101166 0.347748 -0.500750
v 0.092453 0.353226 -0.492633
v 0.107086 0.360199 -0.480644
v 0.077271 0.348450 -0.501657
v 0.122314 0.367233 -0.467514
v 0.186203 0.396454 -0.406527
v 0.171890 0.403442 -0.402202
v 0.133133 0.430389 -0.393810
v 0.128021 0.437790 -0.392655
v 0.008987 0.377518 -0.588987
v 0.017151 0.378525 -0.597481
v 0.025436 0.559769 -0.483157
v 0.026520 0.659836 -0.406060
v 0.032867 0.662598 -0.413102
v 0.026428 0.665680 -0.423818
v 0.032745 0.664825 -0.418693
v 0.026291 0.647842 -0.440705
v 0.025513 0.632339 -0.455047
v 0.016800 0.635666 -0.462005
v 0.033661 0.630447 -0.448904
v 0.023071 0.567459 -0.503361
v 0.019775 0.547852 -0.520498
v 0.017822 0.529022 -0.538332
v 0.016968 0.511475 -0.554296
v 0.018082 0.466339 -0.583406
v 0.016174 0.480804 -0.576283
v 0.025681 0.465515 -0.576006
v 0.004486 0.554520 -0.611048
v 0.002655 0.556458 -0.602928
v 0.008316 0.568527 -0.618139
v 0.001404 0.559784 -0.591227
v 0.001068 0.579407 -0.584101
v 0.001434 0.593079 -0.575596
v 0.008499 0.639267 -0.559431
v 0.004227 0.653625 -0.510863
v 0.003632 0.639252 -0.519834
v 0.002533 0.624481 -0.527706
v 0.001038 0.608322 -0.535544
v -0.000580 0.591415 -0.543779
v -0.001297 0.568481 -0.557017
v 0.000351 0.542130 -0.573129
v 0.010483 0.639557 -0.470191
v 0.003998 0.456985 -0.539901
v -0.000885 0.451218 -0.524778
v 0.016647 0.584991 -0.431039
v 0.015778 0.574585 -0.412205
v 0.016754 0.632294 -0.341737
v 0.018143 0.613571 -0.357020
v 0.017853 0.587952 -0.378592
v 0.019806 0.559265 -0.391982
v 0.014877 0.538483 -0.421248
v 0.000320 0.471420 -0.482256
v -0.001022 0.457779 -0.497337
v 0.003601 0.462952 -0.468162
v -0.002350 0.444046 -0.510626
v -0.000717 0.389526 -0.547590
v 0.011566 0.453613 -0.453801
v 0.015091 0.466187 -0.437664
v 0.021820 0.445099 -0.441908
v 0.018707 0.478592 -0.422094
v 0.039398 0.544922 -0.338696
v 0.004074 0.499573 -0.579374
v 0.007553 0.496887 -0.574680
v 0.015747 0.495422 -0.567219
v 0.009140 0.356689 -0.534261
v 0.021011 0.372208 -0.502273
v 0.033203 0.371094 -0.494779
v 0.025742 0.417831 -0.462744
v 0.028412 0.429108 -0.448807
v 0.035355 0.416794 -0.458387
v 0.032394 0.440582 -0.433245
v 0.043961 0.438690 -0.427580
v 0.055908 0.438385 -0.425472
v 0.065918 0.439163 -0.426185
v 0.073547 0.440796 -0.428534
v 0.091293 0.413803 -0.441320
v 0.094910 0.397980 -0.448924
v 0.077667 0.403458 -0.451422
v 0.097961 0.386444 -0.456265
v 0.106628 0.396912 -0.445290
v 0.047943 0.369583 -0.489391
v 0.043793 0.382751 -0.481657
v 0.052505 0.357895 -0.497937
v 0.065369 0.398056 -0.461429
v 0.115723 0.472321 -0.328964
v 0.124969 0.474197 -0.316144
v 0.126236 0.465836 -0.337967
v 0.052963 0.505737 -0.345727
v 0.149048 0.463577 -0.352356
v 0.143097 0.463837 -0.349616
v 0.152100 0.462845 -0.354224
v 0.135193 0.461304 -0.371220
v 0.135818 0.463806 -0.345166
v 0.144531 0.465591 -0.329676
v 0.041687 0.415924 -0.458379
v 0.043442 0.392715 -0.477023
v 0.108933 0.447235 -0.415802
v 0.106079 0.453171 -0.419679
v 0.159042 0.411209 -0.398951
v 0.147659 0.404037 -0.412418
v 0.135040 0.397568 -0.427258
v 0.059799 0.347397 -0.506809
v 0.097916 0.474625 -0.380927
v 0.077988 0.481918 -0.353753
v 0.123260 0.465897 -0.389945
v 0.113647 0.472794 -0.405384
v 0.020676 0.673218 -0.572824
v 0.016678 0.579651 -0.626839
v 0.020828 0.560059 -0.633276
v 0.028946 0.377975 -0.603466
v 0.032104 0.389816 -0.606699
v 0.023514 0.363998 -0.596916
v 0.021637 0.352921 -0.590620
v 0.027527 0.514755 -0.643156
v 0.027863 0.527145 -0.638849
v 0.025681 0.546326 -0.637249
v 0.027390 0.537155 -0.637148
v 0.038406 0.611511 -0.280828
v 0.035553 0.615402 -0.277922
v 0.040787 0.604553 -0.277183
v 0.043671 0.604935 -0.283412
v 0.027969 0.569260 -0.345018
v 0.057877 0.589493 -0.289648
v 0.053650 0.488785 -0.373489
v 0.054337 0.491623 -0.371094
v 0.083038 0.433167 -0.436230
v 0.108459 0.470642 -0.416162
v 0.107010 0.465500 -0.418346
v 0.109116 0.473495 -0.413695
v 0.109665 0.401367 -0.440656
v 0.153900 0.461685 -0.355481
v 0.167542 0.467804 -0.337871
v 0.138626 0.451324 -0.374692
v 0.125702 0.441498 -0.391875
v 0.109467 0.474991 -0.410625
v 0.054947 0.493271 -0.369103
v 0.046249 0.501266 -0.372099
v 0.037155 0.512741 -0.376236
v 0.060226 0.415756 -0.456950
v 0.103943 0.455780 -0.421392
v 0.215286 0.417236 -0.375895
v 0.200638 0.418930 -0.375484
v 0.390305 0.459869 -0.410089
v 0.264297 0.553833 -0.551167
v 0.262650 0.559906 -0.565961
v 0.264404 0.540817 -0.538864
v 0.379868 0.631027 -0.430464
v 0.384918 0.648834 -0.444430
v 0.409622 0.596771 -0.392646
v 0.414490 0.582596 -0.382333
v 0.371094 0.592880 -0.434730
v 0.365555 0.574417 -0.449830
v 0.350540 0.558304 -0.457481
v 0.345474 0.472824 -0.472788
v 0.261047 0.517426 -0.541287
v 0.282700 0.614609 -0.553458
v 0.282745 0.666870 -0.538172
v 0.152512 0.682281 -0.608696
v 0.164871 0.620224 -0.601118
v 0.002670 0.518570 -0.602011
v 0.003067 0.614334 -0.552634
v 0.096786 0.629105 -0.648481
v 0.209152 0.581619 -0.592119
v 0.203918 0.586121 -0.590265
v 0.010895 0.526611 -0.614605
v 0.019135 0.531647 -0.625252
v 0.028030 0.532700 -0.637354
v 0.086929 0.661606 -0.621256
v 0.159470 0.666000 -0.591164
v 0.173706 0.624542 -0.584517
v 0.190796 0.597626 -0.584440
v 0.114059 0.560455 -0.632931
v 0.002548 0.496887 -0.609062
v 0.030731 0.455292 -0.642801
v 0.034927 0.664001 -0.416236
v 0.035950 0.644531 -0.432908
v 0.036453 0.629395 -0.446017
v 0.037277 0.615250 -0.457420
v 0.039276 0.598724 -0.468985
v 0.028229 0.464859 -0.572715
v 0.029587 0.449402 -0.581091
v 0.030106 0.434326 -0.591379
v 0.043762 0.412476 -0.611441
v 0.056778 0.407227 -0.617775
v 0.071472 0.403610 -0.621374
v 0.027298 0.690674 -0.554842
v 0.033157 0.399765 -0.606638
v 0.043793 0.340210 -0.586924
v 0.096878 0.373825 -0.602802
v 0.424408 0.593185 -0.387099
v 0.184464 0.362823 -0.565873
v 0.189026 0.371979 -0.561896
v 0.265350 0.410172 -0.533722
v 0.145447 0.420303 -0.621330
v 0.149811 0.427109 -0.615709
v 0.199341 0.395355 -0.550119
v 0.207016 0.420700 -0.543107
v 0.203766 0.435852 -0.553311
v 0.194473 0.445541 -0.568420
v 0.184128 0.454529 -0.576077
v 0.159454 0.442856 -0.600563
v 0.261383 0.562744 -0.571615
v 0.232727 0.704712 -0.553116
v 0.173981 0.547333 -0.627483
v 0.174591 0.529953 -0.626848
v 0.175644 0.515900 -0.624527
v 0.467911 0.655975 -0.347056
v 0.464233 0.659286 -0.336676
v 0.395477 0.668625 -0.455807
v 0.388306 0.668686 -0.456229
v 0.384964 0.668716 -0.457186
v 0.267288 0.740662 -0.045374
v 0.271057 0.734070 -0.089168
v 0.276245 0.725052 -0.097255
v 0.266418 0.740814 -0.105669
v 0.275940 0.724594 -0.075275
v 0.256897 0.696259 -0.188169
v 0.251602 0.714584 -0.179659
v 0.267731 0.694992 -0.174679
v 0.260574 0.680420 -0.199056
v 0.242477 0.698486 -0.200775
v 0.194473 0.716965 -0.222435
v 0.226059 0.698929 -0.211233
v 0.215454 0.696854 -0.218626
v 0.219833 0.715134 -0.200710
v 0.308197 0.693085 -0.112149
v 0.325928 0.687225 -0.117373
v 0.307480 0.697525 -0.116249
v 0.313110 0.685165 -0.106849
v 0.307541 0.686966 -0.129151
v 0.296127 0.691711 -0.127798
v 0.306931 0.695984 -0.121796
v 0.324356 0.680740 -0.133791
v 0.310379 0.673691 -0.139942
v 0.316986 0.680374 -0.058187
v 0.362778 0.681793 -0.121933
v 0.380478 0.683609 -0.126493
v 0.290085 0.696487 -0.129594
v 0.284912 0.708725 -0.125443
v 0.288467 0.705933 -0.118201
v 0.282440 0.712051 -0.069051
v 0.289215 0.700333 -0.071025
v 0.282730 0.712372 -0.085351
v 0.280045 0.716827 -0.055915
v 0.391129 0.733780 -0.444362
v 0.403061 0.697006 -0.451504
v 0.396179 0.705856 -0.451483
v 0.415527 0.719788 -0.426893
v 0.402222 0.719177 -0.440993
v 0.428162 0.719421 -0.411011
v 0.328003 0.740341 -0.490430
v 0.373032 0.714554 -0.452116
v 0.383881 0.717346 -0.452538
v 0.364456 0.714737 -0.449786
v 0.357132 0.726868 -0.462494
v 0.155960 0.679321 -0.236073
v 0.164612 0.677109 -0.251010
v 0.148895 0.679977 -0.222898
v 0.311432 0.664886 -0.148365
v 0.325195 0.663010 -0.148801
v 0.314468 0.657898 -0.154231
v 0.303543 0.665161 -0.150967
v 0.281372 0.664352 -0.178329
v 0.279358 0.676880 -0.169968
v 0.288269 0.664215 -0.166271
v 0.279160 0.646545 -0.185452
v 0.273438 0.666382 -0.193928
v 0.340942 0.663589 -0.148696
v 0.341949 0.670105 -0.143894
v 0.358368 0.661911 -0.151658
v 0.337570 0.656616 -0.149240
v 0.263214 0.669098 -0.215151
v 0.264343 0.654556 -0.224314
v 0.198059 0.676605 -0.284040
v 0.210190 0.673203 -0.294220
v 0.193710 0.685074 -0.263281
v 0.208176 0.680084 -0.271006
v 0.134445 0.666138 -0.197571
v 0.229645 0.669083 -0.307240
v 0.238556 0.669952 -0.298534
v 0.230988 0.665726 -0.326763
v 0.226517 0.666809 -0.348078
v 0.243454 0.661743 -0.353959
v 0.217239 0.670303 -0.373133
v 0.206329 0.667633 -0.347082
v 0.287781 0.709534 -0.113441
v 0.285690 0.712158 -0.115973
v 0.380295 0.684357 -0.129242
v 0.379929 0.682632 -0.132126
v 0.362228 0.685226 -0.129874
v 0.307022 0.698990 -0.118481
v 0.325043 0.691727 -0.123273
v 0.367432 0.730164 -0.445519
v 0.360779 0.715195 -0.449319
v 0.250900 0.666641 -0.260829
v 0.259796 0.656815 -0.270489
v 0.247559 0.667801 -0.268988
v 0.227692 0.679169 -0.237545
v 0.199799 0.701416 -0.249100
v 0.195267 0.700317 -0.248407
v 0.188965 0.720184 -0.232884
v 0.202026 0.700607 -0.245713
v 0.208694 0.686340 -0.261347
v 0.168686 0.688446 -0.241525
v 0.157272 0.692474 -0.225948
v 0.173355 0.690796 -0.242961
v 0.172943 0.672867 -0.262774
v 0.170105 0.665924 -0.264075
v 0.287354 0.709518 0.018953
v 0.280624 0.718857 0.021849
v 0.274078 0.729065 0.023339
v 0.241058 0.651733 -0.353118
v 0.251144 0.646866 -0.333089
v 0.216904 0.640976 -0.363636
v 0.214523 0.643082 -0.357848
v 0.214355 0.646896 -0.370777
v 0.207932 0.672562 -0.392509
v 0.196838 0.671875 -0.407650
v 0.173264 0.707489 -0.229513
v 0.184647 0.696747 -0.245255
v 0.264847 0.736145 -0.131387
v 0.268677 0.724625 -0.142368
v 0.272369 0.711319 -0.151398
v 0.259140 0.728104 -0.156416
v 0.276108 0.720886 -0.129055
v 0.275925 0.694916 -0.160418
v 0.246674 0.730850 -0.169541
v 0.232361 0.731430 -0.180489
v 0.206070 0.697983 -0.237008
v 0.209274 0.696732 -0.226539
v 0.341309 0.678452 -0.136655
v 0.360992 0.677979 -0.138188
v 0.342911 0.685104 -0.130500
v 0.379044 0.678024 -0.137389
v 0.380112 0.669785 -0.146121
v 0.315628 0.679642 -0.073903
v 0.327438 0.677277 -0.076005
v 0.313812 0.680023 -0.088885
v 0.304718 0.683914 -0.072433
v 0.296005 0.691177 -0.071980
v 0.295227 0.692963 -0.086575
v 0.294922 0.695831 -0.098162
v 0.303818 0.686111 -0.096475
v 0.288193 0.705872 -0.099807
v 0.280670 0.717590 -0.121950
v 0.281433 0.716583 -0.100602
v 0.275970 0.725708 -0.040407
v 0.478912 0.694839 -0.303591
v 0.392517 0.717789 -0.449537
v 0.436691 0.719467 -0.395681
v 0.440918 0.718719 -0.379902
v 0.435455 0.691010 -0.378941
v 0.439178 0.702057 -0.368111
v 0.432022 0.686096 -0.377352
v 0.448242 0.711945 -0.347330
v 0.441711 0.713669 -0.350189
v 0.440460 0.714020 -0.364912
v 0.438980 0.713455 -0.355868
v 0.431091 0.684021 -0.376659
v 0.319702 0.739685 -0.496832
v 0.296051 0.664948 -0.156491
v 0.298187 0.656509 -0.161971
v 0.385620 0.657822 -0.158730
v 0.141968 0.669571 -0.215948
v 0.244217 0.669128 -0.284500
v 0.260178 0.658112 -0.307163
v 0.343704 0.687393 -0.127503
v 0.344055 0.686539 -0.125049
v 0.439011 0.713715 -0.351993
v 0.438202 0.698776 -0.347249
v 0.211945 0.681198 -0.266127
v 0.211136 0.696213 -0.222096
v 0.199905 0.713699 -0.210358
v 0.168655 0.656006 -0.263755
v 0.182907 0.653839 -0.280348
v 0.040115 0.617264 -0.150148
v 0.213287 0.649689 -0.374454
v 0.209747 0.653397 -0.368750
v 0.209778 0.653854 -0.381448
v 0.200882 0.663452 -0.398232
v 0.225281 0.622330 -0.331219
v 0.229156 0.613037 -0.307684
v 0.343567 0.675140 -0.093725
v 0.504669 0.666687 -0.253153
v 0.510010 0.663773 -0.232023
v 0.498016 0.671417 -0.275835
v 0.511948 0.646667 -0.254708
v 0.486923 0.678650 -0.301366
v 0.474564 0.681381 -0.324668
v 0.444641 0.688553 -0.345197
v 0.454239 0.677841 -0.341748
v 0.078369 0.505096 -0.184912
v 0.089691 0.493698 -0.192816
v 0.078430 0.511520 -0.203894
v 0.070740 0.515488 -0.173867
v 0.080399 0.496460 -0.166325
v 0.191422 0.468857 -0.246988
v 0.196976 0.468140 -0.251296
v 0.184174 0.471481 -0.260197
v 0.181625 0.469330 -0.243472
v 0.200897 0.458176 -0.205964
v 0.193726 0.457245 -0.181568
v 0.204407 0.448944 -0.205832
v 0.211487 0.452927 -0.229820
v 0.201126 0.464111 -0.209640
v 0.222687 0.435394 -0.242660
v 0.218689 0.441238 -0.254576
v 0.219421 0.437241 -0.223438
v 0.262924 0.404373 -0.245992
v 0.258301 0.402573 -0.272331
v 0.251907 0.406082 -0.247650
v 0.265381 0.407288 -0.224031
v 0.172333 0.453995 -0.178463
v 0.164124 0.454193 -0.164500
v 0.179535 0.455566 -0.172163
v 0.175720 0.456711 -0.196673
v 0.142960 0.460403 -0.164251
v 0.135056 0.464996 -0.176642
v 0.121689 0.471161 -0.170641
v 0.255188 0.411972 -0.212743
v 0.244614 0.414566 -0.215879
v 0.242279 0.412842 -0.228341
v 0.241577 0.417633 -0.207065
v 0.247406 0.415924 -0.189511
v 0.200851 0.434402 -0.162386
v 0.205826 0.434708 -0.182539
v 0.192657 0.444946 -0.159700
v 0.485443 0.571548 -0.289454
v 0.488129 0.564819 -0.297291
v 0.480637 0.577286 -0.282032
v 0.487350 0.553864 -0.304674
v 0.484238 0.539795 -0.310401
v 0.476639 0.582001 -0.276217
v 0.473770 0.586288 -0.273293
v 0.483932 0.587173 -0.269630
v 0.494583 0.588745 -0.267541
v 0.475891 0.587982 -0.271235
v 0.203445 0.415619 -0.355602
v 0.209717 0.414230 -0.346480
v 0.193634 0.421875 -0.352370
v 0.236450 0.414642 -0.281428
v 0.238510 0.413605 -0.269456
v 0.214096 0.442795 -0.261284
v 0.208130 0.446960 -0.262297
v 0.198715 0.429306 -0.319565
v 0.192200 0.430283 -0.333356
v 0.191757 0.440796 -0.313449
v 0.203964 0.429184 -0.308009
v 0.206436 0.419327 -0.327635
v 0.046478 0.586349 -0.268565
v 0.038559 0.602585 -0.266109
v 0.050430 0.573853 -0.260056
v 0.099243 0.498779 -0.243039
v 0.094009 0.510376 -0.263602
v 0.089813 0.504501 -0.235943
v 0.169098 0.464813 -0.312292
v 0.178848 0.462219 -0.306533
v 0.160049 0.466949 -0.314651
v 0.161072 0.475494 -0.260610
v 0.165359 0.471085 -0.250543
v 0.171616 0.475510 -0.266606
v 0.148010 0.476013 -0.253360
v 0.134903 0.484787 -0.277431
v 0.134979 0.485779 -0.283489
v 0.124695 0.486908 -0.285857
v 0.130478 0.485703 -0.271929
v 0.186111 0.432419 -0.346172
v 0.181412 0.444168 -0.337816
v 0.253387 0.402618 -0.294210
v 0.248337 0.403870 -0.312910
v 0.194870 0.653168 -0.298583
v 0.203537 0.652710 -0.318001
v 0.194931 0.640793 -0.298028
v 0.257172 0.644012 -0.314547
v 0.258408 0.641403 -0.295600
v 0.245865 0.628098 -0.309089
v 0.255630 0.639130 -0.274378
v 0.254166 0.635040 -0.254099
v 0.209747 0.648956 -0.340714
v 0.206192 0.656921 -0.345664
v 0.212479 0.636337 -0.334688
v 0.211548 0.620880 -0.329024
v 0.203552 0.621323 -0.314866
v 0.217468 0.619308 -0.340678
v 0.210083 0.605515 -0.325901
v 0.170334 0.601532 -0.248901
v 0.170807 0.589142 -0.232551
v 0.156876 0.624222 -0.231102
v 0.168152 0.618027 -0.263436
v 0.226059 0.591293 -0.296233
v 0.230103 0.599197 -0.286651
v 0.229874 0.576324 -0.274134
v 0.222382 0.585724 -0.306549
v 0.214523 0.545364 -0.252933
v 0.201874 0.543213 -0.239262
v 0.227493 0.544800 -0.262791
v 0.224945 0.528442 -0.237419
v 0.199341 0.549667 -0.219433
v 0.209030 0.536942 -0.209974
v 0.199234 0.557465 -0.208820
v 0.197632 0.544556 -0.229107
v 0.144821 0.639633 -0.186154
v 0.159668 0.613876 -0.198819
v 0.147949 0.639038 -0.179201
v 0.198334 0.561081 -0.199838
v 0.206177 0.549637 -0.188171
v 0.197449 0.562088 -0.191859
v 0.176468 0.598740 -0.175924
v 0.186142 0.582794 -0.175087
v 0.175354 0.603470 -0.161973
v 0.165115 0.617477 -0.172128
v 0.176804 0.593994 -0.188729
v 0.193726 0.570450 -0.171148
v 0.198883 0.559769 -0.163689
v 0.191269 0.574860 -0.158660
v 0.195877 0.565002 -0.183105
v 0.200211 0.550583 -0.153278
v 0.199844 0.542206 -0.137393
v 0.196381 0.555801 -0.142682
v 0.202560 0.545456 -0.160315
v 0.169479 0.566025 -0.157210
v 0.161514 0.561569 -0.161843
v 0.159271 0.577484 -0.160408
v 0.176300 0.557709 -0.150436
v 0.121048 0.588837 -0.162453
v 0.127808 0.576187 -0.167271
v 0.105209 0.587570 -0.160916
v 0.109329 0.605148 -0.156092
v 0.132507 0.590439 -0.163637
v 0.137466 0.535370 -0.136792
v 0.134399 0.541153 -0.144447
v 0.146118 0.539688 -0.137094
v 0.139221 0.527573 -0.125593
v 0.130783 0.530014 -0.136495
v 0.132492 0.545486 -0.149138
v 0.139420 0.550522 -0.153588
v 0.127350 0.546417 -0.149940
v 0.112183 0.549332 -0.146837
v 0.109955 0.546036 -0.142798
v 0.118256 0.548340 -0.149240
v 0.107147 0.543457 -0.139284
v 0.094925 0.544952 -0.141245
v 0.110443 0.537689 -0.135551
v 0.087128 0.559891 -0.165976
v 0.096298 0.568375 -0.171551
v 0.079926 0.551224 -0.159481
v 0.071854 0.562302 -0.178975
v 0.114731 0.530365 -0.128762
v 0.118118 0.522751 -0.119629
v 0.102478 0.529816 -0.124243
v 0.124313 0.528732 -0.134224
v 0.077530 0.506088 -0.134213
v 0.071808 0.514175 -0.147520
v 0.080093 0.515228 -0.126998
v 0.084320 0.499146 -0.124149
v 0.079498 0.497284 -0.144098
v 0.053131 0.553162 -0.201239
v 0.045486 0.568771 -0.217354
v 0.052429 0.561768 -0.196392
v 0.060730 0.539169 -0.183900
v 0.058868 0.570007 -0.192993
v 0.063385 0.577896 -0.193919
v 0.046417 0.582123 -0.209366
v 0.073349 0.607513 -0.147836
v 0.062607 0.617386 -0.142393
v 0.083130 0.613937 -0.147461
v 0.081604 0.597229 -0.154591
v 0.061844 0.603592 -0.150603
v 0.049789 0.613770 -0.146652
v 0.051926 0.602905 -0.156054
v 0.062515 0.592514 -0.164295
v 0.046021 0.603821 -0.159770
v 0.202606 0.451950 -0.265079
v 0.200684 0.462997 -0.257265
v 0.207397 0.434906 -0.278586
v 0.198273 0.451416 -0.274088
v 0.091690 0.587921 -0.160245
v 0.087936 0.584412 -0.163872
v 0.028168 0.623795 -0.270997
v 0.027130 0.626617 -0.265539
v 0.042160 0.582367 -0.229745
v 0.046326 0.573898 -0.237367
v 0.038422 0.600891 -0.242287
v 0.040970 0.588058 -0.224899
v 0.149323 0.638596 -0.175797
v 0.163757 0.613602 -0.189047
v 0.150406 0.638046 -0.172211
v 0.176819 0.592316 -0.194142
v 0.175659 0.592789 -0.196910
v 0.188019 0.575226 -0.193123
v 0.203918 0.543274 -0.163528
v 0.206100 0.541779 -0.166114
v 0.204681 0.534164 -0.145582
v 0.202469 0.552887 -0.178514
v 0.167084 0.543274 -0.143731
v 0.170517 0.545456 -0.143078
v 0.168243 0.536240 -0.130977
v 0.163498 0.542542 -0.142628
v 0.164612 0.550446 -0.155324
v 0.158188 0.559387 -0.163194
v 0.155182 0.557861 -0.161984
v 0.151474 0.566986 -0.167766
v 0.064728 0.581207 -0.193931
v 0.099274 0.572006 -0.173331
v 0.094452 0.575272 -0.172277
v 0.114517 0.571915 -0.169595
v 0.066956 0.582092 -0.177665
v 0.070908 0.582169 -0.174832
v 0.042969 0.604263 -0.161263
v 0.130966 0.570984 -0.168713
v 0.143631 0.570099 -0.169145
v 0.131058 0.568542 -0.167338
v 0.173233 0.603989 -0.155736
v 0.181580 0.588623 -0.155913
v 0.168900 0.602432 -0.153850
v 0.162506 0.621490 -0.152594
v 0.188263 0.575684 -0.153002
v 0.192047 0.565399 -0.146961
v 0.192383 0.557449 -0.137795
v 0.191483 0.549942 -0.127109
v 0.186661 0.555740 -0.137563
v 0.219650 0.618790 -0.344571
v 0.189285 0.602158 -0.301406
v 0.190384 0.608597 -0.301570
v 0.199783 0.598221 -0.313567
v 0.190765 0.595581 -0.295087
v 0.178528 0.610947 -0.286965
v 0.167877 0.624420 -0.269178
v 0.220795 0.583740 -0.310182
v 0.220367 0.582092 -0.308654
v 0.216797 0.596924 -0.325521
v 0.232513 0.545181 -0.266099
v 0.233963 0.549316 -0.263929
v 0.241684 0.529449 -0.246119
v 0.224258 0.562851 -0.285592
v 0.248901 0.516937 -0.222296
v 0.250153 0.521027 -0.220320
v 0.255371 0.504654 -0.195354
v 0.244705 0.516159 -0.220955
v 0.232178 0.602890 -0.282878
v 0.234283 0.606339 -0.285091
v 0.235687 0.590652 -0.260607
v 0.221359 0.514526 -0.206620
v 0.225021 0.514603 -0.209811
v 0.234055 0.503052 -0.181960
v 0.220230 0.517334 -0.202522
v 0.209061 0.527359 -0.225089
v 0.128281 0.527847 -0.135960
v 0.131119 0.520676 -0.127445
v 0.118759 0.633255 -0.150197
v 0.134125 0.613373 -0.154629
v 0.113785 0.630768 -0.154069
v 0.126938 0.634674 -0.146641
v 0.096069 0.621475 -0.150714
v 0.083572 0.634369 -0.146869
v 0.106979 0.626740 -0.154363
v 0.161392 0.601105 -0.153174
v 0.154907 0.597275 -0.154787
v 0.150116 0.617722 -0.150195
v 0.148407 0.570023 -0.169364
v 0.145691 0.575760 -0.168104
v 0.082336 0.535645 -0.277947
v 0.088486 0.534485 -0.283058
v 0.090561 0.533722 -0.285627
v 0.100906 0.507996 -0.276374
v 0.120178 0.486343 -0.293065
v 0.125870 0.486237 -0.290538
v 0.123047 0.482697 -0.299096
v 0.187302 0.468781 -0.154944
v 0.186111 0.467209 -0.156248
v 0.187958 0.465668 -0.154984
v 0.192245 0.468964 -0.182703
v 0.200363 0.466660 -0.211113
v 0.199432 0.467316 -0.253601
v 0.192093 0.469101 -0.265993
v 0.183289 0.460480 -0.304710
v 0.185196 0.457336 -0.305766
v 0.180069 0.460205 -0.315447
v 0.216293 0.425812 -0.288447
v 0.213974 0.426498 -0.291948
v 0.194855 0.452255 -0.282897
v 0.190628 0.462845 -0.280287
v 0.200516 0.439026 -0.290795
v 0.191132 0.452179 -0.296038
v 0.472183 0.623001 -0.305924
v 0.471985 0.604553 -0.289950
v 0.470367 0.641815 -0.319865
v 0.472977 0.588257 -0.272374
v 0.270767 0.535156 -0.149835
v 0.267303 0.523361 -0.153216
v 0.263977 0.548035 -0.176097
v 0.274796 0.555344 -0.148117
v 0.294250 0.628815 -0.112499
v 0.291779 0.630112 -0.128176
v 0.297913 0.637650 -0.110839
v 0.178406 0.543503 -0.128526
v 0.214355 0.529709 -0.152699
v 0.264130 0.502289 -0.160781
v 0.258224 0.518066 -0.187920
v 0.265289 0.513550 -0.156552
v 0.263062 0.492874 -0.164358
v 0.238235 0.504105 -0.146049
v 0.228104 0.514496 -0.170143
v 0.244064 0.495377 -0.152729
v 0.313507 0.652405 -0.139469
v 0.321838 0.652313 -0.137731
v 0.312424 0.650925 -0.128550
v 0.305603 0.650330 -0.138817
v 0.314377 0.654404 -0.147966
v 0.332062 0.649902 -0.132406
v 0.336136 0.650436 -0.136584
v 0.344543 0.645752 -0.123072
v 0.332764 0.648712 -0.124979
v 0.333939 0.649673 -0.120578
v 0.344772 0.645691 -0.118890
v 0.302322 0.644440 -0.112031
v 0.300034 0.644089 -0.126142
v 0.307663 0.649292 -0.115273
v 0.305313 0.645844 -0.097124
v 0.156677 0.535004 -0.126993
v 0.246780 0.491943 -0.155490
v 0.249283 0.491287 -0.157765
v 0.349503 0.644440 -0.119202
v 0.351776 0.646698 -0.123298
v 0.468369 0.672104 -0.331408
v 0.478180 0.656906 -0.320315
v 0.465164 0.664505 -0.331773
v 0.130814 0.474991 -0.307649
v 0.139893 0.469711 -0.312292
v 0.344101 0.676971 -0.104938
v 0.326920 0.679092 -0.103521
v 0.344330 0.680084 -0.113931
v 0.314514 0.681244 -0.099820
v 0.344772 0.683640 -0.120672
v 0.103241 0.485977 -0.200190
v 0.103317 0.482147 -0.181006
v 0.145142 0.468018 -0.218636
v 0.137909 0.474976 -0.233807
v 0.170853 0.468292 -0.240625
v 0.175018 0.465317 -0.228448
v 0.177124 0.461136 -0.213908
v 0.212555 0.437439 -0.204489
v 0.224030 0.424759 -0.199005
v 0.240189 0.412872 -0.249635
v 0.183777 0.461792 -0.161318
v 0.107285 0.477493 -0.164293
v 0.092957 0.484619 -0.158751
v 0.111374 0.474197 -0.150687
v 0.083939 0.490891 -0.153306
v 0.235336 0.418655 -0.194518
v 0.232819 0.416458 -0.180731
v 0.237335 0.410751 -0.169008
v 0.188950 0.457245 -0.156610
v 0.503723 0.596115 -0.265648
v 0.500427 0.613144 -0.281860
v 0.515610 0.629517 -0.255836
v 0.215530 0.412842 -0.335158
v 0.222717 0.411179 -0.324784
v 0.225647 0.408859 -0.342079
v 0.229340 0.410751 -0.315565
v 0.236954 0.406097 -0.322765
v 0.209106 0.428146 -0.298849
v 0.079483 0.516083 -0.225781
v 0.055527 0.560226 -0.248673
v 0.133759 0.480713 -0.244288
v 0.129196 0.485703 -0.252650
v 0.123032 0.489380 -0.262989
v 0.150787 0.467819 -0.314514
v 0.153122 0.471191 -0.301479
v 0.154938 0.476456 -0.291620
v 0.156631 0.481339 -0.284621
v 0.179459 0.472855 -0.273129
v 0.185211 0.469391 -0.276596
v 0.177261 0.473221 -0.281301
v 0.101288 0.496490 -0.291098
v 0.104401 0.498184 -0.278374
v 0.243332 0.405533 -0.326086
v 0.238083 0.407059 -0.335924
v 0.202713 0.663223 -0.351210
v 0.193527 0.624435 -0.300301
v 0.143982 0.645889 -0.210974
v 0.145889 0.653198 -0.223317
v 0.195343 0.579285 -0.277711
v 0.251785 0.531265 -0.214401
v 0.244598 0.544067 -0.238053
v 0.253311 0.541229 -0.208125
v 0.236313 0.559845 -0.257172
v 0.239426 0.570511 -0.248239
v 0.234222 0.515808 -0.216871
v 0.244492 0.503479 -0.190047
v 0.238449 0.613525 -0.293252
v 0.245178 0.585739 -0.241601
v 0.251175 0.571426 -0.223973
v 0.242477 0.578568 -0.243151
v 0.249847 0.601303 -0.238840
v 0.257523 0.558975 -0.201001
v 0.255234 0.549789 -0.203849
v 0.262131 0.578491 -0.197775
v 0.258682 0.627991 -0.230941
v 0.264496 0.619507 -0.211489
v 0.270645 0.610443 -0.192110
v 0.298187 0.652710 -0.158519
v 0.298859 0.650620 -0.148416
v 0.306824 0.654327 -0.155327
v 0.218475 0.524979 -0.193292
v 0.215576 0.533981 -0.180731
v 0.172531 0.594452 -0.201916
v 0.210968 0.538727 -0.171411
v 0.152725 0.637100 -0.164779
v 0.151535 0.640671 -0.152652
v 0.115067 0.663147 -0.154407
v 0.133163 0.656601 -0.145342
v 0.148056 0.592911 -0.159131
v 0.141190 0.591843 -0.162680
v 0.177902 0.550674 -0.140703
v 0.129532 0.564041 -0.163723
v 0.124878 0.556396 -0.157090
v 0.139603 0.560455 -0.162110
v 0.148483 0.555267 -0.158837
v 0.153625 0.548157 -0.151241
v 0.155640 0.541702 -0.139726
v 0.122971 0.548965 -0.151282
v 0.077011 0.541748 -0.151286
v 0.083664 0.532120 -0.135931
v 0.067978 0.534760 -0.157739
v 0.089371 0.523849 -0.123779
v 0.094696 0.517487 -0.113329
v 0.066574 0.525757 -0.164758
v 0.040604 0.593521 -0.221313
v 0.080826 0.582443 -0.169193
v 0.029419 0.631378 -0.258248
v 0.196869 0.562805 -0.188163
v 0.148911 0.640991 -0.146838
v 0.144363 0.639114 -0.145211
v 0.209549 0.599228 -0.324335
v 0.146744 0.656555 -0.228425
v 0.219833 0.580978 -0.307768
v 0.254105 0.545685 -0.205538
v 0.247437 0.559174 -0.228193
v 0.260513 0.532639 -0.179733
v 0.241028 0.575119 -0.244462
v 0.197357 0.542664 -0.233532
v 0.171570 0.584305 -0.226118
v 0.137665 0.591232 -0.163946
v 0.125732 0.610855 -0.159034
v 0.098511 0.643875 -0.153083
v 0.111572 0.628998 -0.155504
v 0.136444 0.636810 -0.145070
v 0.105377 0.498886 -0.273145
v 0.232666 0.408234 -0.345403
v 0.188187 0.467224 -0.278794
v 0.175583 0.464935 -0.325491
v 0.176987 0.461792 -0.327639
v 0.176270 0.473068 -0.285596
v 0.167557 0.479767 -0.281280
v 0.157333 0.483200 -0.280879
v 0.146118 0.484741 -0.283279
v 0.134964 0.485718 -0.286970
v 0.178467 0.454681 -0.331983
v 0.183640 0.450241 -0.320828
v 0.187729 0.450287 -0.308741
v 0.490768 0.636444 -0.302052
v 0.279236 0.584167 -0.146924
v 0.284256 0.617828 -0.146325
v 0.254562 0.490753 -0.162787
v 0.260132 0.489471 -0.164863
v 0.298798 0.646744 -0.138052
v 0.293762 0.641800 -0.138737
v 0.288773 0.634415 -0.143065
v 0.314316 0.652145 -0.116666
v 0.320068 0.654984 -0.102772
v 0.364029 0.653442 -0.120067
v 0.395630 0.655472 -0.150110
v 0.376465 0.655258 -0.146439
v 0.362564 0.656067 -0.140089
v 0.355835 0.653290 -0.133788
v 0.347687 0.651123 -0.137585
v 0.265915 0.518356 -0.154752
v 0.262253 0.489609 -0.165970
v 0.313965 0.655228 -0.153663
v 0.325226 0.654694 -0.149827
v 0.339554 0.651474 -0.141140
v 0.463562 0.661072 -0.332554
f 865 1 863 862
f 869 4 867 866
f 874 8 872 871
f 878 11 876 875
f 891 21 889 888
f 895 22 893 892
f 906 28 904 903
f 910 30 908 907
f 914 33 912 911
f 918 36 916 915
f 922 38 920 919
f 926 40 924 923
f 930 42 928 927
f 934 45 932 931
f 938 48 936 935
f 942 51 940 939
f 946 54 944 943
f 950 57 948 947
f 954 60 952 951
f 958 63 956 955
f 961 66 960 959
f 965 67 963 962
f 969 69 967 966
f 973 72 971 970
f 979 75 977 976
f 983 78 981 980
f 987 79 985 984
f 991 83 989 988
f 995 81 993 992
f 998 87 994 996
f 1002 89 1000 999
f 1006 92 1004 1003
f 1010 95 1008 1007
f 1014 97 1012 1011
f 1018 100 1016 1015
f 1021 101 1016 1019
f 1025 104 1023 1022
f 1029 106 1027 1026
f 1032 108 1031 1030
f 1035 108 1032 1033
f 1039 110 1037 1036
f 1043 113 1041 1040
f 1047 111 1045 1044
f 1051 117 1049 1048
f 1055 120 1053 1052
f 1059 123 1057 1056
f 1063 125 1061 1060
f 1067 128 1065 1064
f 1071 131 1069 1068
f 1075 125 1073 1072
f 1079 136 1077 1076
f 1083 139 1081 1080
f 1086 74 1085 1084
f 1090 142 1088 1087
f 1094 145 1092 1091
f 1099 150 1098 1097
f 1103 151 1101 1100
f 1107 154 1105 1104
f 1111 157 1109 1108
f 1115 160 1113 1112
f 1119 163 1117 1116
f 1124 168 1122 1121
f 1128 171 1126 1125
f 1132 173 1130 1129
f 1136 175 1134 1133
f 1140 179 1138 1137
f 1144 182 1142 1141
f 1148 185 1146 1145
f 1152 188 1150 1149
f 1156 191 1154 1153
f 1160 182 1158 1157
f 1164 196 1162 1161
f 1168 199 1166 1165
f 1172 202 1170 1169
f 1176 205 1174 1173
f 1179 206 1174 1177
f 1182 209 1181 1180
f 1186 210 1184 1183
f 1190 213 1188 1187
f 1193 200 1166 1191
f 1197 217 1195 1194
f 1201 219 1199 1198
f 1205 222 1203 1202
f 1209 225 1207 1206
f 1213 228 1211 1210
f 1217 231 1215 1214
f 1181 209 1219 1218
f 1224 164 1222 1221
f 1228 237 1226 1225
f 1232 240 1230 1229
f 1237 205 1235 1234
f 1241 227 1239 1238
f 1245 204 1243 1242
f 1249 247 1247 1246
f 1252 212 1251 1250
f 1255 249 1254 1253
f 1258 145 1257 1256
f 1261 66 961 1259
f 1265 253 1263 1262
f 1269 254 1267 1266
f 1272 255 1267 1270
f 1276 258 1274 1273
f 1280 260 1278 1277
f 1284 261 1282 1281
f 1288 263 1286 1285
f 1291 89 1290 1289
f 1295 266 1293 1292
f 1299 256 1297 1296
f 1303 270 1301 1300
f 1307 272 1305 1304
f 1311 275 1309 1308
f 1315 278 1313 1312
f 1319 281 1317 1316
f 1323 284 1321 1320
f 1327 71 1325 1324
f 1331 135 1329 1328
f 1335 289 1333 1332
f 1341 29 1339 1338
f 1345 292 1343 1342
f 1349 297 1347 1346
f 1353 300 1351 1350
f 1357 303 1355 1354
f 1361 298 1359 1358
f 1364 298 1361 1362
f 1368 307 1366 1365
f 1372 310 1370 1369
f 1376 312 1374 1373
f 1380 138 1378 1377
f 1383 316 1382 1381
f 1387 317 1385 1384
f 1391 319 1389 1388
f 1395 321 1393 1392
f 1399 323 1397 1396
f 1402 326 1401 1400
f 1406 123 1404 1403
f 1410 62 1408 1407
f 1414 329 1412 1411
f 1418 92 1416 1415
f 1421 119 1275 1419
f 1425 332 1423 1422
f 1429 111 1427 1426
f 1432 133 1431 1430
f 1435 210 1248 1433
f 1439 176 1437 1436
f 1442 169 1441 1440
f 1446 237 1444 1443
f 1452 338 1451 1450
f 1455 207 1175 1453
f 1459 340 1457 1456
f 1463 343 1461 1460
f 1467 346 1465 1464
f 1470 182 1469 1468
f 1473 188 1472 1471
f 1477 349 1475 1474
f 1480 188 1479 1478
f 1483 104 1294 1481
f 1486 257 1485 1484
f 1490 172 1488 1487
f 1317 281 1492 1491
f 1497 354 1495 1494
f 1504 360 1502 1501
f 1509 46 1507 1506
f 1512 366 1511 1510
f 1516 33 925 1514
f 1522 371 1520 1519
f 1526 374 1524 1523
f 1530 377 1528 1527
f 1534 380 1532 1531
f 1537 382 1533 1535
f 1541 384 1539 1538
f 1545 387 1543 1542
f 1549 390 1547 1546
f 1553 362 1551 1550
f 1557 395 1555 1554
f 1509 365 1559 1558
f 1516 369 1561 1560
f 1573 400 1571 1570
f 1576 362 1503 1574
f 1580 406 1578 1577
f 1584 402 1582 1581
f 1587 412 1586 1585
f 1590 387 1545 1588
f 1594 363 1592 1591
f 1598 414 1596 1595
f 1603 418 1601 1600
f 1607 421 1605 1604
f 1611 424 1609 1608
f 1615 427 1613 1612
f 1620 429 1618 1617
f 1624 432 1622 1621
f 1628 435 1626 1625
f 1632 438 1630 1629
f 1636 440 1634 1633
f 1640 438 1638 1637
f 1644 444 1642 1641
f 1648 447 1646 1645
f 1652 450 1650 1649
f 1656 444 1654 1653
f 1660 455 1658 1657
f 1664 386 1662 1661
f 1668 412 1666 1665
f 1672 460 1670 1669
f 1676 463 1674 1673
f 1680 466 1678 1677
f 1683 469 1682 1681
f 1687 470 1685 1684
f 1691 388 1689 1688
f 1694 388 1691 1692
f 1701 479 1699 1698
f 1704 480 1703 1702
f 1708 479 1706 1705
f 1711 485 1710 1709
f 1532 380 1713 1712
f 1718 462 1716 1715
f 1722 488 1720 1719
f 1727 493 1725 1724
f 1732 498 1730 1729
f 1736 501 1734 1733
f 1623 433 1738 1737
f 1743 504 1741 1740
f 1748 508 1746 1745
f 1219 209 1750 1749
f 1611 426 1753 1752
f 1758 513 1756 1755
f 1762 516 1760 1759
f 1766 518 1764 1763
f 1770 519 1768 1767
f 1773 446 1643 1771
f 1776 462 1718 1774
f 1789 483 1787 1786
f 1792 6 1791 1790
f 864 2 1794 1793
f 1805 532 1803 1802
f 1797 532 1805 1806
f 889 21 1809 1808
f 898 12 1812 1811
f 1818 535 1816 1815
f 1824 15 881 1822
f 1823 16 1821 1825
f 894 23 1838 1837
f 1838 23 1841 1840
f 1844 535 1818 1842
f 876 11 1848 1849
f 1830 533 1809 1854
f 891 17 1852 1857
f 895 17 890 1858
f 1843 13 877 1859
f 1864 295 1861 1860
f 1870 296 1343 1868
f 1875 38 964 1874
f 1879 295 1864 1876
f 1883 31 908 1881
f 1863 539 1885 1884
f 1890 545 1889 1888
f 1862 46 932 1891
f 1356 304 1894 1893
f 1892 45 1898 1897
f 1899 547 1902 1901
f 1908 549 1906 1905
f 1912 301 1351 1909
f 1916 301 1912 1913
f 1924 555 1922 1921
f 1923 556 1926 1925
f 1933 51 1931 1930
f 1936 49 936 1934
f 1941 561 1938 1937
f 1944 77 978 1942
f 967 69 1946 1945
f 1949 558 1929 1948
f 1953 311 1370 1950
f 1372 54 1955 1954
f 1960 564 1958 1957
f 1964 566 1962 1961
f 1371 311 1966 1965
f 1953 32 1969 1968
f 1974 63 1971 1970
f 1977 569 1976 1975
f 1982 570 1979 1978
f 1984 59 1340 1983
f 1989 572 1986 1985
f 1992 573 1991 1990
f 1992 565 1963 1993
f 1999 574 1997 1996
f 2002 575 2001 2000
f 2006 72 2004 2003
f 2009 577 2008 2007
f 2014 578 2011 2010
f 2014 581 2016 2015
f 2002 574 2019 2018
f 2023 319 1391 2022
f 2027 584 2025 2024
f 2032 586 2029 2028
f 2036 316 2034 2033
f 2039 588 2038 2037
f 1005 93 1386 2040
f 2045 589 2042 2041
f 2049 591 2047 2046
f 2051 325 1398 2050
f 2055 592 2053 2052
f 2059 594 2057 2056
f 2063 95 2061 2060
f 1406 327 2065 2064
f 2072 598 2069 2068
f 2065 327 2074 2073
f 989 83 2077 2076
f 2081 328 1409 2080
f 2078 602 2083 2082
f 2089 605 2087 2086
f 2092 597 2075 2090
f 1390 317 1387 2093
f 2096 607 2095 2094
f 2100 604 2098 2097
f 2091 598 2072 2101
f 2107 608 2104 2103
f 1305 272 1869 2108
f 2113 612 2112 2111
f 2116 117 1051 2114
f 2120 613 2118 2117
f 2124 615 2122 2121
f 2128 616 2126 2125
f 1069 131 2127 2129
f 2135 618 2132 2131
f 2139 620 2137 2136
f 2143 268 2141 2140
f 2147 621 2145 2144
f 2150 143 1088 2148
f 2155 623 2152 2151
f 2158 332 1425 2156
f 2162 608 2107 2159
f 2166 626 2164 2163
f 1482 267 2168 2167
f 2173 622 2171 2170
f 2138 116 1045 2174
f 2178 334 1428 2176
f 2157 147 1093 2179
f 2185 322 2149 2182
f 2189 145 2187 2186
f 2196 260 2194 2193
f 2201 629 2198 2197
f 2207 155 1105 2205
f 2211 633 2209 2208
f 2216 637 2214 2213
f 2221 219 2218 2217
f 2224 211 1184 2222
f 2228 641 2227 2226
f 2232 642 2230 2229
f 2236 644 2234 2233
f 2240 646 2238 2237
f 2244 648 2242 2241
f 2249 650 2246 2245
f 2253 654 2251 2250
f 2258 656 2255 2254
f 2263 281 2260 2259
f 2267 661 2261 2264
f 1164 198 2269 2268
f 2275 173 2272 2271
f 1446 337 1448 2276
f 2256 657 2283 2282
f 2289 669 2287 2286
f 2292 670 2291 2290
f 2227 641 2294 2293
f 2231 643 2297 2296
f 2239 647 2300 2299
f 2243 649 2304 2303
f 2309 652 2307 2306
f 2252 655 2311 2310
f 2319 675 2318 2317
f 2323 676 2321 2320
f 2327 156 2325 2324
f 2332 676 2329 2328
f 2323 677 2334 2333
f 2339 682 2337 2336
f 2343 183 2341 2340
f 2346 179 2345 2344
f 2350 684 2348 2347
f 2335 681 2352 2351
f 2358 685 2355 2354
f 2362 223 2360 2359
f 2364 686 2361 2363
f 2369 201 2366 2365
f 2374 691 2371 2370
f 2378 234 2376 2375
f 2381 338 2380 2379
f 2386 695 2383 2382
f 1255 214 1188 2387
f 2391 249 2389 2390
f 2395 698 2393 2392
f 2398 343 1463 2396
f 2403 233 2400 2399
f 1156 193 2405 2404
f 2356 686 2364 2408
f 2401 699 2411 2410
f 1226 237 2415 2414
f 2418 162 1114 2416
f 2422 704 2420 2419
f 2270 664 2266 2423
f 1313 278 2427 2426
f 2431 208 1178 2430
f 2433 189 1150 2432
f 1480 185 2342 2434
f 2439 342 2437 2436
f 2443 229 2441 2440
f 2443 344 1476 2444
f 2448 226 1207 2446
f 2447 225 2450 2449
f 2455 709 2454 2453
f 2459 710 2457 2456
f 2461 218 1196 2460
f 2463 53 941 2462
f 1395 323 1399 2464
f 2469 549 2467 2466
f 2472 551 1914 2470
f 2477 713 2476 2475
f 2481 590 2479 2478
f 2483 88 2044 2482
f 2465 325 2051 2484
f 2490 715 2488 2487
f 2494 57 2492 2491
f 2496 67 965 2495
f 2498 61 960 2497
f 1265 66 1261 2499
f 1485 257 2501 2500
f 2507 279 2505 2504
f 2510 235 1222 2508
f 1274 258 2512 2511
f 1276 119 1050 2515
f 1489 160 1115 2517
f 2510 162 2519 2518
f 1279 97 1014 2520
f 1286 263 2523 2522
f 1290 89 2525 2524
f 1297 256 1268 2526
f 2529 719 2528 2527
f 2533 668 2284 2535
f 2536 667 2288 2538
f 2542 707 2427 2540
f 2546 722 2544 2543
f 2549 705 2421 2547
f 2554 653 2551 2550
f 2552 648 2244 2555
f 2556 646 2240 2558
f 2565 728 2562 2561
f 2563 283 2567 2566
f 2279 337 1445 2570
f 2577 284 1323 2575
f 1359 298 1347 2578
f 1353 302 1360 2580
f 2585 357 2175 2582
f 1496 355 2184 2586
f 1330 128 1067 2587
f 2590 40 2589 2588
f 1341 59 2592 2591
f 2595 35 2594 2593
f 2597 36 2592 2596
f 900 25 1871 2600
f 2595 563 2589 2601
f 1882 30 2594 2602
f 916 36 2597 2604
f 1924 289 1886 2607
f 930 44 2611 2610
f 1363 302 1352 2613
f 1889 545 1900 2614
f 934 47 2616 2615
f 1908 304 1355 2618
f 2608 299 1348 2619
f 1936 560 1938 2620
f 1935 48 2623 2622
f 1932 558 1949 2625
f 1973 566 1964 2626
f 1984 571 1979 2627
f 2494 64 956 2628
f 1967 58 948 2630
f 2634 735 2632 2631
f 2637 735 2634 2635
f 1260 60 2636 2638
f 1941 562 2640 2639
f 2642 712 2640 2641
f 938 50 1986 2643
f 2649 715 2647 2646
f 2490 94 1998 2650
f 2654 315 2652 2651
f 2656 581 2013 2655
f 2180 146 2016 2657
f 2660 353 2658 2659
f 2662 136 1079 2661
f 1086 136 2662 2663
f 2021 582 2034 2664
f 2667 587 2031 2666
f 2667 317 1389 2668
f 2672 736 2671 2670
f 2674 586 2032 2673
f 2674 736 2672 2675
f 2476 713 2677 2676
f 2679 716 2488 2678
f 1413 252 2479 2680
f 2682 596 2061 2681
f 982 79 987 2683
f 2686 328 2685 2684
f 2079 603 2688 2687
f 1405 82 2690 2689
f 2637 62 2690 2691
f 2632 735 2692 2693
f 2480 252 1994 2694
f 2085 604 2100 2696
f 2698 274 2523 2697
f 2088 272 1307 2699
f 2096 594 2059 2700
f 2695 569 2633 2701
f 2704 737 2703 2702
f 1012 97 2519 2705
f 2709 150 2708 2707
f 2711 150 2709 2710
f 1021 103 2503 2712
f 1017 101 1024 2713
f 2718 631 2716 2715
f 2714 105 2720 2719
f 2599 544 2200 2721
f 2569 238 2724 2723
f 1227 236 2195 2725
f 2194 260 2728 2727
f 2716 631 2199 2730
f 2733 705 2549 2731
f 2124 613 2735 2734
f 2120 614 2737 2736
f 2741 331 2740 2739
f 1420 259 2514 2742
f 2741 614 2119 2744
f 2745 112 1038 2746
f 2748 117 2116 2747
f 2748 618 2750 2749
f 2135 122 2142 2752
f 2755 620 2139 2753
f 2145 621 2757 2756
f 2762 124 2760 2759
f 2134 619 2760 2763
f 2768 90 1000 2765
f 2092 90 2768 2769
f 2764 124 1057 2771
f 1058 124 2762 2772
f 2173 143 2150 2773
f 2776 740 2775 2774
f 2779 623 2155 2777
f 2782 134 2781 2780
f 1423 332 2781 2783
f 2786 132 2130 2784
f 1094 147 1424 2787
f 2171 622 2754 2788
f 1037 110 2123 2789
f 2779 741 2791 2790
f 2776 144 2172 2792
f 2795 139 1083 2794
f 1495 354 2035 2796
f 2800 742 2798 2797
f 2799 733 2802 2801
f 2807 744 2805 2804
f 2810 242 2809 2808
f 2813 240 1232 2811
f 2816 737 2704 2814
f 2815 626 2166 2817
f 2802 733 2576 2820
f 2366 201 2824 2823
f 1167 200 2215 2826
f 2828 217 2209 2827
f 2388 213 1434 2829
f 1437 176 1134 2831
f 2551 653 2248 2833
f 2838 665 2281 2836
f 2841 659 2257 2839
f 2553 725 2843 2842
f 2557 726 2845 2844
f 2848 662 2262 2846
f 2851 161 2850 2849
f 2853 171 1131 2852
f 1113 160 1488 2854
f 2278 170 1123 2855
f 2857 170 2277 2856
f 2857 720 2537 2858
f 2859 721 2539 2860
f 2861 276 1309 2862
f 2840 658 2285 2863
f 2235 645 2302 2864
f 2247 651 2313 2866
f 2315 178 2868 2869
f 2312 181 1139 2870
f 2867 184 1143 2871
f 2308 187 1147 2872
f 2875 682 2874 2873
f 2339 677 2322 2876
f 2332 678 2326 2877
f 2875 675 2879 2878
f 2319 189 2433 2881
f 2380 338 2341 2882
f 1163 197 2273 2883
f 2560 727 2847 2885
f 1107 156 2327 2886
f 2330 679 2353 2887
f 2338 683 2890 2889
f 2880 688 2357 2892
f 2373 693 2893 2894
f 2452 691 2374 2896
f 2454 709 2898 2897
f 2369 690 2898 2900
f 2888 340 2903 2902
f 1245 245 2899 2905
f 2908 699 2400 2906
f 1215 231 2405 2909
f 2913 701 2911 2910
f 2411 699 2908 2914
f 1458 341 2891 2916
f 1170 202 2903 2917
f 1186 212 2919 2918
f 2828 637 2921 2920
f 2223 213 2921 2922
f 2904 689 2825 2923
f 2441 229 1211 2924
f 1213 230 2406 2925
f 2913 695 2386 2926
f 1444 237 1228 2928
f 2816 703 2417 2929
f 2933 744 2809 2931
f 2798 742 2805 2934
f 2936 708 2428 2935
f 2930 159 1110 2937
f 2348 684 2940 2939
f 1158 182 1470 2943
f 2942 439 1631 2944
f 1475 349 2360 2945
f 1244 246 2450 2947
f 2950 697 2385 2948
f 1192 199 2901 2951
f 2954 695 2912 2952
f 2954 710 2830 2955
f 2950 346 2397 2956
f 2445 350 2946 2957
f 2435 192 1154 2959
f 2451 246 1243 2960
f 2949 696 2919 2961
f 997 86 2966 2965
f 1375 251 1903 2968
f 1906 549 2469 2970
f 2471 550 1911 2971
f 2973 572 1989 2972
f 2973 573 1995 2974
f 2489 716 2679 2975
f 2485 591 2049 2976
f 953 61 2498 2977
f 1263 253 1981 2978
f 2720 105 1023 2979
f 1486 100 2161 2980
f 1130 173 2275 2981
f 1127 172 1490 2982
f 1028 107 2521 2983
f 1053 120 2770 2984
f 2987 158 1109 2986
f 2987 708 2936 2988
f 1280 108 1035 2989
f 1293 266 2502 2990
f 1291 254 1269 2991
f 1298 268 2143 2992
f 2529 611 2106 2993
f 2274 197 1162 2994
f 2420 704 2738 2995
f 2997 654 2253 2998
f 2999 650 2249 3000
f 2559 644 2236 3001
f 3002 642 2232 3003
f 3005 724 2548 3004
f 2188 616 2732 3006
f 1231 241 1318 3008
f 2581 546 1907 3011
f 2795 353 2660 3012
f 1497 74 972 3014
f 1070 132 2786 3015
f 3013 138 1078 3017
f 3018 137 2775 3019
f 1329 135 2791 3021
f 3016 125 1075 3022
f 2966 86 993 3023
f 1344 296 2087 3024
f 2761 619 2133 3025
f 2137 620 2758 3027
f 1335 291 3029 3028
f 1902 547 2617 3030
f 2969 548 3031 3032
f 3037 749 3035 3034
f 3042 750 3039 3038
f 3046 750 3042 3044
f 3050 756 3048 3047
f 3055 390 3052 3051
f 3061 404 3052 3059
f 3065 359 3063 3062
f 1561 369 2616 3067
f 3075 33 1562 3073
f 3083 390 3055 3080
f 3088 752 3085 3084
f 3081 759 3090 3089
f 1579 407 3041 3093
f 3098 371 3096 3095
f 3096 371 3101 3100
f 3102 770 3104 3103
f 3108 393 1551 3107
f 1575 361 3049 3112
f 912 33 3075 3115
f 1580 408 3117 3116
f 3124 769 3121 3120
f 1584 409 3126 3125
f 3129 382 3078 3128
f 3134 459 1666 3133
f 1539 384 3136 3135
f 3105 375 1524 3138
f 3121 769 3097 3141
f 3146 392 3144 3143
f 1548 391 3085 3147
f 3151 373 1521 3150
f 3154 771 3153 3152
f 3160 358 3056 3157
f 3160 776 3162 3161
f 3165 763 3162 3163
f 3146 394 1552 3166
f 3064 763 3165 3167
f 3074 397 3068 3170
f 1511 366 3172 3171
f 3175 294 3174 3173
f 1861 295 1879 3180
f 3086 391 1547 3182
f 1598 416 3091 3184
f 3118 772 3187 3186
f 3111 771 3154 3188
f 3191 405 3177 3190
f 3098 769 3124 3192
f 3119 373 3151 3193
f 3129 401 3196 3195
f 1586 412 3137 3198
f 3139 374 1526 3201
f 1540 385 1710 3202
f 3208 778 3206 3205
f 3169 363 3210 3209
f 3212 413 1593 3211
f 3217 779 3214 3213
f 1754 498 3219 3218
f 3226 783 3223 3222
f 3229 513 1758 3227
f 3237 421 1613 3234
f 1601 418 3240 3239
f 3244 515 3241 3242
f 3261 789 3260 3259
f 1627 436 3263 3262
f 3228 436 1626 3264
f 3270 789 3267 3266
f 3273 438 1632 3271
f 3276 518 1766 3274
f 1770 503 3278 3277
f 3283 423 3281 3280
f 3287 452 1651 3284
f 3289 790 3267 3288
f 3294 455 3196 3292
f 3187 772 3296 3295
f 3117 408 3299 3298
f 3293 400 3301 3300
f 3306 795 3304 3303
f 3310 522 1775 3307
f 1663 457 3312 3311
f 3318 798 3316 3315
f 3322 800 3320 3319
f 3325 524 1780 3323
f 3321 801 3327 3326
f 3333 804 3330 3329
f 3337 808 3335 3334
f 3341 810 3339 3338
f 3345 812 3343 3342
f 3350 813 3347 3346
f 3355 529 3352 3351
f 3358 819 3357 3356
f 3361 529 3360 3359
f 3364 820 3363 3362
f 3368 482 3366 3365
f 3372 822 3370 3369
f 3377 780 3374 3373
f 1635 441 3379 3378
f 3384 1 3383 3382
f 3389 826 3386 3385
f 3389 828 3392 3391
f 3397 829 3395 3394
f 3348 484 3399 3398
f 2940 684 2350 3400
f 3379 441 3403 3402
f 1781 524 3325 3406
f 3407 802 3410 3409
f 3415 803 3413 3412
f 3420 812 3417 3416
f 3423 475 3343 3421
f 1708 482 3383 3424
f 3427 483 3366 3425
f 1706 479 1701 3428
f 3427 484 3347 3431
f 3437 806 3331 3434
f 3435 805 3336 3438
f 3439 809 3340 3440
f 1664 458 3305 3443
f 3448 456 3445 3444
f 1713 380 1659 3449
f 3452 458 3314 3450
f 3456 797 3454 3453
f 3455 838 3458 3457
f 3463 796 3312 3461
f 3468 798 3465 3464
f 3372 529 3355 3469
f 3474 843 3472 3471
f 3477 815 3349 3475
f 3480 836 3436 3478
f 3482 475 3423 3481
f 1630 438 1640 3483
f 1236 243 3484 3485
f 1655 453 3286 3487
f 3493 426 3491 3490
f 1730 498 1753 3494
f 3496 781 3219 3495
f 1735 502 3498 3497
f 3396 435 1628 3500
f 3505 502 3503 3502
f 3508 291 1927 3506
f 3507 557 3255 3509
f 3530 850 3527 3526
f 3534 508 3527 3531
f 1746 508 3534 3535
f 3548 504 3547 3546
f 3550 746 2907 3549
f 3553 756 3552 3551
f 3050 360 3164 3554
f 3553 761 3057 3555
f 1764 518 3214 3556
f 3559 420 1602 3558
f 3561 424 3221 3560
f 1605 421 3237 3562
f 3247 428 3564 3563
f 3243 786 3232 3565
f 1610 425 3236 3566
f 3557 779 3568 3567
f 3217 780 3377 3570
f 3244 513 3564 3571
f 3223 783 3492 3574
f 3580 496 3260 3578
f 3582 856 3579 3581
f 3269 791 3504 3583
f 3276 443 1639 3584
f 1638 438 3273 3585
f 1765 420 3559 3586
f 3587 452 3287 3588
f 3550 495 3590 3589
f 1726 494 3592 3591
f 3595 450 3282 3593
f 2376 234 1751 3596
f 3106 379 1529 3600
f 3445 456 1658 3601
f 3309 387 1590 3602
f 1776 522 3447 3604
f 3520 839 3458 3605
f 3454 797 3313 3608
f 3318 799 3460 3610
f 3462 485 1711 3612
f 3616 858 3614 3613
f 3619 468 3512 3617
f 3094 767 3621 3620
f 3619 858 3621 3622
f 3625 852 3624 3623
f 3467 842 3524 3626
f 3410 802 3324 3628
f 3627 848 3518 3629
f 3332 806 3631 3630
f 3472 843 3479 3634
f 3442 837 3517 3636
f 3639 819 3638 3637
f 3422 834 3641 3640
f 3419 833 3541 3642
f 3361 527 3638 3643
f 3363 820 3645 3644
f 3375 824 3645 3647
f 3216 442 3381 3649
f 3405 480 1704 3650
f 3392 828 3399 3651
f 3411 474 3328 3653
f 3633 526 3631 3654
f 3446 795 3306 3656
f 3185 383 1536 3657
f 3456 461 1670 3658
f 3661 849 3607 3659
f 3660 857 3609 3662
f 1716 462 3316 3663
f 1543 387 3308 3664
f 3666 476 3635 3665
f 3473 476 3666 3668
f 1777 523 3655 3669
f 1642 444 3597 3670
f 3496 829 3503 3672
f 2953 448 1646 3673
f 1736 503 1769 3675
f 3676 520 3592 3677
f 3678 494 1725 3679
f 2458 711 3674 3680
f 3681 845 3498 3682
f 3576 429 1620 3683
f 3538 847 3689 3688
f 3515 507 3685 3690
f 3692 855 3539 3691
f 3661 846 3511 3699
f 3459 839 3522 3700
f 3625 766 3082 3701
f 3702 765 3092 3703
f 3508 504 3548 3704
f 863 2 864 862
f 864 3 865 862
f 867 5 868 866
f 868 6 869 866
f 872 9 873 871
f 873 10 874 871
f 876 12 877 875
f 877 13 878 875
f 884 19 885 883
f 885 20 886 883
f 889 9 890 888
f 890 17 891 888
f 893 23 894 892
f 894 17 895 892
f 897 12 898 896
f 900 26 901 899
f 901 27 902 899
f 905 29 906 903
f 908 31 909 907
f 909 32 910 907
f 912 34 913 911
f 913 35 914 911
f 916 37 917 915
f 917 28 918 915
f 920 26 921 919
f 921 39 922 919
f 924 41 925 923
f 925 33 926 923
f 928 43 929 927
f 929 44 930 927
f 932 46 933 931
f 933 47 934 931
f 936 49 937 935
f 937 50 938 935
f 940 52 941 939
f 941 53 942 939
f 944 55 945 943
f 945 56 946 943
f 948 58 949 947
f 949 59 950 947
f 952 61 953 951
f 953 62 954 951
f 956 64 957 955
f 957 65 958 955
f 960 61 952 959
f 952 60 961 959
f 963 68 964 962
f 964 38 965 962
f 967 70 968 966
f 968 71 969 966
f 971 73 972 970
f 972 74 973 970
f 977 76 978 976
f 978 77 979 976
f 981 79 982 980
f 982 80 983 980
f 985 81 986 984
f 986 82 987 984
f 989 84 990 988
f 990 85 991 988
f 993 86 994 992
f 994 87 995 992
f 994 86 997 996
f 997 88 998 996
f 1000 90 1001 999
f 1001 91 1002 999
f 1004 93 1005 1003
f 1005 94 1006 1003
f 1008 96 1009 1007
f 1009 78 1010 1007
f 1012 98 1013 1011
f 1013 99 1014 1011
f 1016 101 1017 1015
f 1017 102 1018 1015
f 1016 100 1020 1019
f 1020 103 1021 1019
f 1023 105 1024 1022
f 1024 101 1025 1022
f 1027 107 1028 1026
f 1028 102 1029 1026
f 1031 107 1027 1030
f 1027 106 1032 1030
f 1032 106 1034 1033
f 1034 109 1035 1033
f 1037 111 1038 1036
f 1038 112 1039 1036
f 1041 114 1042 1040
f 1042 115 1043 1040
f 1045 116 1046 1044
f 1046 114 1047 1044
f 1049 118 1050 1048
f 1050 119 1051 1048
f 1053 121 1054 1052
f 1054 122 1055 1052
f 1057 124 1058 1056
f 1058 80 1059 1056
f 1061 126 1062 1060
f 1062 127 1063 1060
f 1065 129 1066 1064
f 1066 130 1067 1064
f 1069 132 1070 1068
f 1070 133 1071 1068
f 1073 134 1074 1072
f 1074 135 1075 1072
f 1077 137 1078 1076
f 1078 138 1079 1076
f 1081 140 1082 1080
f 1082 141 1083 1080
f 1085 137 1077 1084
f 1077 136 1086 1084
f 1088 143 1089 1087
f 1089 144 1090 1087
f 1092 146 1093 1091
f 1093 147 1094 1091
f 1098 99 1013 1097
f 1013 98 1099 1097
f 1101 152 1102 1100
f 1102 153 1103 1100
f 1105 155 1106 1104
f 1106 156 1107 1104
f 1109 158 1110 1108
f 1110 159 1111 1108
f 1113 161 1114 1112
f 1114 162 1115 1112
f 1117 164 1118 1116
f 1118 165 1119 1116
f 1122 169 1123 1121
f 1123 170 1124 1121
f 1126 172 1127 1125
f 1127 168 1128 1125
f 1130 174 1131 1129
f 1131 171 1132 1129
f 1134 176 1135 1133
f 1135 177 1136 1133
f 1138 180 1139 1137
f 1139 181 1140 1137
f 1142 183 1143 1141
f 1143 184 1144 1141
f 1146 186 1147 1145
f 1147 187 1148 1145
f 1150 189 1151 1149
f 1151 190 1152 1149
f 1154 192 1155 1153
f 1155 193 1156 1153
f 1158 194 1159 1157
f 1159 195 1160 1157
f 1162 197 1163 1161
f 1163 198 1164 1161
f 1166 200 1167 1165
f 1167 201 1168 1165
f 1170 203 1171 1169
f 1171 204 1172 1169
f 1174 206 1175 1173
f 1175 207 1176 1173
f 1174 205 1178 1177
f 1178 208 1179 1177
f 1181 195 1159 1180
f 1159 194 1182 1180
f 1184 211 1185 1183
f 1185 212 1186 1183
f 1188 214 1189 1187
f 1189 215 1190 1187
f 1166 199 1192 1191
f 1192 216 1193 1191
f 1195 215 1196 1194
f 1196 218 1197 1194
f 1199 220 1200 1198
f 1200 221 1201 1198
f 1203 223 1204 1202
f 1204 224 1205 1202
f 1207 226 1208 1206
f 1208 227 1209 1206
f 1211 229 1212 1210
f 1212 230 1213 1210
f 1215 232 1216 1214
f 1216 233 1217 1214
f 1219 234 1220 1218
f 1220 195 1181 1218
f 1222 235 1223 1221
f 1223 236 1224 1221
f 1226 236 1227 1225
f 1227 238 1228 1225
f 1230 241 1231 1229
f 1231 242 1232 1229
f 1235 243 1236 1234
f 1236 209 1237 1234
f 1239 244 1240 1238
f 1240 245 1241 1238
f 1243 246 1244 1242
f 1244 245 1245 1242
f 1247 248 1248 1246
f 1248 210 1249 1246
f 1251 244 1239 1250
f 1239 227 1252 1250
f 1254 215 1189 1253
f 1189 214 1255 1253
f 961 60 1260 1259
f 1260 65 1261 1259
f 1263 83 1264 1262
f 1264 66 1265 1262
f 1267 255 1268 1266
f 1268 256 1269 1266
f 1267 254 1271 1270
f 1271 257 1272 1270
f 1274 259 1275 1273
f 1275 119 1276 1273
f 1278 97 1279 1277
f 1279 108 1280 1277
f 1282 109 1283 1281
f 1283 262 1284 1281
f 1286 264 1287 1285
f 1287 265 1288 1285
f 1290 257 1271 1289
f 1271 254 1291 1289
f 1293 267 1294 1292
f 1294 104 1295 1292
f 1297 268 1298 1296
f 1298 269 1299 1296
f 1301 255 1302 1300
f 1302 271 1303 1300
f 1305 273 1306 1304
f 1306 274 1307 1304
f 1309 276 1310 1308
f 1310 277 1311 1308
f 1313 279 1314 1312
f 1314 280 1315 1312
f 1317 282 1318 1316
f 1318 241 1319 1316
f 1321 285 1322 1320
f 1322 175 1323 1320
f 1325 286 1326 1324
f 1326 287 1327 1324
f 1329 128 1330 1328
f 1330 288 1331 1328
f 1333 290 1334 1332
f 1334 291 1335 1332
f 1339 68 1340 1338
f 1340 59 1341 1338
f 1343 296 1344 1342
f 1344 39 1345 1342
f 1347 298 1348 1346
f 1348 299 1349 1346
f 1351 301 1352 1350
f 1352 302 1353 1350
f 1355 304 1356 1354
f 1356 305 1357 1354
f 1359 306 1360 1358
f 1360 302 1361 1358
f 1361 302 1363 1362
f 1363 44 1364 1362
f 1366 308 1367 1365
f 1367 309 1368 1365
f 1370 311 1371 1369
f 1371 54 1372 1369
f 1374 251 1375 1373
f 1375 313 1376 1373
f 1378 314 1379 1377
f 1379 315 1380 1377
f 1382 73 971 1381
f 971 72 1383 1381
f 1385 318 1386 1384
f 1386 93 1387 1384
f 1389 317 1390 1388
f 1390 320 1391 1388
f 1393 322 1394 1392
f 1394 323 1395 1392
f 1397 324 1398 1396
f 1398 325 1399 1396
f 1401 322 1393 1400
f 1393 321 1402 1400
f 1404 82 1405 1403
f 1405 327 1406 1403
f 1408 85 1409 1407
f 1409 328 1410 1407
f 1412 252 1413 1411
f 1413 330 1414 1411
f 1416 329 1417 1415
f 1417 320 1418 1415
f 1275 259 1420 1419
f 1420 331 1421 1419
f 1423 127 1424 1422
f 1424 147 1425 1422
f 1427 333 1428 1426
f 1428 334 1429 1426
f 1431 333 1427 1430
f 1427 111 1432 1430
f 1248 248 1434 1433
f 1434 213 1435 1433
f 1437 335 1438 1436
f 1438 282 1439 1436
f 1441 163 1119 1440
f 1119 165 1442 1440
f 1444 336 1445 1443
f 1445 337 1446 1443
f 1448 337 1449 1447
f 1451 193 1155 1450
f 1155 192 1452 1450
f 1175 206 1454 1453
f 1454 339 1455 1453
f 1457 341 1458 1456
f 1458 342 1459 1456
f 1461 344 1462 1460
f 1462 345 1463 1460
f 1465 347 1466 1464
f 1466 348 1467 1464
f 1469 180 1138 1468
f 1138 179 1470 1468
f 1472 224 1204 1471
f 1204 223 1473 1471
f 1475 350 1476 1474
f 1476 344 1477 1474
f 1479 186 1146 1478
f 1146 185 1480 1478
f 1294 267 1482 1481
f 1482 351 1483 1481
f 1485 103 1020 1484
f 1020 100 1486 1484
f 1488 160 1489 1487
f 1489 163 1490 1487
f 1492 352 1493 1491
f 1493 282 1317 1491
f 1495 355 1496 1494
f 1496 74 1497 1494
f 1499 359 1500 1498
f 1502 361 1503 1501
f 1503 362 1504 1501
f 1507 364 1508 1506
f 1508 365 1509 1506
f 1511 364 1507 1510
f 1507 46 1512 1510
f 925 41 1515 1514
f 1515 369 1516 1514
f 1520 372 1521 1519
f 1521 373 1522 1519
f 1524 375 1525 1523
f 1525 376 1526 1523
f 1528 378 1529 1527
f 1529 379 1530 1527
f 1532 381 1533 1531
f 1533 382 1534 1531
f 1533 381 1536 1535
f 1536 383 1537 1535
f 1539 385 1540 1538
f 1540 386 1541 1538
f 1543 388 1544 1542
f 1544 389 1545 1542
f 1547 391 1548 1546
f 1548 392 1549 1546
f 1551 393 1552 1550
f 1552 394 1553 1550
f 1556 359 1557 1554
f 1559 47 933 1558
f 933 46 1509 1558
f 1561 397 1562 1560
f 1562 33 1516 1560
f 1564 37 1565 1563
f 1565 398 1566 1563
f 1566 398 1568 1567
f 1568 399 1569 1567
f 1571 401 1572 1570
f 1572 402 1573 1570
f 1503 361 1575 1574
f 1575 404 1576 1574
f 1578 407 1579 1577
f 1579 408 1580 1577
f 1582 411 1583 1581
f 1583 409 1584 1581
f 1586 376 1525 1585
f 1525 375 1587 1585
f 1545 389 1589 1588
f 1589 370 1590 1588
f 1592 405 1593 1591
f 1593 413 1594 1591
f 1596 415 1597 1595
f 1597 416 1598 1595
f 1601 419 1602 1600
f 1602 420 1603 1600
f 1605 422 1606 1604
f 1606 423 1607 1604
f 1609 425 1610 1608
f 1610 426 1611 1608
f 1613 421 1614 1612
f 1614 419 1615 1612
f 1618 430 1619 1617
f 1619 431 1620 1617
f 1622 433 1623 1621
f 1623 434 1624 1621
f 1626 436 1627 1625
f 1627 437 1628 1625
f 1630 243 1631 1629
f 1631 439 1632 1629
f 1634 441 1635 1633
f 1635 442 1636 1633
f 1638 440 1639 1637
f 1639 443 1640 1637
f 1642 445 1643 1641
f 1643 446 1644 1641
f 1646 448 1647 1645
f 1647 449 1648 1645
f 1650 451 1651 1649
f 1651 452 1652 1649
f 1654 453 1655 1653
f 1655 454 1656 1653
f 1658 456 1659 1657
f 1659 380 1660 1657
f 1662 457 1663 1661
f 1663 458 1664 1661
f 1666 459 1667 1665
f 1667 385 1668 1665
f 1670 461 1671 1669
f 1671 462 1672 1669
f 1674 464 1675 1673
f 1675 465 1676 1673
f 1678 467 1679 1677
f 1679 468 1680 1677
f 1682 467 1678 1681
f 1678 466 1683 1681
f 1685 460 1686 1684
f 1686 471 1687 1684
f 1689 472 1690 1688
f 1690 473 1691 1688
f 1691 473 1693 1692
f 1693 474 1694 1692
f 1696 478 1697 1695
f 1699 3 1700 1698
f 1700 5 1701 1698
f 1706 481 1707 1705
f 1707 482 1708 1705
f 1710 385 1667 1709
f 1667 459 1711 1709
f 1713 486 1714 1712
f 1714 381 1532 1712
f 1716 472 1717 1715
f 1717 487 1718 1715
f 1720 489 1721 1719
f 1721 490 1722 1719
f 1725 494 1726 1724
f 1726 495 1727 1724
f 1730 499 1731 1729
f 1731 500 1732 1729
f 1734 502 1735 1733
f 1735 503 1736 1733
f 1738 437 1739 1737
f 1739 434 1623 1737
f 1741 505 1742 1740
f 1742 506 1743 1740
f 1746 509 1747 1745
f 1750 512 1751 1749
f 1751 234 1219 1749
f 1753 498 1754 1752
f 1754 424 1611 1752
f 1756 514 1757 1755
f 1757 436 1758 1755
f 1760 517 1761 1759
f 1761 434 1762 1759
f 1764 420 1765 1763
f 1765 446 1766 1763
f 1768 520 1769 1767
f 1769 503 1770 1767
f 1643 445 1772 1771
f 1772 521 1773 1771
f 1718 487 1775 1774
f 1775 522 1776 1774
f 1781 525 1782 1779
f 1784 526 1785 1783
f 1787 527 1788 1786
f 1788 528 1789 1786
f 1794 861 1795 1793
f 1795 5 1700 1793
f 1700 3 864 1793
f 1797 7 870 1796
f 1799 6 868 1798
f 868 5 1800 1798
f 1800 531 1801 1798
f 1804 2 1805 1802
f 1805 2 863 1806
f 863 1 1807 1806
f 1807 7 1797 1806
f 1809 533 1810 1808
f 1810 10 873 1808
f 873 9 889 1808
f 1812 534 1813 1811
f 1813 14 1814 1811
f 1816 536 1817 1815
f 1817 11 878 1815
f 878 13 1818 1815
f 1816 535 1820 1819
f 1823 18 886 1822
f 1826 537 1827 1825
f 1827 18 1823 1825
f 1830 20 887 1829
f 1832 8 1833 1831
f 1833 8 874 1836
f 874 10 879 1836
f 1838 24 1839 1837
f 1839 17 894 1837
f 1818 13 1843 1842
f 1843 18 1827 1842
f 1827 537 1844 1842
f 1844 537 1828 1845
f 1848 11 1817 1847
f 1817 536 1846 1847
f 1848 538 1850 1849
f 1850 534 1812 1849
f 1812 12 876 1849
f 880 15 1852 1851
f 1852 17 882 1851
f 1839 24 1835 1853
f 1809 21 1855 1854
f 1855 15 1824 1854
f 1824 20 1830 1854
f 893 22 1834 1856
f 1852 15 1855 1857
f 1855 21 891 1857
f 890 9 872 1858
f 872 8 1832 1858
f 1832 22 895 1858
f 877 12 897 1859
f 897 19 884 1859
f 884 18 1843 1859
f 1861 46 1862 1860
f 1862 539 1863 1860
f 1863 540 1864 1860
f 1866 293 1336 1865
f 1343 292 1337 1868
f 1337 293 1869 1868
f 1869 272 1870 1868
f 1873 29 905 1872
f 964 68 1339 1874
f 1339 29 1873 1874
f 1873 542 1875 1874
f 1864 540 1877 1876
f 1877 543 1878 1876
f 1878 294 1879 1876
f 908 30 1882 1881
f 1882 399 1568 1881
f 1568 398 1883 1881
f 1885 299 1886 1884
f 1886 289 1887 1884
f 1887 540 1863 1884
f 1889 297 1349 1888
f 1349 299 1885 1888
f 1885 539 1890 1888
f 932 45 1892 1891
f 1892 545 1890 1891
f 1890 539 1862 1891
f 1894 546 1895 1893
f 1895 306 1896 1893
f 1896 305 1356 1893
f 1898 547 1899 1897
f 1899 303 1900 1897
f 1900 545 1892 1897
f 1902 548 1903 1901
f 1903 251 1904 1901
f 1904 303 1899 1901
f 1906 287 1907 1905
f 1907 546 1894 1905
f 1894 304 1908 1905
f 1351 300 1910 1909
f 1910 286 1911 1909
f 1911 550 1912 1909
f 1912 550 1914 1913
f 1914 551 1915 1913
f 1915 552 1916 1913
f 1918 552 1915 1917
f 1915 551 1919 1917
f 1919 554 1920 1917
f 1922 556 1923 1921
f 1923 290 1333 1921
f 1333 289 1924 1921
f 1926 557 1927 1925
f 1927 291 1334 1925
f 1334 290 1923 1925
f 1931 559 1928 1930
f 1928 558 1932 1930
f 1932 560 1933 1930
f 936 48 1935 1934
f 1935 51 1933 1934
f 1933 560 1936 1934
f 1938 560 1939 1937
f 1939 69 1940 1937
f 1940 562 1941 1937
f 978 76 1943 1942
f 1943 52 940 1942
f 940 51 1944 1942
f 1946 309 1367 1945
f 1367 308 1947 1945
f 1947 70 967 1945
f 1368 309 1949 1948
f 1370 310 1951 1950
f 1951 563 1952 1950
f 1952 32 1953 1950
f 1955 312 1376 1954
f 1376 313 1956 1954
f 1956 310 1372 1954
f 1958 565 1959 1957
f 1959 312 1955 1957
f 1955 54 1960 1957
f 1962 567 1963 1961
f 1963 565 1958 1961
f 1958 564 1964 1961
f 1966 58 1967 1965
f 1967 55 944 1965
f 944 54 1371 1965
f 1969 59 949 1968
f 949 58 1966 1968
f 1966 311 1953 1968
f 1971 568 1972 1970
f 1972 566 1973 1970
f 1973 56 1974 1970
f 1976 567 1962 1975
f 1962 566 1972 1975
f 1972 568 1977 1975
f 1979 571 1980 1978
f 1980 67 1981 1978
f 1981 253 1982 1978
f 1340 68 963 1983
f 963 67 1980 1983
f 1980 571 1984 1983
f 1986 50 1987 1985
f 1987 561 1988 1985
f 1988 251 1989 1985
f 1991 251 1374 1990
f 1374 312 1959 1990
f 1959 565 1992 1990
f 1963 567 1994 1993
f 1994 252 1995 1993
f 1995 573 1992 1993
f 2004 576 2005 2003
f 2001 575 2006 2003
f 2004 72 2009 2007
f 2011 579 2012 2010
f 2013 581 2014 2010
f 2016 146 1092 2015
f 1092 145 2017 2015
f 2017 578 2014 2015
f 2019 318 2020 2018
f 2020 582 2021 2018
f 2021 575 2002 2018
f 1391 320 1417 2022
f 1417 329 1414 2022
f 1414 330 2023 2022
f 2025 585 2026 2024
f 2026 319 2023 2024
f 2023 330 2027 2024
f 2029 323 2030 2028
f 2030 582 2031 2028
f 2031 587 2032 2028
f 2034 582 2030 2033
f 2030 323 2035 2033
f 2035 354 2036 2033
f 2038 324 1397 2037
f 1397 323 2029 2037
f 2029 586 2039 2037
f 1386 318 2019 2040
f 2019 574 1999 2040
f 1999 94 1005 2040
f 2042 584 2043 2041
f 2043 590 2044 2041
f 2044 88 2045 2041
f 2047 588 2048 2046
f 2048 589 2045 2046
f 2045 88 2049 2046
f 1398 324 2038 2050
f 2038 588 2047 2050
f 2047 591 2051 2050
f 2053 326 1402 2052
f 1402 321 2054 2052
f 2054 593 2055 2052
f 2057 595 2058 2056
f 2058 326 2053 2056
f 2053 592 2059 2056
f 2061 596 2062 2060
f 2062 595 2057 2060
f 2057 594 2063 2060
f 2065 597 2066 2064
f 2066 120 2067 2064
f 2067 123 1406 2064
f 2069 599 2070 2068
f 2070 600 2071 2068
f 2071 601 2072 2068
f 2074 599 2069 2073
f 2069 598 2075 2073
f 2075 597 2065 2073
f 2077 602 2078 2076
f 2078 603 2079 2076
f 2079 84 989 2076
f 1409 85 990 2080
f 990 84 2081 2080
f 2083 39 2084 2082
f 2084 604 2085 2082
f 2085 603 2078 2082
f 2087 296 1870 2086
f 1870 272 2088 2086
f 2088 606 2089 2086
f 2075 598 2091 2090
f 2091 91 1001 2090
f 1001 90 2092 2090
f 1387 93 1004 2093
f 1004 92 1418 2093
f 1418 320 1390 2093
f 2095 96 1008 2094
f 1008 95 2063 2094
f 2063 594 2096 2094
f 2098 605 2089 2097
f 2089 606 2099 2097
f 2099 601 2100 2097
f 2072 601 2099 2101
f 2099 606 2102 2101
f 2102 91 2091 2101
f 2104 609 2105 2103
f 2105 610 2106 2103
f 2106 611 2107 2103
f 1869 293 2109 2108
f 2109 351 2110 2108
f 2110 273 1305 2108
f 2112 351 2109 2111
f 2109 293 1866 2111
f 1866 541 2113 2111
f 1051 119 1421 2114
f 1421 331 2115 2114
f 2115 113 2116 2114
f 2118 110 1039 2117
f 1039 112 2119 2117
f 2119 614 2120 2117
f 2122 131 2123 2121
f 2123 110 2118 2121
f 2118 613 2124 2121
f 2126 617 2127 2125
f 2127 131 2122 2125
f 2122 615 2128 2125
f 2127 617 2130 2129
f 2130 132 1069 2129
f 2132 115 2133 2131
f 2133 619 2134 2131
f 2134 122 2135 2131
f 2137 116 2138 2136
f 2138 357 2139 2136
f 2141 270 2142 2140
f 2142 122 1054 2140
f 1054 121 2143 2140
f 2145 622 2146 2144
f 2146 595 2062 2144
f 2062 596 2147 2144
f 1088 142 2149 2148
f 2149 322 1401 2148
f 1401 326 2150 2148
f 2152 624 2153 2151
f 2153 625 2154 2151
f 2154 141 2155 2151
f 1425 147 2157 2156
f 2157 625 2153 2156
f 2153 624 2158 2156
f 2107 611 2160 2159
f 2160 271 2161 2159
f 2161 100 2162 2159
f 2164 258 2165 2163
f 2165 610 2105 2163
f 2105 609 2166 2163
f 2168 264 2169 2167
f 2169 273 2110 2167
f 2110 351 1482 2167
f 2171 129 2172 2170
f 2172 144 1089 2170
f 1089 143 2173 2170
f 1045 111 1429 2174
f 1429 334 2175 2174
f 2175 357 2138 2174
f 1428 333 1431 2176
f 1431 133 2177 2176
f 2177 288 2178 2176
f 1093 146 2180 2179
f 2180 353 2181 2179
f 2181 625 2157 2179
f 2149 142 2183 2182
f 2183 137 2184 2182
f 2184 355 2185 2182
f 2187 617 2126 2186
f 2126 616 2188 2186
f 2188 627 2189 2186
f 2011 578 2017 2191
f 2017 145 1258 2191
f 1258 250 2192 2191
f 2194 628 2195 2193
f 2195 236 1223 2193
f 1223 235 2196 2193
f 2198 630 2199 2197
f 2199 631 2200 2197
f 2200 544 2201 2197
f 1101 151 2204 2203
f 1105 154 2206 2205
f 2206 153 1102 2205
f 1102 152 2207 2205
f 2209 217 1197 2208
f 1197 218 2210 2208
f 2210 634 2211 2208
f 2214 636 2212 2213
f 2215 200 2216 2213
f 2218 497 2219 2217
f 2220 639 2221 2217
f 1184 210 1435 2222
f 1435 213 2223 2222
f 2223 216 2224 2222
f 2227 176 1439 2226
f 1439 282 1493 2226
f 1493 352 2228 2226
f 2230 643 2231 2229
f 2231 641 2228 2229
f 2228 352 2232 2229
f 2234 645 2235 2233
f 2235 643 2230 2233
f 2230 642 2236 2233
f 2238 647 2239 2237
f 2239 645 2234 2237
f 2234 644 2240 2237
f 2242 649 2243 2241
f 2243 647 2238 2241
f 2238 646 2244 2241
f 2246 651 2247 2245
f 2247 652 2248 2245
f 2248 653 2249 2245
f 2251 655 2252 2250
f 2252 651 2246 2250
f 2246 650 2253 2250
f 2255 657 2256 2254
f 2256 658 2257 2254
f 2257 659 2258 2254
f 2260 660 2261 2259
f 2261 661 2262 2259
f 2262 662 2263 2259
f 2261 660 2265 2264
f 2265 663 2266 2264
f 2266 664 2267 2264
f 2269 661 2267 2268
f 2267 664 2270 2268
f 2270 196 1164 2268
f 2272 275 2273 2271
f 2273 197 2274 2271
f 2274 280 2275 2271
f 1448 167 2277 2276
f 2277 170 2278 2276
f 2278 237 1446 2276
f 2283 667 2284 2282
f 2284 668 2285 2282
f 2285 658 2256 2282
f 2287 277 2288 2286
f 2288 667 2283 2286
f 2283 657 2289 2286
f 2291 275 1311 2290
f 1311 277 2287 2290
f 2287 669 2292 2290
f 2294 671 2295 2293
f 2295 177 1135 2293
f 1135 176 2227 2293
f 2297 672 2298 2296
f 2298 671 2294 2296
f 2294 641 2231 2296
f 2300 673 2301 2299
f 2301 674 2302 2299
f 2302 645 2239 2299
f 2304 190 2305 2303
f 2305 673 2300 2303
f 2300 647 2243 2303
f 2307 187 2308 2306
f 2308 190 2304 2306
f 2304 649 2309 2306
f 2311 181 2312 2310
f 2312 184 2313 2310
f 2313 651 2252 2310
f 2315 181 2311 2314
f 2311 655 2316 2314
f 2318 673 2305 2317
f 2305 190 1151 2317
f 1151 189 2319 2317
f 2321 671 2298 2320
f 2298 672 2322 2320
f 2322 677 2323 2320
f 2325 175 1136 2324
f 1136 177 2326 2324
f 2326 678 2327 2324
f 2329 679 2330 2328
f 2330 680 2331 2328
f 2331 678 2332 2328
f 2334 681 2335 2333
f 2335 679 2329 2333
f 2329 676 2323 2333
f 2337 683 2338 2336
f 2338 681 2334 2336
f 2334 677 2339 2336
f 2341 338 1452 2340
f 1452 192 2342 2340
f 2342 185 2343 2340
f 2345 339 1454 2344
f 1454 206 1179 2344
f 1179 208 2346 2344
f 2348 207 1455 2347
f 1455 339 2349 2347
f 2352 341 1457 2351
f 1457 340 2353 2351
f 2353 679 2335 2351
f 2355 686 2356 2354
f 2356 687 2357 2354
f 2357 688 2358 2354
f 2360 349 2361 2359
f 2361 686 2355 2359
f 2355 685 2362 2359
f 2361 349 1477 2363
f 1477 344 1461 2363
f 1461 343 2364 2363
f 2366 689 2367 2365
f 2367 202 2368 2365
f 2368 690 2369 2365
f 2371 692 2372 2370
f 2372 693 2373 2370
f 2373 694 2374 2370
f 2376 454 2377 2375
f 2377 233 1216 2375
f 1216 232 2378 2375
f 2380 195 1220 2379
f 1220 234 2378 2379
f 2378 232 2381 2379
f 2383 247 2384 2382
f 2384 696 2385 2382
f 2385 697 2386 2382
f 1188 213 2388 2387
f 2388 220 2389 2387
f 2389 249 1255 2387
f 2389 220 1199 2390
f 1199 219 2221 2390
f 2221 639 2391 2390
f 2393 153 2206 2392
f 2206 154 2394 2392
f 2394 680 2395 2392
f 1463 345 2397 2396
f 2397 346 1467 2396
f 1467 348 2398 2396
f 2400 699 2401 2399
f 2401 700 2402 2399
f 2402 228 2403 2399
f 2405 231 2406 2404
f 2406 230 2407 2404
f 2407 191 1156 2404
f 2364 343 2398 2408
f 2398 348 2409 2408
f 2409 687 2356 2408
f 2411 701 2412 2410
f 2412 702 2413 2410
f 2413 700 2401 2410
f 2415 165 1118 2414
f 1118 164 1224 2414
f 1224 236 1226 2414
f 1114 161 2417 2416
f 2417 703 2418 2416
f 2420 663 2265 2419
f 2265 660 2421 2419
f 2421 705 2422 2419
f 2266 663 2424 2423
f 2424 706 2425 2423
f 2425 196 2270 2423
f 2427 707 2428 2426
f 2428 708 2429 2426
f 2429 279 1313 2426
f 1178 205 1237 2430
f 1237 209 1182 2430
f 1182 194 2431 2430
f 1150 188 1473 2432
f 1473 223 2362 2432
f 2362 685 2433 2432
f 2342 192 2435 2434
f 2435 224 1472 2434
f 1472 188 1480 2434
f 2437 692 2438 2436
f 2438 204 1171 2436
f 1171 203 2439 2436
f 2441 702 2442 2440
f 2442 345 1462 2440
f 1462 344 2443 2440
f 1476 350 2445 2444
f 2445 230 1212 2444
f 1212 229 2443 2444
f 1207 225 2447 2446
f 2447 347 1465 2446
f 1465 346 2448 2446
f 2450 246 2451 2449
f 2451 691 2452 2449
f 2452 347 2447 2449
f 2454 244 1251 2453
f 1251 212 1185 2453
f 1185 211 2455 2453
f 2457 711 2458 2456
f 2458 221 1200 2456
f 1200 220 2459 2456
f 1196 215 1254 2460
f 1254 249 2391 2460
f 2391 639 2461 2460
f 941 52 1943 2462
f 1943 76 977 2462
f 977 75 2463 2462
f 1399 325 2465 2464
f 2465 593 2054 2464
f 2054 321 1395 2464
f 2467 251 2468 2466
f 2468 712 2469 2466
f 1914 550 2471 2470
f 2471 70 1947 2470
f 1947 308 2472 2470
f 1919 551 2472 2473
f 2472 308 1366 2473
f 1366 307 2474 2473
f 2476 252 1412 2475
f 1412 329 2477 2475
f 2479 252 2480 2478
f 2480 714 2481 2478
f 2044 590 2481 2482
f 2481 714 2483 2482
f 2051 591 2485 2484
f 2485 607 2486 2484
f 2486 593 2465 2484
f 2488 716 2489 2487
f 2489 92 1006 2487
f 1006 94 2490 2487
f 2492 570 2493 2491
f 2493 65 957 2491
f 957 64 2494 2491
f 965 38 922 2495
f 922 39 2083 2495
f 2083 602 2496 2495
f 960 66 1264 2497
f 1264 83 991 2497
f 991 85 2498 2497
f 1261 65 2493 2499
f 2493 570 1982 2499
f 1982 253 1265 2499
f 2501 265 2502 2500
f 2502 266 2503 2500
f 2503 103 1485 2500
f 2505 157 2506 2504
f 2506 174 2507 2504
f 1222 164 2509 2508
f 2509 162 2510 2508
f 2512 717 2513 2511
f 2513 718 2514 2511
f 2514 259 1274 2511
f 1050 118 2516 2515
f 2516 610 2165 2515
f 2165 258 1276 2515
f 1115 162 2509 2517
f 2509 164 1117 2517
f 1117 163 1489 2517
f 2519 97 1278 2518
f 1278 260 2196 2518
f 2196 235 2510 2518
f 1014 99 2521 2520
f 2521 107 1031 2520
f 1031 108 1279 2520
f 2523 274 1306 2522
f 1306 273 2169 2522
f 2169 264 1286 2522
f 2525 263 1288 2524
f 1288 265 2501 2524
f 2501 257 1290 2524
f 1268 255 1301 2526
f 1301 270 2141 2526
f 2141 268 1297 2526
f 2528 270 1303 2527
f 1303 271 2160 2527
f 2160 611 2529 2527
f 2532 668 2533 2531
f 2533 720 2534 2531
f 2534 166 2530 2531
f 2284 667 2536 2535
f 2536 721 2537 2535
f 2537 720 2533 2535
f 2288 277 1310 2538
f 1310 276 2539 2538
f 2539 721 2536 2538
f 2427 278 2541 2540
f 2541 196 2425 2540
f 2425 706 2542 2540
f 2544 723 2545 2543
f 2545 707 2542 2543
f 2542 706 2546 2543
f 2421 660 2260 2547
f 2260 281 2548 2547
f 2548 724 2549 2547
f 2551 648 2552 2550
f 2552 725 2553 2550
f 2553 656 2554 2550
f 2244 646 2556 2555
f 2556 726 2557 2555
f 2557 725 2552 2555
f 2240 644 2559 2558
f 2559 727 2560 2558
f 2560 726 2556 2558
f 2563 729 2564 2561
f 2564 629 2565 2561
f 2567 730 2568 2566
f 2568 238 2569 2566
f 2569 729 2563 2566
f 1445 336 2571 2570
f 2571 730 2572 2570
f 2572 239 2279 2570
f 1323 175 2325 2575
f 2325 156 2576 2575
f 2576 733 2577 2575
f 1347 297 2579 2578
f 2579 305 1896 2578
f 1896 306 1359 2578
f 1360 306 1895 2580
f 1895 546 2581 2580
f 2581 300 1353 2580
f 2175 334 2583 2582
f 2583 130 2584 2582
f 2584 356 2585 2582
f 2184 137 1085 2586
f 1085 74 1496 2586
f 1067 130 2583 2587
f 2583 334 2178 2587
f 2178 288 1330 2587
f 2589 563 1951 2588
f 1951 310 1956 2588
f 1956 313 2590 2588
f 2592 36 918 2591
f 918 28 906 2591
f 906 29 1341 2591
f 2594 30 910 2593
f 910 32 1952 2593
f 1952 563 2595 2593
f 2592 59 1969 2596
f 1969 32 909 2596
f 909 31 2597 2596
f 2599 541 1867 2598
f 1345 39 921 2600
f 921 26 900 2600
f 2589 40 926 2601
f 926 33 914 2601
f 914 35 2595 2601
f 2594 35 913 2602
f 913 34 2603 2602
f 2603 399 1882 2602
f 2597 31 1883 2604
f 1883 398 1565 2604
f 1565 37 916 2604
f 901 26 920 2605
f 920 38 1875 2605
f 1875 542 2606 2605
f 1886 299 2608 2607
f 2608 43 2609 2607
f 2609 555 1924 2607
f 2611 552 1918 2610
f 1918 553 2612 2610
f 1352 301 1916 2613
f 1916 552 2611 2613
f 2611 44 1363 2613
f 1900 303 1357 2614
f 1357 305 2579 2614
f 2579 297 1889 2614
f 2616 369 2617 2615
f 2617 547 1898 2615
f 1898 45 934 2615
f 1355 303 1904 2618
f 1904 251 2467 2618
f 2467 549 1908 2618
f 1348 298 1364 2619
f 1364 44 929 2619
f 929 43 2608 2619
f 1938 561 1987 2620
f 1987 50 937 2620
f 937 49 1936 2620
f 1931 51 942 2621
f 942 53 974 2621
f 2623 734 2624 2622
f 2624 77 1944 2622
f 1944 51 1935 2622
f 1949 309 1946 2625
f 1946 69 1939 2625
f 1939 560 1932 2625
f 1964 564 1960 2626
f 1960 54 946 2626
f 946 56 1973 2626
f 1979 570 2492 2627
f 2492 57 950 2627
f 950 59 1984 2627
f 956 63 1974 2628
f 1974 56 2629 2628
f 2629 57 2494 2628
f 948 57 2629 2630
f 2629 56 945 2630
f 945 55 1967 2630
f 2632 87 2633 2631
f 2633 569 1977 2631
f 1977 568 2634 2631
f 2634 568 2636 2635
f 2636 60 954 2635
f 954 62 2637 2635
f 2636 568 1971 2638
f 1971 63 958 2638
f 958 65 1260 2638
f 2640 712 2468 2639
f 2468 251 1988 2639
f 1988 561 1941 2639
f 2640 562 1940 2641
f 1940 69 969 2641
f 969 71 2642 2641
f 1986 572 2644 2643
f 2644 252 2645 2643
f 2645 48 938 2643
f 2647 583 2648 2646
f 2648 77 2624 2646
f 2624 734 2649 2646
f 2647 715 2490 2650
f 2652 632 2653 2651
f 2008 577 2654 2651
f 2013 580 2202 2655
f 2652 315 2656 2655
f 2016 581 2658 2657
f 2658 353 2180 2657
f 2658 581 2656 2659
f 2656 315 1379 2659
f 1379 314 2660 2659
f 1079 138 1380 2661
f 1380 315 2654 2661
f 2654 577 2662 2661
f 2662 577 2009 2663
f 2009 72 973 2663
f 973 74 1086 2663
f 2034 316 1383 2664
f 1383 72 2006 2664
f 2006 575 2021 2664
f 979 77 2648 2665
f 2031 582 2020 2666
f 2020 318 1385 2666
f 1385 317 2667 2666
f 1389 319 2026 2668
f 2026 585 2669 2668
f 2669 587 2667 2668
f 2671 585 2025 2670
f 2025 584 2042 2670
f 2042 589 2672 2670
f 2032 587 2669 2673
f 2669 585 2671 2673
f 2671 736 2674 2673
f 2672 589 2048 2675
f 2048 588 2039 2675
f 2039 586 2674 2675
f 2677 734 2623 2676
f 2623 48 2645 2676
f 2645 252 2476 2676
f 2488 715 2649 2678
f 2649 734 2677 2678
f 2677 713 2679 2678
f 2479 590 2043 2680
f 2043 584 2027 2680
f 2027 330 1413 2680
f 2061 95 1010 2681
f 1010 78 983 2681
f 983 80 2682 2681
f 987 82 1404 2683
f 1404 123 1059 2683
f 1059 80 982 2683
f 2685 600 2070 2684
f 2070 599 2074 2684
f 2074 327 2686 2684
f 2688 600 2685 2687
f 2685 328 2081 2687
f 2081 84 2079 2687
f 2690 62 1410 2689
f 1410 328 2686 2689
f 2686 327 1405 2689
f 2690 82 2692 2691
f 2692 735 2637 2691
f 2692 82 986 2693
f 986 81 995 2693
f 995 87 2632 2693
f 1994 567 1976 2694
f 1976 569 2695 2694
f 2695 714 2480 2694
f 2100 601 2071 2696
f 2071 600 2688 2696
f 2688 603 2085 2696
f 2523 263 2525 2697
f 2525 89 1002 2697
f 1002 91 2698 2697
f 1307 274 2698 2699
f 2698 91 2102 2699
f 2102 606 2088 2699
f 2059 592 2055 2700
f 2055 593 2486 2700
f 2486 607 2096 2700
f 2633 87 998 2701
f 998 88 2483 2701
f 2483 714 2695 2701
f 2703 717 2512 2702
f 2512 258 2164 2702
f 2164 626 2704 2702
f 2519 162 2418 2705
f 2418 703 2706 2705
f 2706 98 1012 2705
f 2708 609 2104 2707
f 2104 608 2709 2707
f 2709 608 2162 2710
f 2162 100 1018 2710
f 1018 102 2711 2710
f 2503 266 1295 2712
f 1295 104 1025 2712
f 1025 101 1021 2712
f 1024 105 2714 2713
f 2714 106 1029 2713
f 1029 102 1017 2713
f 2716 262 1283 2715
f 1283 109 2717 2715
f 2717 612 2718 2715
f 2720 612 2717 2719
f 2717 109 1034 2719
f 1034 106 2714 2719
f 2200 631 2718 2721
f 2718 612 2113 2721
f 2113 541 2599 2721
f 2565 629 2201 2722
f 2201 544 1880 2722
f 2724 630 2198 2723
f 2198 629 2564 2723
f 2564 729 2569 2723
f 2195 628 2726 2725
f 2726 630 2724 2725
f 2724 238 1227 2725
f 2728 261 2729 2727
f 2729 630 2726 2727
f 2726 628 2194 2727
f 2199 630 2729 2730
f 2729 261 1284 2730
f 1284 262 2716 2730
f 2549 724 2732 2731
f 2732 616 2128 2731
f 2128 615 2733 2731
f 2735 704 2422 2734
f 2422 705 2733 2734
f 2733 615 2124 2734
f 2737 722 2738 2736
f 2738 704 2735 2736
f 2735 613 2120 2736
f 2740 723 2544 2739
f 2544 722 2737 2739
f 2737 614 2741 2739
f 2514 718 2743 2742
f 2743 723 2740 2742
f 2740 331 1420 2742
f 2119 112 2745 2744
f 2745 113 2115 2744
f 2115 331 2741 2744
f 1038 111 1047 2746
f 1047 114 1041 2746
f 1041 113 2745 2746
f 2116 113 1043 2747
f 1043 115 2132 2747
f 2132 618 2748 2747
f 2750 719 2751 2749
f 2751 118 1049 2749
f 1049 117 2748 2749
f 2142 270 2528 2752
f 2528 719 2750 2752
f 2750 618 2135 2752
f 2139 357 2585 2753
f 2585 356 2754 2753
f 2754 622 2755 2753
f 2757 738 2758 2756
f 2758 620 2755 2756
f 2755 622 2145 2756
f 2760 619 2761 2759
f 2761 738 2757 2759
f 2757 621 2762 2759
f 2760 124 2764 2763
f 2764 120 1055 2763
f 1055 122 2134 2763
f 1000 89 2766 2765
f 2766 269 2767 2765
f 2767 739 2768 2765
f 2768 739 2770 2769
f 2770 120 2066 2769
f 2066 597 2092 2769
f 1057 123 2067 2771
f 2067 120 2764 2771
f 2762 621 2147 2772
f 2147 596 2682 2772
f 2682 80 1058 2772
f 2150 326 2058 2773
f 2058 595 2146 2773
f 2146 622 2173 2773
f 2775 137 2183 2774
f 2183 142 1090 2774
f 1090 144 2776 2774
f 2155 141 1082 2777
f 1082 140 2778 2777
f 2778 741 2779 2777
f 2781 332 2158 2780
f 2158 624 2152 2780
f 2152 623 2782 2780
f 2781 134 1073 2783
f 1073 125 1063 2783
f 1063 127 1423 2783
f 2130 617 2785 2784
f 2785 127 1062 2784
f 1062 126 2786 2784
f 1424 127 2785 2787
f 2785 617 2187 2787
f 2187 145 1094 2787
f 2754 356 2584 2788
f 2584 130 1066 2788
f 1066 129 2171 2788
f 2123 131 1071 2789
f 1071 133 1432 2789
f 1432 111 1037 2789
f 2791 135 1074 2790
f 1074 134 2782 2790
f 2782 623 2779 2790
f 2172 129 1065 2792
f 1065 128 2793 2792
f 2793 740 2776 2792
f 1083 141 2154 2794
f 2154 625 2181 2794
f 2181 353 2795 2794
f 2035 323 1394 2796
f 1394 322 2185 2796
f 2185 355 1495 2796
f 2798 284 2577 2797
f 2577 733 2799 2797
f 2799 149 2800 2797
f 2802 743 2803 2801
f 2803 148 1096 2801
f 1096 149 2799 2801
f 2805 742 2800 2804
f 2800 149 2806 2804
f 2806 732 2807 2804
f 2809 744 2807 2808
f 2807 732 2574 2808
f 1232 242 2810 2811
f 2810 731 2812 2811
f 2812 627 2813 2811
f 2704 626 2815 2814
f 2815 98 2706 2814
f 2706 703 2816 2814
f 2166 609 2708 2817
f 2708 150 1099 2817
f 1099 98 2815 2817
f 2803 743 2819 2818
f 2819 155 2207 2818
f 2207 152 1233 2818
f 2576 156 1106 2820
f 1106 155 2819 2820
f 2819 743 2802 2820
f 2824 640 2822 2823
f 2822 151 2825 2823
f 2825 689 2366 2823
f 2215 635 2225 2826
f 2824 201 1167 2826
f 2209 633 2821 2827
f 2214 637 2828 2827
f 1434 248 2830 2829
f 2830 710 2459 2829
f 2459 220 2388 2829
f 1134 175 1322 2831
f 1322 285 2832 2831
f 2832 335 1437 2831
f 2248 652 2309 2833
f 2309 649 2242 2833
f 2242 648 2551 2833
f 2251 654 2835 2834
f 2257 658 2840 2839
f 2840 665 2838 2839
f 2838 745 2841 2839
f 2843 669 2289 2842
f 2289 657 2255 2842
f 2255 656 2553 2842
f 2845 670 2292 2844
f 2292 669 2843 2844
f 2843 725 2557 2844
f 2262 661 2269 2846
f 2269 198 2847 2846
f 2847 727 2848 2846
f 2850 174 2506 2849
f 2506 157 1111 2849
f 1111 159 2851 2849
f 1131 174 2850 2852
f 2850 161 2853 2852
f 1488 172 1126 2854
f 1126 171 2853 2854
f 2853 161 1113 2854
f 1123 169 1442 2855
f 1442 165 2415 2855
f 2415 237 2278 2855
f 2277 167 1120 2856
f 2534 720 2857 2856
f 2537 721 2859 2858
f 2859 168 1124 2858
f 1124 170 2857 2858
f 2539 276 2861 2860
f 2861 171 1128 2860
f 1128 168 2859 2860
f 1309 275 2272 2862
f 2272 173 1132 2862
f 1132 171 2861 2862
f 2285 668 2532 2863
f 2532 666 2280 2863
f 2280 665 2840 2863
f 2302 674 2865 2864
f 2865 672 2297 2864
f 2297 643 2235 2864
f 2313 184 2867 2866
f 2867 187 2307 2866
f 2307 652 2247 2866
f 2868 339 2345 2869
f 2345 179 1140 2869
f 1140 181 2315 2869
f 1139 180 1469 2870
f 1469 182 1144 2870
f 1144 184 2312 2870
f 1143 183 2343 2871
f 2343 185 1148 2871
f 1148 187 2867 2871
f 1147 186 1479 2872
f 1479 188 1152 2872
f 1152 190 2308 2872
f 2874 674 2301 2873
f 2301 673 2318 2873
f 2318 675 2875 2873
f 2322 672 2865 2876
f 2865 674 2874 2876
f 2874 682 2339 2876
f 2326 177 2295 2877
f 2295 671 2321 2877
f 2321 676 2332 2877
f 2879 688 2880 2878
f 2880 683 2337 2878
f 2337 682 2875 2878
f 2433 685 2358 2881
f 2358 688 2879 2881
f 2879 675 2319 2881
f 2341 183 1142 2882
f 1142 182 1160 2882
f 1160 195 2380 2882
f 2273 275 2291 2883
f 2291 670 2884 2883
f 2884 198 1163 2883
f 2847 198 2884 2885
f 2884 670 2845 2885
f 2845 726 2560 2885
f 2327 678 2331 2886
f 2331 680 2394 2886
f 2394 154 1107 2886
f 2353 340 2888 2887
f 2888 698 2395 2887
f 2395 680 2330 2887
f 2890 693 2891 2889
f 2891 341 2352 2889
f 2352 681 2338 2889
f 2357 687 2893 2892
f 2893 693 2890 2892
f 2890 683 2880 2892
f 2893 687 2409 2894
f 2409 348 2895 2894
f 2895 694 2373 2894
f 2374 694 2895 2896
f 2895 348 1466 2896
f 1466 347 2452 2896
f 2898 690 2899 2897
f 2899 245 1240 2897
f 1240 244 2454 2897
f 2898 709 2901 2900
f 2901 199 1168 2900
f 1168 201 2369 2900
f 2903 202 2367 2902
f 2367 689 2904 2902
f 2904 698 2888 2902
f 2899 690 2368 2905
f 2368 202 1172 2905
f 1172 204 1245 2905
f 2400 233 2377 2906
f 2377 454 2907 2906
f 2907 746 2908 2906
f 2405 193 1451 2909
f 1451 338 2381 2909
f 2381 232 1215 2909
f 2911 449 1647 2910
f 1647 448 2912 2910
f 2912 695 2913 2910
f 2908 746 2915 2914
f 2915 449 2911 2914
f 2911 701 2411 2914
f 2891 693 2372 2916
f 2372 692 2437 2916
f 2437 342 1458 2916
f 2903 340 1459 2917
f 1459 342 2439 2917
f 2439 203 1170 2917
f 2919 696 2384 2918
f 2384 247 1249 2918
f 1249 210 1186 2918
f 2921 213 1190 2920
f 1190 215 1195 2920
f 1195 217 2828 2920
f 2921 637 2216 2922
f 2216 200 1193 2922
f 1193 216 2223 2922
f 2825 151 1103 2923
f 1103 153 2393 2923
f 2393 698 2904 2923
f 1211 228 2402 2924
f 2402 700 2413 2924
f 2413 702 2441 2924
f 2406 231 1217 2925
f 1217 233 2403 2925
f 2403 228 1213 2925
f 2386 697 2927 2926
f 2927 702 2412 2926
f 2412 701 2913 2926
f 1228 238 2568 2928
f 2568 730 2571 2928
f 2571 336 1444 2928
f 2417 161 2851 2929
f 2851 159 2930 2929
f 2930 737 2816 2929
f 2809 242 2932 2931
f 2932 335 2832 2931
f 2832 285 2933 2931
f 2805 744 2933 2934
f 2933 285 1321 2934
f 1321 284 2798 2934
f 2428 707 2545 2935
f 2545 723 2743 2935
f 2743 718 2936 2935
f 1110 158 2938 2937
f 2938 717 2703 2937
f 2703 737 2930 2937
f 2940 747 2941 2939
f 2941 439 2942 2939
f 2942 207 2348 2939
f 1470 179 2346 2943
f 2346 208 2431 2943
f 2431 194 1158 2943
f 1631 243 1235 2944
f 1235 205 1176 2944
f 1176 207 2942 2944
f 2360 223 1203 2945
f 1203 222 2946 2945
f 2946 350 1475 2945
f 2450 225 1209 2947
f 1209 227 1241 2947
f 1241 245 1244 2947
f 2385 696 2949 2948
f 2949 226 2448 2948
f 2448 346 2950 2948
f 2901 709 2455 2951
f 2455 211 2224 2951
f 2224 216 1192 2951
f 2912 448 2953 2952
f 2953 711 2457 2952
f 2457 710 2954 2952
f 2830 248 1247 2955
f 1247 247 2383 2955
f 2383 695 2954 2955
f 2397 345 2442 2956
f 2442 702 2927 2956
f 2927 697 2950 2956
f 2946 222 2958 2957
f 2958 191 2407 2957
f 2407 230 2445 2957
f 1154 191 2958 2959
f 2958 222 1205 2959
f 1205 224 2435 2959
f 1243 204 2438 2960
f 2438 692 2371 2960
f 2371 691 2451 2960
f 2919 212 1252 2961
f 1252 227 1208 2961
f 1208 226 2949 2961
f 2210 218 2461 2963
f 2461 639 2220 2963
f 2220 638 2962 2963
f 2463 75 975 2964
f 2966 78 1009 2965
f 1009 96 2967 2965
f 2967 88 997 2965
f 1903 548 2969 2968
f 2969 313 1375 2968
f 2469 712 2642 2970
f 2642 71 1327 2970
f 1327 287 1906 2970
f 1911 286 1325 2971
f 1325 71 968 2971
f 968 70 2471 2971
f 1989 251 1991 2972
f 1991 573 2973 2972
f 1995 252 2644 2974
f 2644 572 2973 2974
f 2679 713 2477 2975
f 2477 329 1416 2975
f 1416 92 2489 2975
f 2049 88 2967 2976
f 2967 96 2095 2976
f 2095 607 2485 2976
f 2498 85 1408 2977
f 1408 62 953 2977
f 1981 67 2496 2978
f 2496 602 2077 2978
f 2077 83 1263 2978
f 1023 104 1483 2979
f 1483 351 2112 2979
f 2112 612 2720 2979
f 2161 271 1302 2980
f 1302 255 1272 2980
f 1272 257 1486 2980
f 2275 280 1314 2981
f 1314 279 2507 2981
f 2507 174 1130 2981
f 1490 163 1441 2982
f 1441 169 1122 2982
f 1122 168 1127 2982
f 2521 99 1098 2983
f 1098 150 2711 2983
f 2711 102 1028 2983
f 2770 739 2985 2984
f 2985 121 1053 2984
f 1109 157 2505 2986
f 2505 279 2429 2986
f 2429 708 2987 2986
f 2936 718 2513 2988
f 2513 717 2938 2988
f 2938 158 2987 2988
f 1035 109 1282 2989
f 1282 261 2728 2989
f 2728 260 1280 2989
f 2502 265 1287 2990
f 1287 264 2168 2990
f 2168 267 1293 2990
f 1269 256 1299 2991
f 1299 269 2766 2991
f 2766 89 1291 2991
f 2143 121 2985 2992
f 2985 739 2767 2992
f 2767 269 1298 2992
f 2106 610 2516 2993
f 2516 118 2751 2993
f 2751 719 2529 2993
f 1162 196 2541 2994
f 2541 278 1315 2994
f 1315 280 2274 2994
f 2738 722 2546 2995
f 2546 706 2424 2995
f 2424 663 2420 2995
f 2997 745 2837 2996
f 2253 650 2999 2998
f 2999 659 2841 2998
f 2841 745 2997 2998
f 2249 653 2554 3000
f 2554 656 2258 3000
f 2258 659 2999 3000
f 2236 642 3002 3001
f 3002 662 2848 3001
f 2848 727 2559 3001
f 2232 352 1492 3003
f 1492 281 2263 3003
f 2263 662 3002 3003
f 2548 281 1319 3004
f 1319 241 1230 3004
f 1230 240 3005 3004
f 2732 724 3005 3006
f 3005 240 2813 3006
f 2813 627 2188 3006
f 2572 730 2567 3007
f 1318 282 1438 3008
f 1438 335 2932 3008
f 2932 242 1231 3008
f 2806 149 1095 3009
f 2190 145 2189 3010
f 2189 627 2812 3010
f 2812 731 2573 3010
f 1907 287 1326 3011
f 1326 286 1910 3011
f 1910 300 2581 3011
f 2660 314 1378 3012
f 1378 138 3013 3012
f 3013 139 2795 3012
f 972 73 1382 3014
f 1382 316 2036 3014
f 2036 354 1497 3014
f 2786 126 1061 3015
f 1061 125 3016 3015
f 3016 133 1070 3015
f 1078 137 3018 3017
f 3018 140 1081 3017
f 1081 139 3013 3017
f 2775 740 3020 3019
f 3020 741 2778 3019
f 2778 140 3018 3019
f 2791 741 3020 3021
f 3020 740 2793 3021
f 2793 128 1329 3021
f 1075 135 1331 3022
f 1331 288 2177 3022
f 2177 133 3016 3022
f 993 81 985 3023
f 985 79 981 3023
f 981 78 2966 3023
f 2087 605 2098 3024
f 2098 604 2084 3024
f 2084 39 1344 3024
f 2133 115 1042 3025
f 1042 114 3026 3025
f 3026 738 2761 3025
f 2758 738 3026 3027
f 3026 114 1046 3027
f 1046 116 2137 3027
f 3029 543 1877 3028
f 1877 540 1887 3028
f 1887 289 1335 3028
f 2617 369 1515 3030
f 1515 41 3031 3030
f 3031 548 1902 3030
f 3031 41 924 3032
f 924 40 2590 3032
f 2590 313 2969 3032
f 3035 394 3036 3034
f 3039 751 3040 3038
f 3040 752 3041 3038
f 3041 407 3042 3038
f 3042 407 1578 3044
f 1578 406 3045 3044
f 3045 755 3046 3044
f 3048 757 3049 3047
f 3049 361 1502 3047
f 1502 360 3050 3047
f 3052 404 3053 3051
f 3053 758 3054 3051
f 3054 759 3055 3051
f 3052 390 1549 3059
f 1549 392 3060 3059
f 3060 762 3061 3059
f 3063 763 3064 3062
f 3064 749 3037 3062
f 3037 748 3065 3062
f 2616 47 1559 3067
f 1559 365 3068 3067
f 3068 397 1561 3067
f 3070 365 1508 3069
f 1508 364 3071 3069
f 1562 397 3074 3073
f 3074 368 1513 3073
f 2603 34 1518 3076
f 1583 411 3078 3077
f 3078 382 1537 3077
f 1537 383 3079 3077
f 3055 759 3081 3080
f 3081 765 3082 3080
f 3082 766 3083 3080
f 3085 391 3086 3084
f 3086 466 3087 3084
f 3087 767 3088 3084
f 3090 768 3091 3089
f 3091 416 3092 3089
f 3092 765 3081 3089
f 3041 752 3088 3093
f 3088 767 3094 3093
f 3094 408 1579 3093
f 3096 400 1573 3095
f 1573 402 3097 3095
f 3097 769 3098 3095
f 3101 770 3102 3100
f 3102 400 3096 3100
f 3104 375 3105 3103
f 3105 379 3106 3103
f 3106 400 3102 3103
f 1551 362 1576 3107
f 1576 404 3061 3107
f 3061 762 3108 3107
f 3111 760 3058 3109
f 3049 757 3113 3112
f 3113 758 3053 3112
f 3053 404 1575 3112
f 3075 367 3114 3115
f 1517 34 912 3115
f 3117 772 3118 3116
f 3118 373 3119 3116
f 3119 406 1580 3116
f 3121 773 3122 3120
f 3123 372 3124 3120
f 3127 402 1584 3125
f 3078 411 1582 3128
f 1582 402 1572 3128
f 1572 401 3129 3128
f 3131 534 1850 3130
f 1813 534 3131 3132
f 1666 412 1587 3133
f 1587 375 3104 3133
f 3104 770 3134 3133
f 3136 774 3137 3135
f 3137 412 1668 3135
f 1668 385 1539 3135
f 1524 374 3139 3138
f 3139 377 1530 3138
f 1530 379 3105 3138
f 3097 402 3127 3141
f 3127 410 3140 3141
f 3144 751 3145 3143
f 3142 394 3146 3143
f 3085 752 3040 3147
f 3040 751 3144 3147
f 3144 392 1548 3147
f 3039 750 3149 3148
f 1521 372 3123 3150
f 3123 754 3043 3150
f 3153 768 3090 3152
f 3090 759 3054 3152
f 3054 758 3154 3152
f 3156 768 3153 3155
f 3153 771 3110 3155
f 3158 775 3159 3157
f 3159 776 3160 3157
f 3162 763 3063 3161
f 3063 359 1499 3161
f 1499 358 3160 3161
f 3162 776 3164 3163
f 3164 360 1504 3163
f 1504 362 3165 3163
f 1552 393 3108 3166
f 3108 762 3060 3166
f 3060 392 3146 3166
f 3165 362 1553 3167
f 1553 394 3035 3167
f 3035 749 3064 3167
f 1557 359 3065 3168
f 3065 748 3033 3168
f 3068 365 3070 3170
f 3070 764 3066 3170
f 3174 366 1512 3173
f 1512 46 3175 3173
f 1592 363 1505 3176
f 3174 294 3179 3178
f 1879 294 3175 3180
f 3175 46 1861 3180
f 917 37 3072 3181
f 1547 390 3083 3182
f 3083 766 3183 3182
f 3183 466 3086 3182
f 3091 768 3156 3184
f 3156 417 1599 3184
f 3187 770 3101 3186
f 3101 371 1522 3186
f 1522 373 3118 3186
f 3154 758 3113 3188
f 3113 757 3189 3188
f 3189 760 3111 3188
f 3124 372 1520 3192
f 1520 371 3098 3192
f 3151 753 3194 3193
f 3045 406 3119 3193
f 3196 455 1660 3195
f 1660 380 1534 3195
f 1534 382 3129 3195
f 3137 774 3199 3198
f 3199 378 3200 3198
f 3200 376 1586 3198
f 1526 376 3200 3201
f 3200 378 1528 3201
f 1528 377 3139 3201
f 1710 485 3203 3202
f 3203 457 1662 3202
f 1662 386 1540 3202
f 3207 430 3208 3205
f 3210 431 1619 3209
f 1619 430 3207 3209
f 3207 396 3169 3209
f 1593 405 3191 3211
f 3191 294 1878 3211
f 1878 543 3212 3211
f 3214 518 3215 3213
f 3215 442 3216 3213
f 3216 780 3217 3213
f 3219 781 3220 3218
f 3220 782 3221 3218
f 3221 424 1754 3218
f 3223 784 3224 3222
f 3224 785 3225 3222
f 3225 499 3226 3222
f 1758 436 3228 3227
f 3228 499 3225 3227
f 3225 785 3229 3227
f 3232 786 3233 3230
f 1613 427 3235 3234
f 3236 425 3237 3234
f 3240 787 3238 3239
f 3238 427 1615 3239
f 1615 419 1601 3239
f 3241 786 3243 3242
f 3243 514 1756 3242
f 1756 513 3244 3242
f 3247 784 3248 3246
f 1922 555 3250 3249
f 2609 43 3253 3252
f 1926 556 3251 3254
f 1742 505 3258 3256
f 3260 496 1728 3259
f 2218 219 3261 3259
f 3263 516 1762 3262
f 1762 434 1739 3262
f 1739 437 1627 3262
f 1626 435 3265 3264
f 3265 500 1731 3264
f 1731 499 3228 3264
f 3267 790 3268 3266
f 3268 791 3269 3266
f 3269 432 3270 3266
f 1632 439 2941 3271
f 2941 747 3272 3271
f 3272 792 3273 3271
f 1766 446 1773 3274
f 1773 521 3275 3274
f 3275 443 3276 3274
f 3278 447 1648 3277
f 1648 449 3279 3277
f 3279 519 1770 3277
f 3281 782 3282 3280
f 3282 450 1652 3280
f 1652 452 3283 3280
f 1651 451 3285 3284
f 3285 793 3286 3284
f 3286 453 3287 3284
f 3267 789 3261 3288
f 3261 219 1201 3288
f 1201 221 3289 3288
f 1760 516 3231 3290
f 3196 401 1571 3292
f 1571 400 3293 3292
f 3293 794 3294 3292
f 3296 463 3297 3295
f 3297 459 3134 3295
f 3134 770 3187 3295
f 3299 464 1674 3298
f 1674 463 3296 3298
f 3296 772 3117 3298
f 3301 774 3136 3300
f 3136 384 3302 3300
f 3302 794 3293 3300
f 3304 794 3302 3303
f 3302 384 3305 3303
f 3305 458 3306 3303
f 1775 487 3308 3307
f 3308 387 3309 3307
f 3309 486 3310 3307
f 3312 796 3313 3311
f 3313 797 3314 3311
f 3314 458 1663 3311
f 3316 462 1671 3315
f 1671 461 3317 3315
f 3317 799 3318 3315
f 3320 801 3321 3319
f 3321 473 1690 3319
f 1690 472 3322 3319
f 1589 389 3324 3323
f 3324 802 3325 3323
f 3327 803 3328 3326
f 3328 474 1693 3326
f 1693 473 3321 3326
f 3330 805 3331 3329
f 3331 806 3332 3329
f 3332 807 3333 3329
f 3335 809 3336 3334
f 3336 805 3330 3334
f 3330 804 3337 3334
f 3340 809 3335 3338
f 3335 808 3341 3338
f 3343 475 3344 3342
f 3344 489 1720 3342
f 1720 488 3345 3342
f 3347 484 3348 3346
f 3348 814 3349 3346
f 3349 815 3350 3346
f 3352 816 3353 3351
f 3353 817 3354 3351
f 3357 816 3352 3356
f 3352 529 3358 3356
f 3360 528 1788 3359
f 1788 527 3361 3359
f 3363 528 3360 3362
f 3360 529 3364 3362
f 3366 483 1789 3365
f 1789 528 3367 3365
f 3367 821 3368 3365
f 3371 820 3364 3369
f 3364 529 3372 3369
f 3374 824 3375 3373
f 3375 511 3376 3373
f 3376 478 3377 3373
f 3379 825 3380 3378
f 3380 821 3381 3378
f 3381 442 1635 3378
f 3383 482 3368 3382
f 3368 821 3380 3382
f 3380 825 3384 3382
f 3387 814 3388 3385
f 3388 828 3389 3385
f 3392 4 3393 3391
f 3393 777 3390 3391
f 3390 826 3389 3391
f 3395 500 3265 3394
f 3265 435 3396 3394
f 3396 830 3397 3394
f 3399 828 3388 3398
f 3388 814 3348 3398
f 3272 747 2940 3400
f 3403 792 3404 3402
f 3404 480 3405 3402
f 3405 825 3379 3402
f 3325 802 3407 3406
f 3407 807 3408 3406
f 3408 525 1781 3406
f 3410 474 3411 3409
f 3411 804 3333 3409
f 3333 807 3407 3409
f 3413 831 3414 3412
f 3341 808 3415 3412
f 3417 832 3418 3416
f 3419 834 3420 3416
f 3343 812 3420 3421
f 3420 834 3422 3421
f 3422 835 3423 3421
f 3383 1 865 3424
f 865 3 1699 3424
f 1699 479 1708 3424
f 3366 482 1707 3425
f 1707 481 3426 3425
f 3426 484 3427 3425
f 1701 5 867 3428
f 867 4 3429 3428
f 3429 481 1706 3428
f 3393 4 869 3430
f 869 6 1792 3430
f 1792 530 3197 3430
f 3347 813 3432 3431
f 3432 835 3433 3431
f 3433 483 3427 3431
f 3331 805 3435 3434
f 3435 490 3436 3434
f 3436 836 3437 3434
f 3336 809 3439 3438
f 3439 488 1722 3438
f 1722 490 3435 3438
f 3340 811 3441 3440
f 3442 488 3439 3440
f 3305 384 1541 3443
f 1541 386 1664 3443
f 3445 795 3446 3444
f 3446 471 3447 3444
f 3447 522 3448 3444
f 1659 456 3448 3449
f 3448 522 3310 3449
f 3310 486 1713 3449
f 3314 797 3451 3450
f 3451 470 3452 3450
f 3454 838 3455 3453
f 3455 799 3317 3453
f 3317 461 3456 3453
f 3458 839 3459 3457
f 3459 840 3460 3457
f 3460 799 3455 3457
f 3312 457 3203 3461
f 3203 485 3462 3461
f 3462 465 3463 3461
f 3465 841 3466 3464
f 3466 842 3467 3464
f 3467 800 3468 3464
f 3355 818 3470 3469
f 3472 476 3473 3471
f 3473 492 1723 3471
f 3349 814 3387 3475
f 3387 827 3476 3475
f 3436 490 1721 3478
f 1721 489 3479 3478
f 3479 843 3480 3478
f 3423 835 3432 3481
f 3432 813 3482 3481
f 1640 443 3275 3483
f 3275 521 3484 3483
f 3484 243 1630 3483
f 3484 521 3486 3485
f 3486 512 1750 3485
f 1750 209 1236 3485
f 3286 793 3488 3487
f 3488 493 3489 3487
f 3489 454 1655 3487
f 1753 426 3493 3494
f 3493 783 3226 3494
f 3226 499 1730 3494
f 3219 498 1732 3495
f 1732 500 3395 3495
f 3395 829 3496 3495
f 3498 845 3499 3497
f 3499 447 3278 3497
f 3278 503 1735 3497
f 1628 437 1738 3500
f 1738 433 3501 3500
f 3501 830 3396 3500
f 3503 829 3397 3502
f 3397 830 3504 3502
f 3504 791 3505 3502
f 1927 557 3507 3506
f 3507 505 1741 3506
f 1741 504 3508 3506
f 3512 468 3513 3510
f 3515 847 3516 3514
f 3520 849 3521 3519
f 3524 842 3525 3523
f 3527 508 3528 3526
f 3528 851 3529 3526
f 3529 852 3530 3526
f 3527 850 3532 3531
f 3532 853 3533 3531
f 3533 854 3534 3531
f 3534 854 3536 3535
f 3516 847 3538 3537
f 3538 851 3539 3537
f 3539 855 3540 3537
f 3466 841 3543 3542
f 3533 853 3545 3544
f 3547 431 3210 3546
f 3210 363 1594 3546
f 1594 413 3548 3546
f 2907 454 3489 3549
f 3489 493 1727 3549
f 1727 495 3550 3549
f 3552 775 3204 3551
f 3164 776 3159 3554
f 3159 775 3552 3554
f 3552 756 3050 3554
f 3057 760 3189 3555
f 3189 757 3048 3555
f 3048 756 3553 3555
f 3214 779 3557 3556
f 3557 418 1603 3556
f 1603 420 1764 3556
f 1602 419 1614 3558
f 1614 421 1607 3558
f 1607 423 3559 3558
f 3221 782 3281 3560
f 3281 423 1606 3560
f 1606 422 3561 3560
f 3237 425 1609 3562
f 1609 424 3561 3562
f 3561 422 1605 3562
f 3564 513 3229 3563
f 3229 785 3224 3563
f 3224 784 3247 3563
f 3232 516 3263 3565
f 3263 436 1757 3565
f 1757 514 3243 3565
f 3568 477 3569 3567
f 3240 418 3557 3567
f 3377 478 1696 3570
f 1696 477 3568 3570
f 3568 779 3217 3570
f 3564 428 3572 3571
f 3572 788 3245 3571
f 3572 428 1616 3573
f 3576 506 3257 3575
f 3208 430 1618 3577
f 1618 429 1744 3577
f 3260 789 3270 3578
f 3270 432 3579 3578
f 3579 856 3580 3578
f 3579 432 1624 3581
f 1624 434 1761 3581
f 1761 517 3582 3581
f 3504 830 3501 3583
f 3501 433 1622 3583
f 1622 432 3269 3583
f 1639 440 1636 3584
f 1636 442 3215 3584
f 3215 518 3276 3584
f 3273 792 3403 3585
f 3403 441 1634 3585
f 1634 440 1638 3585
f 3559 423 3283 3586
f 3283 452 3587 3586
f 3587 446 1765 3586
f 3287 453 1654 3588
f 1654 444 1644 3588
f 1644 446 3587 3588
f 3590 519 3279 3589
f 3279 449 2915 3589
f 2915 746 3550 3589
f 3592 520 1768 3591
f 1768 519 3590 3591
f 3590 495 1726 3591
f 3282 782 3220 3593
f 3220 781 3594 3593
f 3594 501 3595 3593
f 1751 512 3597 3596
f 3597 444 1656 3596
f 1656 454 2376 3596
f 3582 517 3291 3598
f 1529 378 3199 3600
f 3199 774 3301 3600
f 3301 400 3106 3600
f 1658 455 3294 3601
f 3294 794 3304 3601
f 3304 795 3445 3601
f 1590 370 3099 3602
f 3603 486 3309 3602
f 3447 471 1686 3604
f 1686 460 1672 3604
f 1672 462 1776 3604
f 3458 838 3606 3605
f 3606 857 3607 3605
f 3607 849 3520 3605
f 3313 796 3609 3608
f 3609 857 3606 3608
f 3606 838 3454 3608
f 3460 840 3611 3610
f 3611 841 3465 3610
f 3465 798 3318 3610
f 1711 459 3297 3612
f 3297 463 1676 3612
f 1676 465 3462 3612
f 3614 859 3615 3613
f 3615 465 1675 3613
f 1675 464 3616 3613
f 3512 846 3618 3617
f 3618 859 3614 3617
f 3614 858 3619 3617
f 3621 858 3616 3620
f 3616 464 3299 3620
f 3299 408 3094 3620
f 3621 767 3087 3622
f 3087 466 1680 3622
f 1680 468 3619 3622
f 3624 469 1683 3623
f 1683 466 3183 3623
f 3183 766 3625 3623
f 3524 848 3627 3626
f 3627 801 3320 3626
f 3320 800 3467 3626
f 3324 389 1544 3628
f 1544 388 1694 3628
f 1694 474 3410 3628
f 3413 803 3327 3629
f 3327 801 3627 3629
f 3631 526 1784 3630
f 1784 525 3408 3630
f 3408 807 3332 3630
f 3633 523 1778 3632
f 3479 489 3344 3634
f 3344 475 3635 3634
f 3635 476 3472 3634
f 3417 812 3345 3636
f 3345 488 3442 3636
f 3638 527 1787 3637
f 1787 483 3433 3637
f 3433 835 3639 3637
f 3641 816 3357 3640
f 3357 819 3639 3640
f 3639 835 3422 3640
f 3353 816 3641 3642
f 3641 834 3419 3642
f 3638 819 3358 3643
f 3358 529 3361 3643
f 3645 824 3646 3644
f 3646 821 3367 3644
f 3367 528 3363 3644
f 3645 820 3371 3647
f 3371 823 3648 3647
f 3381 821 3646 3649
f 3646 824 3374 3649
f 3374 780 3216 3649
f 1704 7 1807 3650
f 1807 1 3384 3650
f 3384 825 3405 3650
f 3399 484 3426 3651
f 3426 481 3429 3651
f 3429 4 3392 3651
f 3404 792 3401 3652
f 3328 803 3415 3653
f 3415 808 3337 3653
f 3337 804 3411 3653
f 3631 806 3437 3654
f 3437 836 3655 3654
f 3655 523 3633 3654
f 3306 458 3452 3656
f 3452 470 1687 3656
f 1687 471 3446 3656
f 1536 381 1714 3657
f 1714 486 3603 3657
f 3603 403 3185 3657
f 1670 460 1685 3658
f 1685 470 3451 3658
f 3451 797 3456 3658
f 3607 857 3660 3659
f 3660 859 3618 3659
f 3618 846 3661 3659
f 3609 796 3463 3662
f 3463 465 3615 3662
f 3615 859 3660 3662
f 3316 798 3468 3663
f 3468 800 3322 3663
f 3322 472 1716 3663
f 3308 487 1717 3664
f 1717 472 1689 3664
f 1689 388 1543 3664
f 3635 475 3482 3665
f 3482 813 3350 3665
f 3350 815 3666 3665
f 3666 815 3477 3668
f 3477 844 3667 3668
f 3655 836 3480 3669
f 3480 843 3474 3669
f 3474 491 1777 3669
f 3597 512 3486 3670
f 3486 521 1772 3670
f 1772 445 1642 3670
f 3580 856 3599 3671
f 3503 502 1734 3672
f 1734 501 3594 3672
f 3594 781 3496 3672
f 1646 447 3499 3673
f 3499 845 3674 3673
f 3674 711 2953 3673
f 1769 520 3676 3675
f 3676 450 3595 3675
f 3595 501 1736 3675
f 3592 494 3678 3677
f 3678 451 1650 3677
f 1650 450 3676 3677
f 1725 493 3488 3679
f 3488 793 3285 3679
f 3285 451 3678 3679
f 3674 845 3681 3680
f 3681 790 3289 3680
f 3289 221 2458 3680
f 3498 502 3505 3682
f 3505 791 3268 3682
f 3268 790 3681 3682
f 1620 431 3547 3683
f 3547 504 1743 3683
f 1743 506 3576 3683
f 1679 467 3685 3684
f 3611 840 3687 3686
f 3689 469 3624 3688
f 3624 852 3529 3688
f 3529 851 3538 3688
f 3685 467 1682 3690
f 1682 469 3689 3690
f 3689 847 3515 3690
f 3539 851 3528 3691
f 3528 508 1748 3691
f 1748 510 3692 3691
f 3696 416 1597 3695
f 1597 415 3694 3695
f 3545 853 3698 3697
f 3698 416 3696 3697
f 3696 860 3693 3697
f 3082 765 3702 3701
f 3702 850 3530 3701
f 3530 852 3625 3701
f 3092 416 3698 3703
f 3698 853 3532 3703
f 3532 850 3702 3703
f 3548 413 3212 3704
f 3212 543 3029 3704
f 3029 291 3508 3704
f 4569 4566 4567 3705
f 4573 4570 4571 3708
f 4578 4575 4576 3712
f 4582 4579 4580 3715
f 4595 4592 4593 3725
f 4599 4596 4597 3726
f 4610 4607 4608 3732
f 4614 4611 4612 3734
f 4618 4615 4616 3737
f 4622 4619 4620 3740
f 4626 4623 4624 3742
f 4630 4627 4628 3744
f 4634 4631 4632 3746
f 4638 4635 4636 3749
f 4642 4639 4640 3752
f 4646 4643 4644 3755
f 4650 4647 4648 3758
f 4654 4651 4652 3761
f 4658 4655 4656 3764
f 4662 4659 4660 3767
f 4665 4663 4664 3770
f 4669 4666 4667 3771
f 4673 4670 4671 3773
f 4677 4674 4675 3776
f 4683 4680 4681 3779
f 4687 4684 4685 3782
f 4691 4688 4689 3783
f 4695 4692 4693 3787
f 4699 4696 4697 3785
f 4702 4700 4698 3791
f 4706 4703 4704 3793
f 4710 4707 4708 3796
f 4714 4711 4712 3799
f 4718 4715 4716 3801
f 4722 4719 4720 3804
f 4725 4723 4720 3805
f 4729 4726 4727 3808
f 4733 4730 4731 3810
f 4736 4734 4735 3812
f 4739 4737 4736 3812
f 4743 4740 4741 3814
f 4747 4744 4745 3817
f 4751 4748 4749 3815
f 4755 4752 4753 3821
f 4759 4756 4757 3824
f 4763 4760 4761 3827
f 4767 4764 4765 3829
f 4771 4768 4769 3832
f 4775 4772 4773 3835
f 4779 4776 4777 3829
f 4783 4780 4781 3840
f 4787 4784 4785 3843
f 4790 4788 4789 3778
f 4794 4791 4792 3846
f 4798 4795 4796 3849
f 4803 4801 4802 3854
f 4807 4804 4805 3855
f 4811 4808 4809 3858
f 4815 4812 4813 3861
f 4819 4816 4817 3864
f 4823 4820 4821 3867
f 4828 4825 4826 3872
f 4832 4829 4830 3875
f 4836 4833 4834 3877
f 4840 4837 4838 3879
f 4844 4841 4842 3883
f 4848 4845 4846 3886
f 4852 4849 4850 3889
f 4856 4853 4854 3892
f 4860 4857 4858 3895
f 4864 4861 4862 3886
f 4868 4865 4866 3900
f 4872 4869 4870 3903
f 4876 4873 4874 3906
f 4880 4877 4878 3909
f 4883 4881 4878 3910
f 4886 4884 4885 3913
f 4890 4887 4888 3914
f 4894 4891 4892 3917
f 4897 4895 4870 3904
f 4901 4898 4899 3921
f 4905 4902 4903 3923
f 4909 4906 4907 3926
f 4913 4910 4911 3929
f 4917 4914 4915 3932
f 4921 4918 4919 3935
f 4885 4922 4923 3913
f 4928 4925 4926 3868
f 4932 4929 4930 3941
f 4936 4933 4934 3944
f 4941 4938 4939 3909
f 4945 4942 4943 3931
f 4949 4946 4947 3908
f 4953 4950 4951 3951
f 4956 4954 4955 3916
f 4959 4957 4958 3953
f 4962 4960 4961 3849
f 4965 4963 4665 3770
f 4969 4966 4967 3957
f 4973 4970 4971 3958
f 4976 4974 4971 3959
f 4980 4977 4978 3962
f 4984 4981 4982 3964
f 4988 4985 4986 3965
f 4992 4989 4990 3967
f 4995 4993 4994 3793
f 4999 4996 4997 3970
f 5003 5000 5001 3960
f 5007 5004 5005 3974
f 5011 5008 5009 3976
f 5015 5012 5013 3979
f 5019 5016 5017 3982
f 5023 5020 5021 3985
f 5027 5024 5025 3988
f 5031 5028 5029 3775
f 5035 5032 5033 3839
f 5039 5036 5037 3993
f 5045 5042 5043 3733
f 5049 5046 5047 3996
f 5053 5050 5051 4001
f 5057 5054 5055 4004
f 5061 5058 5059 4007
f 5065 5062 5063 4002
f 5068 5066 5065 4002
f 5072 5069 5070 4011
f 5076 5073 5074 4014
f 5080 5077 5078 4016
f 5084 5081 5082 3842
f 5087 5085 5086 4020
f 5091 5088 5089 4021
f 5095 5092 5093 4023
f 5099 5096 5097 4025
f 5103 5100 5101 4027
f 5106 5104 5105 4030
f 5110 5107 5108 3827
f 5114 5111 5112 3766
f 5118 5115 5116 4033
f 5122 5119 5120 3796
f 5125 5123 4979 3823
f 5129 5126 5127 4036
f 5133 5130 5131 3815
f 5136 5134 5135 3837
f 5139 5137 4952 3914
f 5143 5140 5141 3880
f 5146 5144 5145 3873
f 5150 5147 5148 3941
f 5156 5154 5155 4042
f 5159 5157 4879 3911
f 5163 5160 5161 4044
f 5167 5164 5165 4047
f 5171 5168 5169 4050
f 5174 5172 5173 3886
f 5177 5175 5176 3892
f 5181 5178 5179 4053
f 5184 5182 5183 3892
f 5187 5185 4998 3808
f 5190 5188 5189 3961
f 5194 5191 5192 3876
f 5021 5195 5196 3985
f 5201 5198 5199 4058
f 5208 5205 5206 4064
f 5213 5210 5211 3750
f 5216 5214 5215 4070
f 5220 5218 4629 3737
f 5226 5223 5224 4075
f 5230 5227 5228 4078
f 5234 5231 5232 4081
f 5238 5235 5236 4084
f 5241 5239 5237 4086
f 5245 5242 5243 4088
f 5249 5246 5247 4091
f 5253 5250 5251 4094
f 5257 5254 5255 4066
f 5261 5258 5259 4099
f 5213 5262 5263 4069
f 5220 5264 5265 4073
f 5277 5274 5275 4104
f 5280 5278 5207 4066
f 5284 5281 5282 4110
f 5288 5285 5286 4106
f 5291 5289 5290 4116
f 5294 5292 5249 4091
f 5298 5295 5296 4067
f 5302 5299 5300 4118
f 5307 5304 5305 4122
f 5311 5308 5309 4125
f 5315 5312 5313 4128
f 5319 5316 5317 4131
f 5324 5321 5322 4133
f 5328 5325 5326 4136
f 5332 5329 5330 4139
f 5336 5333 5334 4142
f 5340 5337 5338 4144
f 5344 5341 5342 4142
f 5348 5345 5346 4148
f 5352 5349 5350 4151
f 5356 5353 5354 4154
f 5360 5357 5358 4148
f 5364 5361 5362 4159
f 5368 5365 5366 4090
f 5372 5369 5370 4116
f 5376 5373 5374 4164
f 5380 5377 5378 4167
f 5384 5381 5382 4170
f 5387 5385 5386 4173
f 5391 5388 5389 4174
f 5395 5392 5393 4092
f 5398 5396 5395 4092
f 5405 5402 5403 4183
f 5408 5406 5407 4184
f 5412 5409 5410 4183
f 5415 5413 5414 4189
f 5236 5416 5417 4084
f 5422 5419 5420 4166
f 5426 5423 5424 4192
f 5431 5428 5429 4197
f 5436 5433 5434 4202
f 5440 5437 5438 4205
f 5327 5441 5442 4137
f 5447 5444 5445 4208
f 5452 5449 5450 4212
f 4923 5453 5454 3913
f 5315 5456 5457 4130
f 5462 5459 5460 4217
f 5466 5463 5464 4220
f 5470 5467 5468 4222
f 5474 5471 5472 4223
f 5477 5475 5347 4150
f 5480 5478 5422 4166
f 5493 5490 5491 4187
f 5496 5494 5495 3710
f 4568 5497 5498 3706
f 5509 5506 5507 4236
f 5501 5510 5509 4236
f 4593 5512 5513 3725
f 4602 5515 5516 3716
f 5522 5519 5520 4239
f 5528 5526 4585 3719
f 5527 5529 5525 3720
f 4598 5541 5542 3727
f 5542 5544 5545 3727
f 5548 5546 5522 4239
f 4580 5553 5552 3715
f 5534 5558 5513 4237
f 4595 5561 5556 3721
f 4599 5562 4594 3721
f 5547 5563 4581 3717
f 5568 5564 5565 3999
f 5574 5572 5047 4000
f 5579 5578 4668 3742
f 5583 5580 5568 3999
f 5587 5585 4612 3735
f 5567 5588 5589 4243
f 5594 5592 5593 4249
f 5566 5595 4636 3750
f 5060 5597 5598 4008
f 5596 5601 5602 3749
f 5603 5605 5606 4251
f 5612 5609 5610 4253
f 5616 5613 5055 4005
f 5620 5617 5616 4005
f 5628 5625 5626 4259
f 5627 5629 5630 4260
f 5637 5634 5635 3755
f 5640 5638 4640 3753
f 5645 5641 5642 4265
f 5648 5646 4682 3781
f 4671 5649 5650 3773
f 5653 5652 5633 4262
f 5657 5654 5074 4015
f 5076 5658 5659 3758
f 5664 5661 5662 4268
f 5668 5665 5666 4270
f 5075 5669 5670 4015
f 5657 5672 5673 3736
f 5678 5674 5675 3767
f 5681 5679 5680 4273
f 5686 5682 5683 4274
f 5688 5687 5044 3763
f 5693 5689 5690 4276
f 5696 5694 5695 4277
f 5696 5697 5667 4269
f 5703 5700 5701 4278
f 5706 5704 5705 4279
f 5710 5707 5708 3776
f 5713 5711 5712 4281
f 5718 5714 5715 4282
f 5718 5719 5720 4285
f 5706 5722 5723 4278
f 5727 5726 5095 4023
f 5731 5728 5729 4288
f 5736 5732 5733 4290
f 5740 5737 5738 4020
f 5743 5741 5742 4292
f 4709 5744 5090 3797
f 5749 5745 5746 4293
f 5753 5750 5751 4295
f 5755 5754 5102 4029
f 5759 5756 5757 4296
f 5763 5760 5761 4298
f 5767 5764 5765 3799
f 5110 5768 5769 4031
f 5776 5772 5773 4302
f 5769 5777 5778 4031
f 4693 5780 5781 3787
f 5785 5784 5113 4032
f 5782 5786 5787 4306
f 5793 5790 5791 4309
f 5796 5794 5779 4301
f 5094 5797 5091 4021
f 5800 5798 5799 4311
f 5804 5801 5802 4308
f 5795 5805 5776 4302
f 5811 5807 5808 4312
f 5009 5812 5573 3976
f 5817 5815 5816 4316
f 5820 5818 4755 3821
f 5824 5821 5822 4317
f 5828 5825 5826 4319
f 5832 5829 5830 4320
f 4773 5833 5831 3835
f 5839 5835 5836 4322
f 5843 5840 5841 4324
f 5847 5844 5845 3972
f 5851 5848 5849 4325
f 5854 5852 4792 3847
f 5859 5855 5856 4327
f 5862 5860 5129 4036
f 5866 5863 5811 4312
f 5870 5867 5868 4330
f 5186 5871 5872 3971
f 5877 5874 5875 4326
f 5842 5878 4749 3820
f 5882 5880 5132 4038
f 5861 5883 4797 3851
f 5889 5886 5853 4026
f 5893 5890 5891 3849
f 5900 5897 5898 3964
f 5905 5901 5902 4333
f 5911 5909 4809 3859
f 5915 5912 5913 4337
f 5920 5917 5918 4341
f 5925 5921 5922 3923
f 5928 5926 4888 3915
f 5932 5930 5931 4345
f 5936 5933 5934 4346
f 5940 5937 5938 4348
f 5944 5941 5942 4350
f 5948 5945 5946 4352
f 5953 5949 5950 4354
f 5957 5954 5955 4358
f 5962 5958 5959 4360
f 5967 5963 5964 3985
f 5971 5968 5965 4365
f 4868 5972 5973 3902
f 5979 5975 5976 3877
f 5150 5980 5152 4041
f 5960 5986 5987 4361
f 5993 5990 5991 4373
f 5996 5994 5995 4374
f 5931 5997 5998 4345
f 5935 6000 6001 4347
f 5943 6003 6004 4351
f 5947 6007 6008 4353
f 6013 6010 6011 4356
f 5956 6014 6015 4359
f 6023 6021 6022 4379
f 6027 6024 6025 4380
f 6031 6028 6029 3860
f 6036 6032 6033 4380
f 6027 6037 6038 4381
f 6043 6040 6041 4386
f 6047 6044 6045 3887
f 6050 6048 6049 3883
f 6054 6051 6052 4388
f 6039 6055 6056 4385
f 6062 6058 6059 4389
f 6066 6063 6064 3927
f 6068 6067 6065 4390
f 6073 6069 6070 3905
f 6078 6074 6075 4395
f 6082 6079 6080 3938
f 6085 6083 6084 4042
f 6090 6086 6087 4399
f 4959 6091 4892 3918
f 6095 6094 6093 3953
f 6099 6096 6097 4402
f 6102 6100 5167 4047
f 6107 6103 6104 3937
f 4860 6108 6109 3897
f 6060 6112 6068 4390
f 6105 6114 6115 4403
f 4930 6118 6119 3941
f 6122 6120 4818 3866
f 6126 6123 6124 4408
f 5974 6127 5970 4368
f 5017 6130 6131 3982
f 6135 6134 4882 3912
f 6137 6136 4854 3893
f 5184 6138 6046 3889
f 6143 6140 6141 4046
f 6147 6144 6145 3933
f 6147 6148 5180 4048
f 6152 6150 4911 3930
f 6151 6153 6154 3929
f 6159 6157 6158 4413
f 6163 6160 6161 4414
f 6165 6164 4900 3922
f 6167 6166 4645 3757
f 5099 6168 5103 4027
f 6173 6170 6171 4253
f 6176 6174 5618 4255
f 6181 6179 6180 4417
f 6185 6182 6183 4294
f 6187 6186 5748 3792
f 6169 6188 5755 4029
f 6194 6191 6192 4419
f 6198 6195 6196 3761
f 6200 6199 4669 3771
f 6202 6201 4664 3765
f 4969 6203 4965 3770
f 5189 6204 6205 3961
f 6211 6208 6209 3983
f 6214 6212 4926 3939
f 4978 6215 6216 3962
f 4980 6219 4754 3823
f 5193 6221 4819 3864
f 6214 6222 6223 3866
f 4983 6224 4718 3801
f 4990 6226 6227 3967
f 4994 6228 6229 3793
f 5001 6230 4972 3960
f 6233 6231 6232 4423
f 6237 6239 5988 4372
f 6240 6242 5992 4371
f 6246 6244 6131 4411
f 6250 6247 6248 4426
f 6253 6251 6125 4409
f 6258 6254 6255 4357
f 6256 6259 5948 4352
f 6260 6262 5944 4350
f 6269 6265 6266 4432
f 6267 6270 6271 3987
f 5983 6274 5149 4041
f 6281 6279 5027 3988
f 5063 6282 5051 4002
f 5057 6284 5064 4006
f 6289 6286 5879 4061
f 5200 6290 5888 4059
f 5034 6291 4771 3832
f 6294 6292 6293 3744
f 5045 6295 6296 3763
f 6299 6297 6298 3739
f 6301 6300 6296 3740
f 4604 6304 5575 3729
f 6299 6305 6293 4267
f 5586 6306 6298 3734
f 4620 6308 6301 3740
f 5628 6311 5590 3993
f 4634 6314 6315 3748
f 5067 6317 5056 4006
f 5593 6318 5604 4249
f 4638 6319 6320 3751
f 5612 6322 5059 4008
f 6312 6323 5052 4003
f 5640 6324 5642 4264
f 5639 6326 6327 3752
f 5636 6329 5653 4262
f 5677 6330 5668 4270
f 5688 6331 5683 4275
f 6198 6332 4660 3768
f 5671 6334 4652 3762
f 6338 6335 6336 4439
f 6341 6339 6338 4439
f 4964 6342 6340 3764
f 5645 6343 6344 4266
f 6346 6345 6344 4416
f 4642 6347 5690 3754
f 6353 6350 6351 4419
f 6194 6354 5702 3798
f 6358 6355 6356 4019
f 6360 6359 5717 4285
f 5884 6361 5720 3850
f 6364 6363 6362 4057
f 6366 6365 4783 3840
f 4790 6367 6366 3840
f 5725 6368 5738 4286
f 6371 6370 5735 4291
f 6371 6372 5093 4021
f 6376 6374 6375 4440
f 6378 6377 5736 4290
f 6378 6379 6376 4440
f 6180 6380 6381 4417
f 6383 6382 6192 4420
f 5117 6384 6183 3956
f 6386 6385 5765 4300
f 4686 6387 4691 3783
f 6390 6388 6389 4032
f 5783 6391 6392 4307
f 5109 6393 6394 3786
f 6341 6395 6394 3766
f 6336 6397 6396 4439
f 6184 6398 5698 3956
f 5789 6400 5804 4308
f 6402 6401 6227 3978
f 5792 6403 5011 3976
f 5800 6404 5763 4298
f 6399 6405 6337 4273
f 6408 6406 6407 4441
f 4716 6409 6223 3801
f 6413 6411 6412 3854
f 6415 6414 6413 3854
f 4725 6416 6207 3807
f 4721 6417 4728 3805
f 6422 6419 6420 4335
f 6418 6423 6424 3809
f 6303 6425 5904 4248
f 6273 6427 6428 3942
f 4931 6429 5899 3940
f 5898 6431 6432 3964
f 6420 6434 5903 4335
f 6437 6435 6253 4409
f 5828 6438 6439 4317
f 5824 6440 6441 4318
f 6445 6443 6444 4035
f 5124 6446 6218 3963
f 6445 6448 5823 4318
f 6449 6450 4742 3816
f 6452 6451 5820 3821
f 6452 6453 6454 4322
f 5839 6456 5846 3826
f 6459 6457 5843 4324
f 5849 6460 6461 4325
f 6466 6463 6464 3828
f 5838 6467 6464 4323
f 6472 6469 4704 3794
f 5796 6473 6472 3794
f 6468 6475 4761 3828
f 4762 6476 6466 3828
f 5877 6477 5854 3847
f 6480 6478 6479 4444
f 6483 6481 5859 4327
f 6486 6484 6485 3838
f 5127 6487 6485 4036
f 6490 6488 5834 3836
f 4798 6491 5128 3851
f 5875 6492 6458 4326
f 4741 6493 5827 3814
f 6483 6494 6495 4445
f 6480 6496 5876 3848
f 6499 6498 4787 3843
f 5199 6500 5739 4058
f 6504 6501 6502 4446
f 6503 6505 6506 4437
f 6511 6508 6509 4448
f 6514 6512 6513 3946
f 6517 6515 4936 3944
f 6520 6518 6408 4441
f 6519 6521 5870 4330
f 6506 6524 6280 4437
f 6070 6527 6528 3905
f 4871 6530 5919 3904
f 6532 6531 5913 3921
f 6092 6533 5138 3917
f 5141 6535 4838 3880
f 6255 6537 5952 4357
f 6542 6540 5985 4369
f 6545 6543 5961 4363
f 6257 6546 6547 4429
f 6261 6548 6549 4430
f 6552 6550 5966 4366
f 6555 6553 6554 3865
f 6557 6556 4835 3875
f 4817 6558 5192 3864
f 5982 6559 4827 3874
f 6561 6560 5981 3874
f 6561 6562 6241 4424
f 6563 6564 6243 4425
f 6565 6566 5013 3980
f 6544 6567 5989 4362
f 5939 6568 6006 4349
f 5951 6570 6017 4355
f 6019 6573 6572 3882
f 6016 6574 4843 3885
f 6571 6575 4847 3888
f 6012 6576 4851 3891
f 6579 6577 6578 4386
f 6043 6580 6026 4381
f 6036 6581 6030 4382
f 6579 6582 6583 4379
f 6023 6585 6137 3893
f 6084 6586 6045 4042
f 4867 6587 5977 3901
f 6264 6589 6551 4431
f 4811 6590 6031 3860
f 6034 6591 6057 4383
f 6042 6593 6594 4387
f 6584 6596 6061 4392
f 6077 6598 6597 4397
f 6156 6600 6078 4395
f 6158 6601 6602 4413
f 6073 6604 6602 4394
f 6592 6606 6607 4044
f 4949 6609 6603 3949
f 6612 6610 6104 4403
f 4919 6613 6109 3935
f 6617 6614 6615 4405
f 6115 6618 6612 4403
f 5162 6620 6595 4045
f 4874 6621 6607 3906
f 4890 6622 6623 3916
f 6532 6624 6625 4341
f 5927 6626 6625 3917
f 6608 6627 6529 4393
f 6145 6628 4915 3933
f 4917 6629 6110 3934
f 6617 6630 6090 4399
f 5148 6632 4932 3941
f 6520 6633 6121 4407
f 6637 6635 6513 4448
f 6502 6638 6509 4446
f 6640 6639 6132 4412
f 6634 6641 4814 3863
f 6052 6643 6644 4388
f 4862 6647 5174 3886
f 6646 6648 5335 4143
f 5179 6649 6064 4053
f 4948 6651 6154 3950
f 6654 6652 6089 4401
f 4896 6655 6605 3903
f 6658 6656 6616 4399
f 6658 6659 6534 4414
f 6654 6660 6101 4050
f 6149 6661 6650 4054
f 6139 6663 4858 3896
f 6155 6664 4947 3950
f 6653 6665 6623 4400
f 4701 6669 6670 3790
f 5079 6672 5607 3955
f 5610 6674 6173 4253
f 6175 6675 5615 4254
f 6677 6676 5693 4276
f 6677 6678 5699 4277
f 6193 6679 6383 4420
f 6189 6680 5753 4295
f 4657 6681 6202 3765
f 4967 6682 5685 3957
f 6424 6683 4727 3809
f 5190 6684 5865 3804
f 4834 6685 5979 3877
f 4831 6686 5194 3876
f 4732 6687 6225 3811
f 4757 6688 6474 3824
f 6691 6690 4813 3862
f 6691 6692 6640 4412
f 4984 6693 4739 3812
f 4997 6694 6206 3970
f 4995 6695 4973 3958
f 5002 6696 5847 3972
f 6233 6697 5810 4315
f 5978 6698 4866 3901
f 6124 6699 6442 4408
f 6701 6702 5957 4358
f 6703 6704 5953 4354
f 6263 6705 5940 4348
f 6706 6707 5936 4346
f 6709 6708 6252 4428
f 5892 6710 6436 4320
f 4935 6712 5022 3945
f 6285 6715 5611 4250
f 6499 6716 6364 4057
f 5201 6718 4676 3778
f 4774 6719 6490 3836
f 6717 6721 4782 3842
f 6722 6723 6479 3841
f 5033 6725 6495 3839
f 6720 6726 4779 3829
f 6670 6727 4697 3790
f 5048 6728 5791 4000
f 6465 6729 5837 4323
f 5841 6731 6462 4324
f 5039 6732 6733 3995
f 5606 6734 6321 4251
f 6673 6736 6735 4252
f 6741 6738 6739 4453
f 6746 6742 6743 4454
f 6750 6748 6746 4454
f 6754 6751 6752 4460
f 6759 6755 6756 4094
f 6765 6763 6756 4108
f 6769 6766 6767 4063
f 5265 6771 6320 4073
f 6779 6777 5266 3737
f 6787 6784 6759 4094
f 6792 6788 6789 4456
f 6785 6793 6794 4463
f 5283 6797 6745 4111
f 6802 6799 6800 4075
f 6800 6804 6805 4075
f 6806 6807 6808 4474
f 6812 6811 5255 4097
f 5279 6816 6753 4065
f 4616 6819 6779 3737
f 5284 6820 6821 4112
f 6828 6824 6825 4473
f 5288 6829 6830 4113
f 6833 6832 6782 4086
f 6838 6837 5370 4163
f 5243 6839 6840 4088
f 6809 6842 5228 4079
f 6825 6845 6801 4473
f 6850 6847 6848 4096
f 5252 6851 6789 4095
f 6855 6854 5225 4077
f 6858 6856 6857 4475
f 6864 6861 6760 4062
f 6864 6865 6866 4480
f 6869 6867 6866 4467
f 6850 6870 5256 4098
f 6768 6871 6869 4467
f 6778 6874 6772 4101
f 5215 6875 6876 4070
f 6879 6877 6878 3998
f 5565 6884 5583 3999
f 6790 6886 5251 4095
f 5302 6888 6795 4120
f 6822 6890 6891 4476
f 6815 6892 6858 4475
f 6895 6894 6881 4109
f 6802 6896 6828 4473
f 6823 6897 6855 4077
f 6833 6899 6900 4105
f 5290 6902 6841 4116
f 6843 6905 5230 4078
f 5244 6906 5414 4089
f 6912 6909 6910 4482
f 6873 6913 6914 4067
f 6916 6915 5297 4117
f 6921 6917 6918 4483
f 5458 6922 6923 4202
f 6930 6926 6927 4487
f 6933 6931 5462 4217
f 6941 6938 5317 4125
f 5305 6943 6944 4122
f 6948 6946 6945 4219
f 6965 6963 6964 4493
f 5331 6966 6967 4140
f 6932 6968 5330 4140
f 6974 6970 6971 4493
f 6977 6975 5336 4142
f 6980 6978 5470 4222
f 5474 6981 6982 4207
f 6987 6984 6985 4127
f 6991 6988 5355 4156
f 6993 6992 6971 4494
f 6998 6996 6900 4159
f 6891 6999 7000 4476
f 6821 7002 7003 4112
f 6997 7004 7005 4104
f 7010 7007 7008 4499
f 7014 7011 5479 4226
f 5367 7015 7016 4161
f 7022 7019 7020 4502
f 7026 7023 7024 4504
f 7029 7027 5484 4228
f 7025 7030 7031 4505
f 7037 7033 7034 4508
f 7041 7038 7039 4512
f 7045 7042 7043 4514
f 7049 7046 7047 4516
f 7054 7050 7051 4517
f 7059 7055 7056 4233
f 7062 7060 7061 4523
f 7065 7063 7064 4233
f 7068 7066 7067 4524
f 7072 7069 7070 4186
f 7076 7073 7074 4526
f 7081 7077 7078 4484
f 5339 7082 7083 4145
f 7088 7086 7087 3705
f 7093 7089 7090 4530
f 7093 7095 7096 4532
f 7101 7098 7099 4533
f 7052 7102 7103 4188
f 6644 7104 6054 4388
f 7083 7106 7107 4145
f 5485 7110 7029 4228
f 7111 7113 7114 4506
f 7119 7116 7117 4507
f 7124 7120 7121 4516
f 7127 7125 7047 4179
f 5412 7128 7087 4186
f 7131 7129 7070 4187
f 5410 7132 5405 4183
f 7131 7135 7051 4188
f 7141 7138 7035 4510
f 7139 7142 7040 4509
f 7143 7144 7044 4513
f 5368 7147 7009 4162
f 7152 7148 7149 4160
f 5417 7153 5363 4084
f 7156 7154 7018 4162
f 7160 7157 7158 4501
f 7159 7161 7162 4542
f 7167 7165 7016 4500
f 7172 7168 7169 4502
f 7076 7173 7059 4233
f 7178 7175 7176 4547
f 7181 7179 7053 4519
f 7184 7182 7140 4540
f 7186 7185 7127 4179
f 5334 7187 5344 4142
f 4940 7189 7188 3947
f 5359 7191 6990 4157
f 7197 7194 7195 4130
f 5434 7198 5457 4202
f 7200 7199 6923 4485
f 5439 7201 7202 4206
f 7100 7204 5332 4139
f 7209 7206 7207 4206
f 7212 7210 5631 3995
f 7211 7213 6959 4261
f 7234 7230 7231 4554
f 7238 7235 7231 4212
f 5450 7239 7238 4212
f 7252 7250 7251 4208
f 7254 7253 6611 4450
f 7257 7255 7256 4460
f 6754 7258 6868 4064
f 7257 7259 6761 4465
f 5468 7260 6918 4222
f 7263 7262 5306 4124
f 7265 7264 6925 4128
f 5309 7266 6941 4125
f 6951 7267 7268 4132
f 6947 7269 6936 4490
f 5314 7270 6940 4129
f 7261 7271 7272 4483
f 6921 7274 7081 4484
f 6948 7275 7268 4217
f 6927 7278 7196 4487
f 7284 7282 6964 4200
f 7286 7285 7283 4560
f 6973 7287 7208 4495
f 6980 7288 5343 4147
f 5342 7289 6977 4142
f 5469 7290 7263 4124
f 7291 7292 6991 4156
f 7254 7293 7294 4199
f 5430 7295 7296 4198
f 7299 7297 6986 4154
f 6080 7300 5455 3938
f 6810 7304 5233 4083
f 7149 7305 5362 4160
f 7013 7306 5294 4091
f 5480 7308 7151 4226
f 7224 7309 7162 4543
f 7158 7312 7017 4501
f 7022 7314 7164 4503
f 7166 7316 5415 4189
f 7320 7317 7318 4562
f 7323 7321 7216 4172
f 6798 7324 7325 4471
f 7323 7326 7325 4562
f 7329 7327 7328 4556
f 7171 7330 7228 4546
f 7114 7332 7028 4506
f 7331 7333 7222 4552
f 7036 7334 7335 4510
f 7176 7338 7183 4547
f 7146 7340 7221 4541
f 7343 7341 7342 4523
f 7126 7344 7345 4538
f 7123 7346 7245 4537
f 7065 7347 7342 4231
f 7067 7348 7349 4524
f 7079 7351 7349 4528
f 6920 7353 7085 4146
f 7109 7354 5408 4184
f 7096 7355 7103 4532
f 7115 7357 7032 4178
f 7337 7358 7335 4230
f 7150 7360 7010 4499
f 6889 7361 5240 4087
f 7160 7362 5374 4165
f 7365 7363 7311 4553
f 7364 7366 7313 4561
f 5420 7367 7020 4166
f 5247 7368 7012 4091
f 7370 7369 7339 4180
f 7177 7372 7370 4180
f 5481 7373 7359 4227
f 5346 7374 7301 4148
f 7200 7376 7207 4533
f 6657 7377 5350 4152
f 5440 7379 5473 4207
f 7380 7381 7296 4224
f 7382 7383 5429 4198
f 6162 7384 7378 4415
f 7385 7386 7202 4549
f 7280 7387 5324 4133
f 7242 7392 7393 4551
f 7219 7394 7389 4211
f 7396 7395 7243 4559
f 7365 7403 7215 4550
f 7163 7404 7226 4543
f 7329 7405 6786 4470
f 7406 7407 6796 4469
f 7212 7408 7252 4208
f 4567 4566 4568 3706
f 4568 4566 4569 3707
f 4571 4570 4572 3709
f 4572 4570 4573 3710
f 4576 4575 4577 3713
f 4577 4575 4578 3714
f 4580 4579 4581 3716
f 4581 4579 4582 3717
f 4588 4587 4589 3723
f 4589 4587 4590 3724
f 4593 4592 4594 3713
f 4594 4592 4595 3721
f 4597 4596 4598 3727
f 4598 4596 4599 3721
f 4601 4600 4602 3716
f 4604 4603 4605 3730
f 4605 4603 4606 3731
f 4609 4607 4610 3733
f 4612 4611 4613 3735
f 4613 4611 4614 3736
f 4616 4615 4617 3738
f 4617 4615 4618 3739
f 4620 4619 4621 3741
f 4621 4619 4622 3732
f 4624 4623 4625 3730
f 4625 4623 4626 3743
f 4628 4627 4629 3745
f 4629 4627 4630 3737
f 4632 4631 4633 3747
f 4633 4631 4634 3748
f 4636 4635 4637 3750
f 4637 4635 4638 3751
f 4640 4639 4641 3753
f 4641 4639 4642 3754
f 4644 4643 4645 3756
f 4645 4643 4646 3757
f 4648 4647 4649 3759
f 4649 4647 4650 3760
f 4652 4651 4653 3762
f 4653 4651 4654 3763
f 4656 4655 4657 3765
f 4657 4655 4658 3766
f 4660 4659 4661 3768
f 4661 4659 4662 3769
f 4664 4663 4656 3765
f 4656 4663 4665 3764
f 4667 4666 4668 3772
f 4668 4666 4669 3742
f 4671 4670 4672 3774
f 4672 4670 4673 3775
f 4675 4674 4676 3777
f 4676 4674 4677 3778
f 4681 4680 4682 3780
f 4682 4680 4683 3781
f 4685 4684 4686 3783
f 4686 4684 4687 3784
f 4689 4688 4690 3785
f 4690 4688 4691 3786
f 4693 4692 4694 3788
f 4694 4692 4695 3789
f 4697 4696 4698 3790
f 4698 4696 4699 3791
f 4698 4700 4701 3790
f 4701 4700 4702 3792
f 4704 4703 4705 3794
f 4705 4703 4706 3795
f 4708 4707 4709 3797
f 4709 4707 4710 3798
f 4712 4711 4713 3800
f 4713 4711 4714 3782
f 4716 4715 4717 3802
f 4717 4715 4718 3803
f 4720 4719 4721 3805
f 4721 4719 4722 3806
f 4720 4723 4724 3804
f 4724 4723 4725 3807
f 4727 4726 4728 3809
f 4728 4726 4729 3805
f 4731 4730 4732 3811
f 4732 4730 4733 3806
f 4735 4734 4731 3811
f 4731 4734 4736 3810
f 4736 4737 4738 3810
f 4738 4737 4739 3813
f 4741 4740 4742 3815
f 4742 4740 4743 3816
f 4745 4744 4746 3818
f 4746 4744 4747 3819
f 4749 4748 4750 3820
f 4750 4748 4751 3818
f 4753 4752 4754 3822
f 4754 4752 4755 3823
f 4757 4756 4758 3825
f 4758 4756 4759 3826
f 4761 4760 4762 3828
f 4762 4760 4763 3784
f 4765 4764 4766 3830
f 4766 4764 4767 3831
f 4769 4768 4770 3833
f 4770 4768 4771 3834
f 4773 4772 4774 3836
f 4774 4772 4775 3837
f 4777 4776 4778 3838
f 4778 4776 4779 3839
f 4781 4780 4782 3841
f 4782 4780 4783 3842
f 4785 4784 4786 3844
f 4786 4784 4787 3845
f 4789 4788 4781 3841
f 4781 4788 4790 3840
f 4792 4791 4793 3847
f 4793 4791 4794 3848
f 4796 4795 4797 3850
f 4797 4795 4798 3851
f 4802 4801 4717 3803
f 4717 4801 4803 3802
f 4805 4804 4806 3856
f 4806 4804 4807 3857
f 4809 4808 4810 3859
f 4810 4808 4811 3860
f 4813 4812 4814 3862
f 4814 4812 4815 3863
f 4817 4816 4818 3865
f 4818 4816 4819 3866
f 4821 4820 4822 3868
f 4822 4820 4823 3869
f 4826 4825 4827 3873
f 4827 4825 4828 3874
f 4830 4829 4831 3876
f 4831 4829 4832 3872
f 4834 4833 4835 3878
f 4835 4833 4836 3875
f 4838 4837 4839 3880
f 4839 4837 4840 3881
f 4842 4841 4843 3884
f 4843 4841 4844 3885
f 4846 4845 4847 3887
f 4847 4845 4848 3888
f 4850 4849 4851 3890
f 4851 4849 4852 3891
f 4854 4853 4855 3893
f 4855 4853 4856 3894
f 4858 4857 4859 3896
f 4859 4857 4860 3897
f 4862 4861 4863 3898
f 4863 4861 4864 3899
f 4866 4865 4867 3901
f 4867 4865 4868 3902
f 4870 4869 4871 3904
f 4871 4869 4872 3905
f 4874 4873 4875 3907
f 4875 4873 4876 3908
f 4878 4877 4879 3910
f 4879 4877 4880 3911
f 4878 4881 4882 3909
f 4882 4881 4883 3912
f 4885 4884 4863 3899
f 4863 4884 4886 3898
f 4888 4887 4889 3915
f 4889 4887 4890 3916
f 4892 4891 4893 3918
f 4893 4891 4894 3919
f 4870 4895 4896 3903
f 4896 4895 4897 3920
f 4899 4898 4900 3919
f 4900 4898 4901 3922
f 4903 4902 4904 3924
f 4904 4902 4905 3925
f 4907 4906 4908 3927
f 4908 4906 4909 3928
f 4911 4910 4912 3930
f 4912 4910 4913 3931
f 4915 4914 4916 3933
f 4916 4914 4917 3934
f 4919 4918 4920 3936
f 4920 4918 4921 3937
f 4923 4922 4924 3938
f 4924 4922 4885 3899
f 4926 4925 4927 3939
f 4927 4925 4928 3940
f 4930 4929 4931 3940
f 4931 4929 4932 3942
f 4934 4933 4935 3945
f 4935 4933 4936 3946
f 4939 4938 4940 3947
f 4940 4938 4941 3913
f 4943 4942 4944 3948
f 4944 4942 4945 3949
f 4947 4946 4948 3950
f 4948 4946 4949 3949
f 4951 4950 4952 3952
f 4952 4950 4953 3914
f 4955 4954 4943 3948
f 4943 4954 4956 3931
f 4958 4957 4893 3919
f 4893 4957 4959 3918
f 4665 4963 4964 3764
f 4964 4963 4965 3769
f 4967 4966 4968 3787
f 4968 4966 4969 3770
f 4971 4970 4972 3959
f 4972 4970 4973 3960
f 4971 4974 4975 3958
f 4975 4974 4976 3961
f 4978 4977 4979 3963
f 4979 4977 4980 3823
f 4982 4981 4983 3801
f 4983 4981 4984 3812
f 4986 4985 4987 3813
f 4987 4985 4988 3966
f 4990 4989 4991 3968
f 4991 4989 4992 3969
f 4994 4993 4975 3961
f 4975 4993 4995 3958
f 4997 4996 4998 3971
f 4998 4996 4999 3808
f 5001 5000 5002 3972
f 5002 5000 5003 3973
f 5005 5004 5006 3959
f 5006 5004 5007 3975
f 5009 5008 5010 3977
f 5010 5008 5011 3978
f 5013 5012 5014 3980
f 5014 5012 5015 3981
f 5017 5016 5018 3983
f 5018 5016 5019 3984
f 5021 5020 5022 3986
f 5022 5020 5023 3945
f 5025 5024 5026 3989
f 5026 5024 5027 3879
f 5029 5028 5030 3990
f 5030 5028 5031 3991
f 5033 5032 5034 3832
f 5034 5032 5035 3992
f 5037 5036 5038 3994
f 5038 5036 5039 3995
f 5043 5042 5044 3772
f 5044 5042 5045 3763
f 5047 5046 5048 4000
f 5048 5046 5049 3743
f 5051 5050 5052 4002
f 5052 5050 5053 4003
f 5055 5054 5056 4005
f 5056 5054 5057 4006
f 5059 5058 5060 4008
f 5060 5058 5061 4009
f 5063 5062 5064 4010
f 5064 5062 5065 4006
f 5065 5066 5067 4006
f 5067 5066 5068 3748
f 5070 5069 5071 4012
f 5071 5069 5072 4013
f 5074 5073 5075 4015
f 5075 5073 5076 3758
f 5078 5077 5079 3955
f 5079 5077 5080 4017
f 5082 5081 5083 4018
f 5083 5081 5084 4019
f 5086 5085 4675 3777
f 4675 5085 5087 3776
f 5089 5088 5090 4022
f 5090 5088 5091 3797
f 5093 5092 5094 4021
f 5094 5092 5095 4024
f 5097 5096 5098 4026
f 5098 5096 5099 4027
f 5101 5100 5102 4028
f 5102 5100 5103 4029
f 5105 5104 5097 4026
f 5097 5104 5106 4025
f 5108 5107 5109 3786
f 5109 5107 5110 4031
f 5112 5111 5113 3789
f 5113 5111 5114 4032
f 5116 5115 5117 3956
f 5117 5115 5118 4034
f 5120 5119 5121 4033
f 5121 5119 5122 4024
f 4979 5123 5124 3963
f 5124 5123 5125 4035
f 5127 5126 5128 3831
f 5128 5126 5129 3851
f 5131 5130 5132 4037
f 5132 5130 5133 4038
f 5135 5134 5131 4037
f 5131 5134 5136 3815
f 4952 5137 5138 3952
f 5138 5137 5139 3917
f 5141 5140 5142 4039
f 5142 5140 5143 3986
f 5145 5144 4823 3867
f 4823 5144 5146 3869
f 5148 5147 5149 4040
f 5149 5147 5150 4041
f 5152 5151 5153 4041
f 5155 5154 4859 3897
f 4859 5154 5156 3896
f 4879 5157 5158 3910
f 5158 5157 5159 4043
f 5161 5160 5162 4045
f 5162 5160 5163 4046
f 5165 5164 5166 4048
f 5166 5164 5167 4049
f 5169 5168 5170 4051
f 5170 5168 5171 4052
f 5173 5172 4842 3884
f 4842 5172 5174 3883
f 5176 5175 4908 3928
f 4908 5175 5177 3927
f 5179 5178 5180 4054
f 5180 5178 5181 4048
f 5183 5182 4850 3890
f 4850 5182 5184 3889
f 4998 5185 5186 3971
f 5186 5185 5187 4055
f 5189 5188 4724 3807
f 4724 5188 5190 3804
f 5192 5191 5193 3864
f 5193 5191 5194 3867
f 5196 5195 5197 4056
f 5197 5195 5021 3986
f 5199 5198 5200 4059
f 5200 5198 5201 3778
f 5203 5202 5204 4063
f 5206 5205 5207 4065
f 5207 5205 5208 4066
f 5211 5210 5212 4068
f 5212 5210 5213 4069
f 5215 5214 5211 4068
f 5211 5214 5216 3750
f 4629 5218 5219 3745
f 5219 5218 5220 4073
f 5224 5223 5225 4076
f 5225 5223 5226 4077
f 5228 5227 5229 4079
f 5229 5227 5230 4080
f 5232 5231 5233 4082
f 5233 5231 5234 4083
f 5236 5235 5237 4085
f 5237 5235 5238 4086
f 5237 5239 5240 4085
f 5240 5239 5241 4087
f 5243 5242 5244 4089
f 5244 5242 5245 4090
f 5247 5246 5248 4092
f 5248 5246 5249 4093
f 5251 5250 5252 4095
f 5252 5250 5253 4096
f 5255 5254 5256 4097
f 5256 5254 5257 4098
f 5260 5258 5261 4063
f 5263 5262 4637 3751
f 4637 5262 5213 3750
f 5265 5264 5266 4101
f 5266 5264 5220 3737
f 5268 5267 5269 3741
f 5269 5267 5270 4102
f 5270 5271 5272 4102
f 5272 5271 5273 4103
f 5275 5274 5276 4105
f 5276 5274 5277 4106
f 5207 5278 5279 4065
f 5279 5278 5280 4108
f 5282 5281 5283 4111
f 5283 5281 5284 4112
f 5286 5285 5287 4115
f 5287 5285 5288 4113
f 5290 5289 5229 4080
f 5229 5289 5291 4079
f 5249 5292 5293 4093
f 5293 5292 5294 4074
f 5296 5295 5297 4109
f 5297 5295 5298 4117
f 5300 5299 5301 4119
f 5301 5299 5302 4120
f 5305 5304 5306 4123
f 5306 5304 5307 4124
f 5309 5308 5310 4126
f 5310 5308 5311 4127
f 5313 5312 5314 4129
f 5314 5312 5315 4130
f 5317 5316 5318 4125
f 5318 5316 5319 4123
f 5322 5321 5323 4134
f 5323 5321 5324 4135
f 5326 5325 5327 4137
f 5327 5325 5328 4138
f 5330 5329 5331 4140
f 5331 5329 5332 4141
f 5334 5333 5335 3947
f 5335 5333 5336 4143
f 5338 5337 5339 4145
f 5339 5337 5340 4146
f 5342 5341 5343 4144
f 5343 5341 5344 4147
f 5346 5345 5347 4149
f 5347 5345 5348 4150
f 5350 5349 5351 4152
f 5351 5349 5352 4153
f 5354 5353 5355 4155
f 5355 5353 5356 4156
f 5358 5357 5359 4157
f 5359 5357 5360 4158
f 5362 5361 5363 4160
f 5363 5361 5364 4084
f 5366 5365 5367 4161
f 5367 5365 5368 4162
f 5370 5369 5371 4163
f 5371 5369 5372 4089
f 5374 5373 5375 4165
f 5375 5373 5376 4166
f 5378 5377 5379 4168
f 5379 5377 5380 4169
f 5382 5381 5383 4171
f 5383 5381 5384 4172
f 5386 5385 5382 4171
f 5382 5385 5387 4170
f 5389 5388 5390 4164
f 5390 5388 5391 4175
f 5393 5392 5394 4176
f 5394 5392 5395 4177
f 5395 5396 5397 4177
f 5397 5396 5398 4178
f 5400 5399 5401 4182
f 5403 5402 5404 3707
f 5404 5402 5405 3709
f 5410 5409 5411 4185
f 5411 5409 5412 4186
f 5414 5413 5371 4089
f 5371 5413 5415 4163
f 5417 5416 5418 4190
f 5418 5416 5236 4085
f 5420 5419 5421 4176
f 5421 5419 5422 4191
f 5424 5423 5425 4193
f 5425 5423 5426 4194
f 5429 5428 5430 4198
f 5430 5428 5431 4199
f 5434 5433 5435 4203
f 5435 5433 5436 4204
f 5438 5437 5439 4206
f 5439 5437 5440 4207
f 5442 5441 5443 4141
f 5443 5441 5327 4138
f 5445 5444 5446 4209
f 5446 5444 5447 4210
f 5450 5449 5451 4213
f 5454 5453 5455 4216
f 5455 5453 4923 3938
f 5457 5456 5458 4202
f 5458 5456 5315 4128
f 5460 5459 5461 4218
f 5461 5459 5462 4140
f 5464 5463 5465 4221
f 5465 5463 5466 4138
f 5468 5467 5469 4124
f 5469 5467 5470 4150
f 5472 5471 5473 4224
f 5473 5471 5474 4207
f 5347 5475 5476 4149
f 5476 5475 5477 4225
f 5422 5478 5479 4191
f 5479 5478 5480 4226
f 5485 5483 5486 4229
f 5488 5487 5489 4230
f 5491 5490 5492 4231
f 5492 5490 5493 4232
f 5498 5497 5499 4565
f 5499 5497 5404 3709
f 5404 5497 4568 3707
f 5501 5500 4574 3711
f 5503 5502 4572 3710
f 4572 5502 5504 3709
f 5504 5502 5505 4235
f 5508 5506 5509 3706
f 5509 5510 4567 3706
f 4567 5510 5511 3705
f 5511 5510 5501 3711
f 5513 5512 5514 4237
f 5514 5512 4577 3714
f 4577 5512 4593 3713
f 5516 5515 5517 4238
f 5517 5515 5518 3718
f 5520 5519 5521 4240
f 5521 5519 4582 3715
f 4582 5519 5522 3717
f 5520 5523 5524 4239
f 5527 5526 4590 3722
f 5530 5529 5531 4241
f 5531 5529 5527 3722
f 5534 5533 4591 3724
f 5536 5535 5537 3712
f 5537 5540 4578 3712
f 4578 5540 4583 3714
f 5542 5541 5543 3728
f 5543 5541 4598 3721
f 5522 5546 5547 3717
f 5547 5546 5531 3722
f 5531 5546 5548 4241
f 5548 5549 5532 4241
f 5552 5551 5521 3715
f 5521 5551 5550 4240
f 5552 5553 5554 4242
f 5554 5553 5516 4238
f 5516 5553 4580 3716
f 4584 5555 5556 3719
f 5556 5555 4586 3721
f 5543 5557 5539 3728
f 5513 5558 5559 3725
f 5559 5558 5528 3719
f 5528 5558 5534 3724
f 4597 5560 5538 3726
f 5556 5561 5559 3719
f 5559 5561 4595 3725
f 4594 5562 4576 3713
f 4576 5562 5536 3712
f 5536 5562 4599 3726
f 4581 5563 4601 3716
f 4601 5563 4588 3723
f 4588 5563 5547 3722
f 5565 5564 5566 3750
f 5566 5564 5567 4243
f 5567 5564 5568 4244
f 5570 5569 5040 3997
f 5047 5572 5041 3996
f 5041 5572 5573 3997
f 5573 5572 5574 3976
f 5577 5576 4609 3733
f 4668 5578 5043 3772
f 5043 5578 5577 3733
f 5577 5578 5579 4246
f 5568 5580 5581 4244
f 5581 5580 5582 4247
f 5582 5580 5583 3998
f 4612 5585 5586 3734
f 5586 5585 5272 4103
f 5272 5585 5587 4102
f 5589 5588 5590 4003
f 5590 5588 5591 3993
f 5591 5588 5567 4244
f 5593 5592 5053 4001
f 5053 5592 5589 4003
f 5589 5592 5594 4243
f 4636 5595 5596 3749
f 5596 5595 5594 4249
f 5594 5595 5566 4243
f 5598 5597 5599 4250
f 5599 5597 5600 4010
f 5600 5597 5060 4009
f 5602 5601 5603 4251
f 5603 5601 5604 4007
f 5604 5601 5596 4249
f 5606 5605 5607 4252
f 5607 5605 5608 3955
f 5608 5605 5603 4007
f 5610 5609 5611 3991
f 5611 5609 5598 4250
f 5598 5609 5612 4008
f 5055 5613 5614 4004
f 5614 5613 5615 3990
f 5615 5613 5616 4254
f 5616 5617 5618 4254
f 5618 5617 5619 4255
f 5619 5617 5620 4256
f 5622 5621 5619 4256
f 5619 5621 5623 4255
f 5623 5621 5624 4258
f 5626 5625 5627 4260
f 5627 5625 5037 3994
f 5037 5625 5628 3993
f 5630 5629 5631 4261
f 5631 5629 5038 3995
f 5038 5629 5627 3994
f 5635 5634 5632 4263
f 5632 5634 5636 4262
f 5636 5634 5637 4264
f 4640 5638 5639 3752
f 5639 5638 5637 3755
f 5637 5638 5640 4264
f 5642 5641 5643 4264
f 5643 5641 5644 3773
f 5644 5641 5645 4266
f 4682 5646 5647 3780
f 5647 5646 4644 3756
f 4644 5646 5648 3755
f 5650 5649 5071 4013
f 5071 5649 5651 4012
f 5651 5649 4671 3774
f 5072 5652 5653 4013
f 5074 5654 5655 4014
f 5655 5654 5656 4267
f 5656 5654 5657 3736
f 5659 5658 5080 4016
f 5080 5658 5660 4017
f 5660 5658 5076 4014
f 5662 5661 5663 4269
f 5663 5661 5659 4016
f 5659 5661 5664 3758
f 5666 5665 5667 4271
f 5667 5665 5662 4269
f 5662 5665 5668 4268
f 5670 5669 5671 3762
f 5671 5669 4648 3759
f 4648 5669 5075 3758
f 5673 5672 4653 3763
f 4653 5672 5670 3762
f 5670 5672 5657 4015
f 5675 5674 5676 4272
f 5676 5674 5677 4270
f 5677 5674 5678 3760
f 5680 5679 5666 4271
f 5666 5679 5676 4270
f 5676 5679 5681 4272
f 5683 5682 5684 4275
f 5684 5682 5685 3771
f 5685 5682 5686 3957
f 5044 5687 4667 3772
f 4667 5687 5684 3771
f 5684 5687 5688 4275
f 5690 5689 5691 3754
f 5691 5689 5692 4265
f 5692 5689 5693 3955
f 5695 5694 5078 3955
f 5078 5694 5663 4016
f 5663 5694 5696 4269
f 5667 5697 5698 4271
f 5698 5697 5699 3956
f 5699 5697 5696 4277
f 5708 5707 5709 4280
f 5705 5707 5710 4279
f 5708 5711 5713 3776
f 5715 5714 5716 4283
f 5717 5714 5718 4285
f 5720 5719 4796 3850
f 4796 5719 5721 3849
f 5721 5719 5718 4282
f 5723 5722 5724 4022
f 5724 5722 5725 4286
f 5725 5722 5706 4279
f 5095 5726 5121 4024
f 5121 5726 5118 4033
f 5118 5726 5727 4034
f 5729 5728 5730 4289
f 5730 5728 5727 4023
f 5727 5728 5731 4034
f 5733 5732 5734 4027
f 5734 5732 5735 4286
f 5735 5732 5736 4291
f 5738 5737 5734 4286
f 5734 5737 5739 4027
f 5739 5737 5740 4058
f 5742 5741 5101 4028
f 5101 5741 5733 4027
f 5733 5741 5743 4290
f 5090 5744 5723 4022
f 5723 5744 5703 4278
f 5703 5744 4709 3798
f 5746 5745 5747 4288
f 5747 5745 5748 4294
f 5748 5745 5749 3792
f 5751 5750 5752 4292
f 5752 5750 5749 4293
f 5749 5750 5753 3792
f 5102 5754 5742 4028
f 5742 5754 5751 4292
f 5751 5754 5755 4295
f 5757 5756 5106 4030
f 5106 5756 5758 4025
f 5758 5756 5759 4297
f 5761 5760 5762 4299
f 5762 5760 5757 4030
f 5757 5760 5763 4296
f 5765 5764 5766 4300
f 5766 5764 5761 4299
f 5761 5764 5767 4298
f 5769 5768 5770 4301
f 5770 5768 5771 3824
f 5771 5768 5110 3827
f 5773 5772 5774 4303
f 5774 5772 5775 4304
f 5775 5772 5776 4305
f 5778 5777 5773 4303
f 5773 5777 5779 4302
f 5779 5777 5769 4301
f 5781 5780 5782 4306
f 5782 5780 5783 4307
f 5783 5780 4693 3788
f 5113 5784 4694 3789
f 4694 5784 5785 3788
f 5787 5786 5788 3743
f 5788 5786 5789 4308
f 5789 5786 5782 4307
f 5791 5790 5574 4000
f 5574 5790 5792 3976
f 5792 5790 5793 4310
f 5779 5794 5795 4302
f 5795 5794 4705 3795
f 4705 5794 5796 3794
f 5091 5797 4708 3797
f 4708 5797 5122 3796
f 5122 5797 5094 4024
f 5799 5798 4712 3800
f 4712 5798 5767 3799
f 5767 5798 5800 4298
f 5802 5801 5793 4309
f 5793 5801 5803 4310
f 5803 5801 5804 4305
f 5776 5805 5803 4305
f 5803 5805 5806 4310
f 5806 5805 5795 3795
f 5808 5807 5809 4313
f 5809 5807 5810 4314
f 5810 5807 5811 4315
f 5573 5812 5813 3997
f 5813 5812 5814 4055
f 5814 5812 5009 3977
f 5816 5815 5813 4055
f 5813 5815 5570 3997
f 5570 5815 5817 4245
f 4755 5818 5125 3823
f 5125 5818 5819 4035
f 5819 5818 5820 3817
f 5822 5821 4743 3814
f 4743 5821 5823 3816
f 5823 5821 5824 4318
f 5826 5825 5827 3835
f 5827 5825 5822 3814
f 5822 5825 5828 4317
f 5830 5829 5831 4321
f 5831 5829 5826 3835
f 5826 5829 5832 4319
f 5831 5833 5834 4321
f 5834 5833 4773 3836
f 5836 5835 5837 3819
f 5837 5835 5838 4323
f 5838 5835 5839 3826
f 5841 5840 5842 3820
f 5842 5840 5843 4061
f 5845 5844 5846 3974
f 5846 5844 4758 3826
f 4758 5844 5847 3825
f 5849 5848 5850 4326
f 5850 5848 5766 4299
f 5766 5848 5851 4300
f 4792 5852 5853 3846
f 5853 5852 5105 4026
f 5105 5852 5854 4030
f 5856 5855 5857 4328
f 5857 5855 5858 4329
f 5858 5855 5859 3845
f 5129 5860 5861 3851
f 5861 5860 5857 4329
f 5857 5860 5862 4328
f 5811 5863 5864 4315
f 5864 5863 5865 3975
f 5865 5863 5866 3804
f 5868 5867 5869 3962
f 5869 5867 5809 4314
f 5809 5867 5870 4313
f 5872 5871 5873 3968
f 5873 5871 5814 3977
f 5814 5871 5186 4055
f 5875 5874 5876 3833
f 5876 5874 4793 3848
f 4793 5874 5877 3847
f 4749 5878 5133 3815
f 5133 5878 5879 4038
f 5879 5878 5842 4061
f 5132 5880 5135 4037
f 5135 5880 5881 3837
f 5881 5880 5882 3992
f 4797 5883 5884 3850
f 5884 5883 5885 4057
f 5885 5883 5861 4329
f 5853 5886 5887 3846
f 5887 5886 5888 3841
f 5888 5886 5889 4059
f 5891 5890 5830 4321
f 5830 5890 5892 4320
f 5892 5890 5893 4331
f 5715 5895 5721 4282
f 5721 5895 4962 3849
f 4962 5895 5896 3954
f 5898 5897 5899 4332
f 5899 5897 4927 3940
f 4927 5897 5900 3939
f 5902 5901 5903 4334
f 5903 5901 5904 4335
f 5904 5901 5905 4248
f 4805 5907 5908 3855
f 4809 5909 5910 3858
f 5910 5909 4806 3857
f 4806 5909 5911 3856
f 5913 5912 4901 3921
f 4901 5912 5914 3922
f 5914 5912 5915 4338
f 5918 5917 5916 4340
f 5919 5917 5920 3904
f 5922 5921 5923 4201
f 5924 5921 5925 4343
f 4888 5926 5139 3914
f 5139 5926 5927 3917
f 5927 5926 5928 3920
f 5931 5930 5143 3880
f 5143 5930 5197 3986
f 5197 5930 5932 4056
f 5934 5933 5935 4347
f 5935 5933 5932 4345
f 5932 5933 5936 4056
f 5938 5937 5939 4349
f 5939 5937 5934 4347
f 5934 5937 5940 4346
f 5942 5941 5943 4351
f 5943 5941 5938 4349
f 5938 5941 5944 4348
f 5946 5945 5947 4353
f 5947 5945 5942 4351
f 5942 5945 5948 4350
f 5950 5949 5951 4355
f 5951 5949 5952 4356
f 5952 5949 5953 4357
f 5955 5954 5956 4359
f 5956 5954 5950 4355
f 5950 5954 5957 4354
f 5959 5958 5960 4361
f 5960 5958 5961 4362
f 5961 5958 5962 4363
f 5964 5963 5965 4364
f 5965 5963 5966 4365
f 5966 5963 5967 4366
f 5965 5968 5969 4364
f 5969 5968 5970 4367
f 5970 5968 5971 4368
f 5973 5972 5971 4365
f 5971 5972 5974 4368
f 5974 5972 4868 3900
f 5976 5975 5977 3979
f 5977 5975 5978 3901
f 5978 5975 5979 3984
f 5152 5980 5981 3871
f 5981 5980 5982 3874
f 5982 5980 5150 3941
f 5987 5986 5988 4371
f 5988 5986 5989 4372
f 5989 5986 5960 4362
f 5991 5990 5992 3981
f 5992 5990 5987 4371
f 5987 5990 5993 4361
f 5995 5994 5015 3979
f 5015 5994 5991 3981
f 5991 5994 5996 4373
f 5998 5997 5999 4375
f 5999 5997 4839 3881
f 4839 5997 5931 3880
f 6001 6000 6002 4376
f 6002 6000 5998 4375
f 5998 6000 5935 4345
f 6004 6003 6005 4377
f 6005 6003 6006 4378
f 6006 6003 5943 4349
f 6008 6007 6009 3894
f 6009 6007 6004 4377
f 6004 6007 5947 4351
f 6011 6010 6012 3891
f 6012 6010 6008 3894
f 6008 6010 6013 4353
f 6015 6014 6016 3885
f 6016 6014 6017 3888
f 6017 6014 5956 4355
f 6019 6018 6015 3885
f 6015 6018 6020 4359
f 6022 6021 6009 4377
f 6009 6021 4855 3894
f 4855 6021 6023 3893
f 6025 6024 6002 4375
f 6002 6024 6026 4376
f 6026 6024 6027 4381
f 6029 6028 4840 3879
f 4840 6028 6030 3881
f 6030 6028 6031 4382
f 6033 6032 6034 4383
f 6034 6032 6035 4384
f 6035 6032 6036 4382
f 6038 6037 6039 4385
f 6039 6037 6033 4383
f 6033 6037 6027 4380
f 6041 6040 6042 4387
f 6042 6040 6038 4385
f 6038 6040 6043 4381
f 6045 6044 5156 4042
f 5156 6044 6046 3896
f 6046 6044 6047 3889
f 6049 6048 5158 4043
f 5158 6048 4883 3910
f 4883 6048 6050 3912
f 6052 6051 5159 3911
f 5159 6051 6053 4043
f 6056 6055 5161 4045
f 5161 6055 6057 4044
f 6057 6055 6039 4383
f 6059 6058 6060 4390
f 6060 6058 6061 4391
f 6061 6058 6062 4392
f 6064 6063 6065 4053
f 6065 6063 6059 4390
f 6059 6063 6066 4389
f 6065 6067 5181 4053
f 5181 6067 5165 4048
f 5165 6067 6068 4047
f 6070 6069 6071 4393
f 6071 6069 6072 3906
f 6072 6069 6073 4394
f 6075 6074 6076 4396
f 6076 6074 6077 4397
f 6077 6074 6078 4398
f 6080 6079 6081 4158
f 6081 6079 4920 3937
f 4920 6079 6082 3936
f 6084 6083 4924 3899
f 4924 6083 6082 3938
f 6082 6083 6085 3936
f 6087 6086 6088 3951
f 6088 6086 6089 4400
f 6089 6086 6090 4401
f 4892 6091 6092 3917
f 6092 6091 6093 3924
f 6093 6091 4959 3953
f 6093 6094 4903 3924
f 4903 6094 5925 3923
f 5925 6094 6095 4343
f 6097 6096 5910 3857
f 5910 6096 6098 3858
f 6098 6096 6099 4384
f 5167 6100 6101 4049
f 6101 6100 5171 4050
f 5171 6100 6102 4052
f 6104 6103 6105 4403
f 6105 6103 6106 4404
f 6106 6103 6107 3932
f 6109 6108 6110 3935
f 6110 6108 6111 3934
f 6111 6108 4860 3895
f 6068 6112 6102 4047
f 6102 6112 6113 4052
f 6113 6112 6060 4391
f 6115 6114 6116 4405
f 6116 6114 6117 4406
f 6117 6114 6105 4404
f 6119 6118 4822 3869
f 4822 6118 4928 3868
f 4928 6118 4930 3940
f 4818 6120 6121 3865
f 6121 6120 6122 4407
f 6124 6123 5969 4367
f 5969 6123 6125 4364
f 6125 6123 6126 4409
f 5970 6127 6128 4367
f 6128 6127 6129 4410
f 6129 6127 5974 3900
f 6131 6130 6132 4411
f 6132 6130 6133 4412
f 6133 6130 5017 3983
f 4882 6134 4941 3909
f 4941 6134 4886 3913
f 4886 6134 6135 3898
f 4854 6136 5177 3892
f 5177 6136 6066 3927
f 6066 6136 6137 4389
f 6046 6138 6139 3896
f 6139 6138 5176 3928
f 5176 6138 5184 3892
f 6141 6140 6142 4396
f 6142 6140 4875 3908
f 4875 6140 6143 3907
f 6145 6144 6146 4406
f 6146 6144 5166 4049
f 5166 6144 6147 4048
f 5180 6148 6149 4054
f 6149 6148 4916 3934
f 4916 6148 6147 3933
f 4911 6150 6151 3929
f 6151 6150 5169 4051
f 5169 6150 6152 4050
f 6154 6153 6155 3950
f 6155 6153 6156 4395
f 6156 6153 6151 4051
f 6158 6157 4955 3948
f 4955 6157 4889 3916
f 4889 6157 6159 3915
f 6161 6160 6162 4415
f 6162 6160 4904 3925
f 4904 6160 6163 3924
f 4900 6164 4958 3919
f 4958 6164 6095 3953
f 6095 6164 6165 4343
f 4645 6166 5647 3756
f 5647 6166 4681 3780
f 4681 6166 6167 3779
f 5103 6168 6169 4029
f 6169 6168 5758 4297
f 5758 6168 5099 4025
f 6171 6170 6172 3955
f 6172 6170 6173 4416
f 5618 6174 6175 4254
f 6175 6174 5651 3774
f 5651 6174 6176 4012
f 5623 6177 6176 4255
f 6176 6177 5070 4012
f 5070 6177 6178 4011
f 6180 6179 5116 3956
f 5116 6179 6181 4033
f 6183 6182 6184 3956
f 6184 6182 6185 4418
f 5748 6186 6185 4294
f 6185 6186 6187 4418
f 5755 6188 6189 4295
f 6189 6188 6190 4311
f 6190 6188 6169 4297
f 6192 6191 6193 4420
f 6193 6191 4710 3796
f 4710 6191 6194 3798
f 6196 6195 6197 4274
f 6197 6195 4661 3769
f 4661 6195 6198 3768
f 4669 6199 4626 3742
f 4626 6199 5787 3743
f 5787 6199 6200 4306
f 4664 6201 4968 3770
f 4968 6201 4695 3787
f 4695 6201 6202 3789
f 4965 6203 6197 3769
f 6197 6203 5686 4274
f 5686 6203 4969 3957
f 6205 6204 6206 3969
f 6206 6204 6207 3970
f 6207 6204 5189 3807
f 6209 6208 6210 3861
f 6210 6208 6211 3878
f 4926 6212 6213 3868
f 6213 6212 6214 3866
f 6216 6215 6217 4421
f 6217 6215 6218 4422
f 6218 6215 4978 3963
f 4754 6219 6220 3822
f 6220 6219 5869 4314
f 5869 6219 4980 3962
f 4819 6221 6213 3866
f 6213 6221 4821 3868
f 4821 6221 5193 3867
f 6223 6222 4982 3801
f 4982 6222 5900 3964
f 5900 6222 6214 3939
f 4718 6224 6225 3803
f 6225 6224 4735 3811
f 4735 6224 4983 3812
f 6227 6226 5010 3978
f 5010 6226 5873 3977
f 5873 6226 4990 3968
f 6229 6228 4992 3967
f 4992 6228 6205 3969
f 6205 6228 4994 3961
f 4972 6230 5005 3959
f 5005 6230 5845 3974
f 5845 6230 5001 3972
f 6232 6231 5007 3974
f 5007 6231 5864 3975
f 5864 6231 6233 4315
f 6236 6235 6237 4372
f 6237 6235 6238 4424
f 6238 6235 6234 3870
f 5988 6239 6240 4371
f 6240 6239 6241 4425
f 6241 6239 6237 4424
f 5992 6242 5014 3981
f 5014 6242 6243 3980
f 6243 6242 6240 4425
f 6131 6244 6245 3982
f 6245 6244 6129 3900
f 6129 6244 6246 4410
f 6248 6247 6249 4427
f 6249 6247 6246 4411
f 6246 6247 6250 4410
f 6125 6251 5964 4364
f 5964 6251 6252 3985
f 6252 6251 6253 4428
f 6255 6254 6256 4352
f 6256 6254 6257 4429
f 6257 6254 6258 4360
f 5948 6259 6260 4350
f 6260 6259 6261 4430
f 6261 6259 6256 4429
f 5944 6262 6263 4348
f 6263 6262 6264 4431
f 6264 6262 6260 4430
f 6267 6265 6268 4433
f 6268 6265 6269 4333
f 6271 6270 6272 4434
f 6272 6270 6273 3942
f 6273 6270 6267 4433
f 5149 6274 6275 4040
f 6275 6274 6276 4434
f 6276 6274 5983 3943
f 5027 6279 6029 3879
f 6029 6279 6280 3860
f 6280 6279 6281 4437
f 5051 6282 6283 4001
f 6283 6282 5600 4009
f 5600 6282 5063 4010
f 5064 6284 5599 4010
f 5599 6284 6285 4250
f 6285 6284 5057 4004
f 5879 6286 6287 4038
f 6287 6286 6288 3834
f 6288 6286 6289 4060
f 5888 6290 4789 3841
f 4789 6290 5200 3778
f 4771 6291 6287 3834
f 6287 6291 5882 4038
f 5882 6291 5034 3992
f 6293 6292 5655 4267
f 5655 6292 5660 4014
f 5660 6292 6294 4017
f 6296 6295 4622 3740
f 4622 6295 4610 3732
f 4610 6295 5045 3733
f 6298 6297 4614 3734
f 4614 6297 5656 3736
f 5656 6297 6299 4267
f 6296 6300 5673 3763
f 5673 6300 4613 3736
f 4613 6300 6301 3735
f 6303 6302 5571 4245
f 5049 6304 4625 3743
f 4625 6304 4604 3730
f 6293 6305 4630 3744
f 4630 6305 4618 3737
f 4618 6305 6299 3739
f 6298 6306 4617 3739
f 4617 6306 6307 3738
f 6307 6306 5586 4103
f 6301 6308 5587 3735
f 5587 6308 5269 4102
f 5269 6308 4620 3741
f 4605 6309 4624 3730
f 4624 6309 5579 3742
f 5579 6309 6310 4246
f 5590 6311 6312 4003
f 6312 6311 6313 3747
f 6313 6311 5628 4259
f 6315 6314 5622 4256
f 5622 6314 6316 4257
f 5056 6317 5620 4005
f 5620 6317 6315 4256
f 6315 6317 5067 3748
f 5604 6318 5061 4007
f 5061 6318 6283 4009
f 6283 6318 5593 4001
f 6320 6319 6321 4073
f 6321 6319 5602 4251
f 5602 6319 4638 3749
f 5059 6322 5608 4007
f 5608 6322 6171 3955
f 6171 6322 5612 4253
f 5052 6323 5068 4002
f 5068 6323 4633 3748
f 4633 6323 6312 3747
f 5642 6324 5691 4265
f 5691 6324 4641 3754
f 4641 6324 5640 3753
f 5635 6325 4646 3755
f 4646 6325 4678 3757
f 6327 6326 6328 4438
f 6328 6326 5648 3781
f 5648 6326 5639 3755
f 5653 6329 5650 4013
f 5650 6329 5643 3773
f 5643 6329 5636 4264
f 5668 6330 5664 4268
f 5664 6330 4650 3758
f 4650 6330 5677 3760
f 5683 6331 6196 4274
f 6196 6331 4654 3761
f 4654 6331 5688 3763
f 4660 6332 5678 3767
f 5678 6332 6333 3760
f 6333 6332 6198 3761
f 4652 6334 6333 3761
f 6333 6334 4649 3760
f 4649 6334 5671 3759
f 6336 6335 6337 3791
f 6337 6335 5681 4273
f 5681 6335 6338 4272
f 6338 6339 6340 4272
f 6340 6339 4658 3764
f 4658 6339 6341 3766
f 6340 6342 5675 4272
f 5675 6342 4662 3767
f 4662 6342 4964 3769
f 6344 6343 6172 4416
f 6172 6343 5692 3955
f 5692 6343 5645 4265
f 6344 6345 5644 4266
f 5644 6345 4673 3773
f 4673 6345 6346 3775
f 5690 6347 6348 4276
f 6348 6347 6349 3956
f 6349 6347 4642 3752
f 6351 6350 6352 4287
f 6352 6350 6328 3781
f 6328 6350 6353 4438
f 6351 6354 6194 4419
f 6356 6355 6357 4336
f 5712 6355 6358 4281
f 5717 6359 5906 4284
f 6356 6359 6360 4019
f 5720 6361 6362 4285
f 6362 6361 5884 4057
f 6362 6363 6360 4285
f 6360 6363 5083 4019
f 5083 6363 6364 4018
f 4783 6365 5084 3842
f 5084 6365 6358 4019
f 6358 6365 6366 4281
f 6366 6367 5713 4281
f 5713 6367 4677 3776
f 4677 6367 4790 3778
f 5738 6368 5087 4020
f 5087 6368 5710 3776
f 5710 6368 5725 4279
f 4683 6369 6352 3781
f 5735 6370 5724 4286
f 5724 6370 5089 4022
f 5089 6370 6371 4021
f 5093 6372 5730 4023
f 5730 6372 6373 4289
f 6373 6372 6371 4291
f 6375 6374 5729 4289
f 5729 6374 5746 4288
f 5746 6374 6376 4293
f 5736 6377 6373 4291
f 6373 6377 6375 4289
f 6375 6377 6378 4440
f 6376 6379 5752 4293
f 5752 6379 5743 4292
f 5743 6379 6378 4290
f 6381 6380 6327 4438
f 6327 6380 6349 3752
f 6349 6380 6180 3956
f 6192 6382 6353 4419
f 6353 6382 6381 4438
f 6381 6382 6383 4417
f 6183 6384 5747 4294
f 5747 6384 5731 4288
f 5731 6384 5117 4034
f 5765 6385 4714 3799
f 4714 6385 4687 3782
f 4687 6385 6386 3784
f 4691 6387 5108 3786
f 5108 6387 4763 3827
f 4763 6387 4686 3784
f 6389 6388 5774 4304
f 5774 6388 5778 4303
f 5778 6388 6390 4031
f 6392 6391 6389 4304
f 6389 6391 5785 4032
f 5785 6391 5783 3788
f 6394 6393 5114 3766
f 5114 6393 6390 4032
f 6390 6393 5109 4031
f 6394 6395 6396 3786
f 6396 6395 6341 4439
f 6396 6397 4690 3786
f 4690 6397 4699 3785
f 4699 6397 6336 3791
f 5698 6398 5680 4271
f 5680 6398 6399 4273
f 6399 6398 6184 4418
f 5804 6400 5775 4305
f 5775 6400 6392 4304
f 6392 6400 5789 4307
f 6227 6401 6229 3967
f 6229 6401 4706 3793
f 4706 6401 6402 3795
f 5011 6403 6402 3978
f 6402 6403 5806 3795
f 5806 6403 5792 4310
f 5763 6404 5759 4296
f 5759 6404 6190 4297
f 6190 6404 5800 4311
f 6337 6405 4702 3791
f 4702 6405 6187 3792
f 6187 6405 6399 4418
f 6407 6406 6216 4421
f 6216 6406 5868 3962
f 5868 6406 6408 4330
f 6223 6409 6122 3866
f 6122 6409 6410 4407
f 6410 6409 4716 3802
f 6412 6411 5808 4313
f 5808 6411 6413 4312
f 6413 6414 5866 4312
f 5866 6414 4722 3804
f 4722 6414 6415 3806
f 6207 6416 4999 3970
f 4999 6416 4729 3808
f 4729 6416 4725 3805
f 4728 6417 6418 3809
f 6418 6417 4733 3810
f 4733 6417 4721 3806
f 6420 6419 4987 3966
f 4987 6419 6421 3813
f 6421 6419 6422 4316
f 6424 6423 6421 4316
f 6421 6423 4738 3813
f 4738 6423 6418 3810
f 5904 6425 6422 4335
f 6422 6425 5817 4316
f 5817 6425 6303 4245
f 6269 6426 5905 4333
f 5905 6426 5584 4248
f 6428 6427 5902 4334
f 5902 6427 6268 4333
f 6268 6427 6273 4433
f 5899 6429 6430 4332
f 6430 6429 6428 4334
f 6428 6429 4931 3942
f 6432 6431 6433 3965
f 6433 6431 6430 4334
f 6430 6431 5898 4332
f 5903 6434 6433 4334
f 6433 6434 4988 3965
f 4988 6434 6420 3966
f 6253 6435 6436 4428
f 6436 6435 5832 4320
f 5832 6435 6437 4319
f 6439 6438 6126 4408
f 6126 6438 6437 4409
f 6437 6438 5828 4319
f 6441 6440 6442 4426
f 6442 6440 6439 4408
f 6439 6440 5824 4317
f 6444 6443 6248 4427
f 6248 6443 6441 4426
f 6441 6443 6445 4318
f 6218 6446 6447 4422
f 6447 6446 6444 4427
f 6444 6446 5124 4035
f 5823 6448 6449 3816
f 6449 6448 5819 3817
f 5819 6448 6445 4035
f 4742 6450 4751 3815
f 4751 6450 4745 3818
f 4745 6450 6449 3817
f 5820 6451 4747 3817
f 4747 6451 5836 3819
f 5836 6451 6452 4322
f 6454 6453 6455 4423
f 6455 6453 4753 3822
f 4753 6453 6452 3821
f 5846 6456 6232 3974
f 6232 6456 6454 4423
f 6454 6456 5839 4322
f 5843 6457 6289 4061
f 6289 6457 6458 4060
f 6458 6457 6459 4326
f 6461 6460 6462 4442
f 6462 6460 6459 4324
f 6459 6460 5849 4326
f 6464 6463 6465 4323
f 6465 6463 6461 4442
f 6461 6463 6466 4325
f 6464 6467 6468 3828
f 6468 6467 4759 3824
f 4759 6467 5838 3826
f 4704 6469 6470 3793
f 6470 6469 6471 3973
f 6471 6469 6472 4443
f 6472 6473 6474 4443
f 6474 6473 5770 3824
f 5770 6473 5796 4301
f 4761 6475 5771 3827
f 5771 6475 6468 3824
f 6466 6476 5851 4325
f 5851 6476 6386 4300
f 6386 6476 4762 3784
f 5854 6477 5762 4030
f 5762 6477 5850 4299
f 5850 6477 5877 4326
f 6479 6478 5887 3841
f 5887 6478 4794 3846
f 4794 6478 6480 3848
f 5859 6481 4786 3845
f 4786 6481 6482 3844
f 6482 6481 6483 4445
f 6485 6484 5862 4036
f 5862 6484 5856 4328
f 5856 6484 6486 4327
f 6485 6487 4777 3838
f 4777 6487 4767 3829
f 4767 6487 5127 3831
f 5834 6488 6489 4321
f 6489 6488 4766 3831
f 4766 6488 6490 3830
f 5128 6491 6489 3831
f 6489 6491 5891 4321
f 5891 6491 4798 3849
f 6458 6492 6288 4060
f 6288 6492 4770 3834
f 4770 6492 5875 3833
f 5827 6493 4775 3835
f 4775 6493 5136 3837
f 5136 6493 4741 3815
f 6495 6494 4778 3839
f 4778 6494 6486 3838
f 6486 6494 6483 4327
f 5876 6496 4769 3833
f 4769 6496 6497 3832
f 6497 6496 6480 4444
f 4787 6498 5858 3845
f 5858 6498 5885 4329
f 5885 6498 6499 4057
f 5739 6500 5098 4027
f 5098 6500 5889 4026
f 5889 6500 5199 4059
f 6502 6501 6281 3988
f 6281 6501 6503 4437
f 6503 6501 6504 3853
f 6506 6505 6507 4447
f 6507 6505 4800 3852
f 4800 6505 6503 3853
f 6509 6508 6504 4446
f 6504 6508 6510 3853
f 6510 6508 6511 4436
f 6513 6512 6511 4448
f 6511 6512 6278 4436
f 4936 6515 6514 3946
f 6514 6515 6516 4435
f 6516 6515 6517 4331
f 6408 6518 6519 4330
f 6519 6518 6410 3802
f 6410 6518 6520 4407
f 5870 6521 6412 4313
f 6412 6521 4803 3854
f 4803 6521 6519 3802
f 6507 6522 6523 4447
f 6523 6522 5911 3859
f 5911 6522 4937 3856
f 6280 6524 4810 3860
f 4810 6524 6523 3859
f 6523 6524 6506 4447
f 6528 6527 6526 4344
f 6526 6527 6529 3855
f 6529 6527 6070 4393
f 5919 6530 5929 4339
f 6528 6530 4871 3905
f 5913 6531 6525 4337
f 5918 6531 6532 4341
f 5138 6533 6534 3952
f 6534 6533 6163 4414
f 6163 6533 6092 3924
f 4838 6535 5026 3879
f 5026 6535 6536 3989
f 6536 6535 5141 4039
f 5952 6537 6013 4356
f 6013 6537 5946 4353
f 5946 6537 6255 4352
f 5955 6538 6539 4358
f 5961 6543 6544 4362
f 6544 6543 6542 4369
f 6542 6543 6545 4449
f 6547 6546 5993 4373
f 5993 6546 5959 4361
f 5959 6546 6257 4360
f 6549 6548 5996 4374
f 5996 6548 6547 4373
f 6547 6548 6261 4429
f 5966 6550 5973 4365
f 5973 6550 6551 3902
f 6551 6550 6552 4431
f 6554 6553 6210 3878
f 6210 6553 4815 3861
f 4815 6553 6555 3863
f 4835 6556 6554 3878
f 6554 6556 6557 3865
f 5192 6558 4830 3876
f 4830 6558 6557 3875
f 6557 6558 4817 3865
f 4827 6559 5146 3873
f 5146 6559 6119 3869
f 6119 6559 5982 3941
f 5981 6560 4824 3871
f 6238 6560 6561 4424
f 6241 6562 6563 4425
f 6563 6562 4828 3872
f 4828 6562 6561 3874
f 6243 6564 6565 3980
f 6565 6564 4832 3875
f 4832 6564 6563 3872
f 5013 6566 5976 3979
f 5976 6566 4836 3877
f 4836 6566 6565 3875
f 5989 6567 6236 4372
f 6236 6567 5984 4370
f 5984 6567 6544 4369
f 6006 6568 6569 4378
f 6569 6568 6001 4376
f 6001 6568 5939 4347
f 6017 6570 6571 3888
f 6571 6570 6011 3891
f 6011 6570 5951 4356
f 6572 6573 6049 4043
f 6049 6573 4844 3883
f 4844 6573 6019 3885
f 4843 6574 5173 3884
f 5173 6574 4848 3886
f 4848 6574 6016 3888
f 4847 6575 6047 3887
f 6047 6575 4852 3889
f 4852 6575 6571 3891
f 4851 6576 5183 3890
f 5183 6576 4856 3892
f 4856 6576 6012 3894
f 6578 6577 6005 4378
f 6005 6577 6022 4377
f 6022 6577 6579 4379
f 6026 6580 6569 4376
f 6569 6580 6578 4378
f 6578 6580 6043 4386
f 6030 6581 5999 3881
f 5999 6581 6025 4375
f 6025 6581 6036 4380
f 6583 6582 6584 4392
f 6584 6582 6041 4387
f 6041 6582 6579 4386
f 6137 6585 6062 4389
f 6062 6585 6583 4392
f 6583 6585 6023 4379
f 6045 6586 4846 3887
f 4846 6586 4864 3886
f 4864 6586 6084 3899
f 5977 6587 5995 3979
f 5995 6587 6588 4374
f 6588 6587 4867 3902
f 6551 6589 6588 3902
f 6588 6589 6549 4374
f 6549 6589 6264 4430
f 6031 6590 6035 4382
f 6035 6590 6098 4384
f 6098 6590 4811 3858
f 6057 6591 6592 4044
f 6592 6591 6099 4402
f 6099 6591 6034 4384
f 6594 6593 6595 4397
f 6595 6593 6056 4045
f 6056 6593 6042 4385
f 6061 6596 6597 4391
f 6597 6596 6594 4397
f 6594 6596 6584 4387
f 6597 6598 6113 4391
f 6113 6598 6599 4052
f 6599 6598 6077 4398
f 6078 6600 6599 4398
f 6599 6600 5170 4052
f 5170 6600 6156 4051
f 6602 6601 6603 4394
f 6603 6601 4944 3949
f 4944 6601 6158 3948
f 6602 6604 6605 4413
f 6605 6604 4872 3903
f 4872 6604 6073 3905
f 6607 6606 6071 3906
f 6071 6606 6608 4393
f 6608 6606 6592 4402
f 6603 6609 6072 4394
f 6072 6609 4876 3906
f 4876 6609 4949 3908
f 6104 6610 6081 3937
f 6081 6610 6611 4158
f 6611 6610 6612 4450
f 6109 6613 5155 3897
f 5155 6613 6085 4042
f 6085 6613 4919 3936
f 6615 6614 5351 4153
f 5351 6614 6616 4152
f 6616 6614 6617 4399
f 6612 6618 6619 4450
f 6619 6618 6615 4153
f 6615 6618 6115 4405
f 6595 6620 6076 4397
f 6076 6620 6141 4396
f 6141 6620 5162 4046
f 6607 6621 5163 4044
f 5163 6621 6143 4046
f 6143 6621 4874 3907
f 6623 6622 6088 4400
f 6088 6622 4953 3951
f 4953 6622 4890 3914
f 6625 6624 4894 3917
f 4894 6624 4899 3919
f 4899 6624 6532 3921
f 6625 6626 5920 4341
f 5920 6626 4897 3904
f 4897 6626 5927 3920
f 6529 6627 4807 3855
f 4807 6627 6097 3857
f 6097 6627 6608 4402
f 4915 6628 6106 3932
f 6106 6628 6117 4404
f 6117 6628 6145 4406
f 6110 6629 4921 3935
f 4921 6629 6107 3937
f 6107 6629 4917 3932
f 6090 6630 6631 4401
f 6631 6630 6116 4406
f 6116 6630 6617 4405
f 4932 6632 6272 3942
f 6272 6632 6275 4434
f 6275 6632 5148 4040
f 6121 6633 6555 3865
f 6555 6633 6634 3863
f 6634 6633 6520 4441
f 6513 6635 6636 3946
f 6636 6635 6536 4039
f 6536 6635 6637 3989
f 6509 6638 6637 4448
f 6637 6638 5025 3989
f 5025 6638 6502 3988
f 6132 6639 6249 4411
f 6249 6639 6447 4427
f 6447 6639 6640 4422
f 4814 6641 6642 3862
f 6642 6641 6407 4421
f 6407 6641 6634 4441
f 6644 6643 6645 4451
f 6645 6643 6646 4143
f 6646 6643 6052 3911
f 5174 6647 6050 3883
f 6050 6647 6135 3912
f 6135 6647 4862 3898
f 5335 6648 4939 3947
f 4939 6648 4880 3909
f 4880 6648 6646 3911
f 6064 6649 4907 3927
f 4907 6649 6650 3926
f 6650 6649 5179 4054
f 6154 6651 4913 3929
f 4913 6651 4945 3931
f 4945 6651 4948 3949
f 6089 6652 6653 4400
f 6653 6652 6152 3930
f 6152 6652 6654 4050
f 6605 6655 6159 4413
f 6159 6655 5928 3915
f 5928 6655 4896 3920
f 6616 6656 6657 4152
f 6657 6656 6161 4415
f 6161 6656 6658 4414
f 6534 6659 4951 3952
f 4951 6659 6087 3951
f 6087 6659 6658 4399
f 6101 6660 6146 4049
f 6146 6660 6631 4406
f 6631 6660 6654 4401
f 6650 6661 6662 3926
f 6662 6661 6111 3895
f 6111 6661 6149 3934
f 4858 6663 6662 3895
f 6662 6663 4909 3926
f 4909 6663 6139 3928
f 4947 6664 6142 3908
f 6142 6664 6075 4396
f 6075 6664 6155 4395
f 6623 6665 4956 3916
f 4956 6665 4912 3931
f 4912 6665 6653 3930
f 5914 6667 6165 3922
f 6165 6667 5924 4343
f 5924 6667 6666 4342
f 6167 6668 4679 3779
f 6670 6669 4713 3782
f 4713 6669 6671 3800
f 6671 6669 4701 3792
f 5607 6672 6673 4252
f 6673 6672 5079 4017
f 6173 6674 6346 4416
f 6346 6674 5031 3775
f 5031 6674 5610 3991
f 5615 6675 5029 3990
f 5029 6675 4672 3775
f 4672 6675 6175 3774
f 5693 6676 5695 3955
f 5695 6676 6677 4277
f 5699 6678 6348 3956
f 6348 6678 6677 4276
f 6383 6679 6181 4417
f 6181 6679 5120 4033
f 5120 6679 6193 3796
f 5753 6680 6671 3792
f 6671 6680 5799 3800
f 5799 6680 6189 4311
f 6202 6681 5112 3789
f 5112 6681 4657 3766
f 5685 6682 6200 3771
f 6200 6682 5781 4306
f 5781 6682 4967 3787
f 4727 6683 5187 3808
f 5187 6683 5816 4055
f 5816 6683 6424 4316
f 5865 6684 5006 3975
f 5006 6684 4976 3959
f 4976 6684 5190 3961
f 5979 6685 5018 3984
f 5018 6685 6211 3983
f 6211 6685 4834 3878
f 5194 6686 5145 3867
f 5145 6686 4826 3873
f 4826 6686 4831 3872
f 6225 6687 4802 3803
f 4802 6687 6415 3854
f 6415 6687 4732 3806
f 6474 6688 6689 4443
f 6689 6688 4757 3825
f 4813 6690 6209 3861
f 6209 6690 6133 3983
f 6133 6690 6691 4412
f 6640 6692 6217 4422
f 6217 6692 6642 4421
f 6642 6692 6691 3862
f 4739 6693 4986 3813
f 4986 6693 6432 3965
f 6432 6693 4984 3964
f 6206 6694 4991 3969
f 4991 6694 5872 3968
f 5872 6694 4997 3971
f 4973 6695 5003 3960
f 5003 6695 6470 3973
f 6470 6695 4995 3793
f 5847 6696 6689 3825
f 6689 6696 6471 4443
f 6471 6696 5002 3973
f 5810 6697 6220 4314
f 6220 6697 6455 3822
f 6455 6697 6233 4423
f 4866 6698 6245 3900
f 6245 6698 5019 3982
f 5019 6698 5978 3984
f 6442 6699 6250 4426
f 6250 6699 6128 4410
f 6128 6699 6124 4367
f 6701 6700 6541 4449
f 5957 6702 6703 4354
f 6703 6702 6545 4363
f 6545 6702 6701 4449
f 5953 6704 6258 4357
f 6258 6704 5962 4360
f 5962 6704 6703 4363
f 5940 6705 6706 4346
f 6706 6705 6552 4366
f 6552 6705 6263 4431
f 5936 6707 5196 4056
f 5196 6707 5967 3985
f 5967 6707 6706 4366
f 6252 6708 5023 3985
f 5023 6708 4934 3945
f 4934 6708 6709 3944
f 6436 6710 6709 4428
f 6709 6710 6517 3944
f 6517 6710 5892 4331
f 6276 6711 6271 4434
f 5022 6712 5142 3986
f 5142 6712 6636 4039
f 6636 6712 4935 3946
f 6510 6713 4799 3853
f 5894 6714 5893 3849
f 5893 6714 6516 4331
f 6516 6714 6277 4435
f 5611 6715 5030 3991
f 5030 6715 5614 3990
f 5614 6715 6285 4004
f 6364 6716 5082 4018
f 5082 6716 6717 3842
f 6717 6716 6499 3843
f 4676 6718 5086 3777
f 5086 6718 5740 4020
f 5740 6718 5201 4058
f 6490 6719 4765 3830
f 4765 6719 6720 3829
f 6720 6719 4774 3837
f 4782 6721 6722 3841
f 6722 6721 4785 3844
f 4785 6721 6717 3843
f 6479 6723 6724 4444
f 6724 6723 6482 4445
f 6482 6723 6722 3844
f 6495 6725 6724 4445
f 6724 6725 6497 4444
f 6497 6725 5033 3832
f 4779 6726 5035 3839
f 5035 6726 5881 3992
f 5881 6726 6720 3837
f 4697 6727 4689 3785
f 4689 6727 4685 3783
f 4685 6727 6670 3782
f 5791 6728 5802 4309
f 5802 6728 5788 4308
f 5788 6728 5048 3743
f 5837 6729 4746 3819
f 4746 6729 6730 3818
f 6730 6729 6465 4442
f 6462 6731 6730 4442
f 6730 6731 4750 3818
f 4750 6731 5841 3820
f 6733 6732 5581 4247
f 5581 6732 5591 4244
f 5591 6732 5039 3993
f 6321 6734 5219 4073
f 5219 6734 6735 3745
f 6735 6734 5606 4252
f 6735 6736 4628 3745
f 4628 6736 6294 3744
f 6294 6736 6673 4017
f 6739 6738 6740 4098
f 6743 6742 6744 4455
f 6744 6742 6745 4456
f 6745 6742 6746 4111
f 6746 6748 5282 4111
f 5282 6748 6749 4110
f 6749 6748 6750 4459
f 6752 6751 6753 4461
f 6753 6751 5206 4065
f 5206 6751 6754 4064
f 6756 6755 6757 4108
f 6757 6755 6758 4462
f 6758 6755 6759 4463
f 6756 6763 5253 4094
f 5253 6763 6764 4096
f 6764 6763 6765 4466
f 6767 6766 6768 4467
f 6768 6766 6741 4453
f 6741 6766 6769 4452
f 6320 6771 5263 3751
f 5263 6771 6772 4069
f 6772 6771 5265 4101
f 6774 6773 5212 4069
f 5212 6773 6775 4068
f 5266 6777 6778 4101
f 6778 6777 5217 4072
f 6307 6780 5222 3738
f 5287 6781 6782 4115
f 6782 6781 5241 4086
f 5241 6781 6783 4087
f 6759 6784 6785 4463
f 6785 6784 6786 4469
f 6786 6784 6787 4470
f 6789 6788 6790 4095
f 6790 6788 6791 4170
f 6791 6788 6792 4471
f 6794 6793 6795 4472
f 6795 6793 6796 4120
f 6796 6793 6785 4469
f 6745 6797 6792 4456
f 6792 6797 6798 4471
f 6798 6797 5283 4112
f 6800 6799 5277 4104
f 5277 6799 6801 4106
f 6801 6799 6802 4473
f 6805 6804 6806 4474
f 6806 6804 6800 4104
f 6808 6807 6809 4079
f 6809 6807 6810 4083
f 6810 6807 6806 4104
f 5255 6811 5280 4066
f 5280 6811 6765 4108
f 6765 6811 6812 4466
f 6815 6813 6762 4464
f 6753 6816 6817 4461
f 6817 6816 6757 4462
f 6757 6816 5279 4108
f 6779 6819 6818 4071
f 5221 6819 4616 3738
f 6821 6820 6822 4476
f 6822 6820 6823 4077
f 6823 6820 5284 4110
f 6825 6824 6826 4477
f 6827 6824 6828 4076
f 6831 6829 5288 4106
f 6782 6832 5286 4115
f 5286 6832 5276 4106
f 5276 6832 6833 4105
f 6835 6834 5554 4238
f 5517 6836 6835 4238
f 5370 6837 5291 4116
f 5291 6837 6808 4079
f 6808 6837 6838 4474
f 6840 6839 6841 4478
f 6841 6839 5372 4116
f 5372 6839 5243 4089
f 5228 6842 6843 4078
f 6843 6842 5234 4081
f 5234 6842 6809 4083
f 6801 6845 6831 4106
f 6831 6845 6844 4114
f 6848 6847 6849 4455
f 6846 6847 6850 4098
f 6789 6851 6744 4456
f 6744 6851 6848 4455
f 6848 6851 5252 4096
f 6743 6852 6853 4454
f 5225 6854 6827 4076
f 6827 6854 6747 4458
f 6857 6856 6794 4472
f 6794 6856 6758 4463
f 6758 6856 6858 4462
f 6860 6859 6857 4472
f 6857 6859 6814 4475
f 6862 6861 6863 4479
f 6863 6861 6864 4480
f 6866 6865 6767 4467
f 6767 6865 5203 4063
f 5203 6865 6864 4062
f 6866 6867 6868 4480
f 6868 6867 5208 4064
f 5208 6867 6869 4066
f 5256 6870 6812 4097
f 6812 6870 6764 4466
f 6764 6870 6850 4096
f 6869 6871 5257 4066
f 5257 6871 6739 4098
f 6739 6871 6768 4453
f 5261 6872 6769 4063
f 6769 6872 6737 4452
f 6772 6874 6774 4069
f 6774 6874 6770 4468
f 6878 6877 5216 4070
f 5216 6877 6879 3750
f 5296 6880 5209 4067
f 6878 6882 6883 3998
f 5583 6884 6879 3998
f 6879 6884 5565 3750
f 4621 6885 6776 3741
f 5251 6886 6787 4094
f 6787 6886 6887 4470
f 6887 6886 6790 4170
f 6795 6888 6860 4472
f 6860 6888 5303 4121
f 6891 6890 6805 4474
f 6805 6890 5226 4075
f 5226 6890 6822 4077
f 6858 6892 6817 4462
f 6817 6892 6893 4461
f 6893 6892 6815 4464
f 6828 6896 5224 4076
f 5224 6896 6802 4075
f 6855 6897 6898 4457
f 6749 6897 6823 4110
f 6900 6899 5364 4159
f 5364 6899 5238 4084
f 5238 6899 6833 4086
f 6841 6902 6903 4478
f 6903 6902 6904 4082
f 6904 6902 5290 4080
f 5230 6905 6904 4080
f 6904 6905 5232 4082
f 5232 6905 6843 4081
f 5414 6906 6907 4189
f 6907 6906 5366 4161
f 5366 6906 5244 4090
f 6911 6909 6912 4134
f 6914 6913 5323 4135
f 5323 6913 6911 4134
f 6911 6913 6873 4100
f 5297 6915 6895 4109
f 6895 6915 5582 3998
f 5582 6915 6916 4247
f 6918 6917 6919 4222
f 6919 6917 6920 4146
f 6920 6917 6921 4484
f 6923 6922 6924 4485
f 6924 6922 6925 4486
f 6925 6922 5458 4128
f 6927 6926 6928 4488
f 6928 6926 6929 4489
f 6929 6926 6930 4203
f 5462 6931 6932 4140
f 6932 6931 6929 4203
f 6929 6931 6933 4489
f 6936 6934 6937 4490
f 5317 6938 6939 4131
f 6940 6938 6941 4129
f 6944 6943 6942 4491
f 6942 6943 5319 4131
f 5319 6943 5305 4123
f 6945 6946 6947 4490
f 6947 6946 5460 4218
f 5460 6946 6948 4217
f 6951 6950 6952 4488
f 5626 6953 6954 4259
f 6313 6956 6957 3747
f 5630 6958 6955 4260
f 5446 6960 6962 4209
f 6964 6963 5432 4200
f 5922 6963 6965 3923
f 6967 6966 5466 4220
f 5466 6966 5443 4138
f 5443 6966 5331 4141
f 5330 6968 6969 4139
f 6969 6968 5435 4204
f 5435 6968 6932 4203
f 6971 6970 6972 4494
f 6972 6970 6973 4495
f 6973 6970 6974 4136
f 5336 6975 6645 4143
f 6645 6975 6976 4451
f 6976 6975 6977 4496
f 5470 6978 5477 4150
f 5477 6978 6979 4225
f 6979 6978 6980 4147
f 6982 6981 5352 4151
f 5352 6981 6983 4153
f 6983 6981 5474 4223
f 6985 6984 6986 4486
f 6986 6984 5356 4154
f 5356 6984 6987 4156
f 5355 6988 6989 4155
f 6989 6988 6990 4497
f 6990 6988 6991 4157
f 6971 6992 6965 4493
f 6965 6992 4905 3923
f 4905 6992 6993 3925
f 5464 6994 6935 4220
f 6900 6996 5275 4105
f 5275 6996 6997 4104
f 6997 6996 6998 4498
f 7000 6999 7001 4167
f 7001 6999 6838 4163
f 6838 6999 6891 4474
f 7003 7002 5378 4168
f 5378 7002 7000 4167
f 7000 7002 6821 4476
f 7005 7004 6840 4478
f 6840 7004 7006 4088
f 7006 7004 6997 4498
f 7008 7007 7006 4498
f 7006 7007 7009 4088
f 7009 7007 7010 4162
f 5479 7011 7012 4191
f 7012 7011 7013 4091
f 7013 7011 7014 4190
f 7016 7015 7017 4500
f 7017 7015 7018 4501
f 7018 7015 5367 4162
f 7020 7019 5375 4166
f 5375 7019 7021 4165
f 7021 7019 7022 4503
f 7024 7023 7025 4505
f 7025 7023 5394 4177
f 5394 7023 7026 4176
f 5293 7027 7028 4093
f 7028 7027 7029 4506
f 7031 7030 7032 4507
f 7032 7030 5397 4178
f 5397 7030 7025 4177
f 7034 7033 7035 4509
f 7035 7033 7036 4510
f 7036 7033 7037 4511
f 7039 7038 7040 4513
f 7040 7038 7034 4509
f 7034 7038 7041 4508
f 7044 7042 7039 4513
f 7039 7042 7045 4512
f 7047 7046 7048 4179
f 7048 7046 5424 4193
f 5424 7046 7049 4192
f 7051 7050 7052 4188
f 7052 7050 7053 4518
f 7053 7050 7054 4519
f 7056 7055 7057 4520
f 7057 7055 7058 4521
f 7061 7060 7056 4520
f 7056 7060 7062 4233
f 7064 7063 5492 4232
f 5492 7063 7065 4231
f 7067 7066 7064 4232
f 7064 7066 7068 4233
f 7070 7069 5493 4187
f 5493 7069 7071 4232
f 7071 7069 7072 4525
f 7075 7073 7068 4524
f 7068 7073 7076 4233
f 7078 7077 7079 4528
f 7079 7077 7080 4215
f 7080 7077 7081 4182
f 7083 7082 7084 4529
f 7084 7082 7085 4525
f 7085 7082 5339 4146
f 7087 7086 7072 4186
f 7072 7086 7084 4525
f 7084 7086 7088 4529
f 7091 7089 7092 4518
f 7092 7089 7093 4532
f 7096 7095 7097 3708
f 7097 7095 7094 4481
f 7094 7095 7093 4530
f 7099 7098 6969 4204
f 6969 7098 7100 4139
f 7100 7098 7101 4534
f 7103 7102 7092 4532
f 7092 7102 7052 4518
f 6976 7104 6644 4451
f 7107 7106 7108 4496
f 7108 7106 7109 4184
f 7109 7106 7083 4529
f 7029 7110 7111 4506
f 7111 7110 7112 4511
f 7112 7110 5485 4229
f 7114 7113 7115 4178
f 7115 7113 7037 4508
f 7037 7113 7111 4511
f 7117 7116 7118 4535
f 7045 7116 7119 4512
f 7121 7120 7122 4536
f 7123 7120 7124 4538
f 7047 7125 7124 4516
f 7124 7125 7126 4538
f 7126 7125 7127 4539
f 7087 7128 4569 3705
f 4569 7128 5403 3707
f 5403 7128 5412 4183
f 7070 7129 5411 4186
f 5411 7129 7130 4185
f 7130 7129 7131 4188
f 5405 7132 4571 3709
f 4571 7132 7133 3708
f 7133 7132 5410 4185
f 7097 7134 4573 3708
f 4573 7134 5496 3710
f 5496 7134 6901 4234
f 7051 7135 7136 4517
f 7136 7135 7137 4539
f 7137 7135 7131 4187
f 7035 7138 7139 4509
f 7139 7138 7140 4194
f 7140 7138 7141 4540
f 7040 7142 7143 4513
f 7143 7142 5426 4192
f 5426 7142 7139 4194
f 7044 7144 7145 4515
f 7146 7144 7143 4192
f 7009 7147 5245 4088
f 5245 7147 5368 4090
f 7149 7148 7150 4499
f 7150 7148 7151 4175
f 7151 7148 7152 4226
f 5363 7153 7152 4160
f 7152 7153 7014 4226
f 7014 7153 5417 4190
f 7018 7154 7155 4501
f 7155 7154 7156 4174
f 7158 7157 7159 4542
f 7159 7157 7021 4503
f 7021 7157 7160 4165
f 7162 7161 7163 4543
f 7163 7161 7164 4544
f 7164 7161 7159 4503
f 7016 7165 6907 4161
f 6907 7165 7166 4189
f 7166 7165 7167 4169
f 7169 7168 7170 4545
f 7170 7168 7171 4546
f 7171 7168 7172 4504
f 7059 7173 7174 4522
f 7176 7175 7177 4180
f 7177 7175 5427 4196
f 7053 7179 7091 4518
f 7091 7179 7180 4531
f 7140 7182 5425 4194
f 5425 7182 7183 4193
f 7183 7182 7184 4547
f 7127 7185 7136 4539
f 7136 7185 7186 4517
f 5344 7187 6979 4147
f 6979 7187 7188 4225
f 7188 7187 5334 3947
f 7188 7189 7190 4225
f 7190 7189 5454 4216
f 5454 7189 4940 3913
f 6990 7191 7192 4497
f 7192 7191 7193 4197
f 7193 7191 5359 4158
f 5457 7198 7197 4130
f 7197 7198 6930 4487
f 6930 7198 5434 4203
f 6923 7199 5436 4202
f 5436 7199 7099 4204
f 7099 7199 7200 4533
f 7202 7201 7203 4549
f 7203 7201 6982 4151
f 6982 7201 5439 4207
f 5332 7204 5442 4141
f 5442 7204 7205 4137
f 7205 7204 7100 4534
f 7207 7206 7101 4533
f 7101 7206 7208 4534
f 7208 7206 7209 4495
f 5631 7210 7211 4261
f 7211 7210 5445 4209
f 5445 7210 7212 4208
f 7216 7214 7217 4172
f 7219 7218 7220 4551
f 7224 7223 7225 4553
f 7228 7227 7229 4546
f 7231 7230 7232 4212
f 7232 7230 7233 4555
f 7233 7230 7234 4556
f 7231 7235 7236 4554
f 7236 7235 7237 4557
f 7237 7235 7238 4558
f 7238 7239 7240 4558
f 7220 7241 7242 4551
f 7242 7241 7243 4555
f 7243 7241 7244 4559
f 7170 7246 7247 4545
f 7237 7248 7249 4557
f 7251 7250 6914 4135
f 6914 7250 5298 4067
f 5298 7250 7252 4117
f 6611 7253 7193 4158
f 7193 7253 5431 4197
f 5431 7253 7254 4199
f 7256 7255 6908 4479
f 6868 7258 6863 4480
f 6863 7258 7256 4479
f 7256 7258 6754 4460
f 6761 7259 6893 4464
f 6893 7259 6752 4461
f 6752 7259 7257 4460
f 6918 7260 7261 4483
f 7261 7260 5307 4122
f 5307 7260 5468 4124
f 5306 7262 5318 4123
f 5318 7262 5311 4125
f 5311 7262 7263 4127
f 6925 7264 6985 4486
f 6985 7264 5310 4127
f 5310 7264 7265 4126
f 6941 7266 5313 4129
f 5313 7266 7265 4128
f 7265 7266 5309 4126
f 7268 7267 6933 4217
f 6933 7267 6928 4489
f 6928 7267 6951 4488
f 6936 7269 6967 4220
f 6967 7269 5461 4140
f 5461 7269 6947 4218
f 7272 7271 7273 4181
f 6944 7271 7261 4122
f 7081 7274 5400 4182
f 5400 7274 7272 4181
f 7272 7274 6921 4483
f 7268 7275 7276 4132
f 7276 7275 6949 4492
f 7276 7277 5320 4132
f 7280 7279 6961 4210
f 6912 7281 5322 4134
f 5322 7281 5448 4133
f 6964 7282 6974 4493
f 6974 7282 7283 4136
f 7283 7282 7284 4560
f 7283 7285 5328 4136
f 5328 7285 5465 4138
f 5465 7285 7286 4221
f 7208 7287 7205 4534
f 7205 7287 5326 4137
f 5326 7287 6973 4136
f 5343 7288 5340 4144
f 5340 7288 6919 4146
f 6919 7288 6980 4222
f 6977 7289 7107 4496
f 7107 7289 5338 4145
f 5338 7289 5342 4144
f 7263 7290 6987 4127
f 6987 7290 7291 4156
f 7291 7290 5469 4150
f 6991 7292 5358 4157
f 5358 7292 5348 4148
f 5348 7292 7291 4150
f 7294 7293 6983 4223
f 6983 7293 6619 4153
f 6619 7293 7254 4450
f 7296 7295 5472 4224
f 5472 7295 7294 4223
f 7294 7295 5430 4199
f 6986 7297 6924 4486
f 6924 7297 7298 4485
f 7298 7297 7299 4205
f 5455 7300 7301 4216
f 7301 7300 5360 4148
f 5360 7300 6080 4158
f 7286 7302 6995 4221
f 5233 7304 6903 4082
f 6903 7304 7005 4478
f 7005 7304 6810 4104
f 5362 7305 6998 4159
f 6998 7305 7008 4498
f 7008 7305 7149 4499
f 5294 7306 6803 4074
f 7307 7306 7013 4190
f 7151 7308 5390 4175
f 5390 7308 5376 4164
f 5376 7308 5480 4166
f 7162 7309 7310 4542
f 7310 7309 7311 4561
f 7311 7309 7224 4553
f 7017 7312 7313 4500
f 7313 7312 7310 4561
f 7310 7312 7158 4542
f 7164 7314 7315 4544
f 7315 7314 7169 4545
f 7169 7314 7022 4502
f 5415 7316 7001 4163
f 7001 7316 5380 4167
f 5380 7316 7166 4169
f 7318 7317 7319 4563
f 7319 7317 5379 4169
f 5379 7317 7320 4168
f 7216 7321 7322 4550
f 7322 7321 7318 4563
f 7318 7321 7323 4562
f 7325 7324 7320 4562
f 7320 7324 7003 4168
f 7003 7324 6798 4112
f 7325 7326 6791 4471
f 6791 7326 5384 4170
f 5384 7326 7323 4172
f 7328 7327 5387 4173
f 5387 7327 6887 4170
f 6887 7327 7329 4470
f 7228 7330 7331 4552
f 7331 7330 7024 4505
f 7024 7330 7171 4504
f 7028 7332 5248 4093
f 5248 7332 5398 4092
f 5398 7332 7114 4178
f 7117 7333 7031 4507
f 7031 7333 7331 4505
f 7335 7334 5488 4230
f 5488 7334 7112 4229
f 7112 7334 7036 4511
f 7337 7336 5482 4227
f 7183 7338 7048 4193
f 7048 7338 7339 4179
f 7339 7338 7176 4180
f 7121 7340 7049 4516
f 7049 7340 7146 4192
f 7342 7341 5491 4231
f 5491 7341 7137 4187
f 7137 7341 7343 4539
f 7345 7344 7061 4520
f 7061 7344 7343 4523
f 7343 7344 7126 4539
f 7057 7346 7345 4520
f 7345 7346 7123 4538
f 7342 7347 7062 4523
f 7062 7347 7065 4233
f 7349 7348 7350 4528
f 7350 7348 7071 4525
f 7071 7348 7067 4232
f 7349 7351 7075 4524
f 7075 7351 7352 4527
f 7085 7353 7350 4525
f 7350 7353 7078 4528
f 7078 7353 6920 4484
f 5408 7354 5511 3711
f 5511 7354 7088 3705
f 7088 7354 7109 4529
f 7103 7355 7130 4188
f 7130 7355 7133 4185
f 7133 7355 7096 3708
f 7108 7356 7105 4496
f 7032 7357 7119 4507
f 7119 7357 7041 4512
f 7041 7357 7115 4508
f 7335 7358 7141 4510
f 7141 7358 7359 4540
f 7359 7358 7337 4227
f 7010 7360 7156 4162
f 7156 7360 5391 4174
f 5391 7360 7150 4175
f 5240 7361 5418 4085
f 5418 7361 7307 4190
f 7307 7361 6889 4107
f 5374 7362 5389 4164
f 5389 7362 7155 4174
f 7155 7362 7160 4501
f 7311 7363 7364 4561
f 7364 7363 7322 4563
f 7322 7363 7365 4550
f 7313 7366 7167 4500
f 7167 7366 7319 4169
f 7319 7366 7364 4563
f 7020 7367 7172 4502
f 7172 7367 7026 4504
f 7026 7367 5420 4176
f 7012 7368 5421 4191
f 5421 7368 5393 4176
f 5393 7368 5247 4092
f 7339 7369 7186 4179
f 7186 7369 7054 4517
f 7054 7369 7370 4519
f 7370 7372 7181 4519
f 7181 7372 7371 4548
f 7359 7373 7184 4540
f 7184 7373 7178 4547
f 7178 7373 5481 4195
f 7301 7374 7190 4216
f 7190 7374 5476 4225
f 5476 7374 5346 4149
f 7284 7375 7303 4560
f 7207 7376 5438 4206
f 5438 7376 7298 4205
f 7298 7376 7200 4485
f 5350 7377 7203 4151
f 7203 7377 7378 4549
f 7378 7377 6657 4415
f 5473 7379 7380 4224
f 7380 7379 7299 4154
f 7299 7379 5440 4205
f 7296 7381 7382 4198
f 7382 7381 5354 4155
f 5354 7381 7380 4154
f 5429 7383 7192 4197
f 7192 7383 6989 4497
f 6989 7383 7382 4155
f 7378 7384 7385 4549
f 7385 7384 6993 4494
f 6993 7384 6162 3925
f 7202 7386 7209 4206
f 7209 7386 6972 4495
f 6972 7386 7385 4494
f 5324 7387 7251 4135
f 7251 7387 5447 4208
f 5447 7387 7280 4210
f 5383 7388 7389 4171
f 7315 7390 7391 4544
f 7393 7392 7328 4173
f 7328 7392 7233 4556
f 7233 7392 7242 4555
f 7389 7394 5386 4171
f 5386 7394 7393 4173
f 7393 7394 7219 4551
f 7243 7395 7232 4555
f 7232 7395 5452 4212
f 5452 7395 7396 4214
f 7400 7399 5301 4120
f 5301 7399 7398 4119
f 7249 7401 7402 4557
f 7402 7401 7400 4120
f 7400 7401 7397 4564
f 6786 7405 7406 4469
f 7406 7405 7234 4554
f 7234 7405 7329 4556
f 6796 7407 7402 4120
f 7402 7407 7236 4557
f 7236 7407 7406 4554
f 7252 7408 6916 4117
f 6916 7408 6733 4247
f 6733 7408 7212 3995
