# BrainViewer — regione: parietal
# generato da tools/split_lobes.py, non modificare a mano
o parietal
v 0.005783 0.748413 -0.055194
v -0.024612 0.742767 -0.036990
v -0.026169 0.740280 -0.038367
v -0.030701 0.690750 -0.101705
v -0.019897 0.684692 -0.236575
v -0.017563 0.704422 -0.236088
v -0.014175 0.684723 -0.232729
v -0.033493 0.652313 -0.248835
v -0.022568 0.651703 -0.235904
v -0.034943 0.614243 -0.228532
v -0.047806 0.704803 -0.249468
v -0.021240 0.889664 -0.008617
v -0.023819 0.919327 -0.021827
v -0.029709 0.919922 0.003170
v -0.027695 0.869965 -0.009316
v -0.026291 0.859406 -0.078895
v -0.005219 1.047348 -0.014457
v -0.010117 1.092072 -0.003549
v -0.018234 1.083221 0.010318
v -0.016647 1.081680 0.015031
v -0.001511 1.082993 0.025111
v -0.003830 1.045334 -0.009295
v -0.005386 1.083450 -0.058281
v -0.003784 1.040909 -0.070355
v -0.010590 1.039093 -0.083499
v -0.048538 0.960327 0.030379
v -0.051788 0.955460 0.013478
v -0.044388 0.957230 -0.011194
v -0.020569 1.114807 0.008345
v -0.035355 1.110214 0.038357
v -0.028519 1.101105 0.026950
v -0.009064 1.109009 0.044002
v -0.025986 1.099823 0.032200
v -0.033386 1.109436 0.044125
v -0.079773 1.114639 0.048410
v -0.068665 1.122391 0.028131
v -0.083359 1.100159 0.027255
v -0.014069 1.098602 -0.061687
v -0.031403 1.091599 -0.074084
v -0.035217 1.096390 -0.073259
v -0.047546 1.114563 -0.037728
v -0.065842 1.105957 -0.010244
v -0.049377 1.122467 -0.011015
v -0.014053 1.108719 -0.035302
v -0.030701 1.122314 0.003001
v -0.037827 1.112991 0.043604
v -0.002289 1.083847 0.093096
v -0.002701 1.044739 0.080381
v -0.001892 1.035522 0.070410
v -0.041855 0.964432 0.156642
v -0.055527 1.106125 0.149229
v -0.030090 1.106613 0.128127
v -0.039505 1.106491 0.130398
v -0.003784 1.108673 0.096383
v -0.001343 1.106705 0.068480
v -0.019943 1.105576 0.088561
v -0.015778 0.881042 0.136353
v -0.314758 0.966217 0.076928
v -0.310913 0.979782 0.099136
v -0.296249 0.983856 0.070065
v -0.257858 1.020096 0.110393
v -0.260727 1.008682 0.080463
v -0.264404 1.001816 0.070467
v -0.294083 0.987320 0.114491
v -0.285965 0.986206 0.121181
v -0.242050 1.011383 0.143106
v -0.175598 1.075333 0.099000
v -0.149277 1.087357 0.106569
v -0.146973 1.083176 0.068466
v -0.180664 1.069626 0.111358
v -0.167999 1.063461 0.139507
v -0.148560 1.074203 0.143404
v -0.119690 1.089035 0.121646
v -0.114731 1.096481 0.098808
v -0.111404 1.094040 0.076388
v -0.103363 1.099258 0.114786
v -0.073090 1.106384 0.111689
v -0.109253 1.092987 0.123579
v -0.274185 0.979431 0.174314
v -0.419846 0.633667 0.176308
v -0.420685 0.623917 0.145509
v -0.470459 0.677032 0.115399
v -0.447037 0.650620 0.093750
v -0.447098 0.642166 0.114949
v -0.477127 0.703949 0.068481
v -0.459503 0.697006 0.079808
v -0.475143 0.737808 0.102298
v -0.471252 0.689011 0.094621
v -0.474625 0.721970 0.109408
v -0.462128 0.666397 0.164473
v -0.461792 0.697388 0.163337
v -0.461456 0.708878 0.158814
v -0.446854 0.664108 0.077825
v -0.442825 0.671982 0.071832
v -0.418320 0.657501 0.066274
v -0.453949 0.717087 0.163877
v -0.443054 0.744965 0.163058
v -0.427948 0.739700 0.171647
v -0.385620 0.851074 0.170021
v -0.371643 0.841293 0.185143
v -0.346695 0.889709 0.182617
v -0.329849 0.913193 0.175978
v -0.349960 0.912628 0.160656
v -0.339996 0.883087 0.213112
v -0.297501 0.979126 0.120531
v -0.288925 0.966766 0.142183
v -0.267349 0.967575 0.145253
v -0.297699 0.947937 0.192604
v -0.021194 0.743423 0.060760
v -0.020462 0.728653 0.108068
v -0.027374 0.745499 0.114510
v -0.240860 0.771866 0.081098
v -0.413712 0.812408 0.073213
v -0.445282 0.788773 0.067348
v -0.422516 0.809479 0.082846
v -0.376389 0.842682 0.079588
v -0.391739 0.842407 0.093776
v -0.381668 0.852859 0.096597
v -0.457092 0.778458 0.065524
v -0.225433 1.036957 0.063097
v -0.186768 1.061203 0.062876
v -0.181961 1.047516 0.045039
v -0.309097 0.951782 0.055161
v -0.290100 0.942276 0.037113
v -0.305786 0.930328 0.047714
v -0.071259 1.109879 0.083677
v -0.077789 1.078568 0.064774
v -0.457077 0.760681 0.133391
v -0.458786 0.773575 0.091885
v -0.002823 1.018173 0.067526
v -0.005096 0.994751 0.071195
v -0.005249 0.991730 0.025112
v -0.009933 0.748642 -0.008344
v -0.009537 0.779556 0.053360
v -0.011841 0.744995 0.055382
v -0.443192 0.635681 0.144623
v -0.443787 0.641586 0.162163
v -0.272751 0.696167 0.184208
v -0.304626 0.900742 0.191483
v -0.307800 0.901321 0.184779
v -0.259186 0.969360 0.152060
v -0.257812 0.974274 0.144763
v -0.347931 0.823776 0.200780
v -0.372833 0.845856 0.075121
v -0.368591 0.849365 0.080292
v -0.357498 0.860229 0.083983
v -0.354355 0.862122 0.078642
v -0.379791 0.865952 0.116973
v -0.387146 0.858185 0.115103
v -0.382828 0.865814 0.122087
v -0.214035 0.984634 0.171320
v -0.177307 1.037582 0.144762
v -0.167053 1.035782 0.154042
v -0.003799 1.083954 0.155679
v -0.004913 1.083466 0.125370
v -0.007690 1.104935 0.135558
v -0.025360 1.107422 0.119486
v -0.010330 1.107010 0.112328
v -0.011063 1.106232 0.118417
v -0.251190 0.983780 0.030447
v -0.250153 0.996857 0.041357
v -0.230194 1.014542 0.036980
v -0.175858 1.034973 0.029755
v -0.118195 1.044647 0.029414
v -0.110031 1.046082 0.021258
v -0.101028 1.050262 0.027983
v -0.109146 1.078934 0.052949
v -0.246170 0.767685 0.046132
v -0.257324 0.750336 0.055469
v -0.265488 0.739990 0.038125
v -0.019836 0.879486 -0.082294
v -0.001663 1.033707 -0.011565
v -0.025665 1.047211 -0.088839
v -0.003220 1.019760 -0.021956
v -0.002594 1.035339 -0.027674
v -0.029846 0.945190 0.080448
v -0.039261 0.962997 0.081497
v -0.029617 0.940521 0.146502
v -0.017685 0.918839 0.142791
v -0.039185 1.106918 0.118107
v -0.030197 1.106033 0.118662
v -0.008728 1.084564 0.112297
v -0.004929 1.043152 0.101736
v -0.257553 1.008911 0.072167
v -0.218399 1.047775 0.117971
v -0.191345 1.066742 0.101786
v -0.456696 0.706833 0.166227
v -0.390656 0.863174 0.135762
v -0.398941 0.847504 0.109727
v -0.423325 0.818130 0.103669
v -0.265610 0.707275 0.200657
v -0.272461 0.706421 0.173079
v -0.463745 0.773270 0.059833
v -0.480179 0.755447 0.053751
v -0.257462 1.002182 0.061057
v -0.351898 0.910812 0.127340
v -0.356125 0.897385 0.120879
v -0.026672 0.871613 0.060258
v -0.020691 0.909225 0.023211
v -0.017227 0.906754 0.066285
v -0.459229 0.779678 0.059440
v -0.186096 1.062454 0.115579
v -0.254501 0.975449 0.022282
v -0.214539 1.002213 0.011936
v -0.033249 0.751236 -0.564466
v -0.019333 0.733612 -0.521247
v -0.033386 0.728821 -0.567358
v -0.238937 0.736359 -0.540010
v -0.250778 0.731400 -0.523355
v -0.150131 0.820129 -0.521069
v -0.139587 0.821213 -0.519117
v -0.120407 0.807831 -0.540725
v -0.114578 0.808472 -0.516641
v -0.178452 0.737640 -0.566984
v -0.176071 0.763947 -0.559888
v -0.136047 0.746216 -0.577028
v -0.322464 0.719009 -0.510849
v -0.301147 0.734177 -0.510029
v -0.018692 0.704407 -0.407251
v -0.026138 0.718933 -0.415191
v -0.027542 0.705399 -0.395958
v -0.015076 0.715164 -0.421201
v -0.030945 0.720657 -0.428385
v -0.009338 0.712631 -0.425847
v -0.009781 0.709457 -0.420306
v -0.354843 0.706406 -0.454814
v -0.334503 0.721573 -0.500918
v -0.003860 0.664642 -0.485711
v -0.006744 0.669891 -0.519878
v -0.010147 0.688980 -0.505671
v -0.007217 0.689957 -0.432584
v -0.012146 0.650925 -0.360065
v -0.019226 0.679062 -0.377072
v -0.013199 0.679474 -0.342625
v -0.037308 0.703217 -0.560463
v -0.026810 0.698746 -0.529349
v -0.018280 0.683533 -0.542553
v -0.041565 0.701904 -0.569164
v -0.043869 0.710663 -0.569134
v -0.010696 0.718719 -0.485982
v -0.162201 0.793823 -0.545912
v -0.189194 0.806488 -0.520297
v -0.212357 0.732193 -0.553962
v -0.179352 0.721863 -0.569795
v -0.204590 0.766006 -0.541979
v -0.200989 0.775879 -0.538045
v -0.204559 0.781448 -0.529740
v -0.435760 0.695618 -0.353170
v -0.019150 0.727463 -0.457347
v -0.031418 0.738541 -0.455275
v -0.029465 0.720627 -0.434250
v -0.010925 0.675934 -0.538858
v -0.025650 0.613098 -0.321632
v -0.023941 0.800980 -0.226361
v -0.030151 0.787460 -0.218750
v -0.030212 0.742935 -0.252036
v -0.022507 0.868500 -0.143539
v -0.031921 0.885880 -0.146260
v -0.023605 0.888672 -0.136272
v -0.022202 0.862991 -0.151389
v -0.026794 0.878860 -0.167914
v -0.032410 0.883896 -0.151303
v -0.023926 0.813309 -0.228209
v -0.027573 0.835403 -0.231501
v -0.023849 0.856323 -0.207246
v -0.021561 0.761597 -0.290592
v -0.025833 0.805588 -0.259449
v -0.023865 0.804016 -0.238075
v -0.017929 0.787857 -0.373297
v -0.022705 0.785599 -0.383261
v -0.015274 0.804916 -0.370729
v -0.010590 0.854416 -0.466084
v -0.012619 0.859543 -0.455657
v -0.013718 0.845352 -0.408245
v -0.020523 0.721207 -0.387120
v -0.017273 0.740875 -0.396067
v -0.017212 0.752975 -0.390906
v -0.024536 0.907944 -0.242240
v -0.053909 0.887772 -0.239230
v -0.007935 0.940964 -0.254349
v -0.008896 0.956985 -0.263583
v -0.013214 0.961548 -0.237617
v -0.009689 1.009186 -0.236916
v -0.015015 0.970078 -0.233186
v -0.021072 1.015015 -0.340734
v -0.013672 0.988708 -0.299900
v -0.013702 0.983276 -0.324741
v -0.016785 1.070831 -0.226818
v -0.009567 1.078125 -0.185566
v -0.013000 1.031174 -0.192637
v -0.022675 0.987488 -0.218227
v -0.014145 0.983398 -0.213235
v -0.015594 0.968781 -0.228294
v -0.007706 0.999298 -0.165195
v -0.005646 1.040527 -0.147731
v -0.044724 0.954468 -0.112928
v -0.052124 0.964355 -0.089956
v -0.033768 0.917755 -0.138538
v -0.014511 0.963196 -0.382511
v -0.015152 0.940292 -0.373075
v -0.013046 0.946823 -0.318328
v -0.014511 0.938553 -0.359990
v -0.064392 0.849579 -0.526501
v -0.043289 0.835648 -0.529623
v -0.070648 0.829269 -0.526636
v -0.010391 0.885345 -0.417473
v -0.021652 0.870056 -0.413618
v -0.011047 0.863739 -0.468883
v -0.022369 0.863831 -0.411191
v -0.064423 1.044662 -0.336347
v -0.060165 1.036041 -0.333260
v -0.072769 1.027832 -0.361271
v -0.066132 1.081818 -0.243631
v -0.046021 1.085175 -0.234385
v -0.048737 1.076324 -0.255498
v -0.034363 1.097748 -0.079055
v -0.033783 1.110092 -0.098975
v -0.040863 1.065659 -0.247159
v -0.044373 1.063950 -0.256693
v -0.022110 0.931549 -0.392658
v -0.016205 0.933701 -0.374723
v -0.015991 0.922134 -0.371453
v -0.010269 0.828781 -0.481859
v -0.053528 0.884186 -0.228008
v -0.053192 0.873032 -0.245871
v -0.152008 0.762695 -0.157392
v -0.125366 0.727631 -0.157411
v -0.114975 0.731323 -0.140469
v -0.080978 0.737839 -0.090081
v -0.099792 0.753296 -0.095699
v -0.041245 0.747559 -0.025283
v -0.039001 0.755783 0.003195
v -0.073044 0.778458 0.003965
v -0.137238 0.801086 -0.068203
v -0.150146 0.789566 -0.102807
v -0.145523 0.789062 -0.107293
v -0.054184 0.729401 -0.079570
v -0.031342 0.719437 -0.070309
v -0.119095 0.687241 -0.187521
v -0.124420 0.697601 -0.188981
v -0.134293 0.687485 -0.208962
v -0.436905 0.889221 -0.170044
v -0.410934 0.920486 -0.161820
v -0.407211 0.925354 -0.169963
v -0.482605 0.775070 -0.051886
v -0.478897 0.777344 -0.047069
v -0.470871 0.799881 -0.052349
v -0.301620 0.958084 -0.252534
v -0.329849 0.953674 -0.265959
v -0.344772 0.956604 -0.253455
v -0.357681 0.928009 -0.297606
v -0.376236 0.912277 -0.283091
v -0.371323 0.938644 -0.247880
v -0.380280 0.925278 -0.242284
v -0.374374 0.950455 -0.210682
v -0.380569 0.947693 -0.207966
v -0.384781 0.922943 -0.241057
v -0.394516 0.925217 -0.240558
v -0.407837 0.924820 -0.153719
v -0.425446 0.891708 -0.144517
v -0.431931 0.898682 -0.129920
v -0.394806 0.937744 -0.126438
v -0.401199 0.931702 -0.157022
v -0.490112 0.776260 -0.104854
v -0.488693 0.785797 -0.109807
v -0.486725 0.798508 -0.140314
v -0.477814 0.805893 -0.129548
v -0.371628 0.958527 -0.187140
v -0.378052 0.952667 -0.193176
v -0.398209 0.933899 -0.168819
v -0.284012 0.987610 0.007857
v -0.296494 0.994019 -0.026645
v -0.304901 0.991470 -0.039635
v -0.343826 0.957733 -0.087150
v -0.340027 0.963623 -0.091723
v -0.357697 0.963318 -0.110058
v -0.235458 1.041306 -0.046888
v -0.228500 1.049713 -0.061217
v -0.236633 1.044510 -0.077246
v -0.229843 1.043289 -0.039389
v -0.225098 1.025177 -0.006563
v -0.218323 1.041534 -0.006100
v -0.230698 1.021210 -0.007858
v -0.250854 1.018158 -0.016222
v -0.105606 1.086975 -0.017721
v -0.110413 1.087891 -0.059290
v -0.118042 1.089905 -0.067935
v -0.135757 1.089203 -0.013762
v -0.124039 1.076996 0.006456
v -0.079453 1.063400 -0.010876
v -0.089386 1.075531 -0.029502
v -0.085083 1.077393 -0.033856
v -0.074158 1.070511 -0.024675
v -0.079590 1.099182 -0.051028
v -0.142517 1.083878 -0.097321
v -0.122559 1.088852 -0.079041
v -0.113449 1.091354 -0.077933
v -0.105927 1.090271 -0.064760
v -0.277023 1.006393 -0.083477
v -0.287674 0.976685 -0.078508
v -0.296219 0.996429 -0.043710
v -0.296509 0.970551 -0.079171
v -0.327774 0.965424 -0.088743
v -0.335205 0.963837 -0.084701
v -0.175598 1.019272 -0.294126
v -0.198730 1.022186 -0.275259
v -0.185654 1.022079 -0.269670
v -0.195053 1.049210 -0.183479
v -0.171051 1.042770 -0.180081
v -0.179840 1.039169 -0.191419
v -0.197235 1.055405 -0.163960
v -0.180649 1.051392 -0.157435
v -0.156128 1.039383 -0.269081
v -0.173065 1.031097 -0.273102
v -0.178360 1.041092 -0.233771
v -0.108337 1.027740 -0.330010
v -0.087936 1.020447 -0.367128
v -0.112289 0.999054 -0.368962
v -0.115417 1.037613 -0.296924
v -0.108871 1.042206 -0.292123
v -0.097458 1.046875 -0.307725
v -0.111771 1.048721 -0.259365
v -0.114746 1.038391 -0.283158
v -0.121262 1.030396 -0.251926
v -0.105072 1.060196 -0.220931
v -0.117661 1.034729 -0.210470
v -0.084335 1.068939 -0.193477
v -0.126129 1.028778 -0.251479
v -0.121490 1.036804 -0.284349
v -0.140350 1.038666 -0.255949
v -0.170074 1.019547 -0.296838
v -0.181061 1.023972 -0.267717
v -0.203079 1.025833 -0.225168
v -0.189835 1.022873 -0.257153
v -0.210739 1.025681 -0.234691
v -0.488251 0.778976 -0.202582
v -0.485031 0.755478 -0.171349
v -0.490509 0.764069 -0.157904
v -0.477448 0.752350 -0.180053
v -0.489136 0.777954 -0.212779
v -0.488693 0.738403 -0.192862
v -0.477814 0.749146 -0.183981
v -0.497620 0.722198 -0.210274
v -0.480957 0.732346 -0.271908
v -0.486389 0.718933 -0.268719
v -0.496506 0.718582 -0.241021
v -0.473419 0.776123 -0.267680
v -0.447739 0.765594 -0.277059
v -0.482010 0.719696 -0.280746
v -0.477402 0.730194 -0.282438
v -0.468735 0.727341 -0.319862
v -0.439590 0.759262 -0.360257
v -0.440582 0.749100 -0.362021
v -0.449417 0.735245 -0.352787
v -0.463104 0.699524 -0.334876
v -0.438553 0.734665 -0.377443
v -0.437683 0.751266 -0.366924
v -0.435303 0.760742 -0.367912
v -0.440857 0.729675 -0.360644
v -0.443314 0.729767 -0.356086
v -0.354446 0.864822 -0.381995
v -0.349579 0.854523 -0.397691
v -0.362518 0.828537 -0.413238
v -0.429550 0.705154 -0.412309
v -0.441269 0.705521 -0.383468
v -0.354309 0.799271 -0.429209
v -0.348801 0.824280 -0.416553
v -0.333328 0.821426 -0.409562
v -0.350082 0.798889 -0.431629
v -0.329041 0.821533 -0.411817
v -0.324905 0.822556 -0.431859
v -0.419189 0.845963 -0.289560
v -0.380707 0.864349 -0.299354
v -0.396591 0.860703 -0.318516
v -0.323395 0.950058 -0.287497
v -0.349121 0.935135 -0.290701
v -0.322174 0.942307 -0.273742
v -0.320572 0.943695 -0.267792
v -0.350601 0.936096 -0.286695
v -0.279251 0.901321 -0.394381
v -0.286026 0.871994 -0.421629
v -0.302521 0.867981 -0.403180
v -0.260406 0.955017 -0.303843
v -0.282394 0.953842 -0.304928
v -0.285767 0.956940 -0.281227
v -0.410812 0.900085 -0.275893
v -0.418106 0.885345 -0.286957
v -0.429504 0.877335 -0.280609
v -0.293610 1.010239 -0.129472
v -0.305634 0.993225 -0.139549
v -0.299530 0.993500 -0.111175
v -0.319336 0.971771 -0.109618
v -0.294022 0.957809 -0.088641
v -0.208267 1.027084 -0.106366
v -0.244949 1.013748 -0.102983
v -0.059326 1.094223 -0.181158
v -0.065659 1.085632 -0.182680
v -0.081696 1.073654 -0.184937
v -0.214111 1.032883 -0.213082
v -0.202469 1.029099 -0.213501
v -0.247894 0.766098 -0.520582
v -0.261200 0.748856 -0.501414
v -0.255341 0.786240 -0.499713
v -0.264496 0.788589 -0.493383
v -0.270416 0.752060 -0.494993
v -0.283905 0.769867 -0.492240
v -0.309296 0.764862 -0.479253
v -0.357605 0.785568 -0.438663
v -0.206558 0.864975 -0.460651
v -0.174667 0.850433 -0.493521
v -0.181595 0.840088 -0.497713
v -0.250107 0.849976 -0.450272
v -0.242310 0.856354 -0.439280
v -0.214737 0.873886 -0.433610
v -0.170532 0.852753 -0.493574
v -0.176208 0.834564 -0.503892
v -0.197678 0.802002 -0.508776
v -0.202438 0.801620 -0.507088
v -0.221237 0.806549 -0.505774
v -0.249664 0.794998 -0.499974
v -0.138870 0.825745 -0.514993
v -0.114136 0.833832 -0.517570
v -0.112991 0.812698 -0.512899
v -0.078369 0.886612 -0.501223
v -0.072006 0.893204 -0.498734
v -0.053329 0.878387 -0.516138
v -0.112228 0.890640 -0.465802
v -0.088135 0.887817 -0.494813
v -0.127151 0.886627 -0.481619
v -0.131653 0.913803 -0.455564
v -0.168442 0.976120 -0.370116
v -0.148178 0.982117 -0.369581
v -0.141876 0.975571 -0.376532
v -0.111603 0.950989 -0.398185
v -0.130478 0.947983 -0.409926
v -0.133133 0.980148 -0.375392
v -0.099701 0.970734 -0.398261
v -0.106979 0.956223 -0.395500
v -0.181717 0.970871 -0.352335
v -0.172699 0.991745 -0.333846
v -0.166290 0.996719 -0.335680
v -0.091644 0.924667 -0.462575
v -0.100082 0.912415 -0.471182
v -0.125824 0.919418 -0.453041
v -0.067093 0.917206 -0.480928
v -0.076004 0.896225 -0.494890
v -0.082626 0.896545 -0.490142
v -0.203613 0.878265 -0.392168
v -0.188095 0.974258 -0.333931
v -0.191803 0.976364 -0.330461
v -0.200851 0.983765 -0.327765
v -0.176559 0.993500 -0.330338
v -0.318939 0.759583 -0.478438
v -0.271408 0.743118 -0.498869
v -0.331329 0.766434 -0.467164
v -0.330750 0.757339 -0.474342
v -0.354111 0.737350 -0.475618
v -0.366348 0.733353 -0.446419
v -0.377594 0.758392 -0.438684
v -0.364471 0.752396 -0.451198
v -0.370193 0.729645 -0.445790
v -0.383987 0.734482 -0.446905
v -0.381363 0.750824 -0.439269
v -0.218384 0.907379 -0.392712
v -0.211945 0.921371 -0.348887
v -0.092926 0.690033 -0.154182
v -0.058929 0.677811 -0.132065
v -0.070450 0.695862 -0.125164
v -0.113556 0.674866 -0.171960
v -0.136856 0.683807 -0.210682
v -0.126282 0.669006 -0.177556
v -0.027786 0.707809 -0.388700
v -0.288422 0.957474 -0.257643
v -0.309906 0.945801 -0.267809
v -0.460983 0.796341 -0.040530
v -0.479309 0.778320 -0.041334
v -0.471603 0.801071 -0.031118
v -0.460510 0.796387 -0.044392
v -0.450821 0.706512 -0.025905
v -0.478256 0.728592 -0.030679
v -0.445435 0.714600 -0.032899
v -0.480469 0.728119 -0.034226
v -0.456070 0.700623 -0.047290
v -0.325439 0.976929 -0.068626
v -0.281433 0.965546 -0.090922
v -0.287659 0.963333 -0.092552
v -0.187164 1.034454 -0.115339
v -0.214371 0.931564 -0.332439
v -0.209702 0.929962 -0.338517
v -0.186981 0.873962 -0.447063
v -0.179642 0.874069 -0.446922
v -0.179733 0.872925 -0.455082
v -0.212845 0.935959 -0.323788
v -0.158310 1.037704 -0.153563
v -0.150116 1.058014 -0.145974
v -0.132797 1.054230 -0.177036
v -0.167786 1.040161 -0.187140
v -0.196274 1.029160 -0.219901
v -0.173386 1.014923 -0.304146
v -0.127213 1.030228 -0.201955
v -0.020523 0.717102 -0.326338
v -0.025833 0.764130 -0.309509
v -0.035736 0.819809 -0.245396
v -0.035858 0.824203 -0.240855
v -0.017273 0.757782 -0.398190
v -0.017273 0.766983 -0.408534
v -0.016541 0.786743 -0.397597
v -0.014938 0.811005 -0.377390
v -0.022522 0.786575 -0.387930
v -0.014435 0.816345 -0.366832
v -0.070923 0.939728 -0.430488
v -0.069153 0.944244 -0.425133
v -0.023254 0.931839 -0.406098
v -0.023605 0.937225 -0.400937
v -0.022491 1.058441 -0.242311
v -0.021729 1.058701 -0.259186
v -0.038986 1.061279 -0.254503
v -0.033005 1.076904 -0.232585
v -0.024933 1.087967 -0.212339
v -0.071716 1.023895 -0.366696
v -0.077682 1.023392 -0.367990
v -0.024170 1.060257 -0.236484
v -0.049042 0.912766 -0.162198
v -0.050018 0.910568 -0.173869
v -0.055801 0.855347 -0.254520
v -0.054840 0.847153 -0.261232
v -0.055252 0.853928 -0.260180
v -0.047043 1.095139 -0.064738
v -0.043381 1.096802 -0.060917
v -0.438812 0.846451 -0.149050
v -0.432526 0.852737 -0.159765
v -0.440689 0.841232 -0.158865
v -0.435211 0.820419 -0.259209
v -0.430786 0.830811 -0.260882
v -0.431335 0.819153 -0.268787
v -0.442200 0.772736 -0.284719
v -0.448837 0.759689 -0.286283
v -0.384491 0.867325 -0.292635
v -0.375366 0.871964 -0.296855
v -0.402710 0.924301 -0.233584
v -0.474197 0.731430 -0.137188
v -0.486618 0.737747 -0.122379
v -0.457108 0.681824 0.024016
v -0.452515 0.695160 -0.007126
v -0.420822 0.667267 0.009803
v -0.487946 0.736496 -0.029880
v -0.488785 0.744705 -0.035431
v -0.488480 0.733963 -0.035760
v -0.382874 0.760788 -0.434901
v -0.163177 0.845566 -0.502076
v -0.126251 0.803741 -0.045078
v -0.137573 0.809662 -0.043240
v -0.048248 0.745346 -0.040578
v -0.036804 0.741089 -0.036010
v -0.114059 0.721405 -0.149763
v -0.140564 0.688339 -0.216061
v -0.066360 0.731277 -0.087882
v -0.065002 0.722397 -0.096791
v -0.029846 0.741547 -0.037330
v -0.465393 0.787628 0.045215
v -0.448822 0.789291 0.061839
v -0.413696 0.814896 0.069318
v -0.418411 0.824585 0.063675
v -0.020798 0.718124 -0.342476
v -0.144470 0.670151 -0.221895
v -0.082336 0.662491 -0.150168
v -0.053207 0.645569 -0.140688
v -0.056198 0.640839 -0.141959
v -0.051056 0.643539 -0.140484
v -0.089050 0.657394 -0.150542
v -0.412582 0.700760 -0.031625
v -0.327179 0.964981 -0.010470
v -0.330444 0.945923 0.021950
v -0.310272 0.953644 0.018923
v -0.020828 0.714737 -0.362030
v -0.021271 0.835587 -0.188132
v -0.020828 0.856369 -0.151177
v -0.021896 0.855240 -0.142932
v -0.029709 0.837845 -0.139752
v -0.022293 0.916901 -0.096602
v -0.014740 0.778885 -0.359392
v -0.024796 0.879669 -0.355427
v -0.031311 0.899323 -0.309464
v -0.021530 0.886505 -0.307978
v -0.014984 0.866455 -0.307730
v -0.015350 0.835510 -0.329041
v -0.018494 0.857742 -0.353547
v -0.044327 0.929565 -0.150581
v -0.028732 0.927185 -0.176028
v -0.046448 0.925095 -0.148436
v -0.016891 1.095764 -0.168855
v -0.017395 1.101761 -0.132620
v -0.015396 1.094955 -0.110418
v -0.049194 0.973999 -0.085297
v -0.052094 0.965683 -0.069923
v -0.030731 1.089340 -0.082390
v -0.044571 0.822159 -0.286012
v -0.274048 0.728790 -0.115988
v -0.275894 0.730026 -0.016924
v -0.427231 0.899796 -0.159636
v -0.363312 0.966476 -0.153912
v -0.343689 0.981369 -0.157907
v -0.493042 0.792480 -0.180851
v -0.364761 0.939957 -0.022169
v -0.392151 0.897949 0.014116
v -0.380447 0.889954 0.045346
v -0.325958 0.975510 -0.029412
v -0.319672 0.973358 -0.015853
v -0.195602 1.066605 -0.081301
v -0.225082 1.050034 -0.047729
v -0.087173 1.104813 -0.086038
v -0.096741 1.097321 -0.114217
v -0.494095 0.737869 -0.071093
v -0.490707 0.774170 -0.072713
v -0.491379 0.772842 -0.090795
v -0.168457 1.002747 -0.324655
v -0.487289 0.814926 -0.216232
v -0.487793 0.803375 -0.236456
v -0.489838 0.790192 -0.220059
v -0.491409 0.777237 -0.243773
v -0.488937 0.692993 -0.274041
v -0.409851 0.846039 -0.333584
v -0.434845 0.828064 -0.317163
v -0.428253 0.838120 -0.302052
v -0.319092 0.896118 -0.358898
v -0.353119 0.904022 -0.323153
v -0.318008 0.943115 -0.307675
v -0.296890 0.922119 -0.355127
v -0.246750 1.032013 -0.121506
v -0.252136 1.037613 -0.140205
v -0.231567 1.034943 -0.095942
v -0.189392 1.059830 -0.100250
v -0.157516 1.069992 -0.113525
v -0.297913 0.817383 -0.456678
v -0.318253 0.773758 -0.470031
v -0.267746 0.846375 -0.452023
v -0.255539 0.832733 -0.468797
v -0.250641 0.854401 -0.442371
v -0.257767 0.847778 -0.451103
v -0.154495 0.826782 -0.513928
v -0.102081 0.854752 -0.513513
v -0.111343 0.939682 -0.428819
v -0.138702 0.985260 -0.369950
v -0.149048 0.861862 -0.495220
v -0.172180 0.877548 -0.450342
v -0.215942 0.936035 -0.319378
v -0.218033 0.937271 -0.318358
v -0.219635 0.943314 -0.316775
v -0.349838 0.710007 -0.476322
v -0.068832 1.084030 -0.189911
v -0.071228 1.064316 -0.293872
v -0.078156 1.046600 -0.332682
v -0.475479 0.796890 -0.008778
v -0.138367 0.671524 -0.208900
v -0.220581 0.938019 -0.323609
v -0.356613 0.936462 -0.284685
v -0.483398 0.767212 -0.044986
v -0.020782 0.863922 -0.137869
v -0.022598 0.814590 -0.219172
v -0.145554 0.986710 -0.366498
v -0.132370 0.924591 -0.445346
v -0.014008 0.961594 -0.229851
v -0.022903 0.797943 -0.235188
v -0.450729 0.773804 -0.329492
v -0.447189 0.787415 -0.325106
v -0.367630 0.959915 -0.200566
v -0.467865 0.726929 -0.155878
v -0.490112 0.789474 -0.210046
v -0.441315 0.699600 -0.345536
v -0.261368 0.802765 -0.487533
v -0.154404 0.688980 -0.225533
v -0.161972 0.696808 -0.227118
v -0.268631 0.740021 0.011346
v -0.280487 0.720917 0.009547
v -0.180710 1.053360 0.016248
v -0.206573 1.035446 0.011721
v -0.422134 0.650253 -0.172237
v -0.392410 0.650955 -0.157285
v -0.398438 0.672134 -0.146937
v -0.438461 0.683792 -0.157923
v -0.039215 0.604706 -0.235427
v -0.112961 0.649734 -0.143701
v -0.100677 0.645264 -0.151633
v -0.128128 0.654602 -0.142171
v -0.138733 0.654678 -0.170691
v -0.137665 0.658798 -0.161960
v -0.138138 0.657669 -0.149576
v -0.048553 0.730637 -0.238543
v -0.052734 0.817780 -0.130049
v 0.006409 0.785934 -0.167003
v -0.047821 0.798599 -0.167808
v 0.006302 0.820206 -0.078151
v -0.052948 0.836136 -0.074740
v -0.041718 0.689682 -0.250744
v -0.011963 0.772781 0.104544
v 0.005325 0.604218 -0.177080
v -0.034805 0.617615 -0.147683
v 0.005386 0.604340 -0.196218
v -0.017883 0.651260 -0.233651
v -0.033447 0.610794 -0.225204
v 0.005753 0.726242 -0.084188
v 0.005951 0.839401 0.058678
v 0.005692 0.831848 0.122266
v 0.006195 0.838699 -0.011734
v 0.005554 0.616989 -0.220328
v -0.050537 0.774780 -0.203647
v -0.057495 0.852432 -0.006043
v -0.051331 0.845108 0.128620
v -0.053558 0.852875 0.061818
v -0.035400 0.941833 0.029952
v -0.024353 0.924316 0.024023
v -0.041397 0.938690 0.008563
v -0.037186 0.941483 -0.019931
v -0.006241 1.089981 -0.032139
v -0.008118 0.997879 -0.061956
v -0.008713 0.984116 -0.019027
v -0.018173 0.983734 -0.076632
v 0.000427 1.033936 0.037819
v -0.022659 0.970673 0.031536
v -0.018143 0.969482 -0.015314
v -0.047623 1.119476 0.060213
v -0.023117 0.743774 0.002007
v -0.030853 1.107895 -0.055894
v -0.027847 1.112869 -0.039210
v -0.018814 0.926620 0.074944
v -0.016098 0.900162 0.134970
v -0.024658 0.864853 0.128951
v -0.017090 0.985611 0.125116
v -0.018860 0.978119 0.080374
v -0.006271 1.001312 0.106799
v -0.010361 1.025146 0.142179
v -0.003891 1.031235 0.127535
v -0.013123 0.732040 0.105419
v -0.018021 0.887894 0.066767
v -0.192505 1.022964 0.158045
v -0.204544 1.041290 0.143544
v -0.407913 0.640579 0.214663
v -0.427460 0.676056 0.223667
v -0.393158 0.648987 0.231041
v -0.448013 0.668259 0.189635
v -0.451324 0.673187 0.051337
v -0.443024 0.673248 0.067379
v -0.485535 0.714523 0.036166
v -0.472214 0.721619 0.130807
v -0.450012 0.705963 0.179222
v -0.435898 0.730576 0.216633
v -0.434036 0.740112 0.190210
v -0.426239 0.725403 0.238274
v -0.421204 0.806259 0.145970
v -0.415833 0.781830 0.226174
v -0.427170 0.738388 0.175945
v -0.328049 0.873611 0.193798
v -0.321091 0.958557 0.136091
v -0.286819 0.936172 0.166098
v -0.306900 0.945587 0.158024
v -0.111618 0.815018 0.064114
v -0.070648 0.789459 0.064008
v -0.071091 0.790222 0.122020
v -0.109467 0.813843 0.124699
v -0.040131 0.772293 0.117361
v -0.156555 0.830658 0.071249
v -0.190125 0.826797 0.070528
v -0.200409 0.826324 0.027140
v -0.168991 0.831741 0.021318
v -0.182419 0.820160 0.133827
v -0.150024 0.826202 0.132294
v -0.216949 0.801956 0.074473
v -0.121704 0.819778 0.126412
v -0.124954 0.821671 0.065321
v -0.130676 0.821198 0.012599
v -0.419876 0.659164 0.040360
v -0.274933 0.958420 0.031303
v -0.287384 0.970413 0.047349
v -0.263153 0.981415 0.047071
v -0.334198 0.888031 0.068251
v -0.349823 0.885284 0.097910
v -0.341858 0.902679 0.085199
v -0.039124 0.768127 0.061412
v -0.354874 0.879227 0.100636
v -0.374924 0.859283 0.097731
v -0.416504 0.660156 0.060005
v -0.346802 0.914383 0.114506
v -0.185776 1.068954 0.091048
v -0.285202 0.936951 0.170942
v -0.393951 0.781693 0.176800
v -0.394791 0.780884 0.181400
v -0.291306 0.941422 0.032239
v -0.308426 0.929291 0.043327
v -0.276657 0.958130 0.026346
v -0.008163 1.085052 0.105714
v -0.003632 1.031052 0.082010
v -0.257843 0.985535 0.046441
v -0.138153 1.067963 0.045677
v 0.001465 1.085602 0.059895
v -0.117493 1.096390 0.108385
v -0.410721 0.786224 0.197647
v -0.407486 0.792587 0.167156
v -0.378098 0.823151 0.225777
v -0.341934 0.922989 0.099761
v -0.116455 0.813278 0.010530
v -0.223770 0.800598 0.035241
v -0.024658 0.757278 -0.504562
v -0.035858 0.770233 -0.499425
v -0.047211 0.792007 -0.526026
v -0.038132 0.779541 -0.548300
v -0.054199 0.794067 -0.559878
v -0.057419 0.800278 -0.531601
v -0.137482 0.719360 -0.590164
v -0.219604 0.771622 -0.530607
v -0.123459 0.783722 -0.564154
v -0.082809 0.798523 -0.553646
v -0.079391 0.800293 -0.524961
v -0.209335 0.775513 -0.531446
v -0.258209 0.727356 -0.521897
v -0.056534 0.771194 -0.580374
v -0.060425 0.747803 -0.587288
v -0.090958 0.747467 -0.588633
v -0.088470 0.777237 -0.576591
v -0.008316 0.712326 -0.440375
v -0.004883 0.693100 -0.454044
v -0.091095 0.737961 -0.582712
v -0.071075 0.729568 -0.580273
v -0.103561 0.727158 -0.605822
v -0.095383 0.733887 -0.587078
v -0.033813 0.642838 -0.429969
v -0.019745 0.633682 -0.414561
v -0.031219 0.683212 -0.403943
v -0.017685 0.683014 -0.417162
v -0.017746 0.650879 -0.447786
v -0.006836 0.657639 -0.465202
v -0.014236 0.659805 -0.287227
v -0.073746 0.724289 -0.584249
v -0.031586 0.682251 -0.397755
v -0.033478 0.645721 -0.435457
v -0.029694 0.707062 -0.271073
v -0.020523 0.707169 -0.295224
v -0.022171 0.749237 -0.272167
v -0.028549 0.769547 -0.318949
v -0.036026 0.815125 -0.274891
v -0.047119 0.833954 -0.255901
v -0.036011 0.873337 -0.218571
v -0.039230 0.853760 -0.240144
v -0.038315 0.893158 -0.177960
v -0.044312 0.899796 -0.160429
v -0.043777 0.903290 -0.154992
v -0.049286 0.821518 -0.130035
v -0.046494 0.802078 -0.170074
v -0.029434 0.818390 -0.181150
v -0.035583 0.877365 -0.264544
v -0.051636 0.874313 -0.249816
v -0.027954 0.860031 -0.278507
v -0.032776 0.861710 -0.519837
v -0.026062 0.897720 -0.494102
v -0.012466 0.881760 -0.478353
v -0.017471 0.844009 -0.509209
v -0.031219 0.934036 -0.429152
v -0.011185 0.916229 -0.422519
v -0.025436 0.926498 -0.452662
v -0.009598 0.952698 -0.289495
v -0.029419 1.020416 -0.218093
v -0.012756 1.044479 -0.252728
v -0.006165 1.076447 -0.144357
v -0.011948 0.920731 -0.241180
v -0.013992 0.940536 -0.186156
v -0.012512 0.980331 -0.135536
v -0.026978 0.972519 -0.120770
v -0.009521 0.958252 -0.204516
v -0.042999 0.963501 -0.111724
v -0.018219 0.953339 -0.405432
v -0.031601 0.939499 -0.425550
v -0.024612 0.958618 -0.424967
v -0.043457 0.911057 -0.491260
v -0.022720 0.977737 -0.406406
v -0.017487 0.900116 -0.364573
v -0.024658 0.885376 -0.360872
v -0.052505 1.061707 -0.298009
v -0.026794 1.048096 -0.297722
v -0.038559 1.030380 -0.340343
v -0.055725 1.032913 -0.334288
v -0.041763 1.049698 -0.296720
v -0.031647 1.108795 -0.123744
v -0.036331 1.103836 -0.157409
v -0.065216 1.105804 -0.141551
v -0.057373 1.112595 -0.109358
v -0.052460 1.111130 -0.081723
v -0.057419 1.009018 -0.384261
v -0.057419 1.021378 -0.368890
v -0.049118 0.979111 -0.094265
v -0.083786 0.771347 -0.040998
v -0.167847 0.743713 -0.198410
v -0.143219 0.712555 -0.192416
v -0.272095 0.731750 -0.062197
v -0.260269 0.751694 -0.092421
v -0.246094 0.775620 -0.054314
v -0.261871 0.750320 -0.026236
v -0.237381 0.715500 -0.191347
v -0.263092 0.713058 -0.166170
v -0.183502 0.824524 -0.028336
v -0.210205 0.819336 -0.017029
v -0.226120 0.799973 -0.073809
v -0.202316 0.807709 -0.087357
v -0.243362 0.767288 -0.115814
v -0.184433 0.741013 -0.187426
v -0.175171 0.748001 -0.197365
v -0.161209 0.769058 -0.157014
v -0.169342 0.766449 -0.151293
v -0.197906 0.714630 -0.214016
v -0.190964 0.719498 -0.229957
v -0.159470 0.793228 -0.097676
v -0.217041 0.776871 -0.135085
v -0.227341 0.746552 -0.167842
v -0.193222 0.740662 -0.182281
v -0.178864 0.767914 -0.147364
v -0.205536 0.713943 -0.207295
v -0.365738 0.680908 -0.042950
v -0.413971 0.686752 -0.048885
v -0.410995 0.678101 -0.068439
v -0.362411 0.684494 -0.127090
v -0.363205 0.678436 -0.114724
v -0.402023 0.680679 -0.116007
v -0.398849 0.685822 -0.126570
v -0.102005 0.710358 -0.147520
v -0.075974 0.733749 -0.090805
v -0.333252 0.982681 -0.196877
v -0.344864 0.974808 -0.128371
v -0.426712 0.903076 -0.103557
v -0.414978 0.897324 -0.072665
v -0.382965 0.934387 -0.095272
v -0.455032 0.861816 -0.096806
v -0.446808 0.855545 -0.067526
v -0.477051 0.820816 -0.117451
v -0.480927 0.815720 -0.094216
v -0.457077 0.857147 -0.129028
v -0.480331 0.807434 -0.070772
v -0.489243 0.783371 -0.094605
v -0.438477 0.848145 -0.054638
v -0.403320 0.891052 -0.058021
v -0.373154 0.927383 -0.078058
v -0.372040 0.900574 -0.303749
v -0.380676 0.895844 -0.277266
v -0.419724 0.849365 -0.284636
v -0.426834 0.863510 -0.287990
v -0.409653 0.879822 -0.291347
v -0.436691 0.854401 -0.213517
v -0.438629 0.867783 -0.218444
v -0.437622 0.850327 -0.266117
v -0.439621 0.876038 -0.168591
v -0.476639 0.808731 -0.124676
v -0.487671 0.789200 -0.102592
v -0.470764 0.831894 -0.175917
v -0.491104 0.767120 -0.098004
v -0.491470 0.743011 -0.097589
v -0.455887 0.698746 -0.093031
v -0.455856 0.696121 -0.067470
v -0.489929 0.733429 -0.052793
v -0.273788 1.015427 -0.063053
v -0.190689 1.070267 -0.050023
v -0.184601 1.065491 -0.003720
v -0.382919 0.908096 -0.027479
v -0.379395 0.886917 -0.037334
v -0.386703 0.876526 -0.029961
v -0.370483 0.934357 -0.048984
v -0.327713 0.978821 -0.049794
v -0.365402 0.916458 -0.059992
v -0.346970 0.957413 -0.062650
v -0.341766 0.946381 -0.072628
v -0.428131 0.840118 -0.047261
v -0.384735 0.878586 -0.040852
v -0.365952 0.914810 -0.064706
v -0.208191 1.009781 -0.292612
v -0.229858 0.990784 -0.298234
v -0.250244 1.035721 -0.179697
v -0.211884 1.053299 -0.142763
v -0.243958 1.015564 -0.246949
v -0.228317 1.036484 -0.204419
v -0.224106 1.028458 -0.239069
v -0.199188 1.049484 -0.131390
v -0.273087 0.980164 -0.252931
v -0.297256 0.996750 -0.191937
v -0.287354 1.012909 -0.187894
v -0.262512 0.997498 -0.254528
v -0.238358 0.974487 -0.296541
v -0.215210 0.966446 -0.322371
v -0.242889 0.956451 -0.292523
v -0.304672 0.984482 -0.192199
v -0.286224 0.963821 -0.248467
v -0.131790 1.027878 -0.312557
v -0.110870 1.080109 -0.165211
v -0.129456 1.079407 -0.141170
v -0.467972 0.816498 -0.252038
v -0.489639 0.810898 -0.195248
v -0.466888 0.747726 -0.308644
v -0.503555 0.683792 -0.231894
v -0.504959 0.686966 -0.199867
v -0.487579 0.699921 -0.173671
v -0.441010 0.814819 -0.292792
v -0.446030 0.776016 -0.342649
v -0.443604 0.787186 -0.340120
v -0.386566 0.821991 -0.402844
v -0.366241 0.789764 -0.431419
v -0.395050 0.770950 -0.421591
v -0.399826 0.734390 -0.437265
v -0.425446 0.734909 -0.407402
v -0.365662 0.874130 -0.343006
v -0.378998 0.863052 -0.361684
v -0.335953 0.855804 -0.396490
v -0.337112 0.872192 -0.370301
v -0.322357 0.868668 -0.358473
v -0.317032 0.847733 -0.389708
v -0.311920 0.849182 -0.390944
v -0.351257 0.880981 -0.324179
v -0.384979 0.893707 -0.276155
v -0.399033 0.900864 -0.277719
v -0.258972 0.939957 -0.349910
v -0.238358 0.943207 -0.343815
v -0.327652 0.969711 -0.113486
v -0.315079 0.981262 -0.142603
v -0.156876 1.044907 -0.208506
v -0.242767 0.911530 -0.397094
v -0.245453 0.876099 -0.427163
v -0.262115 0.877380 -0.427984
v -0.108627 0.895172 -0.465443
v -0.083679 0.935883 -0.445585
v -0.065109 0.935333 -0.452782
v -0.063843 0.960419 -0.425583
v -0.041733 0.932510 -0.456413
v -0.044220 0.935333 -0.433302
v -0.150497 0.998749 -0.352531
v -0.174683 0.869980 -0.467197
v -0.162094 0.878708 -0.464938
v -0.168488 0.893890 -0.441339
v -0.159210 0.900543 -0.450024
v -0.193146 0.950607 -0.352298
v -0.168549 0.926712 -0.416555
v -0.178955 0.912872 -0.409907
v -0.203629 0.958664 -0.326801
v -0.199936 0.956451 -0.330659
v -0.088181 1.074158 -0.228381
v -0.094360 1.060623 -0.268639
v -0.407883 0.676666 -0.095572
v -0.439377 0.703247 -0.123356
v -0.011292 0.799667 -0.428633
v -0.018814 0.750137 -0.438754
v -0.015305 0.918427 -0.309234
v -0.009369 0.928391 -0.280419
v -0.008224 0.939682 -0.236931
v -0.029617 0.693924 -0.269342
v -0.440018 0.849075 0.007056
v -0.442871 0.848587 -0.024084
v -0.482849 0.762314 -0.004669
v -0.321747 0.979614 -0.145273
v -0.298645 0.965439 -0.240318
v -0.310745 0.982315 -0.192982
v -0.246460 0.952881 -0.294324
v -0.428802 0.840118 -0.042393
v -0.256927 1.004517 0.000953
v -0.223419 1.000824 0.007621
v -0.011154 1.039749 -0.116755
v -0.027313 1.039337 -0.097162
v -0.047440 0.775299 -0.206610
v -0.050735 0.884888 -0.252411
v -0.041519 0.821121 -0.291945
v -0.030350 0.904175 -0.309827
v -0.055527 0.806473 -0.526682
v -0.077347 0.805344 -0.520521
v -0.031372 0.742081 -0.452635
v -0.045639 0.797501 -0.521782
v -0.042679 0.979172 -0.414820
v -0.063354 0.975311 -0.414502
v -0.086899 0.985672 -0.393497
v -0.040283 0.959641 -0.430819
v -0.043915 0.939743 -0.429657
v -0.141098 0.909134 -0.455261
v -0.139786 0.920380 -0.446457
v -0.023819 0.989471 -0.221195
v -0.029938 1.023270 -0.212021
v -0.040924 1.095886 -0.199862
v -0.046570 1.052536 -0.296737
v -0.047165 0.839569 -0.250190
v -0.225601 0.992264 0.012408
v -0.424393 0.892227 -0.150157
v -0.436325 0.881531 -0.221420
v -0.438202 0.866089 -0.262479
v -0.467697 0.720703 -0.160836
v -0.436676 0.702988 -0.136998
v -0.398071 0.684647 -0.132209
v -0.361832 0.683304 -0.132744
v -0.184402 0.716934 -0.232327
v -0.136368 0.784058 -0.104870
v -0.136108 0.704773 -0.191216
v -0.106186 0.715927 -0.146471
v -0.128769 0.701401 -0.189746
v -0.253220 0.762802 0.009940
v -0.412766 0.683823 -0.017861
v -0.429031 0.837509 0.045250
v -0.380463 0.861038 0.068047
v -0.362946 0.875977 0.070487
v -0.356995 0.899857 0.059086
v -0.485168 0.730423 -0.011588
v -0.298996 0.967606 0.013540
v -0.023224 0.769867 -0.331604
v -0.046951 0.734207 -0.238935
v -0.025757 0.824982 -0.305834
v -0.021454 0.788193 -0.494758
v -0.035233 0.774750 -0.497652
v -0.029831 0.814651 -0.522800
v -0.008957 0.999878 -0.269670
v -0.015228 1.035721 -0.289901
v -0.232986 0.792419 -0.006307
v -0.255295 0.741135 -0.144764
v -0.421707 0.907547 -0.228268
v -0.323929 0.973358 -0.232748
v -0.465866 0.838394 -0.215806
v -0.440750 0.849060 -0.213053
v -0.344208 0.965286 -0.042212
v -0.143234 1.088623 -0.060481
v -0.410233 0.878616 -0.013507
v -0.344788 0.941986 -0.075661
v -0.444199 0.813049 -0.310953
v -0.417908 0.805588 -0.371276
v -0.419296 0.769714 -0.394262
v -0.360199 0.795105 -0.432186
v -0.353500 0.875961 -0.327221
v -0.319321 0.872147 -0.357218
v -0.153793 0.941498 -0.415198
v -0.016876 0.747589 -0.406775
v -0.436890 0.699829 -0.143169
v -0.043350 0.616241 -0.149212
v -0.040543 0.592545 -0.250748
v -0.057602 0.611526 -0.145834
v -0.071381 0.625656 -0.142668
v -0.094391 0.641129 -0.151558
v -0.419891 0.676193 -0.104266
v -0.399399 0.664719 -0.136732
v -0.373398 0.659637 -0.125167
v -0.398575 0.667130 -0.088190
v 0.005783 0.748413 -0.055194
v 0.005783 0.748413 -0.055194
v 0.005569 0.678513 -0.116321
v 0.005569 0.678513 -0.116321
v 0.005569 0.678513 -0.116321
v 0.005707 0.705887 -0.108500
v 0.005707 0.705887 -0.108500
v 0.006210 0.722778 -0.224603
v 0.006210 0.722778 -0.224603
v 0.006210 0.722778 -0.224603
v 0.006378 0.802383 -0.131591
v 0.006378 0.802383 -0.131591
v 0.006409 0.785934 -0.167003
v 0.006302 0.820206 -0.078151
v 0.005783 0.763794 -0.024580
v 0.005783 0.763794 -0.024580
v 0.005951 0.678940 -0.228634
v 0.005951 0.678940 -0.228634
v 0.005417 0.778625 0.106385
v 0.005417 0.778625 0.106385
v 0.005173 0.762070 0.148720
v 0.005646 0.785324 0.053941
v 0.005646 0.785324 0.053941
v 0.005356 0.639099 -0.124587
v 0.005356 0.639099 -0.124587
v 0.005325 0.604218 -0.177080
v 0.005295 0.620163 -0.140624
v 0.005295 0.620163 -0.140624
v 0.005386 0.604340 -0.196218
v 0.005707 0.638412 -0.228451
v 0.005707 0.638412 -0.228451
v 0.005753 0.726242 -0.084188
v 0.005951 0.839401 0.058678
v 0.006195 0.838699 -0.011734
v 0.005554 0.616989 -0.220328
v 0.006378 0.765427 -0.197887
v 0.006378 0.765427 -0.197887
v -0.010468 0.744812 -0.046069
v -0.009415 0.745590 -0.046092
v -0.021896 0.742386 -0.039547
v -0.010193 0.744339 -0.046781
v -0.007812 0.691605 -0.108466
v -0.012573 0.684631 -0.109013
v 0.002365 0.698868 -0.124738
v -0.012497 0.698303 -0.105103
v -0.016006 0.694290 -0.234813
v -0.020294 0.695251 -0.236829
v -0.012619 0.695816 -0.233335
v -0.015472 0.683334 -0.234109
v -0.030518 0.636230 -0.236604
v -0.028915 0.654602 -0.241135
v -0.027786 0.632339 -0.232545
v -0.034302 0.632736 -0.238303
v -0.024429 0.908676 -0.006545
v -0.021469 0.905075 -0.021223
v -0.027344 0.919983 -0.004646
v -0.025314 0.906708 -0.002177
v -0.023621 0.871094 -0.041698
v -0.022949 0.877365 -0.009937
v -0.028061 0.864487 -0.043433
v -0.022934 0.874008 -0.045623
v -0.009430 1.068039 -0.004553
v -0.006470 1.068024 -0.010710
v -0.014633 1.088669 0.005654
v -0.011017 1.062347 -0.003146
v -0.006256 1.064789 0.005530
v -0.009628 1.084259 0.020118
v -0.002228 1.061966 0.005220
v -0.009888 1.061035 0.000472
v -0.004745 1.065536 -0.070305
v -0.003433 1.065933 -0.062640
v -0.006134 1.039505 -0.079871
v -0.007385 1.067307 -0.071834
v -0.051605 0.959290 0.012327
v -0.053116 0.958252 0.020180
v -0.050598 0.956528 0.006774
v -0.045700 0.959915 0.012125
v -0.028275 1.110214 0.025052
v -0.028641 1.113007 0.025490
v -0.032761 1.106308 0.034006
v -0.024216 1.107025 0.018570
v -0.021393 1.107147 0.040058
v -0.016251 1.103470 0.035883
v -0.030518 1.105225 0.038756
v -0.022385 1.110718 0.044684
v -0.080353 1.116226 0.034009
v -0.076401 1.120209 0.041448
v -0.076111 1.115631 0.022890
v -0.082764 1.109207 0.041962
v -0.023300 1.098129 -0.066845
v -0.022461 1.093063 -0.069302
v -0.031952 1.095596 -0.071615
v -0.024292 1.098892 -0.066009
v -0.054291 1.118179 -0.021567
v -0.056717 1.110016 -0.025964
v -0.059784 1.117432 -0.008957
v -0.047791 1.119858 -0.026693
v -0.018326 1.115616 -0.015333
v -0.021988 1.116928 -0.019020
v -0.025192 1.119553 0.005955
v -0.015060 1.111710 -0.016151
v -0.039124 1.110779 0.045805
v -0.037277 1.109146 0.043239
v -0.036987 1.111664 0.041006
v -0.036545 1.111664 0.047560
v -0.002319 1.058884 0.085155
v -0.002930 1.061661 0.087737
v -0.002396 1.037933 0.076514
v -0.001724 1.059555 0.080849
v -0.043198 1.106369 0.137982
v -0.035049 1.106384 0.128790
v -0.047104 1.106613 0.136591
v -0.039307 1.106720 0.140075
v -0.004684 1.107834 0.082231
v -0.000351 1.107056 0.081575
v -0.010223 1.107925 0.074791
v -0.010086 1.107300 0.092067
v -0.307053 0.980881 0.080348
v -0.315247 0.971649 0.087294
v -0.299164 0.987625 0.083818
v -0.304840 0.977020 0.070153
v -0.260284 1.013229 0.092052
v -0.259781 1.013931 0.092920
v -0.261597 1.006287 0.075800
v -0.265411 1.010086 0.091754
v -0.268784 0.999237 0.129622
v -0.291809 0.987854 0.116290
v -0.263916 0.997101 0.133572
v -0.269577 1.000397 0.127124
v -0.160294 1.082336 0.089532
v -0.163757 1.081146 0.105134
v -0.148300 1.087189 0.087729
v -0.165588 1.078094 0.082808
v -0.168030 1.072144 0.131085
v -0.174484 1.067703 0.127925
v -0.160767 1.067780 0.144648
v -0.164993 1.073944 0.127734
v -0.129364 1.075775 0.139680
v -0.131714 1.083191 0.132067
v -0.141678 1.063812 0.152384
v -0.124908 1.074387 0.138537
v -0.124466 1.092117 0.080958
v -0.111374 1.096619 0.089031
v -0.128036 1.088730 0.068377
v -0.129349 1.091339 0.085544
v -0.079758 1.104309 0.126684
v -0.081696 1.102524 0.132345
v -0.065430 1.106903 0.131171
v -0.089462 1.103394 0.112581
v -0.092056 1.096451 0.144781
v -0.262314 0.988007 0.174892
v -0.421921 0.627655 0.160634
v -0.457764 0.657211 0.107734
v -0.459579 0.662659 0.102074
v -0.446564 0.645248 0.102894
v -0.459946 0.657806 0.117554
v -0.473862 0.714905 0.086678
v -0.469009 0.700134 0.074723
v -0.469574 0.716507 0.091678
v -0.480072 0.721451 0.083231
v -0.471527 0.706589 0.096525
v -0.466049 0.692581 0.087096
v -0.475830 0.706894 0.104260
v -0.469070 0.712158 0.095758
v -0.463348 0.686050 0.164129
v -0.463150 0.685257 0.164709
v -0.461624 0.702011 0.162196
v -0.465195 0.687317 0.158446
v -0.434189 0.662247 0.069798
v -0.445618 0.669388 0.074247
v -0.431992 0.663437 0.068427
v -0.433792 0.658127 0.071939
v -0.452408 0.726761 0.163094
v -0.458420 0.713608 0.161953
v -0.449768 0.728149 0.164289
v -0.454315 0.728928 0.159134
v -0.443970 0.729050 0.166647
v -0.442780 0.724716 0.167826
v -0.433090 0.743576 0.168724
v -0.364151 0.867905 0.183055
v -0.380447 0.845840 0.179243
v -0.356735 0.866058 0.186812
v -0.366043 0.873474 0.176844
v -0.342697 0.907715 0.175674
v -0.336121 0.902313 0.181087
v -0.338898 0.917358 0.169544
v -0.351456 0.899414 0.172409
v -0.332703 0.894745 0.212154
v -0.282806 0.974243 0.133845
v -0.293503 0.972931 0.132935
v -0.278809 0.966873 0.144545
v -0.280487 0.975510 0.131310
v -0.022491 0.738708 0.089325
v -0.019775 0.735535 0.084552
v -0.023911 0.735123 0.112569
v -0.025116 0.745880 0.087825
v -0.433029 0.798706 0.072450
v -0.433548 0.797821 0.069224
v -0.436356 0.796555 0.073891
v -0.415665 0.812531 0.077945
v -0.380600 0.847305 0.088499
v -0.384628 0.841492 0.085897
v -0.385590 0.849762 0.096293
v -0.377243 0.848953 0.087350
v -0.439148 0.794327 0.073717
v -0.451035 0.784149 0.066226
v -0.440140 0.794235 0.076212
v -0.203354 1.046432 0.054479
v -0.206253 1.049973 0.062183
v -0.184219 1.055054 0.052491
v -0.205917 1.039856 0.049662
v -0.300003 0.944229 0.044761
v -0.296783 0.948746 0.043506
v -0.296204 0.938019 0.040650
v -0.309143 0.938339 0.051876
v -0.072800 1.096024 0.088364
v -0.069992 1.106812 0.099147
v -0.074875 1.094971 0.074230
v -0.075943 1.092407 0.087996
v -0.465256 0.758453 0.109348
v -0.467468 0.750290 0.119628
v -0.457230 0.770630 0.111736
v -0.469040 0.756805 0.095179
v -0.003479 1.001663 0.053163
v -0.003189 1.006821 0.070522
v -0.005768 0.990967 0.049715
v -0.003235 1.006699 0.048727
v -0.010056 0.756134 0.030435
v -0.007767 0.763306 0.022953
v -0.010361 0.758072 0.055649
v -0.011490 0.747528 0.026029
v -0.451569 0.645996 0.157127
v -0.443130 0.636993 0.154877
v -0.451569 0.649551 0.164730
v -0.454132 0.649124 0.150695
v -0.274094 0.695618 0.181201
v -0.306061 0.916306 0.197908
v -0.315781 0.899750 0.201759
v -0.259918 0.970261 0.146206
v -0.263123 0.965363 0.149118
v -0.253464 0.971970 0.149139
v -0.264694 0.971878 0.141957
v -0.370346 0.845718 0.077015
v -0.375656 0.841263 0.075971
v -0.371552 0.846771 0.079858
v -0.367935 0.847702 0.077024
v -0.385605 0.860870 0.119215
v -0.384674 0.860199 0.115944
v -0.387985 0.859573 0.119888
v -0.381104 0.866348 0.120210
v -0.299774 0.983795 0.112679
v -0.293961 0.981995 0.117787
v -0.303238 0.981232 0.113924
v -0.003662 1.093552 0.141598
v -0.003510 1.081818 0.138825
v -0.004913 1.097092 0.130961
v -0.004578 1.097290 0.147676
v -0.013840 1.109238 0.110460
v -0.017944 1.108475 0.115978
v -0.006805 1.107864 0.106022
v -0.015533 1.108673 0.108106
v -0.018875 1.108185 0.118193
v -0.011490 1.106552 0.115355
v -0.018570 1.107941 0.120466
v -0.174393 1.056213 0.133501
v -0.167358 1.052979 0.145795
v -0.175552 1.052170 0.130704
v -0.244263 0.997238 0.033426
v -0.251968 0.989456 0.035968
v -0.243576 1.003555 0.039108
v -0.240662 0.996552 0.029725
v -0.141388 1.038437 0.028128
v -0.142990 1.040726 0.030289
v -0.114822 1.041122 0.026287
v -0.141953 1.042694 0.025832
v -0.095215 1.065720 0.048044
v -0.106949 1.064270 0.041596
v -0.091492 1.078568 0.061766
v -0.089584 1.063416 0.045310
v -0.256210 0.752762 0.045485
v -0.251984 0.758469 0.053048
v -0.260757 0.745743 0.047036
v -0.256348 0.753540 0.039562
v -0.000916 1.059601 0.004277
v -0.001816 1.038513 -0.013362
v -0.000549 1.058945 0.009476
v -0.022751 1.077362 -0.077065
v -0.027740 1.072266 -0.081948
v -0.017715 1.073837 -0.076234
v -0.029510 1.113922 0.026996
v -0.031128 1.115448 0.028212
v -0.002228 1.028595 -0.021593
v -0.002106 1.025238 -0.012481
v -0.002808 1.026367 -0.030766
v -0.002182 1.029694 -0.021307
v -0.039276 0.957214 0.111485
v -0.037323 0.954681 0.078397
v -0.039780 0.963272 0.115989
v -0.036469 0.952972 0.115385
v -0.016693 0.906326 0.160963
v -0.026199 1.104660 0.105330
v -0.031723 1.105927 0.119218
v -0.023712 1.105164 0.104542
v -0.031052 1.106094 0.101754
v -0.006180 1.063202 0.107921
v -0.007004 1.084930 0.117478
v -0.004761 1.060608 0.113605
v -0.006958 1.060471 0.102962
v -0.259415 1.014114 0.092400
v -0.260590 1.007233 0.075961
v -0.254288 1.018524 0.092777
v -0.212891 1.051422 0.093337
v -0.225082 1.042480 0.093207
v -0.203979 1.057816 0.112145
v -0.208313 1.053207 0.082596
v -0.462677 0.686050 0.165227
v -0.460846 0.701935 0.163505
v -0.461273 0.685379 0.167811
v -0.406555 0.841583 0.114700
v -0.398270 0.852554 0.120441
v -0.408966 0.834656 0.104632
v -0.407578 0.838760 0.122200
v -0.269058 0.715576 0.162641
v -0.264557 0.722122 0.162838
v -0.269363 0.707657 0.183233
v -0.271225 0.715256 0.153388
v -0.470001 0.766464 0.058928
v -0.461136 0.775040 0.061471
v -0.470551 0.767273 0.057470
v -0.470596 0.764130 0.064256
v -0.247131 1.005585 0.047448
v -0.254257 0.998108 0.049600
v -0.244888 1.010788 0.051346
v -0.366608 0.891235 0.142819
v -0.369568 0.886444 0.152274
v -0.351120 0.914169 0.140634
v -0.370712 0.884598 0.133057
v -0.368881 0.881363 0.121632
v -0.367615 0.880798 0.118834
v -0.369797 0.881241 0.123229
v -0.023834 0.876404 0.023769
v -0.028122 0.870667 0.026373
v -0.022980 0.880005 0.027578
v -0.019287 0.902374 0.028400
v -0.021347 0.902542 0.009714
v -0.019028 0.910004 0.040569
v -0.018906 0.898590 0.030160
v -0.458191 0.778320 0.061841
v -0.461502 0.776489 0.059513
v -0.457336 0.779266 0.062113
v -0.185318 1.070831 0.104527
v -0.189362 1.067032 0.109594
v -0.182953 1.065674 0.111129
v -0.185028 1.071213 0.103912
v -0.030838 1.106522 0.123826
v -0.026688 1.106903 0.124242
v -0.028030 1.106644 0.118146
v -0.031448 1.106384 0.124393
v -0.261612 1.004288 0.070101
v -0.261505 1.004059 0.069262
v -0.205460 1.018005 0.026214
v -0.197998 1.019577 0.021526
v -0.221054 1.007156 0.024158
v -0.205170 1.025665 0.033993
v -0.025177 0.734344 -0.547776
v -0.024719 0.741608 -0.542359
v -0.023621 0.729614 -0.541018
v -0.033722 0.740921 -0.568780
v -0.248764 0.724640 -0.537018
v -0.245529 0.722992 -0.543510
v -0.253220 0.720612 -0.533794
v -0.245834 0.735016 -0.530744
v -0.133759 0.816681 -0.530019
v -0.143692 0.823090 -0.519794
v -0.131714 0.815842 -0.528817
v -0.135483 0.813187 -0.533479
v -0.127548 0.813675 -0.524275
v -0.129791 0.815674 -0.516397
v -0.115265 0.808136 -0.528068
v -0.161331 0.747345 -0.570193
v -0.178238 0.749374 -0.563904
v -0.154526 0.756729 -0.568968
v -0.157730 0.739090 -0.573167
v -0.304871 0.720703 -0.519575
v -0.314392 0.727829 -0.509807
v -0.291306 0.724762 -0.521413
v -0.024765 0.710693 -0.404156
v -0.021851 0.711655 -0.409682
v -0.027084 0.712494 -0.403216
v -0.023621 0.704041 -0.400457
v -0.024033 0.717255 -0.421713
v -0.023087 0.716583 -0.423857
v -0.028595 0.721786 -0.424697
v -0.020126 0.715973 -0.418170
v -0.008957 0.713943 -0.422010
v -0.012253 0.714752 -0.423193
v -0.011642 0.713470 -0.419381
v -0.007935 0.710815 -0.423225
v -0.329041 0.722748 -0.504398
v -0.005936 0.673904 -0.502234
v -0.004868 0.665390 -0.504717
v -0.007584 0.679199 -0.512046
v -0.005966 0.679474 -0.492017
v -0.007172 0.702423 -0.426216
v -0.008560 0.700638 -0.423800
v -0.006531 0.701828 -0.429323
v -0.013214 0.672348 -0.361498
v -0.013855 0.664673 -0.371985
v -0.015457 0.681503 -0.359948
v -0.011856 0.663528 -0.348064
v -0.029099 0.693115 -0.547311
v -0.032104 0.702637 -0.543763
v -0.023422 0.689560 -0.536993
v -0.027618 0.691437 -0.551726
v -0.040863 0.703491 -0.566347
v -0.045044 0.706772 -0.568982
v -0.039871 0.707031 -0.566525
v -0.037521 0.699905 -0.563467
v -0.020096 0.726532 -0.526753
v -0.015015 0.728134 -0.501768
v -0.021469 0.723587 -0.527412
v -0.168137 0.808853 -0.528099
v -0.155304 0.807693 -0.534225
v -0.177658 0.798630 -0.534540
v -0.169693 0.814346 -0.520380
v -0.194366 0.730377 -0.562961
v -0.195755 0.736893 -0.560299
v -0.177475 0.730103 -0.569152
v -0.196075 0.726242 -0.560648
v -0.191528 0.767975 -0.549835
v -0.203293 0.771286 -0.540003
v -0.189529 0.772278 -0.548004
v -0.192520 0.763596 -0.551163
v -0.199844 0.789688 -0.528219
v -0.204956 0.778015 -0.533971
v -0.199844 0.791290 -0.525720
v -0.195984 0.788467 -0.531678
v -0.028717 0.726395 -0.444605
v -0.026733 0.734848 -0.457294
v -0.032227 0.727509 -0.441337
v -0.025024 0.722412 -0.442007
v -0.233994 0.717712 -0.549713
v -0.008911 0.680588 -0.520746
v -0.008804 0.672592 -0.532199
v -0.011581 0.683899 -0.522258
v -0.017395 0.704544 -0.505532
v -0.009933 0.702072 -0.491401
v -0.019455 0.695282 -0.517195
v -0.020844 0.710190 -0.511903
v -0.037262 0.716171 -0.569819
v -0.040848 0.719788 -0.572361
v -0.034088 0.716293 -0.559594
v -0.027512 0.770660 -0.237716
v -0.025864 0.794510 -0.222597
v -0.031052 0.764389 -0.235640
v -0.026398 0.770447 -0.242040
v -0.025070 0.878006 -0.142509
v -0.026443 0.875519 -0.144590
v -0.028564 0.887939 -0.143038
v -0.022644 0.876221 -0.141094
v -0.026077 0.875443 -0.153337
v -0.023651 0.869720 -0.160767
v -0.029984 0.883209 -0.157317
v -0.026825 0.874100 -0.148803
v -0.023499 0.836090 -0.221378
v -0.025024 0.825211 -0.229155
v -0.025223 0.846344 -0.221884
v -0.022919 0.834793 -0.216991
v -0.022034 0.786911 -0.265038
v -0.023087 0.785828 -0.275520
v -0.023880 0.803665 -0.249238
v -0.021912 0.782074 -0.263041
v -0.019150 0.795822 -0.375895
v -0.020432 0.785019 -0.378699
v -0.019928 0.797989 -0.377460
v -0.016693 0.795883 -0.371889
v -0.011856 0.853638 -0.439362
v -0.010941 0.858749 -0.463065
v -0.012863 0.854462 -0.436219
v -0.011475 0.848038 -0.440563
v -0.018372 0.733124 -0.389789
v -0.018509 0.732208 -0.394741
v -0.016830 0.744919 -0.394670
v -0.018265 0.735550 -0.384730
v -0.010315 0.951370 -0.249969
v -0.008331 0.945602 -0.260299
v -0.010681 0.961533 -0.250227
v -0.010330 0.949707 -0.245061
v -0.010590 0.987442 -0.234962
v -0.012726 0.990982 -0.232483
v -0.013733 0.969055 -0.234975
v -0.010117 0.986191 -0.238892
v -0.016068 1.000671 -0.320248
v -0.016098 1.005325 -0.314829
v -0.013962 0.986069 -0.309319
v -0.016129 0.998444 -0.335376
v -0.011887 1.061386 -0.204931
v -0.012497 1.075699 -0.207756
v -0.009888 1.058762 -0.188443
v -0.015121 1.052307 -0.212079
v -0.017090 0.976288 -0.222869
v -0.018677 0.987808 -0.215961
v -0.014389 0.972458 -0.221864
v -0.018692 0.975616 -0.224702
v -0.007660 1.024231 -0.166681
v -0.009262 1.011551 -0.178957
v -0.007812 1.038956 -0.167984
v -0.006439 1.019043 -0.152946
v -0.042282 0.943298 -0.117995
v -0.048050 0.960724 -0.103112
v -0.041580 0.940689 -0.115944
v -0.040054 0.939545 -0.124146
v -0.013870 0.942764 -0.343235
v -0.014023 0.941315 -0.342657
v -0.014587 0.938416 -0.366523
v -0.013672 0.947357 -0.343740
v -0.056412 0.838440 -0.529678
v -0.051544 0.845673 -0.529034
v -0.055923 0.830978 -0.529088
v -0.068314 0.839325 -0.527701
v -0.013763 0.870468 -0.439255
v -0.016037 0.875961 -0.414674
v -0.016891 0.866257 -0.441954
v -0.009827 0.876831 -0.444063
v -0.015564 0.857224 -0.433211
v -0.017395 0.861298 -0.438630
v -0.018799 0.857666 -0.408101
v -0.066513 1.034470 -0.347738
v -0.061356 1.040634 -0.334486
v -0.066559 1.030838 -0.349010
v -0.069977 1.035538 -0.351079
v -0.054123 1.082733 -0.245503
v -0.055496 1.085602 -0.235583
v -0.047333 1.080948 -0.244829
v -0.057297 1.079254 -0.254991
v -0.034882 1.103973 -0.087341
v -0.035294 1.097488 -0.077559
v -0.032944 1.103958 -0.089775
v -0.036423 1.104828 -0.086622
v -0.045639 1.070648 -0.251657
v -0.043930 1.065292 -0.250049
v -0.046158 1.069504 -0.257898
v -0.044724 1.072220 -0.249286
v -0.019119 0.929016 -0.381817
v -0.019577 0.932724 -0.384791
v -0.016220 0.930176 -0.367852
v -0.018890 0.926392 -0.386449
v -0.009583 0.846222 -0.479273
v -0.010315 0.857697 -0.474658
v -0.009750 0.841751 -0.470634
v -0.010025 0.848129 -0.482126
v -0.055679 0.879929 -0.240951
v -0.056381 0.886230 -0.229931
v -0.052643 0.877029 -0.239577
v -0.055542 0.879944 -0.242000
v -0.136246 0.745697 -0.154208
v -0.139816 0.744125 -0.160431
v -0.121674 0.730057 -0.150588
v -0.134186 0.749603 -0.147029
v -0.099426 0.735916 -0.115560
v -0.086807 0.743637 -0.090539
v -0.109543 0.742645 -0.121533
v -0.098129 0.732101 -0.117871
v -0.051315 0.759766 -0.009567
v -0.038879 0.750015 -0.014818
v -0.053833 0.766388 0.005898
v -0.056396 0.761108 -0.014678
v -0.141876 0.796005 -0.085760
v -0.142227 0.797379 -0.080712
v -0.148117 0.789001 -0.106163
v -0.139679 0.796722 -0.083267
v -0.040024 0.730865 -0.064113
v -0.043137 0.734299 -0.062504
v -0.043732 0.723312 -0.077024
v -0.027313 0.730988 -0.058755
v -0.128281 0.690552 -0.200629
v -0.121002 0.693207 -0.188258
v -0.131210 0.692673 -0.202859
v -0.127823 0.686691 -0.200001
v -0.423828 0.906601 -0.165311
v -0.424774 0.905396 -0.164680
v -0.409012 0.923508 -0.163972
v -0.424408 0.905838 -0.172219
v -0.477036 0.785675 -0.049868
v -0.480576 0.776321 -0.048217
v -0.475266 0.786942 -0.049089
v -0.478577 0.786270 -0.052971
v -0.320175 0.958328 -0.256029
v -0.314362 0.957428 -0.257845
v -0.335861 0.955063 -0.263012
v -0.320007 0.959946 -0.252441
v -0.370712 0.928009 -0.272178
v -0.370300 0.920181 -0.287378
v -0.375153 0.924103 -0.265906
v -0.365967 0.934586 -0.269819
v -0.376297 0.941605 -0.225874
v -0.377335 0.930725 -0.243734
v -0.378036 0.939926 -0.222861
v -0.371933 0.947708 -0.225184
v -0.385193 0.937225 -0.223063
v -0.381744 0.938095 -0.221727
v -0.389618 0.923676 -0.241321
v -0.387497 0.938751 -0.221351
v -0.420380 0.910187 -0.144610
v -0.416946 0.910400 -0.149938
v -0.429764 0.894028 -0.138248
v -0.418869 0.915176 -0.139910
v -0.399261 0.934189 -0.142040
v -0.398407 0.934921 -0.141929
v -0.402420 0.930649 -0.156405
v -0.403503 0.930588 -0.138037
v -0.488770 0.789383 -0.119648
v -0.489807 0.782227 -0.106117
v -0.488174 0.791138 -0.121138
v -0.488922 0.784210 -0.122229
v -0.486847 0.793213 -0.121325
v -0.485947 0.792877 -0.116885
v -0.480499 0.805511 -0.135011
v -0.386658 0.944565 -0.180094
v -0.376923 0.953842 -0.191174
v -0.389191 0.942413 -0.185218
v -0.385147 0.945740 -0.174515
v -0.293610 0.991226 -0.012572
v -0.290115 0.992905 -0.011133
v -0.299988 0.993851 -0.032355
v -0.296036 0.988708 -0.011559
v -0.349564 0.963181 -0.097498
v -0.342499 0.962448 -0.090150
v -0.348145 0.964920 -0.101452
v -0.352722 0.959229 -0.096261
v -0.235260 1.046112 -0.065530
v -0.233765 1.046173 -0.056444
v -0.231018 1.048843 -0.069322
v -0.240005 1.041168 -0.061284
v -0.226624 1.038177 -0.021849
v -0.228683 1.035706 -0.025159
v -0.222290 1.031189 -0.004514
v -0.225876 1.042236 -0.024695
v -0.238266 1.029358 -0.023299
v -0.233047 1.032532 -0.026210
v -0.244446 1.029266 -0.031615
v -0.238678 1.019089 -0.007344
v -0.110596 1.089554 -0.043177
v -0.108215 1.088318 -0.041457
v -0.114532 1.089767 -0.064503
v -0.113922 1.090057 -0.042127
v -0.118637 1.089157 -0.005490
v -0.119781 1.091293 -0.017110
v -0.130753 1.085678 -0.000918
v -0.110504 1.081772 -0.001880
v -0.089981 1.074677 -0.016408
v -0.093384 1.072388 -0.009149
v -0.083450 1.068604 -0.018704
v -0.095520 1.080566 -0.024337
v -0.079056 1.081177 -0.030884
v -0.079849 1.070343 -0.023031
v -0.074936 1.083679 -0.034681
v -0.083008 1.087082 -0.039490
v -0.102798 1.084763 -0.039884
v -0.100296 1.082443 -0.046821
v -0.128357 1.087585 -0.086191
v -0.130310 1.087631 -0.084998
v -0.118881 1.089401 -0.077407
v -0.126419 1.087784 -0.092679
v -0.092438 1.088989 -0.050329
v -0.096588 1.083862 -0.050191
v -0.094467 1.095993 -0.059433
v -0.291626 0.990646 -0.067274
v -0.283569 0.989563 -0.081059
v -0.293686 0.985245 -0.062838
v -0.292007 0.998810 -0.063463
v -0.314545 0.967148 -0.083719
v -0.311890 0.966324 -0.084330
v -0.330978 0.964767 -0.086137
v -0.315033 0.968063 -0.082549
v -0.183334 1.021088 -0.283895
v -0.185959 1.020096 -0.287899
v -0.192459 1.022995 -0.271189
v -0.178452 1.020584 -0.284620
v -0.181503 1.046158 -0.184333
v -0.182358 1.047913 -0.181540
v -0.173294 1.041687 -0.185723
v -0.188477 1.044907 -0.188079
v -0.180206 1.050461 -0.170328
v -0.187531 1.055206 -0.159739
v -0.174820 1.047485 -0.169366
v -0.181961 1.050354 -0.172976
v -0.173615 1.040192 -0.251987
v -0.165848 1.034805 -0.272505
v -0.179108 1.037460 -0.248794
v -0.169189 1.042160 -0.246922
v -0.103714 1.017349 -0.351422
v -0.098938 1.025665 -0.345195
v -0.096909 1.009659 -0.368340
v -0.112137 1.014755 -0.347024
v -0.106537 1.042587 -0.300249
v -0.112305 1.038696 -0.295453
v -0.102295 1.046051 -0.297801
v -0.107925 1.041183 -0.302669
v -0.116913 1.037567 -0.268963
v -0.112762 1.043762 -0.274355
v -0.118378 1.033569 -0.270790
v -0.117691 1.038727 -0.253927
v -0.102783 1.053665 -0.203536
v -0.113419 1.045715 -0.215509
v -0.101486 1.050629 -0.198276
v -0.093353 1.066574 -0.204648
v -0.126404 1.034393 -0.269135
v -0.121948 1.032379 -0.270852
v -0.130127 1.037445 -0.272789
v -0.132614 1.033600 -0.252040
v -0.173660 1.025162 -0.281714
v -0.171631 1.024246 -0.287464
v -0.174683 1.022400 -0.283515
v -0.178436 1.028564 -0.266519
v -0.198914 1.024002 -0.241859
v -0.195282 1.024155 -0.242249
v -0.199158 1.023575 -0.247212
v -0.207581 1.025803 -0.228245
v -0.489548 0.770477 -0.183866
v -0.487930 0.769196 -0.188072
v -0.487396 0.757812 -0.165524
v -0.490463 0.774261 -0.184096
v -0.485001 0.766479 -0.189438
v -0.482941 0.767349 -0.194318
v -0.481247 0.753769 -0.176080
v -0.485336 0.760590 -0.198130
v -0.489075 0.757812 -0.202444
v -0.482590 0.744186 -0.187051
v -0.483017 0.765091 -0.197659
v -0.492752 0.748306 -0.206384
v -0.494019 0.728790 -0.200010
v -0.494034 0.748734 -0.214179
v -0.490997 0.720291 -0.257046
v -0.485352 0.724106 -0.269774
v -0.491776 0.715302 -0.255345
v -0.490952 0.727539 -0.256744
v -0.467773 0.754654 -0.274954
v -0.478348 0.752319 -0.269428
v -0.459442 0.773041 -0.273210
v -0.464081 0.747101 -0.276566
v -0.475937 0.725586 -0.299340
v -0.481110 0.724548 -0.281316
v -0.475159 0.728088 -0.300480
v -0.476028 0.721100 -0.300379
v -0.442749 0.746704 -0.360183
v -0.439178 0.754059 -0.363040
v -0.443832 0.743118 -0.359408
v -0.443604 0.749924 -0.357470
v -0.459702 0.720123 -0.340197
v -0.454941 0.716141 -0.345376
v -0.466766 0.714050 -0.326581
v -0.458878 0.732681 -0.337837
v -0.437454 0.746979 -0.372136
v -0.438156 0.744705 -0.371172
v -0.436600 0.755249 -0.367902
v -0.435455 0.747833 -0.376336
v -0.439285 0.741272 -0.367828
v -0.440414 0.729874 -0.367433
v -0.439667 0.743088 -0.364054
v -0.443649 0.741058 -0.359146
v -0.446335 0.729370 -0.354702
v -0.442062 0.742065 -0.360184
v -0.356262 0.849197 -0.399277
v -0.349854 0.861511 -0.390225
v -0.354645 0.843796 -0.405414
v -0.360931 0.848709 -0.396045
v -0.438110 0.706558 -0.397632
v -0.346756 0.810806 -0.420647
v -0.353470 0.809296 -0.424573
v -0.340042 0.823532 -0.412581
v -0.344635 0.807877 -0.420619
v -0.338303 0.811218 -0.425834
v -0.341599 0.807602 -0.422659
v -0.326569 0.825195 -0.418672
v -0.340057 0.809692 -0.431226
v -0.400970 0.856689 -0.300458
v -0.400604 0.855698 -0.293805
v -0.388260 0.863281 -0.309470
v -0.409286 0.853394 -0.304894
v -0.334793 0.941391 -0.284368
v -0.338623 0.942291 -0.289202
v -0.337006 0.938004 -0.282168
v -0.319870 0.947388 -0.279634
v -0.338303 0.942780 -0.277007
v -0.338257 0.938568 -0.279307
v -0.343353 0.944916 -0.277368
v -0.325134 0.949310 -0.267276
v -0.312805 0.953964 -0.259845
v -0.307739 0.951447 -0.259068
v -0.288849 0.884781 -0.405410
v -0.279556 0.890671 -0.407540
v -0.295074 0.868347 -0.415634
v -0.292313 0.888260 -0.396457
v -0.274277 0.957169 -0.294659
v -0.269669 0.955353 -0.305336
v -0.285583 0.956619 -0.292093
v -0.271210 0.957214 -0.289451
v -0.419876 0.887695 -0.283800
v -0.414276 0.892090 -0.284058
v -0.423508 0.880386 -0.287112
v -0.420105 0.891251 -0.277133
v -0.302597 0.997726 -0.124263
v -0.302582 1.000275 -0.136076
v -0.305008 0.991928 -0.123381
v -0.293625 1.003708 -0.118338
v -0.317062 0.977448 -0.101674
v -0.311920 0.980804 -0.110337
v -0.325119 0.968735 -0.098533
v -0.309692 0.980576 -0.099497
v -0.308411 0.963333 -0.085946
v -0.310669 0.960541 -0.087905
v -0.293869 0.962845 -0.085450
v -0.236954 1.017685 -0.099132
v -0.219452 1.022415 -0.105521
v -0.258759 1.007980 -0.094240
v -0.236771 1.018478 -0.097954
v -0.067108 1.085052 -0.182097
v -0.062363 1.089569 -0.180698
v -0.069870 1.081482 -0.183995
v -0.070938 1.086716 -0.177528
v -0.196320 1.034134 -0.204172
v -0.198517 1.036758 -0.201323
v -0.190140 1.033615 -0.202635
v -0.208664 1.030640 -0.214318
v -0.256348 0.768936 -0.505377
v -0.254990 0.756073 -0.512176
v -0.258759 0.769821 -0.499229
v -0.253281 0.777420 -0.508972
v -0.269043 0.771011 -0.496323
v -0.263138 0.770508 -0.496165
v -0.278503 0.761841 -0.494696
v -0.275864 0.778824 -0.493970
v -0.291840 0.760162 -0.488425
v -0.292618 0.756653 -0.486220
v -0.297089 0.768875 -0.486777
v -0.341614 0.807785 -0.433374
v -0.353683 0.794571 -0.435099
v -0.339539 0.804337 -0.436863
v -0.190552 0.857285 -0.477964
v -0.190231 0.858582 -0.476923
v -0.176010 0.848801 -0.494289
v -0.197708 0.852158 -0.479016
v -0.235275 0.862518 -0.440493
v -0.248779 0.852570 -0.447140
v -0.231461 0.864517 -0.435005
v -0.234940 0.861115 -0.443301
v -0.189301 0.858948 -0.477118
v -0.173447 0.851135 -0.493582
v -0.186783 0.860138 -0.476913
v -0.186279 0.819489 -0.507388
v -0.180435 0.823837 -0.510177
v -0.195175 0.804291 -0.512895
v -0.186523 0.820526 -0.503919
v -0.196167 0.819794 -0.503702
v -0.208557 0.803085 -0.508358
v -0.201630 0.826584 -0.499142
v -0.190277 0.820786 -0.502320
v -0.200638 0.792221 -0.520704
v -0.203339 0.788345 -0.519629
v -0.252045 0.781097 -0.509626
v -0.253769 0.792603 -0.499426
v -0.247787 0.782104 -0.511051
v -0.124512 0.823441 -0.514882
v -0.130508 0.830307 -0.515347
v -0.110764 0.821365 -0.515880
v -0.128540 0.819000 -0.513360
v -0.064468 0.884293 -0.508925
v -0.074173 0.889389 -0.500950
v -0.062271 0.888046 -0.506742
v -0.067566 0.879654 -0.510656
v -0.104645 0.888489 -0.481650
v -0.098434 0.888901 -0.479014
v -0.106552 0.884888 -0.490724
v -0.117020 0.889969 -0.472954
v -0.124680 0.898376 -0.465546
v -0.131927 0.899384 -0.467617
v -0.122971 0.901367 -0.458669
v -0.158203 0.979431 -0.369932
v -0.159225 0.981369 -0.367970
v -0.147217 0.980865 -0.371013
v -0.156876 0.974686 -0.375666
v -0.129501 0.961533 -0.389869
v -0.121857 0.951553 -0.400921
v -0.138474 0.962921 -0.390795
v -0.127319 0.964386 -0.384785
v -0.118835 0.970016 -0.386277
v -0.118011 0.976868 -0.384931
v -0.103256 0.962479 -0.397545
v -0.123428 0.967438 -0.383533
v -0.175110 0.985397 -0.340672
v -0.176788 0.983841 -0.340257
v -0.169510 0.995087 -0.333751
v -0.173584 0.985855 -0.343286
v -0.109207 0.919937 -0.461518
v -0.095612 0.917786 -0.468949
v -0.111694 0.913651 -0.464386
v -0.108978 0.924255 -0.456057
v -0.072220 0.906342 -0.488506
v -0.071518 0.906387 -0.488666
v -0.076981 0.896469 -0.494432
v -0.075134 0.908081 -0.485874
v -0.223969 0.866974 -0.421302
v -0.226364 0.864151 -0.418675
v -0.209579 0.873840 -0.415795
v -0.179626 0.981903 -0.337990
v -0.186249 0.972961 -0.340122
v -0.179565 0.984528 -0.333508
v -0.187027 0.986572 -0.330453
v -0.196365 0.978729 -0.330119
v -0.186707 0.989456 -0.330306
v -0.182785 0.986176 -0.330668
v -0.297577 0.748001 -0.494130
v -0.294662 0.752441 -0.487912
v -0.285614 0.738754 -0.505839
v -0.310379 0.746353 -0.495007
v -0.340469 0.750854 -0.473974
v -0.327988 0.761932 -0.472196
v -0.339798 0.747665 -0.477002
v -0.342560 0.754074 -0.470454
v -0.370743 0.748276 -0.444828
v -0.373077 0.745514 -0.442437
v -0.371201 0.758408 -0.443805
v -0.365646 0.741440 -0.448361
v -0.378540 0.740799 -0.443241
v -0.376053 0.729858 -0.447309
v -0.382401 0.744247 -0.442757
v -0.376175 0.742477 -0.441859
v -0.360703 0.728409 -0.450960
v -0.360123 0.718719 -0.449974
v -0.359070 0.728165 -0.454665
v -0.210526 0.905731 -0.371318
v -0.214554 0.890335 -0.393951
v -0.213501 0.914810 -0.368690
v -0.208252 0.903702 -0.364253
v -0.074463 0.686356 -0.139297
v -0.077621 0.682678 -0.144453
v -0.063721 0.688675 -0.126233
v -0.079712 0.693939 -0.136266
v -0.109116 0.684189 -0.171994
v -0.107758 0.689728 -0.171950
v -0.119125 0.681229 -0.182888
v -0.102676 0.680771 -0.163568
v -0.131424 0.679626 -0.196431
v -0.136383 0.685760 -0.211072
v -0.131866 0.678574 -0.196611
v -0.129990 0.680084 -0.195190
v -0.028000 0.712997 -0.401831
v -0.026703 0.716751 -0.404548
v -0.029037 0.705948 -0.393387
v -0.296524 0.952820 -0.267076
v -0.284500 0.956879 -0.269588
v -0.299652 0.951355 -0.273544
v -0.301941 0.951004 -0.261408
v -0.473022 0.786896 -0.039304
v -0.471329 0.783920 -0.041969
v -0.477341 0.786819 -0.036463
v -0.465820 0.799347 -0.036794
v -0.471573 0.787628 -0.047174
v -0.470840 0.784180 -0.045053
v -0.463943 0.799545 -0.047696
v -0.462372 0.719833 -0.030176
v -0.467209 0.719452 -0.029220
v -0.463516 0.723389 -0.031296
v -0.444168 0.709702 -0.029113
v -0.464066 0.716095 -0.037648
v -0.470963 0.715286 -0.039969
v -0.447708 0.706360 -0.040107
v -0.464844 0.722809 -0.033575
v -0.198227 1.023331 -0.250715
v -0.187439 1.022339 -0.263595
v -0.200027 1.023865 -0.251714
v -0.306519 0.981400 -0.063538
v -0.310089 0.975266 -0.073807
v -0.314178 0.984940 -0.056946
v -0.298874 0.982178 -0.061357
v -0.287415 0.955444 -0.090626
v -0.287567 0.957596 -0.089066
v -0.281433 0.963104 -0.092478
v -0.293686 0.955994 -0.090301
v -0.301804 0.995087 -0.039442
v -0.296234 0.995865 -0.032005
v -0.300369 0.992096 -0.045471
v -0.317566 0.941910 -0.267969
v -0.314301 0.944077 -0.265544
v -0.314056 0.944366 -0.270874
v -0.323242 0.940735 -0.271184
v -0.212875 0.931595 -0.333556
v -0.212982 0.932465 -0.331120
v -0.211105 0.924408 -0.341489
v -0.213577 0.928253 -0.341389
v -0.178421 0.872971 -0.454763
v -0.182999 0.873718 -0.446737
v -0.176361 0.873383 -0.455582
v -0.183228 0.873291 -0.451988
v -0.213577 0.932770 -0.327328
v -0.214523 0.932892 -0.325100
v -0.211166 0.935959 -0.328745
v -0.144608 1.049820 -0.163364
v -0.155823 1.047668 -0.146790
v -0.139191 1.057541 -0.165463
v -0.143295 1.045212 -0.168380
v -0.169586 1.040329 -0.186324
v -0.173492 1.038666 -0.190489
v -0.166519 1.040268 -0.180824
v -0.203598 1.026871 -0.217472
v -0.198944 1.028839 -0.213186
v -0.200500 1.026230 -0.224282
v -0.206512 1.027039 -0.218440
v -0.183060 1.022324 -0.268135
v -0.185257 1.023056 -0.261682
v -0.180557 1.022079 -0.273295
v -0.169342 1.018402 -0.300790
v -0.171432 1.019531 -0.295669
v -0.168564 1.016464 -0.304024
v -0.174789 1.017700 -0.299131
v -0.022125 0.740875 -0.315499
v -0.022964 0.739059 -0.321963
v -0.023712 0.762802 -0.302149
v -0.021225 0.736053 -0.310758
v -0.027634 0.811966 -0.243970
v -0.029648 0.813568 -0.238899
v -0.031174 0.815842 -0.250774
v -0.028320 0.821579 -0.234094
v -0.029846 0.817154 -0.235275
v -0.032043 0.828903 -0.237633
v -0.016907 0.770065 -0.398482
v -0.017288 0.762283 -0.403598
v -0.016724 0.775818 -0.404358
v -0.017288 0.770737 -0.397193
v -0.018112 0.797592 -0.384549
v -0.019562 0.798981 -0.381130
v -0.019989 0.786743 -0.391104
v -0.015366 0.802597 -0.388808
v -0.010635 0.861221 -0.471439
v -0.012466 0.862244 -0.463788
v -0.013962 0.812759 -0.370421
v -0.015564 0.808136 -0.373127
v -0.014328 0.819992 -0.372109
v -0.013977 0.808929 -0.368463
v -0.077332 0.891769 -0.497812
v -0.075455 0.895493 -0.495588
v -0.078018 0.891998 -0.497449
v -0.024323 0.933685 -0.399185
v -0.025284 0.934448 -0.404076
v -0.023209 0.934280 -0.395742
v -0.022171 0.930786 -0.398447
v -0.028397 1.062164 -0.250509
v -0.021210 1.060776 -0.250057
v -0.030487 1.060516 -0.258430
v -0.030609 1.062637 -0.247640
v -0.023819 1.079620 -0.226515
v -0.025436 1.074203 -0.233043
v -0.029373 1.083252 -0.223547
v -0.019409 1.081619 -0.219841
v -0.073730 1.024887 -0.367104
v -0.071304 1.026031 -0.362852
v -0.075851 1.023483 -0.368438
v -0.075882 1.024597 -0.366852
v -0.042938 1.063049 -0.249992
v -0.043045 1.061462 -0.256580
v -0.039764 1.062973 -0.248775
v -0.057510 0.854050 -0.257327
v -0.056396 0.851791 -0.256650
v -0.055969 0.849655 -0.261752
v -0.057083 0.857208 -0.255719
v -0.116043 1.089996 -0.074080
v -0.121002 1.089447 -0.075498
v -0.115677 1.090134 -0.073377
v -0.401764 0.931015 -0.163509
v -0.400589 0.932236 -0.158100
v -0.403442 0.929337 -0.174343
v -0.402451 0.930420 -0.163068
v -0.433304 0.845215 -0.154608
v -0.431915 0.851440 -0.153122
v -0.433563 0.846664 -0.162522
v -0.440460 0.839386 -0.150733
v -0.430008 0.823456 -0.262524
v -0.431534 0.828003 -0.256051
v -0.429031 0.826599 -0.265736
v -0.431976 0.815155 -0.264871
v -0.443253 0.762527 -0.280231
v -0.443909 0.765045 -0.287279
v -0.448425 0.757446 -0.279452
v -0.441696 0.770432 -0.277830
v -0.377777 0.865631 -0.295244
v -0.383774 0.862930 -0.294188
v -0.378357 0.869370 -0.292812
v -0.374359 0.867432 -0.299130
v -0.389572 0.938660 -0.221174
v -0.398056 0.925369 -0.240117
v -0.391144 0.938477 -0.215563
v -0.486267 0.745972 -0.141444
v -0.479340 0.731857 -0.129750
v -0.489105 0.753479 -0.138464
v -0.483398 0.745834 -0.146674
v -0.443268 0.678604 0.007922
v -0.456726 0.689621 0.007531
v -0.436707 0.680161 -0.000927
v -0.440552 0.671783 0.018416
v -0.470398 0.720535 -0.028724
v -0.484390 0.731445 -0.030149
v -0.470810 0.719315 -0.026690
v -0.490494 0.737549 -0.031603
v -0.489349 0.741669 -0.032870
v -0.490021 0.740875 -0.035174
v -0.490234 0.736679 -0.031501
v -0.474060 0.715897 -0.040726
v -0.486160 0.730759 -0.034534
v -0.474625 0.715469 -0.043538
v -0.382782 0.757736 -0.436376
v -0.380386 0.753815 -0.438183
v -0.383408 0.754868 -0.437504
v -0.379791 0.762222 -0.436037
v -0.265152 0.744415 -0.497403
v -0.263077 0.742462 -0.500571
v -0.272568 0.746872 -0.494308
v -0.263748 0.751266 -0.497128
v -0.167969 0.848007 -0.499447
v -0.165237 0.849548 -0.499489
v -0.168793 0.847183 -0.499666
v -0.133041 0.805573 -0.052609
v -0.133575 0.803421 -0.058988
v -0.130280 0.809052 -0.038701
v -0.135712 0.804276 -0.057973
v -0.036621 0.741806 -0.033770
v -0.041870 0.741058 -0.041168
v -0.034790 0.742432 -0.028765
v -0.043762 0.747299 -0.030645
v -0.116501 0.724152 -0.149837
v -0.111313 0.725311 -0.142153
v -0.119781 0.721252 -0.156545
v -0.138977 0.688110 -0.216866
v -0.137665 0.689697 -0.213843
v -0.139389 0.686081 -0.216269
v -0.063538 0.730209 -0.087353
v -0.069763 0.728256 -0.095438
v -0.057846 0.725449 -0.087652
v -0.058838 0.732071 -0.080360
v -0.026337 0.741684 -0.036761
v -0.031448 0.740005 -0.042954
v -0.024384 0.742935 -0.032957
v -0.018585 0.745331 -0.022981
v -0.019836 0.744827 -0.021093
v -0.014755 0.746841 -0.025170
v -0.460281 0.783600 0.055497
v -0.464325 0.779861 0.054359
v -0.456467 0.782272 0.060156
v -0.455978 0.790665 0.055013
v -0.433060 0.803619 0.065054
v -0.414764 0.819412 0.067485
v -0.437363 0.805252 0.061868
v -0.433533 0.799866 0.066069
v -0.016953 0.698196 -0.340441
v -0.016785 0.695526 -0.346501
v -0.020599 0.715942 -0.335998
v -0.016144 0.694214 -0.332529
v -0.064651 0.661819 -0.140774
v -0.073151 0.669205 -0.143694
v -0.067932 0.655121 -0.144392
v -0.051025 0.664322 -0.133822
v -0.052856 0.643799 -0.140677
v -0.050674 0.639969 -0.141536
v -0.043579 0.646729 -0.137514
v -0.057434 0.645905 -0.141972
v -0.322174 0.958313 0.007380
v -0.329605 0.958252 0.000906
v -0.317383 0.950775 0.021285
v -0.318161 0.960815 0.004667
v -0.023407 0.711243 -0.374027
v -0.023911 0.714996 -0.389259
v -0.020660 0.720078 -0.371625
v -0.024597 0.707123 -0.374487
v -0.020874 0.846786 -0.167105
v -0.020798 0.847092 -0.167637
v -0.020950 0.855743 -0.150652
v -0.021744 0.844498 -0.166495
v -0.024918 0.852371 -0.116454
v -0.029266 0.846786 -0.111868
v -0.024460 0.846588 -0.142516
v -0.023331 0.858246 -0.112329
v -0.020844 0.848022 -0.167416
v -0.020905 0.857605 -0.151358
v -0.021271 0.851044 -0.170376
v -0.023712 0.907990 -0.124648
v -0.021179 0.900345 -0.118547
v -0.027939 0.902390 -0.138221
v -0.027603 0.919235 -0.119755
v -0.015182 0.792221 -0.367490
v -0.016327 0.781693 -0.370154
v -0.014282 0.794098 -0.365323
v -0.013901 0.796799 -0.364635
v -0.014145 0.802948 -0.361140
v -0.024612 0.890579 -0.330626
v -0.026917 0.892838 -0.334669
v -0.027191 0.894333 -0.307862
v -0.021622 0.883789 -0.331788
v -0.014862 0.857574 -0.327451
v -0.014572 0.853378 -0.314995
v -0.015869 0.844803 -0.340598
v -0.016113 0.866089 -0.328116
v -0.040985 0.921692 -0.166706
v -0.046799 0.919800 -0.162435
v -0.039734 0.916229 -0.181164
v -0.037338 0.929825 -0.158813
v -0.041550 0.937988 -0.128842
v -0.041092 0.922516 -0.144196
v -0.044739 0.942642 -0.127845
v -0.081146 1.021820 -0.369135
v -0.081985 1.021988 -0.368644
v -0.078659 1.020782 -0.371005
v -0.080872 1.022964 -0.367590
v -0.080109 1.026001 -0.363675
v -0.014465 1.098297 -0.139291
v -0.016388 1.099731 -0.147684
v -0.015915 1.100998 -0.122269
v -0.013702 1.095871 -0.141203
v -0.054459 0.969574 -0.089009
v -0.052917 0.967911 -0.078464
v -0.052963 0.966171 -0.077975
v -0.054199 0.969925 -0.090022
v -0.034012 1.095093 -0.075225
v -0.032700 1.088699 -0.077489
v -0.032700 1.096893 -0.080462
v -0.034332 1.095322 -0.074646
v -0.049347 0.917801 -0.160309
v -0.047989 0.917068 -0.158028
v -0.050201 0.912216 -0.165963
v -0.049103 0.918228 -0.160357
v -0.055573 0.864578 -0.251743
v -0.053894 0.862930 -0.250462
v -0.055481 0.864929 -0.252021
v -0.051331 0.838242 -0.273048
v -0.050262 0.836548 -0.272357
v -0.051208 0.838379 -0.273548
v -0.281113 0.717087 -0.036543
v -0.425095 0.904938 -0.163610
v -0.432617 0.895493 -0.163116
v -0.418442 0.911652 -0.160748
v -0.359131 0.970505 -0.172400
v -0.368027 0.962082 -0.171705
v -0.354080 0.975098 -0.156426
v -0.356094 0.972321 -0.176147
v -0.491470 0.785919 -0.160295
v -0.490036 0.797714 -0.163502
v -0.492691 0.780212 -0.171561
v -0.489914 0.779709 -0.146631
v -0.377106 0.917389 0.008387
v -0.378998 0.920990 -0.004454
v -0.389160 0.893982 0.028946
v -0.370667 0.920654 0.011773
v -0.398087 0.935181 -0.142986
v -0.393692 0.938889 -0.146901
v -0.315506 0.982437 -0.028736
v -0.318069 0.982025 -0.032226
v -0.325500 0.973892 -0.024236
v -0.311432 0.982529 -0.023464
v -0.218536 1.055634 -0.074479
v -0.216583 1.055710 -0.082013
v -0.213608 1.058212 -0.069510
v -0.225754 1.044037 -0.027493
v -0.230148 1.046387 -0.045983
v -0.221176 1.047211 -0.027135
v -0.099731 1.097977 -0.091986
v -0.099152 1.098877 -0.079554
v -0.089706 1.102509 -0.101055
v -0.107239 1.093674 -0.098306
v -0.494064 0.759277 -0.079157
v -0.493774 0.756760 -0.071505
v -0.491364 0.775253 -0.082453
v -0.493988 0.755783 -0.082975
v -0.184937 0.991364 -0.329994
v -0.173004 0.996948 -0.329856
v -0.188904 0.992737 -0.325911
v -0.167831 1.010452 -0.313381
v -0.171738 1.009171 -0.313578
v -0.168427 1.012207 -0.309960
v -0.169983 1.017639 -0.299804
v -0.166702 1.019028 -0.299743
v -0.137054 1.038986 -0.273964
v -0.149460 1.040695 -0.259727
v -0.137589 1.038544 -0.279903
v -0.489838 0.802719 -0.223466
v -0.487183 0.811752 -0.227357
v -0.490097 0.796356 -0.228174
v -0.490036 0.802719 -0.216565
v -0.491501 0.782684 -0.229954
v -0.489838 0.784805 -0.218875
v -0.491577 0.785126 -0.232269
v -0.492401 0.773514 -0.229507
v -0.486389 0.708145 -0.272743
v -0.484451 0.719803 -0.273700
v -0.483749 0.707886 -0.280446
v -0.488129 0.706711 -0.267559
v -0.367706 0.769440 -0.441378
v -0.362915 0.768799 -0.446272
v -0.369705 0.772186 -0.437822
v -0.383835 0.746902 -0.441668
v -0.385590 0.747589 -0.440395
v -0.422852 0.841797 -0.317528
v -0.423965 0.835129 -0.326427
v -0.431870 0.835236 -0.308162
v -0.418747 0.845032 -0.315336
v -0.341110 0.941650 -0.291216
v -0.354263 0.933212 -0.294036
v -0.340164 0.941483 -0.292370
v -0.341095 0.909729 -0.330568
v -0.336777 0.900436 -0.339979
v -0.354980 0.914673 -0.314621
v -0.336212 0.912613 -0.331411
v -0.323090 0.930435 -0.324332
v -0.306763 0.934708 -0.329994
v -0.325821 0.924515 -0.329218
v -0.335770 0.936401 -0.305101
v -0.271591 1.024643 -0.127262
v -0.249268 1.036301 -0.129558
v -0.276047 1.023941 -0.136476
v -0.272675 1.020142 -0.121362
v -0.237320 1.021408 -0.097582
v -0.254303 1.021439 -0.090927
v -0.216202 1.031891 -0.102710
v -0.165695 1.063202 -0.119317
v -0.169846 1.067978 -0.105431
v -0.152420 1.066086 -0.127363
v -0.169785 1.057968 -0.122190
v -0.317383 0.800735 -0.453608
v -0.311829 0.821854 -0.442946
v -0.308517 0.793777 -0.464391
v -0.324326 0.797546 -0.450583
v -0.278824 0.829590 -0.459343
v -0.283157 0.835022 -0.452885
v -0.265976 0.837952 -0.459798
v -0.278030 0.823013 -0.464415
v -0.260529 0.848526 -0.450635
v -0.256195 0.849335 -0.449361
v -0.261139 0.846405 -0.453008
v -0.260422 0.852234 -0.447970
v -0.196228 0.874954 -0.443359
v -0.197266 0.875198 -0.437717
v -0.196487 0.874359 -0.445202
v -0.169769 0.816833 -0.517373
v -0.153412 0.823715 -0.515969
v -0.170700 0.819199 -0.515751
v -0.091766 0.870895 -0.506692
v -0.082657 0.886322 -0.499735
v -0.087830 0.869324 -0.509155
v -0.097763 0.871048 -0.504833
v -0.071320 0.905563 -0.489336
v -0.067749 0.904053 -0.491887
v -0.116531 0.946136 -0.411733
v -0.120544 0.942719 -0.420617
v -0.108353 0.944885 -0.414437
v -0.125931 0.990250 -0.371146
v -0.137558 0.984314 -0.371194
v -0.127731 0.991669 -0.369342
v -0.122192 0.988617 -0.374234
v -0.158997 0.854553 -0.498432
v -0.163849 0.857178 -0.492818
v -0.152725 0.852829 -0.500895
v -0.173447 0.874710 -0.455775
v -0.176361 0.875214 -0.447355
v -0.172958 0.874298 -0.457238
v -0.217972 0.937088 -0.317647
v -0.217514 0.935547 -0.318785
v -0.218277 0.938599 -0.317793
v -0.216568 0.940643 -0.318934
v -0.359970 0.760452 -0.455446
v -0.360001 0.745026 -0.461596
v -0.356064 0.761734 -0.457348
v -0.345764 0.723389 -0.490273
v -0.343491 0.729050 -0.489445
v -0.348862 0.722641 -0.485395
v -0.350143 0.719589 -0.481982
v -0.353439 0.722076 -0.474773
v -0.061325 1.090515 -0.180916
v -0.065292 1.085587 -0.183436
v -0.063675 1.089218 -0.188771
v -0.080399 1.054489 -0.313162
v -0.072418 1.056244 -0.315514
v -0.087112 1.046585 -0.323381
v -0.084579 1.056046 -0.301362
v -0.214676 0.918961 -0.365116
v -0.215286 0.919693 -0.363785
v -0.478897 0.788727 -0.029625
v -0.473770 0.802536 -0.021996
v -0.479874 0.784546 -0.026949
v -0.138458 0.680328 -0.212446
v -0.136520 0.678772 -0.208065
v -0.140106 0.680603 -0.213438
v -0.339569 0.962631 -0.087285
v -0.339127 0.960403 -0.085241
v -0.338837 0.963272 -0.087481
v -0.481842 0.772598 -0.047215
v -0.484436 0.768463 -0.051261
v -0.481613 0.772781 -0.046669
v -0.215363 0.932983 -0.323317
v -0.215805 0.933472 -0.323208
v -0.214096 0.936096 -0.321187
v -0.021744 0.874496 -0.140562
v -0.021072 0.865021 -0.142946
v -0.021271 0.877365 -0.133465
v -0.022003 0.819946 -0.208890
v -0.022858 0.809784 -0.222719
v -0.021973 0.823792 -0.208849
v -0.022766 0.817963 -0.207644
v -0.019302 0.772827 -0.394910
v -0.020767 0.770782 -0.393189
v -0.143784 0.983215 -0.369572
v -0.148026 0.983902 -0.368018
v -0.140884 0.986237 -0.368337
v -0.143417 0.982712 -0.370171
v -0.132385 0.920105 -0.451821
v -0.130356 0.924362 -0.446406
v -0.129700 0.915359 -0.453458
v -0.132919 0.920090 -0.451550
v -0.014877 0.964096 -0.232958
v -0.015961 0.967529 -0.231359
v -0.014236 0.964401 -0.228649
v -0.014832 0.963425 -0.233714
v -0.020874 0.859253 -0.144464
v -0.021118 0.860397 -0.135152
v -0.020782 0.859985 -0.144605
v -0.023041 0.807114 -0.229472
v -0.022675 0.798767 -0.237642
v -0.024887 0.809494 -0.231317
v -0.023056 0.807022 -0.228900
v -0.373398 0.957184 -0.195228
v -0.367096 0.962234 -0.192173
v -0.373703 0.956726 -0.196182
v -0.475952 0.741608 -0.166730
v -0.472427 0.738449 -0.168066
v -0.477722 0.740845 -0.161020
v -0.489273 0.785416 -0.212911
v -0.487396 0.779892 -0.208480
v -0.489868 0.784332 -0.205616
v -0.489304 0.785629 -0.213766
v -0.321167 0.766098 -0.473166
v -0.313126 0.769577 -0.476405
v -0.313934 0.762817 -0.476828
v -0.321991 0.765869 -0.472719
v -0.163940 0.685272 -0.240304
v -0.274918 0.731018 0.000610
v -0.274551 0.730072 0.011318
v -0.278824 0.725021 -0.003031
v -0.270950 0.737930 -0.002254
v -0.142120 0.639938 -0.192572
v -0.201202 1.030319 0.014540
v -0.197784 1.044724 0.014236
v -0.210190 1.022659 0.011947
v -0.197739 1.028534 0.015407
v -0.449142 0.700470 -0.343110
v -0.403961 0.648438 -0.164829
v -0.384415 0.651688 -0.163638
v -0.418274 0.667786 -0.159832
v -0.417084 0.678268 -0.150728
v -0.437485 0.666718 -0.166633
v -0.405075 0.660675 -0.160015
v -0.036697 0.628082 -0.239553
v -0.035492 0.629196 -0.245649
v -0.038300 0.608322 -0.230884
v -0.098572 0.653854 -0.147175
v -0.100998 0.656036 -0.145371
v -0.106247 0.647324 -0.147512
v -0.092941 0.653137 -0.150525
v -0.108124 0.657928 -0.143391
v -0.121643 0.652267 -0.141541
v -0.109909 0.659912 -0.146508
v -0.129898 0.668030 -0.166486
v -0.133316 0.661163 -0.172174
v -0.136902 0.659393 -0.164789
v -0.130325 0.667618 -0.164714
v -0.131943 0.666382 -0.159527
v -0.139359 0.657639 -0.155939
v -0.127502 0.665665 -0.158140
v -0.027084 0.716522 -0.236258
v -0.005676 0.713593 -0.230346
v -0.032547 0.705002 -0.240717
v -0.044861 0.716812 -0.241911
v -0.021164 0.726715 -0.231573
v -0.022491 0.801544 -0.148609
v -0.023178 0.810089 -0.130820
v -0.000900 0.788895 -0.139395
v -0.020706 0.792267 -0.167405
v -0.043396 0.806763 -0.148963
v -0.023499 0.819199 -0.103584
v -0.001175 0.806824 -0.097425
v -0.023178 0.810089 -0.130820
v -0.045532 0.825104 -0.102867
v -0.023315 0.828171 -0.076446
v -0.005859 0.750610 -0.032368
v -0.002075 0.756210 -0.016461
v -0.009415 0.745590 -0.046092
v 0.002945 0.762085 -0.047130
v -0.002747 0.699814 -0.229712
v -0.004105 0.681824 -0.230681
v -0.005676 0.713593 -0.230346
v 0.001480 0.692596 -0.212006
v -0.032501 0.696411 -0.241710
v -0.032303 0.687561 -0.242206
v -0.044128 0.697586 -0.249920
v -0.003586 0.767715 0.126347
v -0.010544 0.759918 0.125198
v -0.003265 0.775696 0.105464
v 0.003143 0.778442 0.122221
v -0.004257 0.759811 0.146729
v -0.002548 0.779037 0.079969
v -0.008774 0.771561 0.079887
v -0.001953 0.782425 0.053651
v 0.003586 0.788818 0.072394
v -0.003265 0.775696 0.105464
v -0.017181 0.653976 -0.128208
v 0.005463 0.658813 -0.120454
v -0.023819 0.662048 -0.128504
v -0.022842 0.641327 -0.132536
v -0.018402 0.607468 -0.161529
v -0.021317 0.597778 -0.176325
v -0.000549 0.617477 -0.167856
v -0.014755 0.618881 -0.144154
v -0.036026 0.605179 -0.161511
v -0.004532 0.662170 -0.230745
v -0.004105 0.681824 -0.230681
v 0.003174 0.654388 -0.220006
v -0.006088 0.644836 -0.231051
v -0.013306 0.666641 -0.232829
v -0.030945 0.674316 -0.242707
v -0.020462 0.670074 -0.236809
v -0.036560 0.675034 -0.251728
v -0.026413 0.630981 -0.230481
v -0.022659 0.630310 -0.229065
v -0.033661 0.613251 -0.225275
v -0.020035 0.650574 -0.233489
v -0.001526 0.768921 0.016362
v -0.001953 0.782425 0.053651
v -0.002075 0.756210 -0.016461
v 0.003967 0.779785 0.008143
v -0.022369 0.748611 -0.216239
v -0.000946 0.739075 -0.201098
v -0.021164 0.726715 -0.231573
v -0.042786 0.751831 -0.220106
v -0.022079 0.770096 -0.200767
v -0.022263 0.781219 -0.184333
v -0.020706 0.792267 -0.167405
v -0.000854 0.769714 -0.172427
v -0.022079 0.770096 -0.200767
v -0.042511 0.785553 -0.185508
v -0.024704 0.837036 -0.042151
v -0.025650 0.845566 -0.008888
v -0.001556 0.824265 -0.036297
v -0.023315 0.828171 -0.076446
v -0.043747 0.845200 -0.041241
v -0.011749 0.733322 -0.062231
v -0.012802 0.722839 -0.077249
v 0.001465 0.743423 -0.077997
v -0.010193 0.744339 -0.046781
v -0.013931 0.710205 -0.090798
v -0.012802 0.722839 -0.077249
v -0.029617 0.708328 -0.087637
v -0.012497 0.698303 -0.105103
v 0.000900 0.722137 -0.105993
v -0.023697 0.842438 0.092588
v -0.022812 0.838486 0.125444
v -0.001617 0.829758 0.095241
v -0.023804 0.846130 0.060247
v -0.041656 0.849823 0.095244
v -0.024460 0.845779 0.025099
v -0.023804 0.846130 0.060247
v -0.001617 0.834045 0.030331
v -0.025650 0.845566 -0.008888
v -0.043747 0.853424 0.026862
v -0.031006 0.671768 -0.122932
v -0.042908 0.685242 -0.116020
v -0.020538 0.666183 -0.136254
v -0.012573 0.684631 -0.109013
v -0.020294 0.631424 -0.137918
v -0.014755 0.618881 -0.144154
v -0.003281 0.639877 -0.142052
v -0.022842 0.641327 -0.132536
v -0.037674 0.630676 -0.142554
v -0.018448 0.598511 -0.182345
v -0.021317 0.597778 -0.176325
v -0.000565 0.606201 -0.190247
v -0.017120 0.605240 -0.211785
v -0.013947 0.613892 -0.222766
v 0.005463 0.610672 -0.208274
v -0.019699 0.598053 -0.202633
v -0.012863 0.628204 -0.226924
v -0.006088 0.644836 -0.231051
v 0.000977 0.625336 -0.220262
v -0.013947 0.613892 -0.222766
v -0.016602 0.668411 -0.234190
v -0.033157 0.931580 0.015140
v -0.028885 0.932953 0.026957
v -0.028000 0.921265 0.010719
v -0.035034 0.929840 0.006162
v -0.039383 0.940002 0.017682
v -0.047241 0.949829 0.020304
v -0.043716 0.951523 0.032376
v -0.049103 0.949509 0.012250
v -0.046265 0.948898 0.002875
v -0.038925 0.938477 -0.001602
v -0.042877 0.949982 -0.015518
v -0.003204 1.060440 -0.047252
v -0.005203 1.088013 -0.045371
v -0.004044 1.064102 -0.030804
v -0.002930 1.038330 -0.051567
v -0.005737 0.998886 -0.023520
v -0.005386 1.009247 -0.043420
v -0.003677 1.007217 -0.002006
v -0.007477 0.987061 -0.001888
v -0.008377 0.988617 -0.039879
v -0.012314 1.069489 -0.074640
v -0.008698 1.091705 -0.058896
v -0.018433 1.040039 -0.086370
v -0.027527 1.004898 -0.089587
v -0.032074 0.979767 -0.078887
v -0.036209 1.007660 -0.091326
v -0.015274 1.007675 -0.086724
v -0.032944 0.937912 -0.060551
v -0.035919 0.940582 -0.090199
v -0.042313 0.950699 -0.052579
v -0.030075 0.931610 -0.022845
v -0.022919 0.919846 -0.056651
v -0.046585 0.956970 -0.045504
v -0.048920 0.961014 -0.046515
v -0.001694 1.016266 0.012668
v -0.001633 1.012131 0.030318
v -0.000290 1.033813 0.014266
v -0.012360 0.976837 0.008145
v -0.013031 0.978348 0.028877
v -0.020523 0.968948 0.009862
v -0.011230 0.977280 -0.016716
v -0.069931 1.119873 0.055662
v -0.077682 1.112335 0.062245
v -0.060532 1.115952 0.074265
v -0.060059 1.123093 0.042536
v -0.020874 1.112061 0.064231
v -0.004898 1.107864 0.055315
v -0.025665 1.114685 0.055536
v -0.033722 1.111633 0.076812
v -0.049347 0.962784 -0.047982
v -0.044754 0.964050 -0.048103
v -0.031326 0.744858 -0.014632
v -0.027496 0.742691 -0.016855
v -0.029495 0.748154 0.003459
v -0.084259 1.077988 0.008572
v -0.090408 1.074234 0.025013
v -0.076065 1.102005 0.007507
v -0.071960 1.084976 -0.011293
v -0.089645 1.057861 0.008430
v -0.100662 1.065948 0.003249
v -0.116776 1.061493 0.013825
v -0.094147 1.054733 0.006346
v -0.068619 1.116150 0.007907
v -0.059586 1.123077 0.011654
v -0.059662 1.091873 -0.031849
v -0.047318 1.104553 -0.048024
v -0.059860 1.081924 -0.037437
v -0.040787 1.109177 -0.053912
v -0.039429 1.113312 -0.047031
v -0.035004 1.103851 -0.061336
v -0.018860 1.106842 -0.052061
v -0.012344 1.104294 -0.049739
v -0.021790 1.104401 -0.059093
v -0.027954 1.110626 -0.047935
v -0.020905 1.111008 -0.039539
v -0.035950 1.119415 0.031865
v -0.041229 1.122787 0.030678
v -0.039154 1.116562 0.048883
v -0.028641 1.114349 0.050909
v -0.020004 1.101181 0.013187
v -0.014633 1.105911 0.001057
v -0.023972 1.094879 0.019806
v -0.092010 1.050873 0.008302
v -0.101746 1.044678 0.021461
v -0.011322 1.060120 -0.001943
v -0.019211 1.081116 0.012595
v -0.004578 1.040085 -0.014960
v -0.033905 1.104813 0.037696
v -0.029602 1.098862 0.030357
v -0.016479 0.914368 0.106246
v -0.018326 0.924225 0.108165
v -0.016464 0.909378 0.135996
v -0.016266 0.904373 0.104801
v -0.017227 0.917389 0.073945
v -0.033829 0.948624 0.119128
v -0.036072 0.949692 0.150662
v -0.029053 0.941956 0.113284
v -0.039780 0.953079 0.051646
v -0.042389 0.961746 0.054032
v -0.031693 0.943329 0.049465
v -0.034134 0.849396 0.149383
v -0.036285 0.855118 0.127239
v -0.023285 0.859146 0.150924
v -0.018509 0.872879 0.130667
v -0.016647 0.902710 0.156169
v -0.016403 0.895798 0.156369
v -0.010330 0.987579 0.098300
v -0.018524 0.979660 0.106038
v -0.010345 0.985580 0.075480
v -0.005829 0.996063 0.091507
v -0.010086 0.992661 0.116066
v -0.032196 0.970169 0.115487
v -0.031158 0.970474 0.082861
v -0.029419 0.976593 0.137057
v -0.005478 1.055328 0.150751
v -0.009903 1.051605 0.156679
v -0.005920 1.028015 0.135871
v -0.003448 1.057159 0.141880
v -0.006592 1.077225 0.164396
v -0.012939 0.741638 0.125163
v -0.013992 0.723679 0.125113
v -0.011978 0.749008 0.104672
v -0.007004 1.099136 0.122750
v -0.009109 1.105835 0.124578
v -0.008926 1.099243 0.116628
v -0.016037 0.894379 0.103361
v -0.016861 0.884995 0.101725
v -0.017029 0.896469 0.068542
v -0.015701 0.891129 0.133312
v -0.252991 0.989090 0.142605
v -0.239471 0.979340 0.153783
v -0.228027 0.999664 0.154658
v -0.271957 0.980499 0.132780
v -0.246109 0.982391 0.166022
v -0.238098 0.977386 0.160069
v -0.265594 0.973969 0.162638
v -0.239563 1.030991 0.093836
v -0.243225 1.022247 0.069503
v -0.236130 1.034943 0.117566
v -0.211792 1.013214 0.157605
v -0.203598 1.005569 0.162921
v -0.197723 1.032059 0.150952
v -0.220001 1.026276 0.147859
v -0.186111 1.046707 0.136201
v -0.181610 1.032104 0.151680
v -0.179611 1.049133 0.131099
v -0.193436 1.054199 0.129295
v -0.390182 0.623596 0.194478
v -0.413391 0.637131 0.197830
v -0.390213 0.622360 0.177244
v -0.388672 0.626694 0.212349
v -0.409943 0.661987 0.228174
v -0.420044 0.657013 0.218491
v -0.400620 0.645538 0.225186
v -0.400314 0.665131 0.233624
v -0.415344 0.679764 0.232491
v -0.428696 0.652634 0.202530
v -0.436188 0.648880 0.185333
v -0.437683 0.670654 0.208014
v -0.432404 0.628860 0.127321
v -0.445389 0.638626 0.130032
v -0.433395 0.633484 0.111282
v -0.431976 0.627502 0.144127
v -0.460236 0.668045 0.093905
v -0.460419 0.674683 0.085877
v -0.447479 0.657227 0.085069
v -0.472107 0.684708 0.103334
v -0.458191 0.680771 0.080919
v -0.451721 0.682968 0.075728
v -0.460495 0.686554 0.066224
v -0.465897 0.687500 0.058443
v -0.447113 0.672913 0.060856
v -0.452057 0.684616 0.071427
v -0.470322 0.691040 0.046452
v -0.473663 0.697052 0.029416
v -0.454880 0.676346 0.038620
v -0.482147 0.708878 0.055859
v -0.484070 0.729126 0.069753
v -0.478943 0.744888 0.077920
v -0.487076 0.733841 0.045499
v -0.476959 0.704407 0.112597
v -0.475052 0.699829 0.124448
v -0.474854 0.725098 0.120486
v -0.457703 0.683929 0.174306
v -0.452789 0.706619 0.172564
v -0.454819 0.664093 0.175725
v -0.452469 0.690063 0.182990
v -0.445770 0.705353 0.194767
v -0.436310 0.734924 0.203320
v -0.443695 0.720016 0.183992
v -0.444489 0.698135 0.204813
v -0.440170 0.694489 0.215601
v -0.432617 0.727173 0.228007
v -0.430420 0.698929 0.230220
v -0.419067 0.699875 0.237801
v -0.443848 0.789490 0.116692
v -0.444489 0.793457 0.095665
v -0.440689 0.783524 0.138574
v -0.424515 0.811966 0.125404
v -0.442307 0.723923 0.176114
v -0.430222 0.740463 0.181277
v -0.442322 0.722458 0.171329
v -0.406830 0.833664 0.138598
v -0.389648 0.856461 0.153908
v -0.402786 0.828430 0.157842
v -0.323273 0.890610 0.200511
v -0.317337 0.886063 0.193552
v -0.333664 0.875748 0.201810
v -0.343140 0.842377 0.212113
v -0.334824 0.944351 0.128107
v -0.320328 0.966278 0.119747
v -0.334076 0.945892 0.115369
v -0.335007 0.939148 0.147539
v -0.308426 0.922714 0.173481
v -0.317764 0.906525 0.181364
v -0.297958 0.918518 0.176446
v -0.295990 0.939926 0.163526
v -0.319748 0.929352 0.167567
v -0.329330 0.935349 0.158932
v -0.315826 0.951920 0.148531
v -0.092651 0.804016 0.093731
v -0.092789 0.803253 0.064096
v -0.070663 0.790817 0.093578
v -0.092239 0.802933 0.123472
v -0.110550 0.815018 0.094184
v -0.032074 0.759064 0.115865
v -0.040985 0.771545 0.142153
v -0.178604 0.832260 0.046939
v -0.173874 0.831177 0.071216
v -0.194931 0.827438 0.047301
v -0.185730 0.831772 0.024731
v -0.162155 0.831940 0.045164
v -0.166595 0.825500 0.133655
v -0.199936 0.814087 0.101269
v -0.203934 0.816452 0.071892
v -0.185944 0.824463 0.101008
v -0.197342 0.809067 0.132541
v -0.214142 0.799469 0.100967
v -0.133987 0.823395 0.129211
v -0.143402 0.827469 0.040568
v -0.138901 0.826462 0.068090
v -0.148209 0.826813 0.016122
v -0.127533 0.822235 0.038168
v -0.419907 0.661514 0.026557
v -0.273026 0.728775 0.035175
v -0.266449 0.736237 0.049223
v -0.395462 0.829407 0.082416
v -0.402771 0.828796 0.089645
v -0.391815 0.828506 0.076535
v -0.407578 0.830307 0.096523
v -0.396637 0.844330 0.101394
v -0.423691 0.813065 0.090657
v -0.087784 1.091629 0.080970
v -0.110016 1.088745 0.065315
v -0.092422 1.099335 0.091441
v -0.269623 0.970779 0.036727
v -0.280701 0.963455 0.038166
v -0.274399 0.976944 0.047091
v -0.260178 0.975754 0.035521
v -0.265549 0.966507 0.028565
v -0.290375 0.955307 0.041024
v -0.297623 0.963379 0.049707
v -0.283081 0.949585 0.034097
v -0.345947 0.877396 0.082786
v -0.346146 0.872925 0.075738
v -0.350540 0.872696 0.087421
v -0.347717 0.889694 0.093196
v -0.337769 0.892715 0.076316
v -0.469574 0.742340 0.125150
v -0.465729 0.740845 0.134951
v -0.473160 0.731766 0.110540
v -0.471954 0.757568 0.079392
v -0.458557 0.775635 0.077597
v -0.372559 0.880402 0.127118
v -0.386505 0.865173 0.126596
v -0.352524 0.908447 0.121771
v -0.012039 0.981583 0.051577
v -0.021194 0.974365 0.055211
v -0.018631 0.894455 0.033226
v -0.019409 0.888962 0.030342
v -0.053345 0.772568 0.030681
v -0.052811 0.778442 0.062637
v -0.072342 0.785629 0.034034
v -0.039001 0.762436 0.030602
v -0.362717 0.863174 0.090897
v -0.355453 0.868256 0.090442
v -0.362274 0.854568 0.081642
v -0.371292 0.854294 0.088080
v -0.364517 0.869934 0.099926
v -0.324615 0.917984 0.064659
v -0.328781 0.927582 0.071861
v -0.320358 0.909927 0.059384
v -0.275894 0.704132 0.165596
v -0.431259 0.664154 0.067119
v -0.432205 0.664246 0.063716
v -0.415787 0.660065 0.063637
v -0.441757 0.673004 0.070263
v -0.286789 0.964035 0.182371
v -0.304199 0.965164 0.138462
v -0.295502 0.959015 0.149082
v -0.309769 0.970779 0.127175
v -0.334320 0.945511 0.110851
v -0.333328 0.946960 0.107452
v -0.347580 0.912308 0.116948
v -0.184601 1.071579 0.102699
v -0.189743 1.067291 0.095181
v -0.178116 1.073532 0.108131
v -0.181229 1.072235 0.095236
v -0.294189 0.917175 0.178034
v -0.304245 0.899673 0.186442
v -0.295486 0.919418 0.181276
v -0.283432 0.935059 0.167522
v -0.367783 0.800949 0.187528
v -0.369614 0.803772 0.186332
v -0.392303 0.779800 0.178575
v -0.370529 0.802597 0.190918
v -0.411682 0.757919 0.175228
v -0.413376 0.758881 0.177851
v -0.413681 0.759476 0.173251
v -0.426254 0.738007 0.173385
v -0.362213 0.851822 0.077831
v -0.363174 0.854691 0.076292
v -0.356033 0.859161 0.081506
v -0.295258 0.935699 0.038706
v -0.298676 0.937317 0.036296
v -0.304886 0.927521 0.045797
v -0.288162 0.939941 0.034373
v -0.264587 0.964844 0.025566
v -0.267868 0.966736 0.023899
v -0.273270 0.956650 0.028411
v -0.352570 0.870758 0.089765
v -0.351151 0.883148 0.100219
v -0.351166 0.894104 0.111290
v -0.355164 0.889130 0.111723
v -0.350174 0.896210 0.109051
v -0.375122 0.850418 0.087052
v -0.379379 0.854813 0.096853
v -0.235565 0.975815 0.157628
v -0.176682 1.050385 0.129586
v -0.173294 1.034454 0.148723
v -0.018036 1.106949 0.103849
v -0.015961 1.107620 0.125068
v -0.019608 1.107346 0.132425
v -0.004669 1.062271 0.091120
v -0.005493 1.086090 0.101198
v -0.006058 1.059464 0.093481
v -0.003128 1.038864 0.079191
v -0.256454 0.989944 0.045615
v -0.256149 0.981934 0.038306
v -0.258698 0.992065 0.053993
v -0.261200 1.003708 0.068253
v -0.255966 1.007370 0.064847
v -0.261292 1.000412 0.065270
v -0.260391 0.992401 0.057566
v -0.265488 0.990295 0.058252
v -0.258652 0.983597 0.046817
v -0.116409 0.818024 0.125294
v -0.117722 0.819244 0.094487
v -0.123184 0.821213 0.095444
v -0.119095 0.819504 0.064259
v -0.145569 1.048416 0.035397
v -0.157516 1.057663 0.043901
v -0.127075 1.056198 0.036761
v -0.178238 1.040283 0.037844
v -0.024094 0.907822 0.004192
v -0.021835 0.915314 0.021624
v -0.019608 0.902191 -0.053967
v -0.020218 0.886322 -0.049415
v -0.019119 0.895996 -0.087050
v -0.032425 0.929565 -0.003766
v -0.039841 0.855179 -0.042027
v -0.039337 0.847168 -0.075861
v -0.040039 0.860779 -0.008021
v -0.021622 0.877121 -0.050147
v -0.021835 0.869186 -0.080175
v -0.005142 1.070068 -0.018789
v -0.003082 1.041519 -0.020651
v -0.007767 1.092941 -0.016915
v -0.004379 1.020447 -0.056486
v -0.006134 1.016068 -0.072410
v 0.000519 1.057358 0.024472
v 0.000977 1.084442 0.041129
v 0.001236 1.060577 0.048844
v -0.011780 0.979111 -0.047313
v -0.018433 0.972534 -0.048689
v -0.011429 0.989059 -0.072148
v -0.032440 0.967361 -0.049087
v -0.030960 0.963409 -0.013720
v -0.009262 1.010162 -0.081937
v -0.033020 0.963333 0.011034
v -0.035767 0.965347 0.032207
v -0.008057 1.100403 -0.046580
v -0.009338 1.102707 -0.033941
v -0.049469 1.124481 0.024781
v -0.039444 1.123413 -0.001651
v 0.000748 1.099411 0.048589
v 0.001556 1.099884 0.064830
v -0.003357 1.099304 0.037357
v -0.029449 1.118240 -0.021674
v -0.035599 1.117767 -0.028087
v -0.022812 0.743378 -0.017956
v -0.034424 0.740982 -0.037583
v -0.017334 0.744217 -0.000459
v -0.087555 1.072525 0.039187
v -0.081024 1.086884 0.047066
v -0.079132 1.099167 0.057251
v -0.027084 1.100876 -0.064359
v -0.036102 1.097305 -0.068647
v -0.038925 1.116760 -0.035614
v -0.012558 1.096985 0.030187
v -0.021667 1.093414 0.025053
v -0.011703 1.106171 -0.015586
v -0.105453 1.042282 0.026080
v -0.108398 1.047577 0.029965
v -0.002258 1.031616 -0.020427
v -0.024994 1.092484 0.022640
v -0.019791 0.876816 0.099709
v -0.026337 0.868378 0.099100
v -0.020920 0.879974 0.066205
v -0.038055 0.858902 0.097950
v -0.039246 0.861282 0.063021
v -0.000061 1.061111 0.068681
v 0.000168 1.085693 0.077889
v -0.000580 1.033600 0.055983
v -0.003983 1.006363 0.086349
v -0.002975 1.022476 0.077172
v -0.004318 1.012543 0.094292
v -0.004166 1.019211 0.103734
v -0.005341 1.012100 0.117515
v -0.004608 1.034180 0.092388
v -0.003738 1.034500 0.113323
v -0.008423 1.005020 0.126260
v -0.014023 1.000885 0.134540
v -0.025070 0.992981 0.145790
v -0.018295 1.021606 0.150580
v -0.011078 0.754883 0.081676
v -0.012421 0.739441 0.082188
v -0.054291 1.107452 0.130461
v -0.055176 1.108215 0.119483
v -0.039276 1.106659 0.126357
v -0.059555 1.109375 0.107809
v -0.053940 1.109634 0.101969
v -0.044937 1.110336 0.091747
v 0.000610 1.099945 0.081491
v -0.001602 1.100769 0.095158
v -0.028488 1.107712 0.144666
v -0.014420 1.106720 0.148772
v -0.003525 1.058731 0.127390
v -0.033569 0.968353 0.055561
v -0.016037 0.889664 0.154039
v -0.023178 0.930847 0.142869
v -0.023422 0.933838 0.111048
v -0.023178 0.935226 0.075882
v -0.280029 1.001007 0.090391
v -0.279770 1.002975 0.105382
v -0.280350 0.993301 0.071724
v -0.272110 1.003540 0.120079
v -0.298752 0.986511 0.110845
v -0.249161 1.018814 0.129745
v -0.229980 1.032913 0.134501
v -0.212128 1.046387 0.134219
v -0.199844 1.056595 0.125518
v -0.203003 1.055511 0.074763
v -0.186951 1.065765 0.077776
v -0.172134 1.073425 0.075871
v -0.167618 1.071426 0.063095
v -0.160843 1.078247 0.122294
v -0.148819 1.082596 0.126295
v -0.156082 1.054428 0.153326
v -0.136398 1.087051 0.124149
v -0.118637 1.094681 0.113735
v -0.133774 1.091873 0.107543
v -0.135345 1.091125 0.091424
v -0.117371 1.096390 0.103499
v -0.097183 1.101212 0.098015
v -0.107010 1.099030 0.105540
v -0.089142 1.098175 0.143815
v -0.086670 1.099319 0.142649
v -0.105164 1.097839 0.119056
v -0.385941 0.631149 0.222761
v -0.414536 0.651932 0.070302
v -0.418198 0.659241 0.051695
v -0.438782 0.666855 0.030630
v -0.437515 0.663727 0.045129
v -0.444244 0.648529 0.173829
v -0.436142 0.638382 0.167620
v -0.431778 0.630875 0.158482
v -0.431549 0.638931 0.095641
v -0.432953 0.645248 0.085028
v -0.468781 0.716736 0.095448
v -0.470444 0.691422 0.142084
v -0.467560 0.672562 0.139353
v -0.466812 0.714722 0.145128
v -0.434586 0.663330 0.056075
v -0.434616 0.651947 0.077863
v -0.424301 0.755661 0.233988
v -0.427338 0.759048 0.221895
v -0.427490 0.761780 0.207425
v -0.424606 0.763138 0.193052
v -0.414825 0.785400 0.211227
v -0.418381 0.762299 0.183475
v -0.402161 0.784393 0.187907
v -0.419754 0.763306 0.169559
v -0.427292 0.769043 0.163390
v -0.399277 0.786682 0.173255
v -0.435165 0.775558 0.153488
v -0.449020 0.754517 0.150789
v -0.415176 0.799118 0.158895
v -0.459732 0.734940 0.148004
v -0.393494 0.857086 0.121629
v -0.392090 0.854599 0.113373
v -0.396698 0.822067 0.169128
v -0.387634 0.816910 0.176664
v -0.375931 0.811325 0.183422
v -0.359848 0.833481 0.190794
v -0.379120 0.807129 0.199664
v -0.392044 0.807739 0.209648
v -0.363052 0.822098 0.214408
v -0.399170 0.805099 0.221094
v -0.369812 0.879105 0.164219
v -0.325195 0.893005 0.186451
v -0.317917 0.886597 0.189560
v -0.335739 0.879318 0.188836
v -0.347580 0.857590 0.191307
v -0.339600 0.851547 0.197134
v -0.340332 0.855652 0.204085
v -0.332016 0.947937 0.100170
v -0.332184 0.943390 0.091180
v -0.345810 0.917297 0.109071
v -0.312302 0.974670 0.117731
v -0.300079 0.925964 0.189151
v -0.291275 0.942200 0.179459
v -0.091873 0.800827 0.150588
v -0.071350 0.788651 0.148200
v -0.094193 0.800995 0.035439
v -0.098267 0.798843 0.008982
v -0.113464 0.814728 0.036641
v -0.030350 0.757843 0.088281
v -0.029221 0.755890 0.059988
v -0.039520 0.771255 0.090343
v -0.053146 0.781174 0.092319
v -0.053528 0.781387 0.119681
v -0.054245 0.780365 0.144919
v -0.024689 0.730179 0.135277
v -0.020996 0.720932 0.128093
v -0.249557 0.761948 0.064330
v -0.242325 0.771729 0.063027
v -0.227081 0.784973 0.101947
v -0.229630 0.786270 0.078283
v -0.231827 0.786392 0.059019
v -0.234726 0.784851 0.040987
v -0.220032 0.802322 0.053815
v -0.170273 0.829025 0.101303
v -0.152756 0.828995 0.101100
v -0.207993 0.816986 0.049818
v -0.212677 0.815201 0.030582
v -0.135986 0.825439 0.097850
v -0.263123 0.741165 0.051417
v -0.260834 0.744095 0.058892
v -0.276108 0.699158 0.173542
v -0.272888 0.700516 0.181412
v -0.269852 0.701691 0.190265
v -0.015900 0.734390 0.082644
v -0.016403 0.726471 0.106063
v -0.015442 0.740479 0.055449
v -0.016998 0.717880 0.125192
v -0.442917 0.794174 0.082853
v -0.389282 0.852585 0.105358
v -0.384979 0.856049 0.106748
v -0.365860 0.877243 0.111195
v -0.377655 0.863602 0.108620
v -0.349136 0.900040 0.104236
v -0.344391 0.911865 0.095654
v -0.331512 0.935928 0.081500
v -0.313477 0.959061 0.066667
v -0.301636 0.970642 0.058944
v -0.292343 0.977737 0.057904
v -0.242279 1.017349 0.055576
v -0.227600 1.025574 0.048381
v -0.207306 1.032486 0.042550
v -0.163910 1.065506 0.052588
v -0.144272 1.076172 0.054837
v -0.127792 1.083878 0.058113
v -0.123749 1.075882 0.048581
v -0.278214 0.985382 0.058593
v -0.021194 0.883804 0.032036
v -0.025085 0.934158 0.047131
v -0.020981 0.926300 0.046272
v -0.002090 1.012970 0.044851
v -0.002350 1.024033 0.065613
v -0.039474 0.862625 0.026576
v -0.019211 0.918198 0.046137
v -0.029160 0.752884 0.031716
v -0.021423 0.744980 0.028328
v -0.015213 0.743607 0.024899
v -0.081711 1.100983 0.141287
v -0.459183 0.656006 0.135071
v -0.449005 0.683456 0.073470
v -0.280304 0.959045 0.169113
v -0.273590 0.954102 0.160391
v -0.283691 0.954727 0.154226
v -0.275055 0.952591 0.155947
v -0.460327 0.708252 0.162251
v -0.455338 0.712463 0.164450
v -0.455154 0.781296 0.062649
v -0.448273 0.786758 0.064244
v -0.111725 1.097458 0.110487
v -0.114624 1.091278 0.118228
v -0.111099 1.098053 0.109139
v -0.110794 1.098251 0.108145
v -0.315216 0.884705 0.190868
v -0.271729 0.952209 0.156990
v -0.442505 0.722488 0.168941
v -0.433746 0.798035 0.067276
v -0.412857 0.812881 0.070781
v -0.390549 0.828857 0.073779
v -0.391006 0.831360 0.072289
v -0.319000 0.907364 0.057206
v -0.322739 0.909332 0.055523
v -0.280884 0.947601 0.031114
v -0.284012 0.948959 0.029036
v -0.382568 0.858139 0.107505
v -0.278992 0.976822 0.129991
v -0.122452 1.074219 0.138126
v -0.007858 1.101166 0.154343
v -0.005005 1.101181 0.104413
v -0.008301 1.100159 0.110421
v -0.002533 1.030029 0.074059
v -0.032669 1.106369 0.124925
v -0.006638 1.057053 0.096628
v -0.009125 1.084076 0.108609
v -0.009491 1.099548 0.113523
v -0.256546 0.978226 0.035319
v -0.249893 0.980774 0.026720
v -0.121063 0.819885 0.037204
v -0.123672 0.818710 0.011238
v -0.234558 0.995056 0.023621
v -0.234421 0.988022 0.018171
v -0.142792 1.054901 0.020060
v -0.174057 1.043839 0.021890
v -0.148880 1.067917 0.012629
v -0.117218 1.063812 0.039828
v -0.027573 0.749588 -0.477948
v -0.021317 0.743103 -0.480952
v -0.030655 0.765472 -0.501797
v -0.032639 0.754166 -0.476895
v -0.048264 0.794357 -0.544783
v -0.042908 0.787735 -0.537135
v -0.045090 0.787613 -0.557961
v -0.055557 0.798676 -0.545116
v -0.051712 0.797607 -0.531130
v -0.154404 0.730011 -0.576904
v -0.157425 0.720047 -0.580954
v -0.134811 0.731216 -0.583654
v -0.249832 0.745773 -0.521435
v -0.240906 0.750214 -0.531889
v -0.254913 0.740051 -0.512386
v -0.227646 0.752777 -0.538566
v -0.232513 0.769104 -0.527171
v -0.217133 0.752930 -0.542416
v -0.228317 0.735977 -0.546700
v -0.195465 0.751343 -0.554664
v -0.206955 0.751846 -0.547864
v -0.147491 0.771484 -0.564541
v -0.143326 0.788589 -0.555733
v -0.128113 0.765884 -0.571720
v -0.168121 0.778534 -0.554572
v -0.098190 0.803619 -0.532869
v -0.100449 0.801590 -0.548280
v -0.096558 0.803177 -0.520104
v -0.080688 0.800735 -0.538196
v -0.212250 0.754028 -0.543825
v -0.212753 0.772552 -0.532059
v -0.209320 0.767960 -0.537926
v -0.276413 0.730331 -0.516691
v -0.269547 0.722549 -0.526451
v -0.262955 0.735260 -0.510883
v -0.073669 0.762787 -0.585970
v -0.058167 0.759399 -0.585777
v -0.074387 0.750427 -0.588259
v -0.090118 0.762527 -0.583269
v -0.071976 0.775391 -0.580050
v -0.018341 0.719223 -0.437429
v -0.008820 0.712646 -0.433057
v -0.012360 0.718369 -0.445734
v -0.020401 0.716904 -0.429394
v -0.008087 0.712143 -0.455490
v -0.005508 0.704849 -0.444351
v -0.006348 0.703873 -0.465834
v -0.012711 0.723999 -0.469278
v -0.016800 0.736053 -0.487795
v -0.020416 0.745041 -0.510199
v -0.077713 0.741440 -0.585430
v -0.090286 0.741150 -0.586653
v -0.065552 0.737259 -0.584118
v -0.084152 0.735596 -0.581202
v -0.098282 0.737305 -0.593611
v -0.101395 0.737045 -0.596123
v -0.096375 0.736633 -0.583195
v -0.098572 0.732849 -0.595106
v -0.066376 0.799942 -0.543502
v -0.067108 0.796814 -0.558238
v -0.066483 0.800247 -0.529392
v -0.045120 0.751022 -0.580944
v -0.043747 0.761841 -0.576344
v -0.047287 0.739716 -0.581642
v -0.207458 0.773590 -0.535791
v -0.207184 0.777359 -0.531172
v -0.027161 0.639206 -0.423584
v -0.024078 0.694672 -0.402193
v -0.029221 0.696121 -0.396299
v -0.025208 0.682648 -0.409601
v -0.017609 0.695023 -0.409523
v -0.017609 0.688339 -0.525364
v -0.013519 0.680252 -0.537083
v -0.024902 0.716446 -0.529395
v -0.011566 0.670013 -0.440069
v -0.011292 0.654297 -0.456279
v -0.007233 0.673019 -0.448758
v -0.011719 0.685257 -0.425511
v -0.017975 0.667404 -0.431380
v -0.014786 0.647690 -0.387933
v -0.013290 0.633118 -0.375019
v -0.019745 0.655472 -0.397284
v -0.024017 0.630020 -0.297009
v -0.018631 0.638138 -0.308145
v -0.024780 0.632797 -0.283976
v -0.004929 0.675018 -0.457457
v -0.004410 0.660278 -0.473593
v -0.004456 0.679657 -0.467768
v -0.005219 0.688950 -0.443913
v -0.003784 0.646606 -0.486110
v -0.006119 0.643433 -0.478841
v -0.003159 0.649170 -0.496345
v -0.058105 0.710342 -0.587463
v -0.057846 0.713867 -0.578663
v -0.041748 0.697586 -0.577654
v -0.073853 0.720627 -0.594273
v -0.027985 0.689301 -0.560326
v -0.016815 0.681381 -0.546096
v -0.087494 0.733109 -0.580738
v -0.088379 0.731293 -0.585287
v -0.073380 0.726273 -0.579956
v -0.057526 0.715897 -0.574770
v -0.056030 0.719650 -0.574953
v -0.052078 0.728134 -0.578333
v -0.012115 0.697617 -0.417696
v -0.013977 0.706696 -0.414205
v -0.026810 0.755188 -0.536238
v -0.034744 0.765366 -0.557764
v -0.030746 0.769424 -0.529392
v -0.036148 0.778229 -0.524296
v -0.041260 0.782898 -0.516176
v -0.185211 0.784714 -0.541626
v -0.140213 0.803299 -0.543269
v -0.120834 0.797623 -0.553593
v -0.109833 0.762329 -0.578207
v -0.111679 0.747101 -0.584253
v -0.105621 0.779816 -0.571138
v -0.102432 0.793503 -0.560890
v -0.085693 0.789978 -0.566565
v -0.017822 0.712311 -0.413917
v -0.115005 0.734741 -0.591232
v -0.119583 0.722870 -0.599367
v -0.237427 0.722534 -0.548642
v -0.043320 0.773972 -0.569120
v -0.054825 0.783417 -0.571856
v -0.069550 0.787521 -0.570758
v -0.021622 0.716202 -0.425643
v -0.031265 0.720123 -0.430599
v -0.352631 0.708786 -0.465097
v -0.255539 0.718643 -0.532487
v -0.253403 0.729584 -0.520638
v -0.257462 0.737473 -0.509254
v -0.089157 0.727722 -0.596310
v -0.026520 0.659836 -0.406060
v -0.026184 0.681351 -0.389561
v -0.032867 0.662598 -0.413102
v -0.026428 0.665680 -0.423818
v -0.032745 0.664825 -0.418693
v -0.026291 0.647842 -0.440705
v -0.005844 0.691498 -0.478391
v -0.004227 0.653625 -0.510863
v -0.014618 0.648849 -0.324983
v -0.012741 0.668976 -0.317681
v -0.016754 0.632294 -0.341737
v -0.005402 0.701111 -0.436269
v -0.034927 0.664001 -0.416236
v -0.035950 0.644531 -0.432908
v -0.033310 0.682999 -0.401256
v -0.027298 0.690674 -0.554842
v -0.024734 0.723999 -0.275788
v -0.030548 0.720825 -0.264715
v -0.023178 0.706055 -0.283007
v -0.021957 0.727280 -0.287153
v -0.025085 0.744476 -0.263187
v -0.022354 0.859299 -0.177721
v -0.022018 0.846939 -0.196324
v -0.024994 0.870026 -0.185922
v -0.023514 0.738083 -0.328189
v -0.027405 0.765259 -0.315270
v -0.023773 0.739685 -0.332328
v -0.033707 0.794724 -0.297719
v -0.035416 0.794327 -0.303423
v -0.040588 0.818115 -0.281895
v -0.030457 0.792084 -0.291828
v -0.036499 0.821701 -0.257453
v -0.030548 0.810333 -0.267750
v -0.042374 0.828049 -0.263348
v -0.041656 0.826675 -0.251216
v -0.029602 0.854462 -0.226014
v -0.029007 0.866714 -0.212266
v -0.032562 0.844604 -0.235675
v -0.036484 0.862701 -0.231566
v -0.029922 0.877930 -0.193094
v -0.032059 0.886429 -0.173898
v -0.036819 0.884369 -0.198367
v -0.035751 0.890839 -0.161847
v -0.038742 0.892563 -0.155383
v -0.041138 0.897324 -0.166165
v -0.033691 0.899094 -0.146143
v -0.038147 0.895538 -0.150021
v -0.038956 0.907486 -0.150164
v -0.044189 0.869980 -0.235733
v -0.045380 0.879364 -0.224114
v -0.046249 0.863525 -0.243092
v -0.039276 0.819595 -0.156112
v -0.047821 0.812271 -0.151263
v -0.038361 0.809448 -0.175249
v -0.029617 0.829010 -0.161757
v -0.039764 0.828842 -0.134644
v -0.042404 0.866135 -0.261126
v -0.043854 0.874466 -0.255108
v -0.052170 0.865524 -0.254897
v -0.040771 0.856552 -0.268824
v -0.030807 0.870361 -0.270675
v -0.015091 0.821365 -0.352093
v -0.015335 0.809708 -0.342930
v -0.016129 0.835052 -0.362742
v -0.018143 0.771606 -0.379919
v -0.016449 0.760956 -0.376369
v -0.020493 0.770172 -0.387753
v -0.020432 0.871063 -0.503876
v -0.028900 0.879242 -0.509352
v -0.018127 0.890198 -0.486591
v -0.014328 0.862518 -0.496929
v -0.024124 0.852722 -0.516143
v -0.018448 0.875229 -0.329666
v -0.017456 0.877625 -0.306476
v -0.021286 0.869995 -0.356153
v -0.021057 0.862961 -0.382825
v -0.024368 0.869812 -0.384515
v -0.017471 0.853058 -0.379446
v -0.021606 0.929138 -0.426807
v -0.026428 0.932968 -0.418305
v -0.017456 0.926529 -0.411477
v -0.017746 0.921997 -0.440726
v -0.028122 0.931992 -0.438262
v -0.012207 0.968307 -0.303403
v -0.012756 0.966110 -0.318711
v -0.011322 0.970535 -0.292448
v -0.011108 0.950882 -0.300820
v -0.019821 1.034500 -0.232201
v -0.026123 1.040237 -0.227884
v -0.020309 1.016602 -0.225787
v -0.011398 1.029984 -0.244819
v -0.016724 1.049850 -0.243764
v -0.006851 1.059143 -0.168189
v -0.006638 1.079056 -0.160980
v -0.004959 1.062683 -0.144421
v -0.018692 0.920898 -0.211158
v -0.016586 0.914291 -0.242711
v -0.013367 0.927368 -0.214073
v -0.019714 0.933990 -0.181028
v -0.026947 0.914215 -0.209900
v -0.039856 0.905762 -0.209138
v -0.050842 0.899872 -0.205945
v -0.038086 0.899475 -0.240583
v -0.019806 0.951645 -0.150699
v -0.019150 0.975693 -0.126516
v -0.027222 0.947510 -0.145756
v -0.013550 0.958160 -0.157707
v -0.012268 0.966110 -0.217394
v -0.011108 0.973938 -0.207375
v -0.011459 0.958572 -0.219733
v -0.035248 0.945084 -0.140210
v -0.042709 0.945816 -0.131580
v -0.035202 0.969879 -0.115788
v -0.047607 0.833588 -0.269293
v -0.051849 0.841537 -0.259402
v -0.023972 0.946640 -0.416245
v -0.020096 0.946091 -0.403350
v -0.027313 0.938736 -0.415125
v -0.028198 0.948410 -0.426092
v -0.019836 0.956314 -0.414913
v -0.037537 0.887268 -0.509558
v -0.041931 0.870270 -0.519814
v -0.046936 0.894531 -0.505621
v -0.034149 0.904739 -0.495056
v -0.076935 1.034485 -0.353145
v -0.084198 1.034348 -0.349103
v -0.070450 1.046265 -0.336344
v -0.017822 0.963760 -0.408972
v -0.015701 0.956955 -0.398104
v -0.023178 0.967087 -0.420260
v -0.017197 0.972183 -0.394790
v -0.018723 0.882492 -0.389788
v -0.021118 0.891357 -0.362648
v -0.023697 0.876312 -0.386791
v -0.013977 0.892197 -0.391559
v -0.058655 1.072784 -0.273589
v -0.068695 1.073303 -0.269014
v -0.050552 1.069733 -0.275679
v -0.059967 1.064484 -0.296434
v -0.040375 1.040115 -0.319431
v -0.031494 1.038956 -0.319950
v -0.047791 1.032196 -0.337437
v -0.047836 1.040970 -0.316470
v -0.034866 1.049377 -0.297664
v -0.045258 1.109543 -0.132558
v -0.033356 1.106506 -0.139569
v -0.047714 1.106491 -0.149277
v -0.059723 1.110367 -0.123929
v -0.043655 1.111816 -0.117788
v -0.043549 1.113541 -0.104546
v -0.032211 1.110519 -0.110942
v -0.055237 1.113602 -0.094687
v -0.042313 1.112564 -0.093394
v -0.075729 1.107254 -0.112320
v -0.082504 1.102127 -0.127237
v -0.072754 1.109756 -0.097126
v -0.041702 1.019928 -0.360946
v -0.030258 1.025955 -0.340733
v -0.037308 1.012543 -0.367949
v -0.057495 1.017578 -0.375155
v -0.048767 1.024429 -0.358645
v -0.016830 0.947098 -0.391361
v -0.014435 0.951828 -0.374880
v -0.018906 0.938980 -0.388723
v -0.054031 0.970200 -0.090918
v -0.053223 0.969376 -0.093180
v -0.049957 0.980072 -0.091578
v -0.034912 1.095200 -0.074064
v -0.045502 0.945190 -0.128043
v -0.046906 0.928848 -0.147171
v -0.045929 0.960419 -0.109772
v -0.102722 0.795380 -0.016235
v -0.106384 0.788528 -0.042785
v -0.080460 0.777451 -0.018147
v -0.120026 0.809067 -0.015998
v -0.146576 0.737671 -0.175586
v -0.155441 0.728500 -0.195173
v -0.133331 0.721054 -0.172985
v -0.160385 0.753937 -0.178955
v -0.071625 0.751007 -0.060717
v -0.062073 0.742325 -0.061637
v -0.063736 0.757050 -0.039185
v -0.090393 0.763245 -0.067182
v -0.260040 0.753357 -0.059000
v -0.266006 0.742996 -0.076246
v -0.253113 0.764191 -0.074962
v -0.254181 0.762924 -0.039671
v -0.267288 0.740662 -0.045374
v -0.271057 0.734070 -0.089168
v -0.266418 0.740814 -0.105669
v -0.275940 0.724594 -0.075275
v -0.251602 0.714584 -0.179659
v -0.207123 0.817841 -0.051368
v -0.198532 0.825058 -0.022048
v -0.217453 0.811691 -0.045512
v -0.216339 0.806519 -0.081279
v -0.192963 0.817841 -0.057713
v -0.191208 0.829727 0.003004
v -0.204865 0.823929 0.006494
v -0.175583 0.829178 -0.002722
v -0.243820 0.776001 -0.086632
v -0.252518 0.760132 -0.105153
v -0.234970 0.784042 -0.097025
v -0.236115 0.789230 -0.065256
v -0.173279 0.755722 -0.175898
v -0.179794 0.744461 -0.192866
v -0.168396 0.758835 -0.178609
v -0.165390 0.767609 -0.154571
v -0.177567 0.753601 -0.171175
v -0.186081 0.732086 -0.208654
v -0.194473 0.716965 -0.222435
v -0.182297 0.735107 -0.214315
v -0.190369 0.728729 -0.201494
v -0.156723 0.778900 -0.130658
v -0.153183 0.779434 -0.132659
v -0.159760 0.778793 -0.127529
v -0.153381 0.823105 -0.010192
v -0.160736 0.817932 -0.035798
v -0.134415 0.816940 -0.014221
v -0.170502 0.811050 -0.064230
v -0.179901 0.801285 -0.092961
v -0.149368 0.802902 -0.069871
v -0.202835 0.758911 -0.160546
v -0.222351 0.761612 -0.153024
v -0.208847 0.744095 -0.176234
v -0.186600 0.754257 -0.166455
v -0.196503 0.773407 -0.142015
v -0.215454 0.696854 -0.218626
v -0.219833 0.715134 -0.200710
v -0.386993 0.677673 -0.056046
v -0.389328 0.682877 -0.046481
v -0.412933 0.681198 -0.058076
v -0.384933 0.674973 -0.066352
v -0.380875 0.680832 -0.121598
v -0.362778 0.681793 -0.121933
v -0.382462 0.677628 -0.114946
v -0.399796 0.683487 -0.122342
v -0.380478 0.683609 -0.126493
v -0.081299 0.708954 -0.124628
v -0.097427 0.702332 -0.149632
v -0.067673 0.706970 -0.112238
v -0.084290 0.717987 -0.120406
v -0.110046 0.697556 -0.169804
v -0.114883 0.703644 -0.170143
v -0.052429 0.737289 -0.062888
v -0.071701 0.732437 -0.089796
v -0.047791 0.736832 -0.061533
v -0.055527 0.737976 -0.062545
v -0.350113 0.976105 -0.182742
v -0.337326 0.983414 -0.176400
v -0.350098 0.973068 -0.199138
v -0.354568 0.973221 -0.137244
v -0.361389 0.965897 -0.133011
v -0.351593 0.971359 -0.122604
v -0.344788 0.978561 -0.139709
v -0.406342 0.918747 -0.095129
v -0.421249 0.900818 -0.086763
v -0.399567 0.916656 -0.082809
v -0.388458 0.937073 -0.109272
v -0.411438 0.921341 -0.112082
v -0.434006 0.881302 -0.082368
v -0.450897 0.859833 -0.080635
v -0.428848 0.876923 -0.068358
v -0.439621 0.882843 -0.099182
v -0.471375 0.839111 -0.109965
v -0.480545 0.816544 -0.106853
v -0.470551 0.838593 -0.094586
v -0.458328 0.860672 -0.113731
v -0.470078 0.835754 -0.124175
v -0.487976 0.789001 -0.079798
v -0.486511 0.789978 -0.071001
v -0.486557 0.793976 -0.083231
v -0.489822 0.781174 -0.092899
v -0.462494 0.827240 -0.059682
v -0.465500 0.832230 -0.067954
v -0.474823 0.805679 -0.060287
v -0.457489 0.824020 -0.053850
v -0.443054 0.851639 -0.059598
v -0.424057 0.873749 -0.060205
v -0.418381 0.870560 -0.054848
v -0.409500 0.894699 -0.064390
v -0.393967 0.914459 -0.074825
v -0.388779 0.909882 -0.067460
v -0.377502 0.931839 -0.085662
v -0.371063 0.913239 -0.296266
v -0.367554 0.913361 -0.301760
v -0.375870 0.903336 -0.295086
v -0.378479 0.917282 -0.262541
v -0.379150 0.902893 -0.279829
v -0.381088 0.910400 -0.261108
v -0.406342 0.864212 -0.291462
v -0.422256 0.855850 -0.286413
v -0.417450 0.871490 -0.291750
v -0.397614 0.873138 -0.291953
v -0.402328 0.858429 -0.290586
v -0.437149 0.849289 -0.243395
v -0.437546 0.860413 -0.215540
v -0.439209 0.857712 -0.245146
v -0.434341 0.841278 -0.263391
v -0.435486 0.843597 -0.239349
v -0.437347 0.862396 -0.184863
v -0.436005 0.865509 -0.164648
v -0.439774 0.871475 -0.190097
v -0.435150 0.854477 -0.184919
v -0.484650 0.801941 -0.106853
v -0.484924 0.796219 -0.111938
v -0.485901 0.799484 -0.097078
v -0.477539 0.813110 -0.121120
v -0.485794 0.798782 -0.087396
v -0.488724 0.785904 -0.096905
v -0.479996 0.814270 -0.081970
v -0.444305 0.880310 -0.115078
v -0.430374 0.901855 -0.118420
v -0.443771 0.877991 -0.128716
v -0.466858 0.824585 -0.151324
v -0.456192 0.837631 -0.167356
v -0.478424 0.818573 -0.158918
v -0.461395 0.823944 -0.143576
v -0.490570 0.752548 -0.107665
v -0.490509 0.771011 -0.100938
v -0.489807 0.758759 -0.115780
v -0.488953 0.737076 -0.106778
v -0.491882 0.754715 -0.097957
v -0.481537 0.721695 -0.095402
v -0.472687 0.716232 -0.107246
v -0.478226 0.715744 -0.081447
v -0.491867 0.736526 -0.087578
v -0.477188 0.713287 -0.070505
v -0.477249 0.713638 -0.060555
v -0.490967 0.732712 -0.061168
v -0.454956 0.695786 -0.078362
v -0.289978 1.003906 -0.062267
v -0.285904 1.005798 -0.052156
v -0.278229 1.012238 -0.075224
v -0.208191 1.056259 -0.026107
v -0.210464 1.059372 -0.048759
v -0.203857 1.053009 -0.003603
v -0.188309 1.068375 -0.025922
v -0.093796 1.100220 -0.067506
v -0.109024 1.092880 -0.071497
v -0.082733 1.105301 -0.070066
v -0.385773 0.895889 -0.012389
v -0.382126 0.898529 -0.032643
v -0.381256 0.882187 -0.029304
v -0.387695 0.889938 -0.007672
v -0.386124 0.906738 -0.010314
v -0.381195 0.919937 -0.016245
v -0.369888 0.938843 -0.037652
v -0.379578 0.919327 -0.037567
v -0.319046 0.984787 -0.052785
v -0.328369 0.978363 -0.057391
v -0.319489 0.984085 -0.044593
v -0.356552 0.937592 -0.063029
v -0.368179 0.924515 -0.056010
v -0.358902 0.946335 -0.057077
v -0.344376 0.951538 -0.068610
v -0.352768 0.932236 -0.067217
v -0.490952 0.758652 -0.063246
v -0.487350 0.773392 -0.061999
v -0.490311 0.753128 -0.058141
v -0.493576 0.751953 -0.087871
v -0.491302 0.770920 -0.094997
v -0.452240 0.819885 -0.049348
v -0.432266 0.844055 -0.050325
v -0.447891 0.816910 -0.046236
v -0.409073 0.866882 -0.048531
v -0.394470 0.885025 -0.049946
v -0.404434 0.860611 -0.043957
v -0.382767 0.902313 -0.058798
v -0.369370 0.920425 -0.070419
v -0.376175 0.897308 -0.052698
v -0.200592 0.996536 -0.314178
v -0.190521 1.004074 -0.311073
v -0.214020 0.987305 -0.315023
v -0.220093 1.000015 -0.296217
v -0.228043 1.048248 -0.155303
v -0.224350 1.047729 -0.168261
v -0.253159 1.037384 -0.156179
v -0.228134 1.048279 -0.141593
v -0.205505 1.055573 -0.151086
v -0.242599 1.028641 -0.215834
v -0.252319 1.024078 -0.214363
v -0.237701 1.036819 -0.194289
v -0.231293 1.031769 -0.220368
v -0.234238 1.023254 -0.242421
v -0.193741 1.056427 -0.147175
v -0.205017 1.053818 -0.137099
v -0.187134 1.052155 -0.143447
v -0.225861 1.046249 -0.131768
v -0.220596 1.042191 -0.124377
v -0.282455 0.997223 -0.224584
v -0.286819 0.989090 -0.223685
v -0.294006 1.004333 -0.190528
v -0.276642 1.006134 -0.221928
v -0.268311 0.988647 -0.254731
v -0.252380 0.984680 -0.278109
v -0.255905 0.976303 -0.276772
v -0.246490 0.993286 -0.278944
v -0.235321 0.982773 -0.298051
v -0.220871 0.979568 -0.314613
v -0.224838 0.970871 -0.312333
v -0.210571 0.975189 -0.324947
v -0.226868 0.959854 -0.309985
v -0.240936 0.964493 -0.294360
v -0.218201 0.955032 -0.319125
v -0.228653 0.950760 -0.307316
v -0.291473 0.981232 -0.223222
v -0.300995 0.989700 -0.192533
v -0.278915 0.971680 -0.250536
v -0.296570 0.975708 -0.220715
v -0.215012 1.034210 -0.116386
v -0.192413 1.040695 -0.124332
v -0.243774 1.025009 -0.113310
v -0.212570 1.026840 -0.110294
v -0.178345 1.043259 -0.137578
v -0.171829 1.044357 -0.152447
v -0.172516 1.039795 -0.131051
v -0.224304 1.031677 -0.222083
v -0.220459 1.035126 -0.210037
v -0.217896 1.029510 -0.222503
v -0.216980 1.028427 -0.236423
v -0.155991 1.023987 -0.299896
v -0.149384 1.016937 -0.317583
v -0.145050 1.033249 -0.291825
v -0.117493 1.041077 -0.232476
v -0.110229 1.054184 -0.240057
v -0.122650 1.029373 -0.229650
v -0.186020 1.031845 -0.243906
v -0.187073 1.035660 -0.224890
v -0.190048 1.026779 -0.243754
v -0.098709 1.093399 -0.141641
v -0.089920 1.093964 -0.152982
v -0.121017 1.080154 -0.154778
v -0.111969 1.089508 -0.129098
v -0.143707 1.073059 -0.128056
v -0.151688 1.075760 -0.108720
v -0.135239 1.081131 -0.121524
v -0.139801 1.068695 -0.147583
v -0.120895 1.087952 -0.111410
v -0.481598 0.796585 -0.254652
v -0.484177 0.775864 -0.257607
v -0.489334 0.792801 -0.243504
v -0.480026 0.811234 -0.245255
v -0.470108 0.798019 -0.262512
v -0.491226 0.790314 -0.234171
v -0.492645 0.797241 -0.198549
v -0.491577 0.800446 -0.204125
v -0.492401 0.789383 -0.195383
v -0.491943 0.803421 -0.186829
v -0.473907 0.733932 -0.300985
v -0.471451 0.741760 -0.295134
v -0.467575 0.740921 -0.315166
v -0.493729 0.702759 -0.252897
v -0.497604 0.686371 -0.251678
v -0.499374 0.700287 -0.234844
v -0.501816 0.700134 -0.218974
v -0.500046 0.704041 -0.204577
v -0.499039 0.719589 -0.223649
v -0.506393 0.683762 -0.214694
v -0.494629 0.712250 -0.191903
v -0.488037 0.720123 -0.183003
v -0.500137 0.693176 -0.186390
v -0.460175 0.755783 -0.298820
v -0.462204 0.746506 -0.283518
v -0.450119 0.767548 -0.305141
v -0.459488 0.759720 -0.316795
v -0.441757 0.793045 -0.293242
v -0.438019 0.792984 -0.277269
v -0.436600 0.815048 -0.281524
v -0.444839 0.799011 -0.306201
v -0.444702 0.778549 -0.303843
v -0.441681 0.771500 -0.351870
v -0.446381 0.779907 -0.340401
v -0.438751 0.774185 -0.355917
v -0.437729 0.762390 -0.362132
v -0.443054 0.768356 -0.350827
v -0.381256 0.792801 -0.421818
v -0.375168 0.804871 -0.420225
v -0.374359 0.778412 -0.431791
v -0.387238 0.767883 -0.429276
v -0.391541 0.796051 -0.412657
v -0.390350 0.749756 -0.436762
v -0.391129 0.733780 -0.444362
v -0.397751 0.750992 -0.430255
v -0.415527 0.719788 -0.426893
v -0.412781 0.734756 -0.423684
v -0.402222 0.719177 -0.440993
v -0.428162 0.719421 -0.411011
v -0.414307 0.849487 -0.310840
v -0.424484 0.841156 -0.295348
v -0.402496 0.856171 -0.325913
v -0.388046 0.864548 -0.339054
v -0.372406 0.871323 -0.350727
v -0.393845 0.855103 -0.349717
v -0.382019 0.868378 -0.330728
v -0.349594 0.841888 -0.407985
v -0.355591 0.825211 -0.417246
v -0.343918 0.856888 -0.397324
v -0.342102 0.840988 -0.407309
v -0.356796 0.873566 -0.362422
v -0.349106 0.875183 -0.356326
v -0.345886 0.871658 -0.374558
v -0.364899 0.865967 -0.372242
v -0.341614 0.866959 -0.385371
v -0.333221 0.865952 -0.383761
v -0.323196 0.861923 -0.379551
v -0.316101 0.859161 -0.375069
v -0.325684 0.851776 -0.393143
v -0.328476 0.870377 -0.364024
v -0.332458 0.838638 -0.403780
v -0.323517 0.835068 -0.400232
v -0.315521 0.841568 -0.409720
v -0.318283 0.835724 -0.402358
v -0.309357 0.856689 -0.396348
v -0.311218 0.845337 -0.418910
v -0.365601 0.886902 -0.311176
v -0.352005 0.891235 -0.324881
v -0.365021 0.876816 -0.309823
v -0.373962 0.885727 -0.301327
v -0.364883 0.901535 -0.312391
v -0.391113 0.909882 -0.261069
v -0.385574 0.908005 -0.260131
v -0.391556 0.896622 -0.277422
v -0.397324 0.912537 -0.260966
v -0.337585 0.941269 -0.295565
v -0.320953 0.948639 -0.294920
v -0.289322 0.941360 -0.329546
v -0.275070 0.932449 -0.354013
v -0.299469 0.949234 -0.306793
v -0.272491 0.948486 -0.325403
v -0.302399 0.953766 -0.292942
v -0.302628 0.954742 -0.284671
v -0.260651 0.951584 -0.323272
v -0.249435 0.951370 -0.322148
v -0.247513 0.943192 -0.347462
v -0.394150 0.936707 -0.201341
v -0.401932 0.929550 -0.202140
v -0.379974 0.950363 -0.198961
v -0.342972 0.968964 -0.111312
v -0.334091 0.966232 -0.101954
v -0.337128 0.973129 -0.121900
v -0.311172 0.982773 -0.121502
v -0.317017 0.976227 -0.123624
v -0.310501 0.986237 -0.141084
v -0.216568 1.052139 -0.089548
v -0.193100 1.064362 -0.091096
v -0.212509 1.047989 -0.096297
v -0.236984 1.039520 -0.088272
v -0.168747 1.073044 -0.096950
v -0.168060 1.076538 -0.088351
v -0.110504 1.057877 -0.186661
v -0.126877 1.044296 -0.187882
v -0.123138 1.065918 -0.175087
v -0.097031 1.076218 -0.175883
v -0.104156 1.051453 -0.192989
v -0.148193 1.036362 -0.184658
v -0.155975 1.040894 -0.180679
v -0.143219 1.033585 -0.178553
v -0.142700 1.036255 -0.206511
v -0.273193 0.814697 -0.472874
v -0.280884 0.804932 -0.474831
v -0.257736 0.814926 -0.481269
v -0.240173 0.893036 -0.415300
v -0.231247 0.910019 -0.397674
v -0.233551 0.886597 -0.415998
v -0.253082 0.876785 -0.429123
v -0.250153 0.895370 -0.413693
v -0.263107 0.896133 -0.409515
v -0.259781 0.909424 -0.395025
v -0.274139 0.875061 -0.425617
v -0.244476 0.813248 -0.489941
v -0.238724 0.800171 -0.502408
v -0.252167 0.801453 -0.493713
v -0.234711 0.822372 -0.487670
v -0.212677 0.789108 -0.518018
v -0.221619 0.788208 -0.518312
v -0.207901 0.786835 -0.518773
v -0.105225 0.902466 -0.470287
v -0.092239 0.905136 -0.479545
v -0.097809 0.893295 -0.475681
v -0.117233 0.903183 -0.459480
v -0.057922 0.899399 -0.499348
v -0.054428 0.915085 -0.485918
v -0.074570 0.929077 -0.462726
v -0.078094 0.922043 -0.471026
v -0.087967 0.930588 -0.455045
v -0.073853 0.935257 -0.451100
v -0.064758 0.928467 -0.466289
v -0.085083 0.956009 -0.412490
v -0.066406 0.951355 -0.425983
v -0.087875 0.948868 -0.411459
v -0.080917 0.964554 -0.413489
v -0.094833 0.942566 -0.421856
v -0.098373 0.937439 -0.437004
v -0.091217 0.944489 -0.414386
v -0.079559 0.939026 -0.435682
v -0.072372 0.937912 -0.442721
v -0.065491 0.938019 -0.441802
v -0.054047 0.936844 -0.442064
v -0.053207 0.934341 -0.454844
v -0.055420 0.937149 -0.433307
v -0.042816 0.935226 -0.442667
v -0.133682 0.994324 -0.365089
v -0.147537 0.990875 -0.362930
v -0.130753 1.001144 -0.358294
v -0.150314 0.873840 -0.481058
v -0.135178 0.873840 -0.490515
v -0.163422 0.867249 -0.480253
v -0.165756 0.872452 -0.468623
v -0.146805 0.881851 -0.474670
v -0.164917 0.885529 -0.455573
v -0.164307 0.895798 -0.447278
v -0.160873 0.888718 -0.458168
v -0.168228 0.877136 -0.459496
v -0.170532 0.885574 -0.444036
v -0.180634 0.941742 -0.383723
v -0.187424 0.959061 -0.355072
v -0.176117 0.947006 -0.386515
v -0.173157 0.921097 -0.414738
v -0.186234 0.932724 -0.380732
v -0.221725 1.019424 -0.264222
v -0.205292 1.017624 -0.281413
v -0.229477 1.011414 -0.271470
v -0.212479 1.025040 -0.258137
v -0.235336 0.927963 -0.373668
v -0.246796 0.927139 -0.374849
v -0.228134 0.927383 -0.369721
v -0.141006 0.836609 -0.511572
v -0.157135 0.834030 -0.509591
v -0.138657 0.841446 -0.509886
v -0.145370 0.829147 -0.514254
v -0.196548 0.875259 -0.424080
v -0.190460 0.874969 -0.422408
v -0.171844 0.873169 -0.460889
v -0.179993 0.872025 -0.458633
v -0.203217 0.970810 -0.328620
v -0.198196 0.967743 -0.329248
v -0.208115 0.962234 -0.326164
v -0.204514 0.945694 -0.333202
v -0.206985 0.945297 -0.326696
v -0.197372 0.956528 -0.337255
v -0.201065 0.938629 -0.347143
v -0.212509 0.951309 -0.322646
v -0.210037 0.947205 -0.322822
v -0.336746 0.740051 -0.485153
v -0.326447 0.758575 -0.475908
v -0.328003 0.740341 -0.490430
v -0.373032 0.714554 -0.452116
v -0.383881 0.717346 -0.452538
v -0.364456 0.714737 -0.449786
v -0.357132 0.726868 -0.462494
v -0.159821 1.041946 -0.179537
v -0.161545 1.039352 -0.170395
v -0.165131 1.043030 -0.196109
v -0.070740 1.084778 -0.211811
v -0.062790 1.088608 -0.212411
v -0.077774 1.078476 -0.236221
v -0.078568 1.079849 -0.207227
v -0.079773 1.071579 -0.260449
v -0.083145 1.063889 -0.278657
v -0.091675 1.067947 -0.250097
v -0.431793 0.683273 -0.082099
v -0.434464 0.684586 -0.069654
v -0.431168 0.684784 -0.094546
v -0.408920 0.676468 -0.081728
v -0.428848 0.688599 -0.107100
v -0.445816 0.700134 -0.110134
v -0.421371 0.690445 -0.118795
v -0.405670 0.678467 -0.106878
v -0.216476 0.934830 -0.322606
v -0.216415 0.932083 -0.332717
v -0.218002 0.937469 -0.319320
v -0.216354 0.921707 -0.359676
v -0.218552 0.923294 -0.359932
v -0.222992 0.927582 -0.360019
v -0.229782 0.941055 -0.335314
v -0.015335 0.773514 -0.421165
v -0.013428 0.793030 -0.410950
v -0.017319 0.762344 -0.420347
v -0.014084 0.777130 -0.437892
v -0.014267 0.916138 -0.274299
v -0.020493 0.910828 -0.275556
v -0.011703 0.924301 -0.293050
v -0.010620 0.921402 -0.265416
v -0.010849 0.935349 -0.299876
v -0.013000 0.931580 -0.315414
v -0.008987 0.938370 -0.287140
v -0.008530 0.927689 -0.258887
v -0.007919 0.933365 -0.267583
v -0.007828 0.937988 -0.248119
v -0.009094 0.929108 -0.239518
v -0.054672 0.700378 -0.108550
v -0.048035 0.708176 -0.096893
v -0.155960 0.679321 -0.236073
v -0.148895 0.679977 -0.222898
v -0.040298 0.697662 -0.259457
v -0.036575 0.691055 -0.261615
v -0.039383 0.699707 -0.260670
v -0.022537 0.726990 -0.412801
v -0.020020 0.731552 -0.411932
v -0.023926 0.731888 -0.426379
v -0.462021 0.826401 -0.015547
v -0.461594 0.823212 0.000126
v -0.442871 0.851074 -0.009319
v -0.460373 0.824417 -0.027568
v -0.480911 0.777161 -0.022063
v -0.479904 0.777924 -0.004378
v -0.481522 0.773804 -0.039845
v -0.482788 0.766037 -0.024923
v -0.132538 0.676468 -0.197485
v -0.134445 0.666138 -0.197571
v -0.380081 0.877579 -0.035289
v -0.378632 0.882538 -0.039330
v -0.385895 0.872528 -0.036846
v -0.310791 0.959473 -0.088983
v -0.305069 0.965820 -0.091636
v -0.264771 0.985733 -0.096921
v -0.270233 0.985367 -0.097614
v -0.265701 0.987946 -0.095530
v -0.211731 1.024414 -0.108131
v -0.196274 1.031891 -0.109071
v -0.320114 0.973831 -0.124718
v -0.317719 0.979248 -0.143371
v -0.324265 0.974564 -0.127193
v -0.323196 0.968613 -0.109941
v -0.299255 0.973541 -0.219790
v -0.303040 0.974182 -0.219868
v -0.306885 0.982285 -0.192192
v -0.293304 0.963837 -0.241485
v -0.265503 0.957184 -0.272389
v -0.263840 0.960083 -0.272448
v -0.244049 0.953171 -0.292315
v -0.266663 0.956604 -0.274667
v -0.284393 0.959335 -0.255531
v -0.304901 0.950516 -0.259167
v -0.295380 0.957153 -0.252591
v -0.180405 0.985764 -0.331388
v -0.189484 0.975143 -0.331225
v -0.172272 0.994629 -0.331007
v -0.207382 0.904099 -0.360823
v -0.204025 0.907562 -0.364228
v -0.227890 0.863098 -0.418091
v -0.228348 0.866180 -0.417333
v -0.246719 0.853653 -0.440685
v -0.402664 0.858444 -0.041643
v -0.405273 0.859756 -0.038442
v -0.426575 0.838699 -0.045507
v -0.204727 1.025406 -0.254267
v -0.212891 1.028198 -0.221286
v -0.175934 1.020935 -0.284507
v -0.125031 1.025284 -0.228463
v -0.123215 1.027405 -0.251281
v -0.128830 1.027573 -0.228219
v -0.119614 1.030899 -0.208241
v -0.216400 1.022491 0.007108
v -0.219803 1.013718 0.004469
v -0.211197 1.038239 0.007764
v -0.235107 1.009598 0.002075
v -0.253983 1.010834 -0.008281
v -0.237320 1.002289 0.006473
v -0.226120 1.009750 0.002659
v -0.049484 0.967255 -0.098842
v -0.045486 0.976212 -0.099871
v -0.018829 1.008270 -0.112720
v -0.011551 1.008591 -0.123139
v -0.018463 1.041412 -0.105757
v -0.026657 1.005875 -0.106286
v -0.019928 0.886002 -0.112986
v -0.020203 0.871826 -0.111705
v -0.052933 0.827286 -0.103095
v -0.049530 0.830429 -0.103990
v -0.052338 0.818481 -0.128347
v -0.049408 0.787598 -0.186245
v -0.046738 0.790405 -0.188550
v -0.049026 0.798981 -0.168034
v -0.050140 0.772964 -0.204222
v -0.026611 0.788940 -0.284372
v -0.008026 0.940720 -0.273765
v -0.008682 0.954468 -0.276836
v -0.036469 0.889786 -0.278791
v -0.041718 0.894119 -0.277464
v -0.043320 0.882263 -0.257818
v -0.027588 0.883194 -0.283477
v -0.015182 0.922791 -0.338669
v -0.014679 0.932205 -0.341138
v -0.017197 0.910736 -0.338177
v -0.015594 0.911392 -0.367182
v -0.036011 0.794876 -0.305458
v -0.043991 0.819992 -0.289784
v -0.034500 0.795731 -0.307232
v -0.027512 0.894485 -0.336390
v -0.025955 0.882339 -0.359918
v -0.025909 0.897278 -0.336754
v -0.032578 0.901794 -0.310013
v -0.020126 0.799042 -0.379003
v -0.023407 0.786133 -0.385839
v -0.058975 0.818924 -0.526996
v -0.049332 0.819168 -0.528426
v -0.064316 0.806076 -0.524497
v -0.073883 0.816635 -0.523583
v -0.146988 0.826050 -0.515656
v -0.141953 0.823639 -0.515351
v -0.033585 0.728088 -0.439299
v -0.032211 0.729446 -0.437497
v -0.033051 0.740311 -0.454028
v -0.052567 0.799393 -0.526037
v -0.049866 0.804123 -0.526168
v -0.048370 0.794189 -0.521800
v -0.057816 0.801514 -0.526590
v -0.066330 0.801071 -0.524167
v -0.078720 0.800858 -0.520026
v -0.095703 0.803680 -0.515369
v -0.114029 0.809189 -0.512373
v -0.094650 0.807892 -0.516013
v -0.063034 0.989273 -0.401539
v -0.054199 0.977783 -0.415373
v -0.073349 0.980103 -0.405677
v -0.073532 0.996780 -0.390769
v -0.048096 0.994431 -0.397618
v -0.050705 0.968231 -0.425186
v -0.062866 0.968811 -0.421105
v -0.040405 0.968674 -0.425627
v -0.050552 0.959229 -0.430428
v -0.033859 0.949661 -0.430375
v -0.031555 0.959808 -0.429633
v -0.036636 0.939682 -0.429356
v -0.041794 0.948914 -0.431120
v -0.133713 0.920120 -0.451159
v -0.136337 0.912842 -0.455604
v -0.138992 0.914719 -0.452217
v -0.134781 0.924728 -0.444583
v -0.125778 0.965958 -0.382851
v -0.137711 0.977356 -0.374872
v -0.108978 0.953491 -0.395094
v -0.121826 0.902908 -0.456124
v -0.110092 0.891418 -0.463150
v -0.037308 0.935562 -0.429465
v -0.036591 0.934540 -0.433167
v -0.044647 0.936020 -0.429680
v -0.032455 0.935623 -0.425754
v -0.019714 0.935150 -0.386984
v -0.016098 0.935913 -0.377850
v -0.019470 0.997467 -0.225640
v -0.027267 1.001846 -0.217742
v -0.019348 0.980988 -0.226740
v -0.020859 1.007812 -0.207118
v -0.022675 1.026184 -0.206193
v -0.014267 1.003235 -0.202023
v -0.027496 1.004471 -0.211983
v -0.010162 0.992783 -0.192575
v -0.008804 0.978622 -0.181905
v -0.054825 1.090622 -0.214147
v -0.050232 1.096588 -0.190995
v -0.044083 1.090637 -0.218524
v -0.036224 1.088150 -0.220586
v -0.032425 1.093063 -0.205935
v -0.039276 1.081528 -0.233059
v -0.023102 0.806763 -0.228082
v -0.022858 0.814163 -0.223400
v -0.023514 0.796478 -0.233351
v -0.066254 1.028625 -0.350677
v -0.059097 1.033813 -0.333141
v -0.063263 1.027634 -0.351813
v -0.051147 1.041885 -0.315463
v -0.052673 1.043991 -0.316158
v -0.044983 1.050430 -0.296406
v -0.043015 1.057114 -0.274411
v -0.044525 1.059479 -0.274449
v -0.039642 1.056442 -0.274622
v -0.031494 1.063492 -0.245696
v -0.031021 1.065384 -0.243332
v -0.025162 1.058716 -0.238688
v -0.019226 0.975342 -0.226306
v -0.024109 0.987503 -0.219777
v -0.048874 0.907013 -0.163596
v -0.047836 0.905548 -0.165658
v -0.047714 0.909073 -0.160492
v -0.045380 0.901245 -0.157561
v -0.039703 0.893784 -0.152270
v -0.033127 0.884659 -0.148317
v -0.026978 0.874146 -0.146290
v -0.022507 0.865372 -0.145394
v -0.053268 0.845367 -0.255152
v -0.052170 0.848633 -0.252800
v -0.048584 0.836746 -0.252483
v -0.030334 0.814880 -0.236451
v -0.037201 0.821884 -0.242775
v -0.085907 1.074524 -0.205800
v -0.097031 1.068832 -0.224490
v -0.074631 1.078674 -0.191175
v -0.098724 1.081924 -0.049664
v -0.086563 1.074020 -0.031624
v -0.110474 1.088058 -0.065888
v -0.039597 1.096313 -0.070284
v -0.045929 1.092606 -0.061905
v -0.039780 1.098938 -0.074295
v -0.216354 0.997070 0.010138
v -0.220551 0.994064 0.011808
v -0.217712 1.000732 0.008321
v -0.223282 0.995621 0.010446
v -0.232483 1.046646 -0.052751
v -0.232101 1.043030 -0.044826
v -0.226334 1.050888 -0.056850
v -0.222015 1.010284 0.003236
v -0.227020 1.022537 -0.007635
v -0.483368 0.724869 -0.274688
v -0.477936 0.730392 -0.275918
v -0.448517 0.782593 -0.335275
v -0.448242 0.780121 -0.327567
v -0.446991 0.789673 -0.332213
v -0.448090 0.776123 -0.339002
v -0.374451 0.955643 -0.198384
v -0.371262 0.955521 -0.206388
v -0.376236 0.950821 -0.205619
v -0.415756 0.910263 -0.152838
v -0.416229 0.909927 -0.154583
v -0.424072 0.891006 -0.147650
v -0.407486 0.923813 -0.159568
v -0.428864 0.869110 -0.149238
v -0.429474 0.871338 -0.151611
v -0.431564 0.869705 -0.146048
v -0.459534 0.824081 -0.140064
v -0.460129 0.826828 -0.138158
v -0.476669 0.806610 -0.126774
v -0.462967 0.743912 -0.277753
v -0.446228 0.772629 -0.307388
v -0.400864 0.855896 -0.290921
v -0.418671 0.846375 -0.284661
v -0.380249 0.879532 -0.286622
v -0.379120 0.882462 -0.288358
v -0.384018 0.879959 -0.286841
v -0.382004 0.893158 -0.276044
v -0.343323 0.806641 -0.421103
v -0.330475 0.820511 -0.409045
v -0.354004 0.795547 -0.431296
v -0.435791 0.890381 -0.162334
v -0.440781 0.881165 -0.171243
v -0.434555 0.887131 -0.160017
v -0.439865 0.864288 -0.246485
v -0.438141 0.873047 -0.246925
v -0.439041 0.857773 -0.266474
v -0.438812 0.873459 -0.220345
v -0.435471 0.859970 -0.279065
v -0.435623 0.869919 -0.271188
v -0.429626 0.868515 -0.286827
v -0.433548 0.854004 -0.279719
v -0.480164 0.726624 -0.175653
v -0.474548 0.713379 -0.166351
v -0.473602 0.733826 -0.171539
v -0.457336 0.717224 -0.138751
v -0.470398 0.728882 -0.145782
v -0.454453 0.713989 -0.145067
v -0.437225 0.704010 -0.131945
v -0.458832 0.716858 -0.129040
v -0.479813 0.742279 -0.153231
v -0.489319 0.785995 -0.214825
v -0.489746 0.791550 -0.213875
v -0.380295 0.684357 -0.129242
v -0.379929 0.682632 -0.132126
v -0.362228 0.685226 -0.129874
v -0.398438 0.686386 -0.129137
v -0.488770 0.749695 -0.043403
v -0.486847 0.753189 -0.039947
v -0.489380 0.750900 -0.048701
v -0.488327 0.733841 -0.044696
v -0.255280 0.796600 -0.495377
v -0.256912 0.789307 -0.496036
v -0.265091 0.795639 -0.490009
v -0.322922 0.765656 -0.472218
v -0.325745 0.773560 -0.465228
v -0.374634 0.743927 -0.441497
v -0.367432 0.730164 -0.445519
v -0.360779 0.715195 -0.449319
v -0.260345 0.770325 -0.496645
v -0.293365 0.754715 -0.485635
v -0.187500 0.820938 -0.502311
v -0.199478 0.801132 -0.507076
v -0.175613 0.838379 -0.501287
v -0.199799 0.701416 -0.249100
v -0.195267 0.700317 -0.248407
v -0.188965 0.720184 -0.232884
v -0.202026 0.700607 -0.245713
v -0.180252 0.735916 -0.216578
v -0.175537 0.731567 -0.215761
v -0.172806 0.748978 -0.199160
v -0.165848 0.759659 -0.179711
v -0.158798 0.769257 -0.158041
v -0.180084 0.752823 -0.168990
v -0.171814 0.766068 -0.149667
v -0.186996 0.739700 -0.184950
v -0.150925 0.779312 -0.133452
v -0.144287 0.773819 -0.132185
v -0.143188 0.789200 -0.106185
v -0.141525 0.799881 -0.072602
v -0.151535 0.790359 -0.099771
v -0.126938 0.814255 -0.015731
v -0.097610 0.729584 -0.120331
v -0.095627 0.727936 -0.120563
v -0.078262 0.735016 -0.090637
v -0.127991 0.714569 -0.172132
v -0.138214 0.706299 -0.191459
v -0.125900 0.712891 -0.171788
v -0.168686 0.688446 -0.241525
v -0.157272 0.692474 -0.225948
v -0.173355 0.690796 -0.242961
v -0.117340 0.706696 -0.170072
v -0.104294 0.714081 -0.146443
v -0.119247 0.708450 -0.170100
v -0.126602 0.699936 -0.189440
v -0.257553 0.753876 0.028805
v -0.266739 0.740601 0.024974
v -0.261292 0.750961 0.012322
v -0.248871 0.766739 0.027722
v -0.264618 0.747116 -0.003487
v -0.269485 0.738983 -0.020770
v -0.257156 0.757843 -0.008191
v -0.280624 0.718857 0.021849
v -0.414459 0.674576 -0.005856
v -0.392258 0.691162 -0.021725
v -0.412308 0.694366 -0.025284
v -0.391144 0.696487 -0.027452
v -0.274078 0.729065 0.023339
v -0.410706 0.867645 0.031815
v -0.415161 0.873016 0.015005
v -0.435333 0.843445 0.026843
v -0.404160 0.862640 0.047503
v -0.371216 0.881683 0.064026
v -0.369339 0.871841 0.069566
v -0.361328 0.884964 0.067763
v -0.367584 0.899582 0.050265
v -0.381882 0.872314 0.060923
v -0.359177 0.926620 0.019958
v -0.346115 0.923584 0.040326
v -0.348465 0.944290 -0.000644
v -0.365921 0.862839 0.073492
v -0.358078 0.869934 0.073460
v -0.377075 0.852219 0.072294
v -0.308197 0.942963 0.030835
v -0.299927 0.946533 0.027659
v -0.318222 0.935623 0.037341
v -0.477905 0.774841 0.021197
v -0.482666 0.757721 0.022378
v -0.474838 0.771408 0.044470
v -0.470490 0.793732 0.019814
v -0.487579 0.739807 0.018969
v -0.486130 0.722916 0.011324
v -0.486603 0.747314 -0.008060
v -0.088196 0.675690 -0.152673
v -0.099457 0.668854 -0.160223
v -0.031052 0.696564 -0.393334
v -0.029709 0.696671 -0.388963
v -0.427780 0.699295 -0.027056
v -0.430466 0.691910 -0.021251
v -0.428787 0.705200 -0.033280
v -0.432632 0.699295 -0.041680
v -0.435059 0.691360 -0.049906
v -0.413544 0.695526 -0.039954
v -0.313812 0.964050 0.004358
v -0.310196 0.971268 -0.001163
v -0.324921 0.968430 -0.014229
v -0.304321 0.959305 0.016784
v -0.234283 0.985535 0.016181
v -0.236862 0.986725 0.015201
v -0.194046 1.027237 0.018469
v -0.023453 0.742188 -0.334755
v -0.026321 0.768570 -0.324674
v -0.022018 0.742416 -0.339705
v -0.017685 0.693558 -0.356639
v -0.019806 0.716232 -0.351893
v -0.020782 0.696564 -0.367557
v -0.018875 0.688629 -0.285338
v -0.027740 0.697968 -0.273222
v -0.020981 0.681061 -0.277400
v -0.016205 0.686325 -0.296095
v -0.024521 0.769531 -0.248539
v -0.022552 0.774567 -0.253199
v -0.024063 0.838562 -0.164643
v -0.024292 0.826553 -0.185225
v -0.021606 0.863907 -0.108829
v -0.022278 0.832886 -0.210350
v -0.021790 0.776306 -0.260953
v -0.021149 0.753235 -0.282867
v -0.020981 0.730743 -0.301188
v -0.019547 0.709763 -0.311041
v -0.037231 0.837250 -0.241982
v -0.041656 0.831635 -0.246001
v -0.043365 0.845856 -0.246140
v -0.036804 0.936188 -0.110962
v -0.046036 0.891006 -0.202643
v -0.052307 0.895767 -0.203732
v -0.044891 0.900040 -0.179622
v -0.049255 0.856049 -0.248573
v -0.039413 0.717712 -0.255385
v -0.047989 0.717331 -0.247211
v -0.039749 0.706680 -0.259839
v -0.039307 0.736511 -0.245063
v -0.038971 0.759903 -0.229704
v -0.047073 0.755249 -0.224329
v -0.038940 0.780853 -0.212390
v -0.038239 0.797165 -0.194260
v -0.029556 0.805069 -0.200376
v -0.039108 0.838608 -0.107260
v -0.044861 0.902451 -0.168837
v -0.019669 0.746033 -0.348431
v -0.019104 0.773499 -0.342562
v -0.017975 0.744568 -0.359332
v -0.038177 0.843369 -0.280939
v -0.047775 0.840103 -0.276040
v -0.034485 0.823212 -0.296939
v -0.026657 0.845367 -0.290836
v -0.046249 0.878830 -0.250948
v -0.052933 0.879639 -0.245799
v -0.022461 0.876129 -0.286144
v -0.019287 0.864151 -0.291194
v -0.018784 0.849060 -0.302083
v -0.019028 0.828949 -0.316963
v -0.018951 0.802246 -0.331549
v -0.024612 0.798950 -0.319709
v -0.012924 0.813889 -0.400661
v -0.011368 0.822311 -0.418639
v -0.013931 0.827881 -0.388690
v -0.015656 0.840179 -0.376270
v -0.026428 0.762421 -0.473541
v -0.019623 0.771530 -0.469823
v -0.026138 0.745682 -0.449968
v -0.032303 0.758362 -0.475143
v -0.028946 0.779266 -0.497282
v -0.013901 0.789597 -0.462744
v -0.010437 0.811829 -0.454252
v -0.015152 0.804916 -0.488574
v -0.010376 0.832108 -0.444117
v -0.033188 0.793976 -0.514008
v -0.038284 0.805176 -0.523347
v -0.025055 0.802155 -0.512121
v -0.040192 0.787949 -0.512882
v -0.042450 0.816040 -0.528060
v -0.034958 0.826202 -0.527806
v -0.017548 0.742676 -0.371757
v -0.032288 0.903137 -0.272991
v -0.024063 0.908752 -0.309212
v -0.040756 0.898376 -0.275334
v -0.009796 0.947449 -0.241996
v -0.010239 0.949417 -0.235465
v -0.009079 0.982407 -0.250168
v -0.008591 0.977280 -0.265190
v -0.007965 1.005768 -0.253485
v -0.009674 0.974548 -0.278882
v -0.011490 0.994308 -0.286133
v -0.014297 1.013885 -0.301132
v -0.011414 1.020493 -0.280285
v -0.017944 1.027191 -0.312759
v -0.009674 1.025864 -0.262397
v -0.012924 1.040726 -0.269208
v -0.021179 1.044983 -0.216632
v -0.021408 1.062958 -0.232577
v -0.026352 1.043671 -0.222765
v -0.009918 0.951385 -0.224959
v -0.013596 0.959229 -0.231991
v -0.008865 0.944855 -0.221170
v -0.010300 0.935226 -0.216792
v -0.010590 0.948959 -0.193253
v -0.020432 1.070847 -0.098630
v -0.012741 1.068985 -0.110781
v -0.024139 1.091293 -0.093480
v -0.027496 1.070740 -0.089191
v -0.007629 1.067505 -0.124270
v -0.006958 1.040039 -0.130189
v -0.008438 1.084671 -0.129249
v -0.034805 1.000641 -0.101093
v -0.038513 1.006805 -0.095770
v -0.007797 1.011261 -0.136840
v -0.008804 0.988327 -0.148949
v -0.009918 0.967972 -0.167338
v -0.044067 0.913757 -0.154243
v -0.016693 0.987015 -0.365269
v -0.013901 0.974167 -0.353286
v -0.022354 0.995331 -0.376826
v -0.013245 0.960175 -0.345324
v -0.051804 0.948959 -0.430915
v -0.054520 0.941162 -0.429724
v -0.071198 1.018066 -0.376122
v -0.065155 1.022278 -0.369004
v -0.075409 1.013123 -0.378490
v -0.016525 0.908279 -0.461701
v -0.010971 0.900085 -0.452196
v -0.024628 0.914124 -0.473096
v -0.008743 0.889496 -0.445730
v -0.008804 0.899460 -0.419774
v -0.010284 0.872360 -0.472566
v -0.021545 0.902634 -0.337255
v -0.027649 0.732254 -0.433996
v -0.064178 1.056229 -0.316752
v -0.057861 1.053421 -0.318367
v -0.046432 1.064621 -0.274879
v -0.048584 1.057022 -0.297639
v -0.054626 1.048492 -0.317982
v -0.056000 1.026855 -0.354143
v -0.048264 1.101990 -0.169465
v -0.038544 1.100342 -0.178376
v -0.062057 1.099808 -0.162724
v -0.040573 1.107147 -0.084524
v -0.049759 1.102676 -0.071065
v -0.022217 1.105545 -0.114453
v -0.021698 1.104828 -0.128736
v -0.024612 1.104813 -0.103721
v -0.022842 1.102524 -0.147427
v -0.025986 1.100159 -0.165522
v -0.029251 1.097260 -0.185410
v -0.021027 1.091965 -0.194460
v -0.042328 1.075851 -0.242941
v -0.037094 1.071060 -0.240638
v -0.029541 1.069061 -0.239225
v -0.015518 1.084976 -0.204066
v -0.012360 1.089020 -0.178149
v -0.027878 1.101791 -0.093390
v -0.010269 1.090942 -0.146924
v -0.069595 1.110123 -0.080418
v -0.065964 1.104996 -0.064566
v -0.064667 1.089828 -0.047483
v -0.061218 1.081467 -0.042459
v -0.023788 1.034729 -0.318878
v -0.020294 1.044174 -0.295453
v -0.011383 0.853760 -0.490096
v -0.013290 0.835297 -0.498649
v -0.015854 0.923889 -0.396683
v -0.013077 0.917191 -0.395915
v -0.039398 1.008820 -0.092958
v -0.030106 1.043228 -0.091772
v -0.029633 1.070679 -0.084778
v -0.048798 0.919037 -0.160278
v -0.054489 0.897461 -0.204925
v -0.055389 0.880035 -0.243064
v -0.053436 0.886093 -0.249704
v -0.054276 0.874207 -0.247313
v -0.055374 0.865494 -0.252300
v -0.050934 0.838409 -0.274370
v -0.112366 0.779938 -0.071980
v -0.119202 0.769485 -0.100984
v -0.129654 0.793655 -0.074824
v -0.127518 0.758392 -0.127747
v -0.163803 0.719025 -0.212288
v -0.173264 0.707489 -0.229513
v -0.152313 0.704468 -0.210196
v -0.184647 0.696747 -0.245255
v -0.062943 0.763290 -0.022175
v -0.248077 0.771851 -0.020198
v -0.238968 0.785461 -0.030885
v -0.243423 0.777405 0.002034
v -0.259338 0.747375 -0.120326
v -0.249969 0.753571 -0.131795
v -0.264847 0.736145 -0.131387
v -0.268677 0.724625 -0.142368
v -0.259140 0.728104 -0.156416
v -0.246674 0.730850 -0.169541
v -0.242630 0.745148 -0.157297
v -0.232361 0.731430 -0.180489
v -0.237564 0.759048 -0.143531
v -0.232101 0.773651 -0.126438
v -0.225128 0.789902 -0.106997
v -0.210342 0.793060 -0.113245
v -0.227997 0.800369 -0.039357
v -0.221725 0.807541 -0.012379
v -0.217072 0.812119 0.010119
v -0.227966 0.797455 0.015325
v -0.206070 0.697983 -0.237008
v -0.209274 0.696732 -0.226539
v -0.188431 0.788559 -0.118479
v -0.169479 0.781326 -0.123794
v -0.214798 0.729919 -0.189129
v -0.198944 0.727905 -0.195487
v -0.379044 0.678024 -0.137389
v -0.397186 0.680038 -0.137946
v -0.380112 0.669785 -0.146121
v -0.384201 0.675034 -0.106181
v -0.385193 0.673615 -0.094967
v -0.363907 0.675537 -0.105738
v -0.384369 0.673630 -0.079629
v -0.275970 0.725708 -0.040407
v -0.042511 0.712906 -0.087737
v -0.141571 0.695770 -0.208293
v -0.132568 0.703033 -0.190624
v -0.145340 0.697266 -0.208942
v -0.145508 0.689194 -0.217437
v -0.136429 0.694855 -0.205921
v -0.122406 0.710739 -0.170683
v -0.109497 0.718414 -0.147532
v -0.091400 0.725937 -0.118981
v -0.087723 0.723831 -0.118022
v -0.425949 0.903595 -0.191994
v -0.429932 0.895477 -0.223357
v -0.436676 0.885727 -0.193559
v -0.415161 0.917572 -0.197647
v -0.467850 0.836990 -0.080057
v -0.482956 0.787842 -0.061419
v -0.325363 0.984329 -0.170632
v -0.319336 0.983810 -0.194958
v -0.330322 0.981552 -0.149997
v -0.316971 0.983002 -0.167561
v -0.311417 0.977173 -0.220341
v -0.311615 0.970840 -0.237688
v -0.327972 0.978973 -0.218272
v -0.319946 0.965012 -0.247469
v -0.299622 0.961197 -0.248771
v -0.333649 0.968170 -0.239740
v -0.346085 0.969604 -0.220268
v -0.357330 0.959564 -0.225513
v -0.364273 0.952972 -0.229469
v -0.360809 0.948074 -0.249163
v -0.360001 0.941208 -0.267255
v -0.353226 0.943848 -0.272946
v -0.359756 0.932800 -0.287850
v -0.363464 0.912460 -0.308262
v -0.377945 0.890305 -0.292535
v -0.393188 0.882675 -0.288247
v -0.403214 0.889420 -0.287460
v -0.433441 0.884705 -0.250271
v -0.427368 0.893036 -0.256372
v -0.430557 0.845337 -0.276941
v -0.427689 0.838623 -0.274792
v -0.432175 0.877319 -0.155726
v -0.425385 0.895950 -0.154452
v -0.438797 0.872101 -0.139370
v -0.449814 0.852051 -0.140294
v -0.462982 0.833206 -0.134718
v -0.414749 0.920593 -0.128908
v -0.450485 0.835052 -0.238448
v -0.451248 0.844894 -0.214252
v -0.439392 0.838608 -0.237998
v -0.450760 0.818436 -0.256071
v -0.466553 0.830673 -0.235961
v -0.478149 0.823364 -0.232176
v -0.478195 0.828308 -0.216073
v -0.477570 0.829376 -0.199370
v -0.481750 0.822632 -0.184693
v -0.465317 0.838974 -0.194731
v -0.488022 0.815475 -0.204861
v -0.449982 0.845093 -0.187867
v -0.439117 0.848709 -0.185480
v -0.486221 0.811584 -0.169675
v -0.489441 0.769211 -0.129607
v -0.490707 0.749176 -0.054448
v -0.381500 0.949585 -0.158641
v -0.376312 0.953293 -0.141761
v -0.325714 0.978455 -0.037911
v -0.334045 0.971359 -0.033893
v -0.335007 0.973312 -0.047263
v -0.302811 0.981750 -0.008776
v -0.291534 0.977310 0.010704
v -0.361633 0.948410 -0.092509
v -0.357147 0.943665 -0.084267
v -0.368454 0.950699 -0.105313
v -0.281372 0.997711 -0.010206
v -0.271072 0.996460 0.005245
v -0.277725 1.002930 -0.020636
v -0.274353 1.008575 -0.033705
v -0.264557 1.016617 -0.039393
v -0.258575 1.025330 -0.084080
v -0.256912 1.028503 -0.071098
v -0.253296 1.027374 -0.048352
v -0.208786 1.061371 -0.063293
v -0.190933 1.070267 -0.067996
v -0.163620 1.080811 -0.029928
v -0.139832 1.089874 -0.035928
v -0.166077 1.080963 -0.054748
v -0.159363 1.079163 -0.008124
v -0.123001 1.091522 -0.039380
v -0.128403 1.090485 -0.064032
v -0.133362 1.088623 -0.079964
v -0.145645 1.086273 -0.079197
v -0.167053 1.079483 -0.074148
v -0.153290 1.075836 0.004572
v -0.180527 1.062424 0.008681
v -0.199921 1.050674 0.008656
v -0.394989 0.887436 -0.007803
v -0.401398 0.878326 -0.021972
v -0.405807 0.886627 0.000175
v -0.358688 0.951645 -0.049283
v -0.347656 0.961487 -0.054399
v -0.353333 0.954620 -0.035508
v -0.337448 0.970581 -0.058120
v -0.337280 0.967834 -0.066904
v -0.341599 0.955704 -0.013367
v -0.337967 0.964874 -0.026013
v -0.335709 0.968704 -0.030054
v -0.371796 0.954575 -0.125603
v -0.316437 0.970627 -0.079799
v -0.329712 0.969223 -0.077721
v -0.337082 0.963379 -0.073624
v -0.337631 0.957077 -0.078390
v -0.376709 0.908707 -0.046399
v -0.374298 0.899551 -0.048774
v -0.413269 0.864243 -0.031105
v -0.423462 0.868774 -0.018245
v -0.435699 0.844635 -0.035223
v -0.453842 0.821991 -0.036180
v -0.448166 0.817383 -0.041839
v -0.354767 0.936813 -0.077198
v -0.342896 0.949249 -0.080188
v -0.352829 0.931366 -0.072048
v -0.237885 1.002563 -0.276811
v -0.253922 1.006927 -0.250931
v -0.265701 1.016541 -0.215088
v -0.272858 1.023285 -0.183234
v -0.278503 1.023315 -0.155108
v -0.293472 1.012665 -0.156464
v -0.221649 1.045715 -0.180863
v -0.213455 1.043777 -0.191448
v -0.198944 1.052338 -0.175245
v -0.190277 1.017029 -0.292151
v -0.188232 1.013275 -0.299384
v -0.184097 1.008911 -0.308069
v -0.203812 1.040573 -0.197204
v -0.184662 1.050720 -0.175978
v -0.300186 1.004120 -0.158784
v -0.303253 0.996536 -0.162932
v -0.260529 0.966873 -0.274121
v -0.307114 0.989975 -0.164881
v -0.310837 0.985077 -0.165809
v -0.160400 1.043625 -0.239240
v -0.149200 1.041824 -0.233809
v -0.169662 1.044128 -0.221800
v -0.136887 1.036896 -0.287988
v -0.120834 1.037079 -0.291303
v -0.122864 1.035400 -0.300882
v -0.126038 1.012558 -0.343007
v -0.138580 1.013718 -0.334655
v -0.118652 1.027786 -0.321576
v -0.111847 1.037018 -0.308984
v -0.103027 1.037811 -0.318859
v -0.091873 1.054977 -0.289964
v -0.101044 1.051331 -0.282267
v -0.106674 1.049438 -0.276221
v -0.103683 1.056122 -0.262938
v -0.112045 1.040833 -0.288336
v -0.070786 1.080215 -0.185386
v -0.081665 1.069672 -0.188936
v -0.101746 1.062500 -0.245119
v -0.138275 1.035065 -0.228153
v -0.177795 1.039597 -0.209361
v -0.182526 1.035538 -0.203474
v -0.081467 1.091171 -0.164607
v -0.490845 0.804016 -0.209244
v -0.491791 0.779266 -0.184564
v -0.495361 0.748886 -0.227222
v -0.493851 0.747742 -0.242543
v -0.488098 0.748077 -0.256813
v -0.476151 0.708939 -0.302761
v -0.478912 0.694839 -0.303591
v -0.458176 0.750336 -0.330773
v -0.450821 0.755814 -0.342440
v -0.445831 0.759277 -0.349922
v -0.452835 0.796066 -0.267426
v -0.441376 0.793411 -0.269901
v -0.446198 0.803116 -0.311506
v -0.446365 0.802811 -0.319427
v -0.443695 0.814972 -0.302116
v -0.444046 0.807938 -0.322324
v -0.441559 0.820724 -0.311831
v -0.439072 0.810379 -0.328675
v -0.428085 0.816223 -0.341094
v -0.431549 0.796188 -0.354912
v -0.414062 0.826431 -0.354114
v -0.430832 0.781097 -0.367091
v -0.418549 0.787704 -0.384275
v -0.428848 0.765762 -0.379457
v -0.403503 0.794800 -0.400605
v -0.406601 0.771683 -0.409382
v -0.402740 0.815659 -0.386783
v -0.409790 0.751328 -0.417736
v -0.421951 0.751831 -0.402149
v -0.430008 0.750320 -0.388085
v -0.433578 0.734467 -0.392253
v -0.399170 0.836975 -0.368098
v -0.384354 0.845840 -0.379978
v -0.370956 0.849152 -0.388934
v -0.373352 0.828278 -0.407526
v -0.370483 0.811386 -0.419935
v -0.362976 0.809418 -0.424170
v -0.362595 0.794815 -0.431231
v -0.371368 0.773178 -0.435880
v -0.362640 0.784485 -0.435723
v -0.392517 0.717789 -0.449537
v -0.436691 0.719467 -0.395681
v -0.440918 0.718719 -0.379902
v -0.439178 0.702057 -0.368111
v -0.448242 0.711945 -0.347330
v -0.441711 0.713669 -0.350189
v -0.440460 0.714020 -0.364912
v -0.438980 0.713455 -0.355868
v -0.438934 0.825546 -0.301094
v -0.435608 0.827637 -0.292532
v -0.358139 0.810104 -0.425069
v -0.358475 0.796082 -0.432160
v -0.375305 0.869980 -0.320378
v -0.358963 0.875244 -0.334128
v -0.367935 0.871536 -0.312833
v -0.341599 0.875061 -0.348623
v -0.336502 0.874634 -0.342420
v -0.310562 0.870682 -0.379304
v -0.306702 0.882126 -0.382601
v -0.312057 0.861832 -0.375091
v -0.319168 0.881485 -0.360184
v -0.334915 0.889297 -0.341573
v -0.334259 0.879089 -0.340076
v -0.431534 0.829590 -0.283049
v -0.427765 0.833267 -0.277235
v -0.347153 0.946289 -0.274755
v -0.355881 0.934952 -0.288838
v -0.327469 0.917084 -0.334914
v -0.308533 0.907333 -0.360729
v -0.298187 0.895523 -0.382249
v -0.283325 0.911240 -0.378404
v -0.262512 0.922241 -0.376294
v -0.269089 0.956818 -0.279347
v -0.252365 0.953812 -0.298986
v -0.239227 0.949005 -0.317800
v -0.232254 0.947067 -0.309832
v -0.408508 0.924240 -0.204090
v -0.413315 0.915451 -0.232948
v -0.418823 0.900879 -0.259869
v -0.408203 0.910339 -0.259425
v -0.271317 1.014069 -0.114208
v -0.274918 1.002792 -0.106608
v -0.286987 0.984451 -0.098616
v -0.270279 0.991837 -0.091904
v -0.282761 0.970779 -0.087461
v -0.133148 1.067108 -0.163444
v -0.171982 1.048996 -0.124062
v -0.187836 1.046448 -0.108648
v -0.204834 1.042023 -0.102316
v -0.289749 0.778198 -0.486864
v -0.290283 0.783371 -0.482258
v -0.291916 0.792343 -0.475704
v -0.333801 0.794220 -0.446871
v -0.341156 0.778046 -0.453632
v -0.303253 0.844772 -0.430650
v -0.293854 0.846222 -0.437860
v -0.283386 0.849335 -0.442054
v -0.268646 0.859238 -0.441196
v -0.259796 0.841995 -0.458193
v -0.251587 0.844955 -0.457256
v -0.256210 0.846756 -0.452105
v -0.259460 0.862488 -0.440423
v -0.247833 0.865463 -0.433966
v -0.215439 0.838043 -0.483206
v -0.229660 0.849533 -0.464317
v -0.234329 0.857071 -0.451292
v -0.214508 0.869232 -0.446568
v -0.196915 0.872650 -0.450332
v -0.190430 0.868805 -0.461995
v -0.179596 0.862930 -0.476802
v -0.171631 0.825668 -0.511884
v -0.170059 0.840271 -0.503687
v -0.235840 0.785049 -0.514882
v -0.092178 0.818466 -0.519485
v -0.089539 0.830551 -0.522708
v -0.085953 0.840485 -0.523540
v -0.082352 0.851547 -0.521057
v -0.109192 0.843140 -0.516793
v -0.076508 0.866531 -0.515193
v -0.059189 0.862579 -0.522607
v -0.113846 0.872101 -0.499498
v -0.125732 0.857956 -0.505077
v -0.052429 0.926758 -0.470574
v -0.041565 0.923859 -0.474014
v -0.138397 0.935562 -0.427705
v -0.143753 0.946564 -0.411629
v -0.131485 0.935333 -0.429400
v -0.145355 0.929398 -0.433281
v -0.152023 0.961823 -0.391595
v -0.163147 0.958008 -0.391987
v -0.077667 0.971466 -0.411382
v -0.095367 0.977539 -0.396430
v -0.084503 1.003067 -0.381271
v -0.099472 0.992157 -0.381989
v -0.113312 0.983887 -0.382321
v -0.158401 0.986176 -0.363997
v -0.164078 0.987503 -0.359098
v -0.169434 0.987244 -0.350320
v -0.174805 0.972046 -0.364627
v -0.159058 0.999496 -0.341491
v -0.171097 0.952164 -0.389721
v -0.162079 0.933899 -0.416965
v -0.153702 0.920044 -0.437356
v -0.149963 0.909531 -0.449499
v -0.162216 0.912109 -0.437194
v -0.152420 0.897949 -0.456936
v -0.149475 0.895889 -0.460223
v -0.143250 0.893539 -0.466725
v -0.167221 0.906845 -0.434991
v -0.172821 0.899841 -0.429502
v -0.134750 0.848038 -0.507915
v -0.125259 0.935638 -0.431275
v -0.118332 0.931656 -0.440672
v -0.106186 0.930267 -0.448046
v -0.083054 0.912140 -0.479072
v -0.229218 0.874985 -0.416153
v -0.186722 0.875458 -0.423080
v -0.185074 0.878876 -0.421679
v -0.182098 0.887451 -0.420663
v -0.188843 0.898499 -0.400147
v -0.194916 0.918106 -0.374506
v -0.191788 0.965103 -0.339490
v -0.194275 0.965515 -0.332970
v -0.319702 0.739685 -0.496832
v -0.347977 0.763550 -0.460484
v -0.169067 1.043579 -0.163976
v -0.164627 1.039749 -0.165983
v -0.092941 1.035217 -0.337255
v -0.018539 0.736176 -0.409557
v -0.016830 0.744446 -0.400889
v -0.017609 0.746902 -0.417202
v -0.017578 0.755478 -0.416756
v -0.016632 0.750946 -0.403048
v -0.127182 0.681519 -0.193846
v -0.119293 0.672775 -0.176910
v -0.038559 0.701599 -0.262016
v -0.304749 0.952026 -0.278483
v -0.419846 0.874069 -0.000104
v -0.474518 0.706757 0.007679
v -0.471817 0.712631 -0.011026
v -0.332993 0.977051 -0.132869
v -0.385620 0.657822 -0.158730
v -0.145386 0.679504 -0.216602
v -0.141968 0.669571 -0.215948
v -0.145203 0.680710 -0.216155
v -0.144073 0.682236 -0.216244
v -0.337280 0.963684 -0.087518
v -0.335342 0.964142 -0.090356
v -0.291763 0.959976 -0.249589
v -0.218475 0.939056 -0.318110
v -0.221329 0.941498 -0.315511
v -0.358749 0.930710 -0.294370
v -0.352829 0.932938 -0.290533
v -0.168442 0.998566 -0.330533
v -0.162109 1.002701 -0.330250
v -0.253906 0.849442 -0.449137
v -0.481552 0.773041 -0.046158
v -0.478561 0.776352 -0.045527
v -0.295319 0.982910 -0.061049
v -0.290100 0.971924 -0.077278
v -0.288010 0.963242 -0.085617
v -0.329788 0.965530 -0.097871
v -0.313156 0.983017 -0.166275
v -0.229584 0.947067 -0.306808
v -0.337997 0.937012 -0.280761
v -0.208542 0.945480 -0.323672
v -0.201462 0.956940 -0.327731
v -0.195801 0.966171 -0.330133
v -0.470657 0.782974 -0.043590
v -0.459366 0.795334 -0.042530
v -0.446350 0.815857 -0.044460
v -0.373703 0.896103 -0.050149
v -0.364548 0.913345 -0.062093
v -0.351776 0.930161 -0.069501
v -0.341370 0.944153 -0.074810
v -0.338440 0.954269 -0.080557
v -0.139648 1.038040 -0.177384
v -0.114700 1.037521 -0.292419
v -0.116226 1.036270 -0.286057
v -0.162766 1.038574 -0.167574
v -0.185410 1.034042 -0.201304
v -0.192413 1.024628 -0.243648
v -0.119659 1.031982 -0.271445
v -0.101517 1.049500 -0.195795
v -0.050507 0.809158 -0.149384
v -0.049683 0.753265 -0.221995
v -0.049423 0.733215 -0.236297
v -0.050766 0.717407 -0.244030
v -0.030624 0.798553 -0.310873
v -0.024857 0.812531 -0.204720
v -0.012009 0.904648 -0.395184
v -0.016312 0.749130 -0.397257
v -0.017593 0.755768 -0.395462
v -0.043564 0.896164 -0.276471
v -0.025421 0.873169 -0.385437
v -0.023514 0.866989 -0.412899
v -0.017822 0.863770 -0.442262
v -0.021255 0.769867 -0.391523
v -0.028458 0.837387 -0.523767
v -0.022659 0.827347 -0.517797
v -0.037033 0.847931 -0.526172
v -0.018173 0.815796 -0.506054
v -0.047119 0.856659 -0.525966
v -0.034286 0.756363 -0.476130
v -0.037476 0.772552 -0.498223
v -0.042786 0.785248 -0.513042
v -0.130203 0.816925 -0.513313
v -0.032349 0.999695 -0.383687
v -0.031433 0.980301 -0.411230
v -0.031250 0.968689 -0.424800
v -0.034576 0.933792 -0.442994
v -0.032822 0.929749 -0.457123
v -0.032181 0.918716 -0.476849
v -0.014404 0.937241 -0.344677
v -0.014832 0.936111 -0.366351
v -0.142639 0.981827 -0.371252
v -0.079025 0.892273 -0.496965
v -0.083908 0.891846 -0.491834
v -0.014893 0.936340 -0.374301
v -0.095825 0.889648 -0.477850
v -0.089447 0.945801 -0.411488
v -0.070511 0.941177 -0.425344
v -0.055740 0.937912 -0.429869
v -0.028244 0.935181 -0.415145
v -0.147141 1.012146 -0.329880
v -0.032272 1.056412 -0.274914
v -0.023605 1.054672 -0.275969
v -0.016327 1.056152 -0.249854
v -0.015778 1.053360 -0.257579
v -0.017365 1.050034 -0.273520
v -0.014801 0.962723 -0.234454
v -0.020889 0.861298 -0.144845
v -0.028122 1.042801 -0.225705
v -0.032394 1.022034 -0.214760
v -0.029785 1.003357 -0.214334
v -0.043274 0.829056 -0.248263
v -0.115112 1.090103 -0.072206
v -0.080734 1.066711 -0.020008
v -0.074158 1.066116 -0.020731
v -0.059952 1.078690 -0.040104
v -0.230347 1.034225 -0.026723
v -0.403625 0.929276 -0.162367
v -0.489914 0.780777 -0.100856
v -0.488556 0.784897 -0.105235
v -0.490265 0.779068 -0.099155
v -0.490479 0.777924 -0.097995
v -0.358124 0.790558 -0.435250
v -0.358963 0.789520 -0.435479
v -0.359619 0.788940 -0.435407
v -0.485352 0.793503 -0.114520
v -0.434921 0.850876 -0.184822
v -0.436829 0.851440 -0.212737
v -0.435318 0.840790 -0.237870
v -0.437149 0.792664 -0.271349
v -0.426651 0.835434 -0.274661
v -0.382858 0.907791 -0.260169
v -0.382217 0.923111 -0.241359
v -0.379593 0.938919 -0.221525
v -0.365128 0.872772 -0.309874
v -0.351364 0.876892 -0.324418
v -0.334518 0.875122 -0.339882
v -0.319870 0.868561 -0.356419
v -0.313126 0.858536 -0.373685
v -0.313446 0.846527 -0.388868
v -0.319855 0.833832 -0.399484
v -0.417603 0.909607 -0.156466
v -0.440384 0.877075 -0.193301
v -0.422729 0.875793 -0.290157
v -0.415878 0.883545 -0.289412
v -0.409241 0.892654 -0.285727
v -0.404602 0.902603 -0.276819
v -0.402039 0.913116 -0.260748
v -0.417297 0.686035 -0.142866
v -0.417328 0.690948 -0.136379
v -0.438446 0.694260 -0.149911
v -0.418289 0.691925 -0.126097
v -0.417740 0.692932 -0.130444
v -0.463501 0.713699 -0.116699
v -0.460831 0.702927 -0.158497
v -0.465454 0.689774 -0.164712
v -0.455643 0.709534 -0.151526
v -0.482254 0.767120 -0.196725
v -0.476212 0.751328 -0.182155
v -0.471313 0.736755 -0.169288
v -0.465286 0.723740 -0.158074
v -0.453644 0.712280 -0.148151
v -0.436432 0.702164 -0.139793
v -0.417480 0.692947 -0.133055
v -0.431824 0.683853 -0.010760
v -0.449860 0.699692 -0.017495
v -0.485489 0.754547 -0.025929
v -0.486160 0.753784 -0.034903
v -0.484970 0.735031 -0.024134
v -0.486435 0.753387 -0.038082
v -0.470245 0.715927 -0.021424
v -0.489014 0.735382 -0.031411
v -0.482605 0.732071 -0.031706
v -0.465073 0.725052 -0.031947
v -0.435623 0.686768 -0.059475
v -0.455505 0.697098 -0.057310
v -0.475632 0.714294 -0.051037
v -0.437469 0.756760 -0.364891
v -0.438538 0.752304 -0.364182
v -0.439011 0.713715 -0.351993
v -0.441589 0.729889 -0.357533
v -0.438202 0.698776 -0.347249
v -0.440445 0.743652 -0.361941
v -0.170319 0.845657 -0.500265
v -0.205353 0.786407 -0.519322
v -0.211136 0.696213 -0.222096
v -0.199905 0.713699 -0.210358
v -0.192719 0.727417 -0.198363
v -0.161972 0.778839 -0.126023
v -0.136459 0.798370 -0.076218
v -0.057663 0.738815 -0.062132
v -0.147568 0.698685 -0.209349
v -0.133713 0.693863 -0.204782
v -0.085846 0.722107 -0.118266
v -0.045319 0.736069 -0.061597
v -0.238510 0.782227 0.021911
v -0.367493 0.688812 -0.031950
v -0.390076 0.691254 -0.036381
v -0.458099 0.816788 0.021926
v -0.451233 0.812134 0.043193
v -0.399643 0.855469 0.057922
v -0.396606 0.844727 0.065781
v -0.423065 0.831390 0.056657
v -0.470764 0.771011 0.054555
v -0.443939 0.808746 0.055196
v -0.392792 0.837250 0.070171
v -0.278168 0.971756 0.020251
v -0.270264 0.980881 0.017809
v -0.286346 0.962540 0.022074
v -0.292603 0.953522 0.024747
v -0.333038 0.916458 0.050924
v -0.344986 0.893173 0.064484
v -0.351151 0.878540 0.071230
v -0.025177 0.697678 -0.378353
v -0.015106 0.687195 -0.314323
v -0.029678 0.676041 -0.264910
v -0.025940 0.656555 -0.264928
v -0.044540 0.630157 -0.144131
v -0.047546 0.628601 -0.143674
v -0.040115 0.617264 -0.150148
v -0.104279 0.665848 -0.163123
v -0.107513 0.664597 -0.161068
v -0.086014 0.659317 -0.152490
v -0.069427 0.651855 -0.145671
v -0.071152 0.648895 -0.145671
v -0.264023 0.990677 0.013196
v -0.253632 0.991562 0.012497
v -0.241623 0.992691 0.011828
v -0.504669 0.666687 -0.253153
v -0.510010 0.663773 -0.232023
v -0.498016 0.671417 -0.275835
v -0.472382 0.667084 -0.170271
v -0.500061 0.672623 -0.173687
v -0.038559 0.602585 -0.266109
v -0.144821 0.639633 -0.186154
v -0.073349 0.607513 -0.147836
v -0.062607 0.617386 -0.142393
v -0.083130 0.613937 -0.147461
v -0.053253 0.624847 -0.142200
v -0.062637 0.634277 -0.141794
v -0.049789 0.613770 -0.146652
v -0.046021 0.603821 -0.159770
v -0.028168 0.623795 -0.270997
v -0.027130 0.626617 -0.265539
v -0.038422 0.600891 -0.242287
v -0.042969 0.604263 -0.161263
v -0.118759 0.633255 -0.150197
v -0.113785 0.630768 -0.154069
v -0.126938 0.634674 -0.146641
v -0.096069 0.621475 -0.150714
v -0.083572 0.634369 -0.146869
v -0.106979 0.626740 -0.154363
v -0.421570 0.672836 -0.129827
v -0.432373 0.677612 -0.113806
v -0.408463 0.671448 -0.120764
v -0.413223 0.665680 -0.144902
v -0.431778 0.656174 -0.163191
v -0.510376 0.669724 -0.183520
v -0.512253 0.664261 -0.198090
v -0.143982 0.645889 -0.210974
v -0.145889 0.653198 -0.223317
v -0.115067 0.663147 -0.154407
v -0.133163 0.656601 -0.145342
v -0.075058 0.643021 -0.145432
v -0.086792 0.649933 -0.150126
v -0.029419 0.631378 -0.258248
v -0.091110 0.652298 -0.151710
v -0.098511 0.643875 -0.153083
v -0.111572 0.628998 -0.155504
v -0.385941 0.663788 -0.106783
v -0.396454 0.668732 -0.112758
v -0.408600 0.673264 -0.095684
v -0.385254 0.662811 -0.130716
v -0.410583 0.656052 -0.157332
v -0.395630 0.655472 -0.150110
v -0.376465 0.655258 -0.146439
v -0.362564 0.656067 -0.140089
v -0.441696 0.680084 -0.097967
v -0.430298 0.679352 -0.088593
v -0.419693 0.676331 -0.080361
v 0.005508 0.617737 -0.205342
v 0.005463 0.610672 -0.208274
v 0.005508 0.621323 -0.202765
v 0.005585 0.638016 -0.192192
v 0.005508 0.621323 -0.202765
v 0.005630 0.649551 -0.184628
v -0.003494 0.668854 -0.165075
v -0.023926 0.642334 -0.132637
v 0.005630 0.649551 -0.184628
v 0.005890 0.700653 -0.170462
v 0.005997 0.719467 -0.165664
v 0.005890 0.700653 -0.170462
v 0.006042 0.735657 -0.153193
v 0.006073 0.746246 -0.140487
v 0.006042 0.735657 -0.153193
v 0.006073 0.756088 -0.125595
v 0.006088 0.765701 -0.110374
v 0.006073 0.756088 -0.125595
v 0.006088 0.775391 -0.093392
v 0.006088 0.785522 -0.076377
v 0.006088 0.775391 -0.093392
v 0.006042 0.791992 -0.051365
v 0.005966 0.801132 -0.013151
v 0.006042 0.791992 -0.051365
v 0.005920 0.812012 0.021104
v 0.005814 0.812302 0.049282
v 0.005920 0.812012 0.021104
v 0.005692 0.809021 0.082531
v 0.005585 0.805359 0.107431
v 0.005432 0.796967 0.135493
v 0.005692 0.809021 0.082531
v -0.005783 0.748413 -0.055194
v 0.024612 0.742767 -0.036990
v 0.026169 0.740280 -0.038367
v 0.030701 0.690750 -0.101705
v 0.019897 0.684692 -0.236575
v 0.017563 0.704422 -0.236088
v 0.014175 0.684723 -0.232729
v 0.033493 0.652313 -0.248835
v 0.022568 0.651703 -0.235904
v 0.034943 0.614243 -0.228532
v 0.047806 0.704803 -0.249468
v 0.021240 0.889664 -0.008617
v 0.023819 0.919327 -0.021827
v 0.029709 0.919922 0.003170
v 0.027695 0.869965 -0.009316
v 0.026291 0.859406 -0.078895
v 0.005219 1.047348 -0.014457
v 0.010117 1.092072 -0.003549
v 0.018234 1.083221 0.010318
v 0.016647 1.081680 0.015031
v 0.001511 1.082993 0.025111
v 0.003830 1.045334 -0.009295
v 0.005386 1.083450 -0.058281
v 0.003784 1.040909 -0.070355
v 0.010590 1.039093 -0.083499
v 0.048538 0.960327 0.030379
v 0.051788 0.955460 0.013478
v 0.044388 0.957230 -0.011194
v 0.020569 1.114807 0.008345
v 0.035355 1.110214 0.038357
v 0.028519 1.101105 0.026950
v 0.009064 1.109009 0.044002
v 0.025986 1.099823 0.032200
v 0.033386 1.109436 0.044125
v 0.079773 1.114639 0.048410
v 0.068665 1.122391 0.028131
v 0.083359 1.100159 0.027255
v 0.014069 1.098602 -0.061687
v 0.031403 1.091599 -0.074084
v 0.035217 1.096390 -0.073259
v 0.047546 1.114563 -0.037728
v 0.065842 1.105957 -0.010244
v 0.049377 1.122467 -0.011015
v 0.014053 1.108719 -0.035302
v 0.030701 1.122314 0.003001
v 0.037827 1.112991 0.043604
v 0.002289 1.083847 0.093096
v 0.002701 1.044739 0.080381
v 0.001892 1.035522 0.070410
v 0.041855 0.964432 0.156642
v 0.055527 1.106125 0.149229
v 0.030090 1.106613 0.128127
v 0.039505 1.106491 0.130398
v 0.003784 1.108673 0.096383
v 0.001343 1.106705 0.068480
v 0.019943 1.105576 0.088561
v 0.015778 0.881042 0.136353
v 0.314758 0.966217 0.076928
v 0.310913 0.979782 0.099136
v 0.296249 0.983856 0.070065
v 0.257858 1.020096 0.110393
v 0.260727 1.008682 0.080463
v 0.264404 1.001816 0.070467
v 0.294083 0.987320 0.114491
v 0.285965 0.986206 0.121181
v 0.242050 1.011383 0.143106
v 0.175598 1.075333 0.099000
v 0.149277 1.087357 0.106569
v 0.146973 1.083176 0.068466
v 0.180664 1.069626 0.111358
v 0.167999 1.063461 0.139507
v 0.148560 1.074203 0.143404
v 0.119690 1.089035 0.121646
v 0.114731 1.096481 0.098808
v 0.111404 1.094040 0.076388
v 0.103363 1.099258 0.114786
v 0.073090 1.106384 0.111689
v 0.109253 1.092987 0.123579
v 0.274185 0.979431 0.174314
v 0.419846 0.633667 0.176308
v 0.420685 0.623917 0.145509
v 0.470459 0.677032 0.115399
v 0.447037 0.650620 0.093750
v 0.447098 0.642166 0.114949
v 0.477127 0.703949 0.068481
v 0.459503 0.697006 0.079808
v 0.475143 0.737808 0.102298
v 0.471252 0.689011 0.094621
v 0.474625 0.721970 0.109408
v 0.462128 0.666397 0.164473
v 0.461792 0.697388 0.163337
v 0.461456 0.708878 0.158814
v 0.446854 0.664108 0.077825
v 0.442825 0.671982 0.071832
v 0.418320 0.657501 0.066274
v 0.453949 0.717087 0.163877
v 0.443054 0.744965 0.163058
v 0.427948 0.739700 0.171647
v 0.385620 0.851074 0.170021
v 0.371643 0.841293 0.185143
v 0.346695 0.889709 0.182617
v 0.329849 0.913193 0.175978
v 0.349960 0.912628 0.160656
v 0.339996 0.883087 0.213112
v 0.297501 0.979126 0.120531
v 0.288925 0.966766 0.142183
v 0.267349 0.967575 0.145253
v 0.297699 0.947937 0.192604
v 0.021194 0.743423 0.060760
v 0.020462 0.728653 0.108068
v 0.027374 0.745499 0.114510
v 0.240860 0.771866 0.081098
v 0.413712 0.812408 0.073213
v 0.445282 0.788773 0.067348
v 0.422516 0.809479 0.082846
v 0.376389 0.842682 0.079588
v 0.391739 0.842407 0.093776
v 0.381668 0.852859 0.096597
v 0.457092 0.778458 0.065524
v 0.225433 1.036957 0.063097
v 0.186768 1.061203 0.062876
v 0.181961 1.047516 0.045039
v 0.309097 0.951782 0.055161
v 0.290100 0.942276 0.037113
v 0.305786 0.930328 0.047714
v 0.071259 1.109879 0.083677
v 0.077789 1.078568 0.064774
v 0.457077 0.760681 0.133391
v 0.458786 0.773575 0.091885
v 0.002823 1.018173 0.067526
v 0.005096 0.994751 0.071195
v 0.005249 0.991730 0.025112
v 0.009933 0.748642 -0.008344
v 0.009537 0.779556 0.053360
v 0.011841 0.744995 0.055382
v 0.443192 0.635681 0.144623
v 0.443787 0.641586 0.162163
v 0.272751 0.696167 0.184208
v 0.304626 0.900742 0.191483
v 0.307800 0.901321 0.184779
v 0.259186 0.969360 0.152060
v 0.257812 0.974274 0.144763
v 0.347931 0.823776 0.200780
v 0.372833 0.845856 0.075121
v 0.368591 0.849365 0.080292
v 0.357498 0.860229 0.083983
v 0.354355 0.862122 0.078642
v 0.379791 0.865952 0.116973
v 0.387146 0.858185 0.115103
v 0.382828 0.865814 0.122087
v 0.214035 0.984634 0.171320
v 0.177307 1.037582 0.144762
v 0.167053 1.035782 0.154042
v 0.003799 1.083954 0.155679
v 0.004913 1.083466 0.125370
v 0.007690 1.104935 0.135558
v 0.025360 1.107422 0.119486
v 0.010330 1.107010 0.112328
v 0.011063 1.106232 0.118417
v 0.251190 0.983780 0.030447
v 0.250153 0.996857 0.041357
v 0.230194 1.014542 0.036980
v 0.175858 1.034973 0.029755
v 0.118195 1.044647 0.029414
v 0.110031 1.046082 0.021258
v 0.101028 1.050262 0.027983
v 0.109146 1.078934 0.052949
v 0.246170 0.767685 0.046132
v 0.257324 0.750336 0.055469
v 0.265488 0.739990 0.038125
v 0.019836 0.879486 -0.082294
v 0.001663 1.033707 -0.011565
v 0.025665 1.047211 -0.088839
v 0.003220 1.019760 -0.021956
v 0.002594 1.035339 -0.027674
v 0.029846 0.945190 0.080448
v 0.039261 0.962997 0.081497
v 0.029617 0.940521 0.146502
v 0.017685 0.918839 0.142791
v 0.039185 1.106918 0.118107
v 0.030197 1.106033 0.118662
v 0.008728 1.084564 0.112297
v 0.004929 1.043152 0.101736
v 0.257553 1.008911 0.072167
v 0.218399 1.047775 0.117971
v 0.191345 1.066742 0.101786
v 0.456696 0.706833 0.166227
v 0.390656 0.863174 0.135762
v 0.398941 0.847504 0.109727
v 0.423325 0.818130 0.103669
v 0.265610 0.707275 0.200657
v 0.272461 0.706421 0.173079
v 0.463745 0.773270 0.059833
v 0.480179 0.755447 0.053751
v 0.257462 1.002182 0.061057
v 0.351898 0.910812 0.127340
v 0.356125 0.897385 0.120879
v 0.026672 0.871613 0.060258
v 0.020691 0.909225 0.023211
v 0.017227 0.906754 0.066285
v 0.459229 0.779678 0.059440
v 0.186096 1.062454 0.115579
v 0.254501 0.975449 0.022282
v 0.214539 1.002213 0.011936
v 0.033249 0.751236 -0.564466
v 0.019333 0.733612 -0.521247
v 0.033386 0.728821 -0.567358
v 0.238937 0.736359 -0.540010
v 0.250778 0.731400 -0.523355
v 0.150131 0.820129 -0.521069
v 0.139587 0.821213 -0.519117
v 0.120407 0.807831 -0.540725
v 0.114578 0.808472 -0.516641
v 0.178452 0.737640 -0.566984
v 0.176071 0.763947 -0.559888
v 0.136047 0.746216 -0.577028
v 0.322464 0.719009 -0.510849
v 0.301147 0.734177 -0.510029
v 0.018692 0.704407 -0.407251
v 0.026138 0.718933 -0.415191
v 0.027542 0.705399 -0.395958
v 0.015076 0.715164 -0.421201
v 0.030945 0.720657 -0.428385
v 0.009338 0.712631 -0.425847
v 0.009781 0.709457 -0.420306
v 0.354843 0.706406 -0.454814
v 0.334503 0.721573 -0.500918
v 0.003860 0.664642 -0.485711
v 0.006744 0.669891 -0.519878
v 0.010147 0.688980 -0.505671
v 0.007217 0.689957 -0.432584
v 0.012146 0.650925 -0.360065
v 0.019226 0.679062 -0.377072
v 0.013199 0.679474 -0.342625
v 0.037308 0.703217 -0.560463
v 0.026810 0.698746 -0.529349
v 0.018280 0.683533 -0.542553
v 0.041565 0.701904 -0.569164
v 0.043869 0.710663 -0.569134
v 0.010696 0.718719 -0.485982
v 0.162201 0.793823 -0.545912
v 0.189194 0.806488 -0.520297
v 0.212357 0.732193 -0.553962
v 0.179352 0.721863 -0.569795
v 0.204590 0.766006 -0.541979
v 0.200989 0.775879 -0.538045
v 0.204559 0.781448 -0.529740
v 0.435760 0.695618 -0.353170
v 0.019150 0.727463 -0.457347
v 0.031418 0.738541 -0.455275
v 0.029465 0.720627 -0.434250
v 0.010925 0.675934 -0.538858
v 0.025650 0.613098 -0.321632
v 0.023941 0.800980 -0.226361
v 0.030151 0.787460 -0.218750
v 0.030212 0.742935 -0.252036
v 0.022507 0.868500 -0.143539
v 0.031921 0.885880 -0.146260
v 0.023605 0.888672 -0.136272
v 0.022202 0.862991 -0.151389
v 0.026794 0.878860 -0.167914
v 0.032410 0.883896 -0.151303
v 0.023926 0.813309 -0.228209
v 0.027573 0.835403 -0.231501
v 0.023849 0.856323 -0.207246
v 0.021561 0.761597 -0.290592
v 0.025833 0.805588 -0.259449
v 0.023865 0.804016 -0.238075
v 0.017929 0.787857 -0.373297
v 0.022705 0.785599 -0.383261
v 0.015274 0.804916 -0.370729
v 0.010590 0.854416 -0.466084
v 0.012619 0.859543 -0.455657
v 0.013718 0.845352 -0.408245
v 0.020523 0.721207 -0.387120
v 0.017273 0.740875 -0.396067
v 0.017212 0.752975 -0.390906
v 0.024536 0.907944 -0.242240
v 0.053909 0.887772 -0.239230
v 0.007935 0.940964 -0.254349
v 0.008896 0.956985 -0.263583
v 0.013214 0.961548 -0.237617
v 0.009689 1.009186 -0.236916
v 0.015015 0.970078 -0.233186
v 0.021072 1.015015 -0.340734
v 0.013672 0.988708 -0.299900
v 0.013702 0.983276 -0.324741
v 0.016785 1.070831 -0.226818
v 0.009567 1.078125 -0.185566
v 0.013000 1.031174 -0.192637
v 0.022675 0.987488 -0.218227
v 0.014145 0.983398 -0.213235
v 0.015594 0.968781 -0.228294
v 0.007706 0.999298 -0.165195
v 0.005646 1.040527 -0.147731
v 0.044724 0.954468 -0.112928
v 0.052124 0.964355 -0.089956
v 0.033768 0.917755 -0.138538
v 0.014511 0.963196 -0.382511
v 0.015152 0.940292 -0.373075
v 0.013046 0.946823 -0.318328
v 0.014511 0.938553 -0.359990
v 0.064392 0.849579 -0.526501
v 0.043289 0.835648 -0.529623
v 0.070648 0.829269 -0.526636
v 0.010391 0.885345 -0.417473
v 0.021652 0.870056 -0.413618
v 0.011047 0.863739 -0.468883
v 0.022369 0.863831 -0.411191
v 0.064423 1.044662 -0.336347
v 0.060165 1.036041 -0.333260
v 0.072769 1.027832 -0.361271
v 0.066132 1.081818 -0.243631
v 0.046021 1.085175 -0.234385
v 0.048737 1.076324 -0.255498
v 0.034363 1.097748 -0.079055
v 0.033783 1.110092 -0.098975
v 0.040863 1.065659 -0.247159
v 0.044373 1.063950 -0.256693
v 0.022110 0.931549 -0.392658
v 0.016205 0.933701 -0.374723
v 0.015991 0.922134 -0.371453
v 0.010269 0.828781 -0.481859
v 0.053528 0.884186 -0.228008
v 0.053192 0.873032 -0.245871
v 0.152008 0.762695 -0.157392
v 0.125366 0.727631 -0.157411
v 0.114975 0.731323 -0.140469
v 0.080978 0.737839 -0.090081
v 0.099792 0.753296 -0.095699
v 0.041245 0.747559 -0.025283
v 0.039001 0.755783 0.003195
v 0.073044 0.778458 0.003965
v 0.137238 0.801086 -0.068203
v 0.150146 0.789566 -0.102807
v 0.145523 0.789062 -0.107293
v 0.054184 0.729401 -0.079570
v 0.031342 0.719437 -0.070309
v 0.119095 0.687241 -0.187521
v 0.124420 0.697601 -0.188981
v 0.134293 0.687485 -0.208962
v 0.436905 0.889221 -0.170044
v 0.410934 0.920486 -0.161820
v 0.407211 0.925354 -0.169963
v 0.482605 0.775070 -0.051886
v 0.478897 0.777344 -0.047069
v 0.470871 0.799881 -0.052349
v 0.301620 0.958084 -0.252534
v 0.329849 0.953674 -0.265959
v 0.344772 0.956604 -0.253455
v 0.357681 0.928009 -0.297606
v 0.376236 0.912277 -0.283091
v 0.371323 0.938644 -0.247880
v 0.380280 0.925278 -0.242284
v 0.374374 0.950455 -0.210682
v 0.380569 0.947693 -0.207966
v 0.384781 0.922943 -0.241057
v 0.394516 0.925217 -0.240558
v 0.407837 0.924820 -0.153719
v 0.425446 0.891708 -0.144517
v 0.431931 0.898682 -0.129920
v 0.394806 0.937744 -0.126438
v 0.401199 0.931702 -0.157022
v 0.490112 0.776260 -0.104854
v 0.488693 0.785797 -0.109807
v 0.486725 0.798508 -0.140314
v 0.477814 0.805893 -0.129548
v 0.371628 0.958527 -0.187140
v 0.378052 0.952667 -0.193176
v 0.398209 0.933899 -0.168819
v 0.284012 0.987610 0.007857
v 0.296494 0.994019 -0.026645
v 0.304901 0.991470 -0.039635
v 0.343826 0.957733 -0.087150
v 0.340027 0.963623 -0.091723
v 0.357697 0.963318 -0.110058
v 0.235458 1.041306 -0.046888
v 0.228500 1.049713 -0.061217
v 0.236633 1.044510 -0.077246
v 0.229843 1.043289 -0.039389
v 0.225098 1.025177 -0.006563
v 0.218323 1.041534 -0.006100
v 0.230698 1.021210 -0.007858
v 0.250854 1.018158 -0.016222
v 0.105606 1.086975 -0.017721
v 0.110413 1.087891 -0.059290
v 0.118042 1.089905 -0.067935
v 0.135757 1.089203 -0.013762
v 0.124039 1.076996 0.006456
v 0.079453 1.063400 -0.010876
v 0.089386 1.075531 -0.029502
v 0.085083 1.077393 -0.033856
v 0.074158 1.070511 -0.024675
v 0.079590 1.099182 -0.051028
v 0.142517 1.083878 -0.097321
v 0.122559 1.088852 -0.079041
v 0.113449 1.091354 -0.077933
v 0.105927 1.090271 -0.064760
v 0.277023 1.006393 -0.083477
v 0.287674 0.976685 -0.078508
v 0.296219 0.996429 -0.043710
v 0.296509 0.970551 -0.079171
v 0.327774 0.965424 -0.088743
v 0.335205 0.963837 -0.084701
v 0.175598 1.019272 -0.294126
v 0.198730 1.022186 -0.275259
v 0.185654 1.022079 -0.269670
v 0.195053 1.049210 -0.183479
v 0.171051 1.042770 -0.180081
v 0.179840 1.039169 -0.191419
v 0.197235 1.055405 -0.163960
v 0.180649 1.051392 -0.157435
v 0.156128 1.039383 -0.269081
v 0.173065 1.031097 -0.273102
v 0.178360 1.041092 -0.233771
v 0.108337 1.027740 -0.330010
v 0.087936 1.020447 -0.367128
v 0.112289 0.999054 -0.368962
v 0.115417 1.037613 -0.296924
v 0.108871 1.042206 -0.292123
v 0.097458 1.046875 -0.307725
v 0.111771 1.048721 -0.259365
v 0.114746 1.038391 -0.283158
v 0.121262 1.030396 -0.251926
v 0.105072 1.060196 -0.220931
v 0.117661 1.034729 -0.210470
v 0.084335 1.068939 -0.193477
v 0.126129 1.028778 -0.251479
v 0.121490 1.036804 -0.284349
v 0.140350 1.038666 -0.255949
v 0.170074 1.019547 -0.296838
v 0.181061 1.023972 -0.267717
v 0.203079 1.025833 -0.225168
v 0.189835 1.022873 -0.257153
v 0.210739 1.025681 -0.234691
v 0.488251 0.778976 -0.202582
v 0.485031 0.755478 -0.171349
v 0.490509 0.764069 -0.157904
v 0.477448 0.752350 -0.180053
v 0.489136 0.777954 -0.212779
v 0.488693 0.738403 -0.192862
v 0.477814 0.749146 -0.183981
v 0.497620 0.722198 -0.210274
v 0.480957 0.732346 -0.271908
v 0.486389 0.718933 -0.268719
v 0.496506 0.718582 -0.241021
v 0.473419 0.776123 -0.267680
v 0.447739 0.765594 -0.277059
v 0.482010 0.719696 -0.280746
v 0.477402 0.730194 -0.282438
v 0.468735 0.727341 -0.319862
v 0.439590 0.759262 -0.360257
v 0.440582 0.749100 -0.362021
v 0.449417 0.735245 -0.352787
v 0.463104 0.699524 -0.334876
v 0.438553 0.734665 -0.377443
v 0.437683 0.751266 -0.366924
v 0.435303 0.760742 -0.367912
v 0.440857 0.729675 -0.360644
v 0.443314 0.729767 -0.356086
v 0.354446 0.864822 -0.381995
v 0.349579 0.854523 -0.397691
v 0.362518 0.828537 -0.413238
v 0.429550 0.705154 -0.412309
v 0.441269 0.705521 -0.383468
v 0.354309 0.799271 -0.429209
v 0.348801 0.824280 -0.416553
v 0.333328 0.821426 -0.409562
v 0.350082 0.798889 -0.431629
v 0.329041 0.821533 -0.411817
v 0.324905 0.822556 -0.431859
v 0.419189 0.845963 -0.289560
v 0.380707 0.864349 -0.299354
v 0.396591 0.860703 -0.318516
v 0.323395 0.950058 -0.287497
v 0.349121 0.935135 -0.290701
v 0.322174 0.942307 -0.273742
v 0.320572 0.943695 -0.267792
v 0.350601 0.936096 -0.286695
v 0.279251 0.901321 -0.394381
v 0.286026 0.871994 -0.421629
v 0.302521 0.867981 -0.403180
v 0.260406 0.955017 -0.303843
v 0.282394 0.953842 -0.304928
v 0.285767 0.956940 -0.281227
v 0.410812 0.900085 -0.275893
v 0.418106 0.885345 -0.286957
v 0.429504 0.877335 -0.280609
v 0.293610 1.010239 -0.129472
v 0.305634 0.993225 -0.139549
v 0.299530 0.993500 -0.111175
v 0.319336 0.971771 -0.109618
v 0.294022 0.957809 -0.088641
v 0.208267 1.027084 -0.106366
v 0.244949 1.013748 -0.102983
v 0.059326 1.094223 -0.181158
v 0.065659 1.085632 -0.182680
v 0.081696 1.073654 -0.184937
v 0.214111 1.032883 -0.213082
v 0.202469 1.029099 -0.213501
v 0.247894 0.766098 -0.520582
v 0.261200 0.748856 -0.501414
v 0.255341 0.786240 -0.499713
v 0.264496 0.788589 -0.493383
v 0.270416 0.752060 -0.494993
v 0.283905 0.769867 -0.492240
v 0.309296 0.764862 -0.479253
v 0.357605 0.785568 -0.438663
v 0.206558 0.864975 -0.460651
v 0.174667 0.850433 -0.493521
v 0.181595 0.840088 -0.497713
v 0.250107 0.849976 -0.450272
v 0.242310 0.856354 -0.439280
v 0.214737 0.873886 -0.433610
v 0.170532 0.852753 -0.493574
v 0.176208 0.834564 -0.503892
v 0.197678 0.802002 -0.508776
v 0.202438 0.801620 -0.507088
v 0.221237 0.806549 -0.505774
v 0.249664 0.794998 -0.499974
v 0.138870 0.825745 -0.514993
v 0.114136 0.833832 -0.517570
v 0.112991 0.812698 -0.512899
v 0.078369 0.886612 -0.501223
v 0.072006 0.893204 -0.498734
v 0.053329 0.878387 -0.516138
v 0.112228 0.890640 -0.465802
v 0.088135 0.887817 -0.494813
v 0.127151 0.886627 -0.481619
v 0.131653 0.913803 -0.455564
v 0.168442 0.976120 -0.370116
v 0.148178 0.982117 -0.369581
v 0.141876 0.975571 -0.376532
v 0.111603 0.950989 -0.398185
v 0.130478 0.947983 -0.409926
v 0.133133 0.980148 -0.375392
v 0.099701 0.970734 -0.398261
v 0.106979 0.956223 -0.395500
v 0.181717 0.970871 -0.352335
v 0.172699 0.991745 -0.333846
v 0.166290 0.996719 -0.335680
v 0.091644 0.924667 -0.462575
v 0.100082 0.912415 -0.471182
v 0.125824 0.919418 -0.453041
v 0.067093 0.917206 -0.480928
v 0.076004 0.896225 -0.494890
v 0.082626 0.896545 -0.490142
v 0.203613 0.878265 -0.392168
v 0.188095 0.974258 -0.333931
v 0.191803 0.976364 -0.330461
v 0.200851 0.983765 -0.327765
v 0.176559 0.993500 -0.330338
v 0.318939 0.759583 -0.478438
v 0.271408 0.743118 -0.498869
v 0.331329 0.766434 -0.467164
v 0.330750 0.757339 -0.474342
v 0.354111 0.737350 -0.475618
v 0.366348 0.733353 -0.446419
v 0.377594 0.758392 -0.438684
v 0.364471 0.752396 -0.451198
v 0.370193 0.729645 -0.445790
v 0.383987 0.734482 -0.446905
v 0.381363 0.750824 -0.439269
v 0.218384 0.907379 -0.392712
v 0.211945 0.921371 -0.348887
v 0.092926 0.690033 -0.154182
v 0.058929 0.677811 -0.132065
v 0.070450 0.695862 -0.125164
v 0.113556 0.674866 -0.171960
v 0.136856 0.683807 -0.210682
v 0.126282 0.669006 -0.177556
v 0.027786 0.707809 -0.388700
v 0.288422 0.957474 -0.257643
v 0.309906 0.945801 -0.267809
v 0.460983 0.796341 -0.040530
v 0.479309 0.778320 -0.041334
v 0.471603 0.801071 -0.031118
v 0.460510 0.796387 -0.044392
v 0.450821 0.706512 -0.025905
v 0.478256 0.728592 -0.030679
v 0.445435 0.714600 -0.032899
v 0.480469 0.728119 -0.034226
v 0.456070 0.700623 -0.047290
v 0.325439 0.976929 -0.068626
v 0.281433 0.965546 -0.090922
v 0.287659 0.963333 -0.092552
v 0.187164 1.034454 -0.115339
v 0.214371 0.931564 -0.332439
v 0.209702 0.929962 -0.338517
v 0.186981 0.873962 -0.447063
v 0.179642 0.874069 -0.446922
v 0.179733 0.872925 -0.455082
v 0.212845 0.935959 -0.323788
v 0.158310 1.037704 -0.153563
v 0.150116 1.058014 -0.145974
v 0.132797 1.054230 -0.177036
v 0.167786 1.040161 -0.187140
v 0.196274 1.029160 -0.219901
v 0.173386 1.014923 -0.304146
v 0.127213 1.030228 -0.201955
v 0.020523 0.717102 -0.326338
v 0.025833 0.764130 -0.309509
v 0.035736 0.819809 -0.245396
v 0.035858 0.824203 -0.240855
v 0.017273 0.757782 -0.398190
v 0.017273 0.766983 -0.408534
v 0.016541 0.786743 -0.397597
v 0.014938 0.811005 -0.377390
v 0.022522 0.786575 -0.387930
v 0.014435 0.816345 -0.366832
v 0.070923 0.939728 -0.430488
v 0.069153 0.944244 -0.425133
v 0.023254 0.931839 -0.406098
v 0.023605 0.937225 -0.400937
v 0.022491 1.058441 -0.242311
v 0.021729 1.058701 -0.259186
v 0.038986 1.061279 -0.254503
v 0.033005 1.076904 -0.232585
v 0.024933 1.087967 -0.212339
v 0.071716 1.023895 -0.366696
v 0.077682 1.023392 -0.367990
v 0.024170 1.060257 -0.236484
v 0.049042 0.912766 -0.162198
v 0.050018 0.910568 -0.173869
v 0.055801 0.855347 -0.254520
v 0.054840 0.847153 -0.261232
v 0.055252 0.853928 -0.260180
v 0.047043 1.095139 -0.064738
v 0.043381 1.096802 -0.060917
v 0.438812 0.846451 -0.149050
v 0.432526 0.852737 -0.159765
v 0.440689 0.841232 -0.158865
v 0.435211 0.820419 -0.259209
v 0.430786 0.830811 -0.260882
v 0.431335 0.819153 -0.268787
v 0.442200 0.772736 -0.284719
v 0.448837 0.759689 -0.286283
v 0.384491 0.867325 -0.292635
v 0.375366 0.871964 -0.296855
v 0.402710 0.924301 -0.233584
v 0.474197 0.731430 -0.137188
v 0.486618 0.737747 -0.122379
v 0.457108 0.681824 0.024016
v 0.452515 0.695160 -0.007126
v 0.420822 0.667267 0.009803
v 0.487946 0.736496 -0.029880
v 0.488785 0.744705 -0.035431
v 0.488480 0.733963 -0.035760
v 0.382874 0.760788 -0.434901
v 0.163177 0.845566 -0.502076
v 0.126251 0.803741 -0.045078
v 0.137573 0.809662 -0.043240
v 0.048248 0.745346 -0.040578
v 0.036804 0.741089 -0.036010
v 0.114059 0.721405 -0.149763
v 0.140564 0.688339 -0.216061
v 0.066360 0.731277 -0.087882
v 0.065002 0.722397 -0.096791
v 0.029846 0.741547 -0.037330
v 0.465393 0.787628 0.045215
v 0.448822 0.789291 0.061839
v 0.413696 0.814896 0.069318
v 0.418411 0.824585 0.063675
v 0.020798 0.718124 -0.342476
v 0.144470 0.670151 -0.221895
v 0.082336 0.662491 -0.150168
v 0.053207 0.645569 -0.140688
v 0.056198 0.640839 -0.141959
v 0.051056 0.643539 -0.140484
v 0.089050 0.657394 -0.150542
v 0.412582 0.700760 -0.031625
v 0.327179 0.964981 -0.010470
v 0.330444 0.945923 0.021950
v 0.310272 0.953644 0.018923
v 0.020828 0.714737 -0.362030
v 0.021271 0.835587 -0.188132
v 0.020828 0.856369 -0.151177
v 0.021896 0.855240 -0.142932
v 0.029709 0.837845 -0.139752
v 0.022293 0.916901 -0.096602
v 0.014740 0.778885 -0.359392
v 0.024796 0.879669 -0.355427
v 0.031311 0.899323 -0.309464
v 0.021530 0.886505 -0.307978
v 0.014984 0.866455 -0.307730
v 0.015350 0.835510 -0.329041
v 0.018494 0.857742 -0.353547
v 0.044327 0.929565 -0.150581
v 0.028732 0.927185 -0.176028
v 0.046448 0.925095 -0.148436
v 0.016891 1.095764 -0.168855
v 0.017395 1.101761 -0.132620
v 0.015396 1.094955 -0.110418
v 0.049194 0.973999 -0.085297
v 0.052094 0.965683 -0.069923
v 0.030731 1.089340 -0.082390
v 0.044571 0.822159 -0.286012
v 0.274048 0.728790 -0.115988
v 0.275894 0.730026 -0.016924
v 0.427231 0.899796 -0.159636
v 0.363312 0.966476 -0.153912
v 0.343689 0.981369 -0.157907
v 0.493042 0.792480 -0.180851
v 0.364761 0.939957 -0.022169
v 0.392151 0.897949 0.014116
v 0.380447 0.889954 0.045346
v 0.325958 0.975510 -0.029412
v 0.319672 0.973358 -0.015853
v 0.195602 1.066605 -0.081301
v 0.225082 1.050034 -0.047729
v 0.087173 1.104813 -0.086038
v 0.096741 1.097321 -0.114217
v 0.494095 0.737869 -0.071093
v 0.490707 0.774170 -0.072713
v 0.491379 0.772842 -0.090795
v 0.168457 1.002747 -0.324655
v 0.487289 0.814926 -0.216232
v 0.487793 0.803375 -0.236456
v 0.489838 0.790192 -0.220059
v 0.491409 0.777237 -0.243773
v 0.488937 0.692993 -0.274041
v 0.409851 0.846039 -0.333584
v 0.434845 0.828064 -0.317163
v 0.428253 0.838120 -0.302052
v 0.319092 0.896118 -0.358898
v 0.353119 0.904022 -0.323153
v 0.318008 0.943115 -0.307675
v 0.296890 0.922119 -0.355127
v 0.246750 1.032013 -0.121506
v 0.252136 1.037613 -0.140205
v 0.231567 1.034943 -0.095942
v 0.189392 1.059830 -0.100250
v 0.157516 1.069992 -0.113525
v 0.297913 0.817383 -0.456678
v 0.318253 0.773758 -0.470031
v 0.267746 0.846375 -0.452023
v 0.255539 0.832733 -0.468797
v 0.250641 0.854401 -0.442371
v 0.257767 0.847778 -0.451103
v 0.154495 0.826782 -0.513928
v 0.102081 0.854752 -0.513513
v 0.111343 0.939682 -0.428819
v 0.138702 0.985260 -0.369950
v 0.149048 0.861862 -0.495220
v 0.172180 0.877548 -0.450342
v 0.215942 0.936035 -0.319378
v 0.218033 0.937271 -0.318358
v 0.219635 0.943314 -0.316775
v 0.349838 0.710007 -0.476322
v 0.068832 1.084030 -0.189911
v 0.071228 1.064316 -0.293872
v 0.078156 1.046600 -0.332682
v 0.475479 0.796890 -0.008778
v 0.138367 0.671524 -0.208900
v 0.220581 0.938019 -0.323609
v 0.356613 0.936462 -0.284685
v 0.483398 0.767212 -0.044986
v 0.020782 0.863922 -0.137869
v 0.022598 0.814590 -0.219172
v 0.145554 0.986710 -0.366498
v 0.132370 0.924591 -0.445346
v 0.014008 0.961594 -0.229851
v 0.022903 0.797943 -0.235188
v 0.450729 0.773804 -0.329492
v 0.447189 0.787415 -0.325106
v 0.367630 0.959915 -0.200566
v 0.467865 0.726929 -0.155878
v 0.490112 0.789474 -0.210046
v 0.441315 0.699600 -0.345536
v 0.261368 0.802765 -0.487533
v 0.154404 0.688980 -0.225533
v 0.161972 0.696808 -0.227118
v 0.268631 0.740021 0.011346
v 0.280487 0.720917 0.009547
v 0.180710 1.053360 0.016248
v 0.206573 1.035446 0.011721
v 0.422134 0.650253 -0.172237
v 0.392410 0.650955 -0.157285
v 0.398438 0.672134 -0.146937
v 0.438461 0.683792 -0.157923
v 0.039215 0.604706 -0.235427
v 0.112961 0.649734 -0.143701
v 0.100677 0.645264 -0.151633
v 0.128128 0.654602 -0.142171
v 0.138733 0.654678 -0.170691
v 0.137665 0.658798 -0.161960
v 0.138138 0.657669 -0.149576
v 0.048553 0.730637 -0.238543
v 0.052734 0.817780 -0.130049
v -0.006409 0.785934 -0.167003
v 0.047821 0.798599 -0.167808
v -0.006302 0.820206 -0.078151
v 0.052948 0.836136 -0.074740
v 0.041718 0.689682 -0.250744
v 0.011963 0.772781 0.104544
v -0.005325 0.604218 -0.177080
v 0.034805 0.617615 -0.147683
v -0.005386 0.604340 -0.196218
v 0.017883 0.651260 -0.233651
v 0.033447 0.610794 -0.225204
v -0.005753 0.726242 -0.084188
v -0.005951 0.839401 0.058678
v -0.005692 0.831848 0.122266
v -0.006195 0.838699 -0.011734
v -0.005554 0.616989 -0.220328
v 0.050537 0.774780 -0.203647
v 0.057495 0.852432 -0.006043
v 0.051331 0.845108 0.128620
v 0.053558 0.852875 0.061818
v 0.035400 0.941833 0.029952
v 0.024353 0.924316 0.024023
v 0.041397 0.938690 0.008563
v 0.037186 0.941483 -0.019931
v 0.006241 1.089981 -0.032139
v 0.008118 0.997879 -0.061956
v 0.008713 0.984116 -0.019027
v 0.018173 0.983734 -0.076632
v -0.000427 1.033936 0.037819
v 0.022659 0.970673 0.031536
v 0.018143 0.969482 -0.015314
v 0.047623 1.119476 0.060213
v 0.023117 0.743774 0.002007
v 0.030853 1.107895 -0.055894
v 0.027847 1.112869 -0.039210
v 0.018814 0.926620 0.074944
v 0.016098 0.900162 0.134970
v 0.024658 0.864853 0.128951
v 0.017090 0.985611 0.125116
v 0.018860 0.978119 0.080374
v 0.006271 1.001312 0.106799
v 0.010361 1.025146 0.142179
v 0.003891 1.031235 0.127535
v 0.013123 0.732040 0.105419
v 0.018021 0.887894 0.066767
v 0.192505 1.022964 0.158045
v 0.204544 1.041290 0.143544
v 0.407913 0.640579 0.214663
v 0.427460 0.676056 0.223667
v 0.393158 0.648987 0.231041
v 0.448013 0.668259 0.189635
v 0.451324 0.673187 0.051337
v 0.443024 0.673248 0.067379
v 0.485535 0.714523 0.036166
v 0.472214 0.721619 0.130807
v 0.450012 0.705963 0.179222
v 0.435898 0.730576 0.216633
v 0.434036 0.740112 0.190210
v 0.426239 0.725403 0.238274
v 0.421204 0.806259 0.145970
v 0.415833 0.781830 0.226174
v 0.427170 0.738388 0.175945
v 0.328049 0.873611 0.193798
v 0.321091 0.958557 0.136091
v 0.286819 0.936172 0.166098
v 0.306900 0.945587 0.158024
v 0.111618 0.815018 0.064114
v 0.070648 0.789459 0.064008
v 0.071091 0.790222 0.122020
v 0.109467 0.813843 0.124699
v 0.040131 0.772293 0.117361
v 0.156555 0.830658 0.071249
v 0.190125 0.826797 0.070528
v 0.200409 0.826324 0.027140
v 0.168991 0.831741 0.021318
v 0.182419 0.820160 0.133827
v 0.150024 0.826202 0.132294
v 0.216949 0.801956 0.074473
v 0.121704 0.819778 0.126412
v 0.124954 0.821671 0.065321
v 0.130676 0.821198 0.012599
v 0.419876 0.659164 0.040360
v 0.274933 0.958420 0.031303
v 0.287384 0.970413 0.047349
v 0.263153 0.981415 0.047071
v 0.334198 0.888031 0.068251
v 0.349823 0.885284 0.097910
v 0.341858 0.902679 0.085199
v 0.039124 0.768127 0.061412
v 0.354874 0.879227 0.100636
v 0.374924 0.859283 0.097731
v 0.416504 0.660156 0.060005
v 0.346802 0.914383 0.114506
v 0.185776 1.068954 0.091048
v 0.285202 0.936951 0.170942
v 0.393951 0.781693 0.176800
v 0.394791 0.780884 0.181400
v 0.291306 0.941422 0.032239
v 0.308426 0.929291 0.043327
v 0.276657 0.958130 0.026346
v 0.008163 1.085052 0.105714
v 0.003632 1.031052 0.082010
v 0.257843 0.985535 0.046441
v 0.138153 1.067963 0.045677
v -0.001465 1.085602 0.059895
v 0.117493 1.096390 0.108385
v 0.410721 0.786224 0.197647
v 0.407486 0.792587 0.167156
v 0.378098 0.823151 0.225777
v 0.341934 0.922989 0.099761
v 0.116455 0.813278 0.010530
v 0.223770 0.800598 0.035241
v 0.024658 0.757278 -0.504562
v 0.035858 0.770233 -0.499425
v 0.047211 0.792007 -0.526026
v 0.038132 0.779541 -0.548300
v 0.054199 0.794067 -0.559878
v 0.057419 0.800278 -0.531601
v 0.137482 0.719360 -0.590164
v 0.219604 0.771622 -0.530607
v 0.123459 0.783722 -0.564154
v 0.082809 0.798523 -0.553646
v 0.079391 0.800293 -0.524961
v 0.209335 0.775513 -0.531446
v 0.258209 0.727356 -0.521897
v 0.056534 0.771194 -0.580374
v 0.060425 0.747803 -0.587288
v 0.090958 0.747467 -0.588633
v 0.088470 0.777237 -0.576591
v 0.008316 0.712326 -0.440375
v 0.004883 0.693100 -0.454044
v 0.091095 0.737961 -0.582712
v 0.071075 0.729568 -0.580273
v 0.103561 0.727158 -0.605822
v 0.095383 0.733887 -0.587078
v 0.033813 0.642838 -0.429969
v 0.019745 0.633682 -0.414561
v 0.031219 0.683212 -0.403943
v 0.017685 0.683014 -0.417162
v 0.017746 0.650879 -0.447786
v 0.006836 0.657639 -0.465202
v 0.014236 0.659805 -0.287227
v 0.073746 0.724289 -0.584249
v 0.031586 0.682251 -0.397755
v 0.033478 0.645721 -0.435457
v 0.029694 0.707062 -0.271073
v 0.020523 0.707169 -0.295224
v 0.022171 0.749237 -0.272167
v 0.028549 0.769547 -0.318949
v 0.036026 0.815125 -0.274891
v 0.047119 0.833954 -0.255901
v 0.036011 0.873337 -0.218571
v 0.039230 0.853760 -0.240144
v 0.038315 0.893158 -0.177960
v 0.044312 0.899796 -0.160429
v 0.043777 0.903290 -0.154992
v 0.049286 0.821518 -0.130035
v 0.046494 0.802078 -0.170074
v 0.029434 0.818390 -0.181150
v 0.035583 0.877365 -0.264544
v 0.051636 0.874313 -0.249816
v 0.027954 0.860031 -0.278507
v 0.032776 0.861710 -0.519837
v 0.026062 0.897720 -0.494102
v 0.012466 0.881760 -0.478353
v 0.017471 0.844009 -0.509209
v 0.031219 0.934036 -0.429152
v 0.011185 0.916229 -0.422519
v 0.025436 0.926498 -0.452662
v 0.009598 0.952698 -0.289495
v 0.029419 1.020416 -0.218093
v 0.012756 1.044479 -0.252728
v 0.006165 1.076447 -0.144357
v 0.011948 0.920731 -0.241180
v 0.013992 0.940536 -0.186156
v 0.012512 0.980331 -0.135536
v 0.026978 0.972519 -0.120770
v 0.009521 0.958252 -0.204516
v 0.042999 0.963501 -0.111724
v 0.018219 0.953339 -0.405432
v 0.031601 0.939499 -0.425550
v 0.024612 0.958618 -0.424967
v 0.043457 0.911057 -0.491260
v 0.022720 0.977737 -0.406406
v 0.017487 0.900116 -0.364573
v 0.024658 0.885376 -0.360872
v 0.052505 1.061707 -0.298009
v 0.026794 1.048096 -0.297722
v 0.038559 1.030380 -0.340343
v 0.055725 1.032913 -0.334288
v 0.041763 1.049698 -0.296720
v 0.031647 1.108795 -0.123744
v 0.036331 1.103836 -0.157409
v 0.065216 1.105804 -0.141551
v 0.057373 1.112595 -0.109358
v 0.052460 1.111130 -0.081723
v 0.057419 1.009018 -0.384261
v 0.057419 1.021378 -0.368890
v 0.049118 0.979111 -0.094265
v 0.083786 0.771347 -0.040998
v 0.167847 0.743713 -0.198410
v 0.143219 0.712555 -0.192416
v 0.272095 0.731750 -0.062197
v 0.260269 0.751694 -0.092421
v 0.246094 0.775620 -0.054314
v 0.261871 0.750320 -0.026236
v 0.237381 0.715500 -0.191347
v 0.263092 0.713058 -0.166170
v 0.183502 0.824524 -0.028336
v 0.210205 0.819336 -0.017029
v 0.226120 0.799973 -0.073809
v 0.202316 0.807709 -0.087357
v 0.243362 0.767288 -0.115814
v 0.184433 0.741013 -0.187426
v 0.175171 0.748001 -0.197365
v 0.161209 0.769058 -0.157014
v 0.169342 0.766449 -0.151293
v 0.197906 0.714630 -0.214016
v 0.190964 0.719498 -0.229957
v 0.159470 0.793228 -0.097676
v 0.217041 0.776871 -0.135085
v 0.227341 0.746552 -0.167842
v 0.193222 0.740662 -0.182281
v 0.178864 0.767914 -0.147364
v 0.205536 0.713943 -0.207295
v 0.365738 0.680908 -0.042950
v 0.413971 0.686752 -0.048885
v 0.410995 0.678101 -0.068439
v 0.362411 0.684494 -0.127090
v 0.363205 0.678436 -0.114724
v 0.402023 0.680679 -0.116007
v 0.398849 0.685822 -0.126570
v 0.102005 0.710358 -0.147520
v 0.075974 0.733749 -0.090805
v 0.333252 0.982681 -0.196877
v 0.344864 0.974808 -0.128371
v 0.426712 0.903076 -0.103557
v 0.414978 0.897324 -0.072665
v 0.382965 0.934387 -0.095272
v 0.455032 0.861816 -0.096806
v 0.446808 0.855545 -0.067526
v 0.477051 0.820816 -0.117451
v 0.480927 0.815720 -0.094216
v 0.457077 0.857147 -0.129028
v 0.480331 0.807434 -0.070772
v 0.489243 0.783371 -0.094605
v 0.438477 0.848145 -0.054638
v 0.403320 0.891052 -0.058021
v 0.373154 0.927383 -0.078058
v 0.372040 0.900574 -0.303749
v 0.380676 0.895844 -0.277266
v 0.419724 0.849365 -0.284636
v 0.426834 0.863510 -0.287990
v 0.409653 0.879822 -0.291347
v 0.436691 0.854401 -0.213517
v 0.438629 0.867783 -0.218444
v 0.437622 0.850327 -0.266117
v 0.439621 0.876038 -0.168591
v 0.476639 0.808731 -0.124676
v 0.487671 0.789200 -0.102592
v 0.470764 0.831894 -0.175917
v 0.491104 0.767120 -0.098004
v 0.491470 0.743011 -0.097589
v 0.455887 0.698746 -0.093031
v 0.455856 0.696121 -0.067470
v 0.489929 0.733429 -0.052793
v 0.273788 1.015427 -0.063053
v 0.190689 1.070267 -0.050023
v 0.184601 1.065491 -0.003720
v 0.382919 0.908096 -0.027479
v 0.379395 0.886917 -0.037334
v 0.386703 0.876526 -0.029961
v 0.370483 0.934357 -0.048984
v 0.327713 0.978821 -0.049794
v 0.365402 0.916458 -0.059992
v 0.346970 0.957413 -0.062650
v 0.341766 0.946381 -0.072628
v 0.428131 0.840118 -0.047261
v 0.384735 0.878586 -0.040852
v 0.365952 0.914810 -0.064706
v 0.208191 1.009781 -0.292612
v 0.229858 0.990784 -0.298234
v 0.250244 1.035721 -0.179697
v 0.211884 1.053299 -0.142763
v 0.243958 1.015564 -0.246949
v 0.228317 1.036484 -0.204419
v 0.224106 1.028458 -0.239069
v 0.199188 1.049484 -0.131390
v 0.273087 0.980164 -0.252931
v 0.297256 0.996750 -0.191937
v 0.287354 1.012909 -0.187894
v 0.262512 0.997498 -0.254528
v 0.238358 0.974487 -0.296541
v 0.215210 0.966446 -0.322371
v 0.242889 0.956451 -0.292523
v 0.304672 0.984482 -0.192199
v 0.286224 0.963821 -0.248467
v 0.131790 1.027878 -0.312557
v 0.110870 1.080109 -0.165211
v 0.129456 1.079407 -0.141170
v 0.467972 0.816498 -0.252038
v 0.489639 0.810898 -0.195248
v 0.466888 0.747726 -0.308644
v 0.503555 0.683792 -0.231894
v 0.504959 0.686966 -0.199867
v 0.487579 0.699921 -0.173671
v 0.441010 0.814819 -0.292792
v 0.446030 0.776016 -0.342649
v 0.443604 0.787186 -0.340120
v 0.386566 0.821991 -0.402844
v 0.366241 0.789764 -0.431419
v 0.395050 0.770950 -0.421591
v 0.399826 0.734390 -0.437265
v 0.425446 0.734909 -0.407402
v 0.365662 0.874130 -0.343006
v 0.378998 0.863052 -0.361684
v 0.335953 0.855804 -0.396490
v 0.337112 0.872192 -0.370301
v 0.322357 0.868668 -0.358473
v 0.317032 0.847733 -0.389708
v 0.311920 0.849182 -0.390944
v 0.351257 0.880981 -0.324179
v 0.384979 0.893707 -0.276155
v 0.399033 0.900864 -0.277719
v 0.258972 0.939957 -0.349910
v 0.238358 0.943207 -0.343815
v 0.327652 0.969711 -0.113486
v 0.315079 0.981262 -0.142603
v 0.156876 1.044907 -0.208506
v 0.242767 0.911530 -0.397094
v 0.245453 0.876099 -0.427163
v 0.262115 0.877380 -0.427984
v 0.108627 0.895172 -0.465443
v 0.083679 0.935883 -0.445585
v 0.065109 0.935333 -0.452782
v 0.063843 0.960419 -0.425583
v 0.041733 0.932510 -0.456413
v 0.044220 0.935333 -0.433302
v 0.150497 0.998749 -0.352531
v 0.174683 0.869980 -0.467197
v 0.162094 0.878708 -0.464938
v 0.168488 0.893890 -0.441339
v 0.159210 0.900543 -0.450024
v 0.193146 0.950607 -0.352298
v 0.168549 0.926712 -0.416555
v 0.178955 0.912872 -0.409907
v 0.203629 0.958664 -0.326801
v 0.199936 0.956451 -0.330659
v 0.088181 1.074158 -0.228381
v 0.094360 1.060623 -0.268639
v 0.407883 0.676666 -0.095572
v 0.439377 0.703247 -0.123356
v 0.011292 0.799667 -0.428633
v 0.018814 0.750137 -0.438754
v 0.015305 0.918427 -0.309234
v 0.009369 0.928391 -0.280419
v 0.008224 0.939682 -0.236931
v 0.029617 0.693924 -0.269342
v 0.440018 0.849075 0.007056
v 0.442871 0.848587 -0.024084
v 0.482849 0.762314 -0.004669
v 0.321747 0.979614 -0.145273
v 0.298645 0.965439 -0.240318
v 0.310745 0.982315 -0.192982
v 0.246460 0.952881 -0.294324
v 0.428802 0.840118 -0.042393
v 0.256927 1.004517 0.000953
v 0.223419 1.000824 0.007621
v 0.011154 1.039749 -0.116755
v 0.027313 1.039337 -0.097162
v 0.047440 0.775299 -0.206610
v 0.050735 0.884888 -0.252411
v 0.041519 0.821121 -0.291945
v 0.030350 0.904175 -0.309827
v 0.055527 0.806473 -0.526682
v 0.077347 0.805344 -0.520521
v 0.031372 0.742081 -0.452635
v 0.045639 0.797501 -0.521782
v 0.042679 0.979172 -0.414820
v 0.063354 0.975311 -0.414502
v 0.086899 0.985672 -0.393497
v 0.040283 0.959641 -0.430819
v 0.043915 0.939743 -0.429657
v 0.141098 0.909134 -0.455261
v 0.139786 0.920380 -0.446457
v 0.023819 0.989471 -0.221195
v 0.029938 1.023270 -0.212021
v 0.040924 1.095886 -0.199862
v 0.046570 1.052536 -0.296737
v 0.047165 0.839569 -0.250190
v 0.225601 0.992264 0.012408
v 0.424393 0.892227 -0.150157
v 0.436325 0.881531 -0.221420
v 0.438202 0.866089 -0.262479
v 0.467697 0.720703 -0.160836
v 0.436676 0.702988 -0.136998
v 0.398071 0.684647 -0.132209
v 0.361832 0.683304 -0.132744
v 0.184402 0.716934 -0.232327
v 0.136368 0.784058 -0.104870
v 0.136108 0.704773 -0.191216
v 0.106186 0.715927 -0.146471
v 0.128769 0.701401 -0.189746
v 0.253220 0.762802 0.009940
v 0.412766 0.683823 -0.017861
v 0.429031 0.837509 0.045250
v 0.380463 0.861038 0.068047
v 0.362946 0.875977 0.070487
v 0.356995 0.899857 0.059086
v 0.485168 0.730423 -0.011588
v 0.298996 0.967606 0.013540
v 0.023224 0.769867 -0.331604
v 0.046951 0.734207 -0.238935
v 0.025757 0.824982 -0.305834
v 0.021454 0.788193 -0.494758
v 0.035233 0.774750 -0.497652
v 0.029831 0.814651 -0.522800
v 0.008957 0.999878 -0.269670
v 0.015228 1.035721 -0.289901
v 0.232986 0.792419 -0.006307
v 0.255295 0.741135 -0.144764
v 0.421707 0.907547 -0.228268
v 0.323929 0.973358 -0.232748
v 0.465866 0.838394 -0.215806
v 0.440750 0.849060 -0.213053
v 0.344208 0.965286 -0.042212
v 0.143234 1.088623 -0.060481
v 0.410233 0.878616 -0.013507
v 0.344788 0.941986 -0.075661
v 0.444199 0.813049 -0.310953
v 0.417908 0.805588 -0.371276
v 0.419296 0.769714 -0.394262
v 0.360199 0.795105 -0.432186
v 0.353500 0.875961 -0.327221
v 0.319321 0.872147 -0.357218
v 0.153793 0.941498 -0.415198
v 0.016876 0.747589 -0.406775
v 0.436890 0.699829 -0.143169
v 0.043350 0.616241 -0.149212
v 0.040543 0.592545 -0.250748
v 0.057602 0.611526 -0.145834
v 0.071381 0.625656 -0.142668
v 0.094391 0.641129 -0.151558
v 0.419891 0.676193 -0.104266
v 0.399399 0.664719 -0.136732
v 0.373398 0.659637 -0.125167
v 0.398575 0.667130 -0.088190
v -0.005783 0.748413 -0.055194
v -0.005783 0.748413 -0.055194
v -0.005569 0.678513 -0.116321
v -0.005569 0.678513 -0.116321
v -0.005569 0.678513 -0.116321
v -0.005707 0.705887 -0.108500
v -0.005707 0.705887 -0.108500
v -0.006210 0.722778 -0.224603
v -0.006210 0.722778 -0.224603
v -0.006210 0.722778 -0.224603
v -0.006378 0.802383 -0.131591
v -0.006378 0.802383 -0.131591
v -0.006409 0.785934 -0.167003
v -0.006302 0.820206 -0.078151
v -0.005783 0.763794 -0.024580
v -0.005783 0.763794 -0.024580
v -0.005951 0.678940 -0.228634
v -0.005951 0.678940 -0.228634
v -0.005417 0.778625 0.106385
v -0.005417 0.778625 0.106385
v -0.005173 0.762070 0.148720
v -0.005646 0.785324 0.053941
v -0.005646 0.785324 0.053941
v -0.005356 0.639099 -0.124587
v -0.005356 0.639099 -0.124587
v -0.005325 0.604218 -0.177080
v -0.005295 0.620163 -0.140624
v -0.005295 0.620163 -0.140624
v -0.005386 0.604340 -0.196218
v -0.005707 0.638412 -0.228451
v -0.005707 0.638412 -0.228451
v -0.005753 0.726242 -0.084188
v -0.005951 0.839401 0.058678
v -0.006195 0.838699 -0.011734
v -0.005554 0.616989 -0.220328
v -0.006378 0.765427 -0.197887
v -0.006378 0.765427 -0.197887
v 0.010468 0.744812 -0.046069
v 0.009415 0.745590 -0.046092
v 0.021896 0.742386 -0.039547
v 0.010193 0.744339 -0.046781
v 0.007812 0.691605 -0.108466
v 0.012573 0.684631 -0.109013
v -0.002365 0.698868 -0.124738
v 0.012497 0.698303 -0.105103
v 0.016006 0.694290 -0.234813
v 0.020294 0.695251 -0.236829
v 0.012619 0.695816 -0.233335
v 0.015472 0.683334 -0.234109
v 0.030518 0.636230 -0.236604
v 0.028915 0.654602 -0.241135
v 0.027786 0.632339 -0.232545
v 0.034302 0.632736 -0.238303
v 0.024429 0.908676 -0.006545
v 0.021469 0.905075 -0.021223
v 0.027344 0.919983 -0.004646
v 0.025314 0.906708 -0.002177
v 0.023621 0.871094 -0.041698
v 0.022949 0.877365 -0.009937
v 0.028061 0.864487 -0.043433
v 0.022934 0.874008 -0.045623
v 0.009430 1.068039 -0.004553
v 0.006470 1.068024 -0.010710
v 0.014633 1.088669 0.005654
v 0.011017 1.062347 -0.003146
v 0.006256 1.064789 0.005530
v 0.009628 1.084259 0.020118
v 0.002228 1.061966 0.005220
v 0.009888 1.061035 0.000472
v 0.004745 1.065536 -0.070305
v 0.003433 1.065933 -0.062640
v 0.006134 1.039505 -0.079871
v 0.007385 1.067307 -0.071834
v 0.051605 0.959290 0.012327
v 0.053116 0.958252 0.020180
v 0.050598 0.956528 0.006774
v 0.045700 0.959915 0.012125
v 0.028275 1.110214 0.025052
v 0.028641 1.113007 0.025490
v 0.032761 1.106308 0.034006
v 0.024216 1.107025 0.018570
v 0.021393 1.107147 0.040058
v 0.016251 1.103470 0.035883
v 0.030518 1.105225 0.038756
v 0.022385 1.110718 0.044684
v 0.080353 1.116226 0.034009
v 0.076401 1.120209 0.041448
v 0.076111 1.115631 0.022890
v 0.082764 1.109207 0.041962
v 0.023300 1.098129 -0.066845
v 0.022461 1.093063 -0.069302
v 0.031952 1.095596 -0.071615
v 0.024292 1.098892 -0.066009
v 0.054291 1.118179 -0.021567
v 0.056717 1.110016 -0.025964
v 0.059784 1.117432 -0.008957
v 0.047791 1.119858 -0.026693
v 0.018326 1.115616 -0.015333
v 0.021988 1.116928 -0.019020
v 0.025192 1.119553 0.005955
v 0.015060 1.111710 -0.016151
v 0.039124 1.110779 0.045805
v 0.037277 1.109146 0.043239
v 0.036987 1.111664 0.041006
v 0.036545 1.111664 0.047560
v 0.002319 1.058884 0.085155
v 0.002930 1.061661 0.087737
v 0.002396 1.037933 0.076514
v 0.001724 1.059555 0.080849
v 0.043198 1.106369 0.137982
v 0.035049 1.106384 0.128790
v 0.047104 1.106613 0.136591
v 0.039307 1.106720 0.140075
v 0.004684 1.107834 0.082231
v 0.000351 1.107056 0.081575
v 0.010223 1.107925 0.074791
v 0.010086 1.107300 0.092067
v 0.307053 0.980881 0.080348
v 0.315247 0.971649 0.087294
v 0.299164 0.987625 0.083818
v 0.304840 0.977020 0.070153
v 0.260284 1.013229 0.092052
v 0.259781 1.013931 0.092920
v 0.261597 1.006287 0.075800
v 0.265411 1.010086 0.091754
v 0.268784 0.999237 0.129622
v 0.291809 0.987854 0.116290
v 0.263916 0.997101 0.133572
v 0.269577 1.000397 0.127124
v 0.160294 1.082336 0.089532
v 0.163757 1.081146 0.105134
v 0.148300 1.087189 0.087729
v 0.165588 1.078094 0.082808
v 0.168030 1.072144 0.131085
v 0.174484 1.067703 0.127925
v 0.160767 1.067780 0.144648
v 0.164993 1.073944 0.127734
v 0.129364 1.075775 0.139680
v 0.131714 1.083191 0.132067
v 0.141678 1.063812 0.152384
v 0.124908 1.074387 0.138537
v 0.124466 1.092117 0.080958
v 0.111374 1.096619 0.089031
v 0.128036 1.088730 0.068377
v 0.129349 1.091339 0.085544
v 0.079758 1.104309 0.126684
v 0.081696 1.102524 0.132345
v 0.065430 1.106903 0.131171
v 0.089462 1.103394 0.112581
v 0.092056 1.096451 0.144781
v 0.262314 0.988007 0.174892
v 0.421921 0.627655 0.160634
v 0.457764 0.657211 0.107734
v 0.459579 0.662659 0.102074
v 0.446564 0.645248 0.102894
v 0.459946 0.657806 0.117554
v 0.473862 0.714905 0.086678
v 0.469009 0.700134 0.074723
v 0.469574 0.716507 0.091678
v 0.480072 0.721451 0.083231
v 0.471527 0.706589 0.096525
v 0.466049 0.692581 0.087096
v 0.475830 0.706894 0.104260
v 0.469070 0.712158 0.095758
v 0.463348 0.686050 0.164129
v 0.463150 0.685257 0.164709
v 0.461624 0.702011 0.162196
v 0.465195 0.687317 0.158446
v 0.434189 0.662247 0.069798
v 0.445618 0.669388 0.074247
v 0.431992 0.663437 0.068427
v 0.433792 0.658127 0.071939
v 0.452408 0.726761 0.163094
v 0.458420 0.713608 0.161953
v 0.449768 0.728149 0.164289
v 0.454315 0.728928 0.159134
v 0.443970 0.729050 0.166647
v 0.442780 0.724716 0.167826
v 0.433090 0.743576 0.168724
v 0.364151 0.867905 0.183055
v 0.380447 0.845840 0.179243
v 0.356735 0.866058 0.186812
v 0.366043 0.873474 0.176844
v 0.342697 0.907715 0.175674
v 0.336121 0.902313 0.181087
v 0.338898 0.917358 0.169544
v 0.351456 0.899414 0.172409
v 0.332703 0.894745 0.212154
v 0.282806 0.974243 0.133845
v 0.293503 0.972931 0.132935
v 0.278809 0.966873 0.144545
v 0.280487 0.975510 0.131310
v 0.022491 0.738708 0.089325
v 0.019775 0.735535 0.084552
v 0.023911 0.735123 0.112569
v 0.025116 0.745880 0.087825
v 0.433029 0.798706 0.072450
v 0.433548 0.797821 0.069224
v 0.436356 0.796555 0.073891
v 0.415665 0.812531 0.077945
v 0.380600 0.847305 0.088499
v 0.384628 0.841492 0.085897
v 0.385590 0.849762 0.096293
v 0.377243 0.848953 0.087350
v 0.439148 0.794327 0.073717
v 0.451035 0.784149 0.066226
v 0.440140 0.794235 0.076212
v 0.203354 1.046432 0.054479
v 0.206253 1.049973 0.062183
v 0.184219 1.055054 0.052491
v 0.205917 1.039856 0.049662
v 0.300003 0.944229 0.044761
v 0.296783 0.948746 0.043506
v 0.296204 0.938019 0.040650
v 0.309143 0.938339 0.051876
v 0.072800 1.096024 0.088364
v 0.069992 1.106812 0.099147
v 0.074875 1.094971 0.074230
v 0.075943 1.092407 0.087996
v 0.465256 0.758453 0.109348
v 0.467468 0.750290 0.119628
v 0.457230 0.770630 0.111736
v 0.469040 0.756805 0.095179
v 0.003479 1.001663 0.053163
v 0.003189 1.006821 0.070522
v 0.005768 0.990967 0.049715
v 0.003235 1.006699 0.048727
v 0.010056 0.756134 0.030435
v 0.007767 0.763306 0.022953
v 0.010361 0.758072 0.055649
v 0.011490 0.747528 0.026029
v 0.451569 0.645996 0.157127
v 0.443130 0.636993 0.154877
v 0.451569 0.649551 0.164730
v 0.454132 0.649124 0.150695
v 0.274094 0.695618 0.181201
v 0.306061 0.916306 0.197908
v 0.315781 0.899750 0.201759
v 0.259918 0.970261 0.146206
v 0.263123 0.965363 0.149118
v 0.253464 0.971970 0.149139
v 0.264694 0.971878 0.141957
v 0.370346 0.845718 0.077015
v 0.375656 0.841263 0.075971
v 0.371552 0.846771 0.079858
v 0.367935 0.847702 0.077024
v 0.385605 0.860870 0.119215
v 0.384674 0.860199 0.115944
v 0.387985 0.859573 0.119888
v 0.381104 0.866348 0.120210
v 0.299774 0.983795 0.112679
v 0.293961 0.981995 0.117787
v 0.303238 0.981232 0.113924
v 0.003662 1.093552 0.141598
v 0.003510 1.081818 0.138825
v 0.004913 1.097092 0.130961
v 0.004578 1.097290 0.147676
v 0.013840 1.109238 0.110460
v 0.017944 1.108475 0.115978
v 0.006805 1.107864 0.106022
v 0.015533 1.108673 0.108106
v 0.018875 1.108185 0.118193
v 0.011490 1.106552 0.115355
v 0.018570 1.107941 0.120466
v 0.174393 1.056213 0.133501
v 0.167358 1.052979 0.145795
v 0.175552 1.052170 0.130704
v 0.244263 0.997238 0.033426
v 0.251968 0.989456 0.035968
v 0.243576 1.003555 0.039108
v 0.240662 0.996552 0.029725
v 0.141388 1.038437 0.028128
v 0.142990 1.040726 0.030289
v 0.114822 1.041122 0.026287
v 0.141953 1.042694 0.025832
v 0.095215 1.065720 0.048044
v 0.106949 1.064270 0.041596
v 0.091492 1.078568 0.061766
v 0.089584 1.063416 0.045310
v 0.256210 0.752762 0.045485
v 0.251984 0.758469 0.053048
v 0.260757 0.745743 0.047036
v 0.256348 0.753540 0.039562
v 0.000916 1.059601 0.004277
v 0.001816 1.038513 -0.013362
v 0.000549 1.058945 0.009476
v 0.022751 1.077362 -0.077065
v 0.027740 1.072266 -0.081948
v 0.017715 1.073837 -0.076234
v 0.029510 1.113922 0.026996
v 0.031128 1.115448 0.028212
v 0.002228 1.028595 -0.021593
v 0.002106 1.025238 -0.012481
v 0.002808 1.026367 -0.030766
v 0.002182 1.029694 -0.021307
v 0.039276 0.957214 0.111485
v 0.037323 0.954681 0.078397
v 0.039780 0.963272 0.115989
v 0.036469 0.952972 0.115385
v 0.016693 0.906326 0.160963
v 0.026199 1.104660 0.105330
v 0.031723 1.105927 0.119218
v 0.023712 1.105164 0.104542
v 0.031052 1.106094 0.101754
v 0.006180 1.063202 0.107921
v 0.007004 1.084930 0.117478
v 0.004761 1.060608 0.113605
v 0.006958 1.060471 0.102962
v 0.259415 1.014114 0.092400
v 0.260590 1.007233 0.075961
v 0.254288 1.018524 0.092777
v 0.212891 1.051422 0.093337
v 0.225082 1.042480 0.093207
v 0.203979 1.057816 0.112145
v 0.208313 1.053207 0.082596
v 0.462677 0.686050 0.165227
v 0.460846 0.701935 0.163505
v 0.461273 0.685379 0.167811
v 0.406555 0.841583 0.114700
v 0.398270 0.852554 0.120441
v 0.408966 0.834656 0.104632
v 0.407578 0.838760 0.122200
v 0.269058 0.715576 0.162641
v 0.264557 0.722122 0.162838
v 0.269363 0.707657 0.183233
v 0.271225 0.715256 0.153388
v 0.470001 0.766464 0.058928
v 0.461136 0.775040 0.061471
v 0.470551 0.767273 0.057470
v 0.470596 0.764130 0.064256
v 0.247131 1.005585 0.047448
v 0.254257 0.998108 0.049600
v 0.244888 1.010788 0.051346
v 0.366608 0.891235 0.142819
v 0.369568 0.886444 0.152274
v 0.351120 0.914169 0.140634
v 0.370712 0.884598 0.133057
v 0.368881 0.881363 0.121632
v 0.367615 0.880798 0.118834
v 0.369797 0.881241 0.123229
v 0.023834 0.876404 0.023769
v 0.028122 0.870667 0.026373
v 0.022980 0.880005 0.027578
v 0.019287 0.902374 0.028400
v 0.021347 0.902542 0.009714
v 0.019028 0.910004 0.040569
v 0.018906 0.898590 0.030160
v 0.458191 0.778320 0.061841
v 0.461502 0.776489 0.059513
v 0.457336 0.779266 0.062113
v 0.185318 1.070831 0.104527
v 0.189362 1.067032 0.109594
v 0.182953 1.065674 0.111129
v 0.185028 1.071213 0.103912
v 0.030838 1.106522 0.123826
v 0.026688 1.106903 0.124242
v 0.028030 1.106644 0.118146
v 0.031448 1.106384 0.124393
v 0.261612 1.004288 0.070101
v 0.261505 1.004059 0.069262
v 0.205460 1.018005 0.026214
v 0.197998 1.019577 0.021526
v 0.221054 1.007156 0.024158
v 0.205170 1.025665 0.033993
v 0.025177 0.734344 -0.547776
v 0.024719 0.741608 -0.542359
v 0.023621 0.729614 -0.541018
v 0.033722 0.740921 -0.568780
v 0.248764 0.724640 -0.537018
v 0.245529 0.722992 -0.543510
v 0.253220 0.720612 -0.533794
v 0.245834 0.735016 -0.530744
v 0.133759 0.816681 -0.530019
v 0.143692 0.823090 -0.519794
v 0.131714 0.815842 -0.528817
v 0.135483 0.813187 -0.533479
v 0.127548 0.813675 -0.524275
v 0.129791 0.815674 -0.516397
v 0.115265 0.808136 -0.528068
v 0.161331 0.747345 -0.570193
v 0.178238 0.749374 -0.563904
v 0.154526 0.756729 -0.568968
v 0.157730 0.739090 -0.573167
v 0.304871 0.720703 -0.519575
v 0.314392 0.727829 -0.509807
v 0.291306 0.724762 -0.521413
v 0.024765 0.710693 -0.404156
v 0.021851 0.711655 -0.409682
v 0.027084 0.712494 -0.403216
v 0.023621 0.704041 -0.400457
v 0.024033 0.717255 -0.421713
v 0.023087 0.716583 -0.423857
v 0.028595 0.721786 -0.424697
v 0.020126 0.715973 -0.418170
v 0.008957 0.713943 -0.422010
v 0.012253 0.714752 -0.423193
v 0.011642 0.713470 -0.419381
v 0.007935 0.710815 -0.423225
v 0.329041 0.722748 -0.504398
v 0.005936 0.673904 -0.502234
v 0.004868 0.665390 -0.504717
v 0.007584 0.679199 -0.512046
v 0.005966 0.679474 -0.492017
v 0.007172 0.702423 -0.426216
v 0.008560 0.700638 -0.423800
v 0.006531 0.701828 -0.429323
v 0.013214 0.672348 -0.361498
v 0.013855 0.664673 -0.371985
v 0.015457 0.681503 -0.359948
v 0.011856 0.663528 -0.348064
v 0.029099 0.693115 -0.547311
v 0.032104 0.702637 -0.543763
v 0.023422 0.689560 -0.536993
v 0.027618 0.691437 -0.551726
v 0.040863 0.703491 -0.566347
v 0.045044 0.706772 -0.568982
v 0.039871 0.707031 -0.566525
v 0.037521 0.699905 -0.563467
v 0.020096 0.726532 -0.526753
v 0.015015 0.728134 -0.501768
v 0.021469 0.723587 -0.527412
v 0.168137 0.808853 -0.528099
v 0.155304 0.807693 -0.534225
v 0.177658 0.798630 -0.534540
v 0.169693 0.814346 -0.520380
v 0.194366 0.730377 -0.562961
v 0.195755 0.736893 -0.560299
v 0.177475 0.730103 -0.569152
v 0.196075 0.726242 -0.560648
v 0.191528 0.767975 -0.549835
v 0.203293 0.771286 -0.540003
v 0.189529 0.772278 -0.548004
v 0.192520 0.763596 -0.551163
v 0.199844 0.789688 -0.528219
v 0.204956 0.778015 -0.533971
v 0.199844 0.791290 -0.525720
v 0.195984 0.788467 -0.531678
v 0.028717 0.726395 -0.444605
v 0.026733 0.734848 -0.457294
v 0.032227 0.727509 -0.441337
v 0.025024 0.722412 -0.442007
v 0.233994 0.717712 -0.549713
v 0.008911 0.680588 -0.520746
v 0.008804 0.672592 -0.532199
v 0.011581 0.683899 -0.522258
v 0.017395 0.704544 -0.505532
v 0.009933 0.702072 -0.491401
v 0.019455 0.695282 -0.517195
v 0.020844 0.710190 -0.511903
v 0.037262 0.716171 -0.569819
v 0.040848 0.719788 -0.572361
v 0.034088 0.716293 -0.559594
v 0.027512 0.770660 -0.237716
v 0.025864 0.794510 -0.222597
v 0.031052 0.764389 -0.235640
v 0.026398 0.770447 -0.242040
v 0.025070 0.878006 -0.142509
v 0.026443 0.875519 -0.144590
v 0.028564 0.887939 -0.143038
v 0.022644 0.876221 -0.141094
v 0.026077 0.875443 -0.153337
v 0.023651 0.869720 -0.160767
v 0.029984 0.883209 -0.157317
v 0.026825 0.874100 -0.148803
v 0.023499 0.836090 -0.221378
v 0.025024 0.825211 -0.229155
v 0.025223 0.846344 -0.221884
v 0.022919 0.834793 -0.216991
v 0.022034 0.786911 -0.265038
v 0.023087 0.785828 -0.275520
v 0.023880 0.803665 -0.249238
v 0.021912 0.782074 -0.263041
v 0.019150 0.795822 -0.375895
v 0.020432 0.785019 -0.378699
v 0.019928 0.797989 -0.377460
v 0.016693 0.795883 -0.371889
v 0.011856 0.853638 -0.439362
v 0.010941 0.858749 -0.463065
v 0.012863 0.854462 -0.436219
v 0.011475 0.848038 -0.440563
v 0.018372 0.733124 -0.389789
v 0.018509 0.732208 -0.394741
v 0.016830 0.744919 -0.394670
v 0.018265 0.735550 -0.384730
v 0.010315 0.951370 -0.249969
v 0.008331 0.945602 -0.260299
v 0.010681 0.961533 -0.250227
v 0.010330 0.949707 -0.245061
v 0.010590 0.987442 -0.234962
v 0.012726 0.990982 -0.232483
v 0.013733 0.969055 -0.234975
v 0.010117 0.986191 -0.238892
v 0.016068 1.000671 -0.320248
v 0.016098 1.005325 -0.314829
v 0.013962 0.986069 -0.309319
v 0.016129 0.998444 -0.335376
v 0.011887 1.061386 -0.204931
v 0.012497 1.075699 -0.207756
v 0.009888 1.058762 -0.188443
v 0.015121 1.052307 -0.212079
v 0.017090 0.976288 -0.222869
v 0.018677 0.987808 -0.215961
v 0.014389 0.972458 -0.221864
v 0.018692 0.975616 -0.224702
v 0.007660 1.024231 -0.166681
v 0.009262 1.011551 -0.178957
v 0.007812 1.038956 -0.167984
v 0.006439 1.019043 -0.152946
v 0.042282 0.943298 -0.117995
v 0.048050 0.960724 -0.103112
v 0.041580 0.940689 -0.115944
v 0.040054 0.939545 -0.124146
v 0.013870 0.942764 -0.343235
v 0.014023 0.941315 -0.342657
v 0.014587 0.938416 -0.366523
v 0.013672 0.947357 -0.343740
v 0.056412 0.838440 -0.529678
v 0.051544 0.845673 -0.529034
v 0.055923 0.830978 -0.529088
v 0.068314 0.839325 -0.527701
v 0.013763 0.870468 -0.439255
v 0.016037 0.875961 -0.414674
v 0.016891 0.866257 -0.441954
v 0.009827 0.876831 -0.444063
v 0.015564 0.857224 -0.433211
v 0.017395 0.861298 -0.438630
v 0.018799 0.857666 -0.408101
v 0.066513 1.034470 -0.347738
v 0.061356 1.040634 -0.334486
v 0.066559 1.030838 -0.349010
v 0.069977 1.035538 -0.351079
v 0.054123 1.082733 -0.245503
v 0.055496 1.085602 -0.235583
v 0.047333 1.080948 -0.244829
v 0.057297 1.079254 -0.254991
v 0.034882 1.103973 -0.087341
v 0.035294 1.097488 -0.077559
v 0.032944 1.103958 -0.089775
v 0.036423 1.104828 -0.086622
v 0.045639 1.070648 -0.251657
v 0.043930 1.065292 -0.250049
v 0.046158 1.069504 -0.257898
v 0.044724 1.072220 -0.249286
v 0.019119 0.929016 -0.381817
v 0.019577 0.932724 -0.384791
v 0.016220 0.930176 -0.367852
v 0.018890 0.926392 -0.386449
v 0.009583 0.846222 -0.479273
v 0.010315 0.857697 -0.474658
v 0.009750 0.841751 -0.470634
v 0.010025 0.848129 -0.482126
v 0.055679 0.879929 -0.240951
v 0.056381 0.886230 -0.229931
v 0.052643 0.877029 -0.239577
v 0.055542 0.879944 -0.242000
v 0.136246 0.745697 -0.154208
v 0.139816 0.744125 -0.160431
v 0.121674 0.730057 -0.150588
v 0.134186 0.749603 -0.147029
v 0.099426 0.735916 -0.115560
v 0.086807 0.743637 -0.090539
v 0.109543 0.742645 -0.121533
v 0.098129 0.732101 -0.117871
v 0.051315 0.759766 -0.009567
v 0.038879 0.750015 -0.014818
v 0.053833 0.766388 0.005898
v 0.056396 0.761108 -0.014678
v 0.141876 0.796005 -0.085760
v 0.142227 0.797379 -0.080712
v 0.148117 0.789001 -0.106163
v 0.139679 0.796722 -0.083267
v 0.040024 0.730865 -0.064113
v 0.043137 0.734299 -0.062504
v 0.043732 0.723312 -0.077024
v 0.027313 0.730988 -0.058755
v 0.128281 0.690552 -0.200629
v 0.121002 0.693207 -0.188258
v 0.131210 0.692673 -0.202859
v 0.127823 0.686691 -0.200001
v 0.423828 0.906601 -0.165311
v 0.424774 0.905396 -0.164680
v 0.409012 0.923508 -0.163972
v 0.424408 0.905838 -0.172219
v 0.477036 0.785675 -0.049868
v 0.480576 0.776321 -0.048217
v 0.475266 0.786942 -0.049089
v 0.478577 0.786270 -0.052971
v 0.320175 0.958328 -0.256029
v 0.314362 0.957428 -0.257845
v 0.335861 0.955063 -0.263012
v 0.320007 0.959946 -0.252441
v 0.370712 0.928009 -0.272178
v 0.370300 0.920181 -0.287378
v 0.375153 0.924103 -0.265906
v 0.365967 0.934586 -0.269819
v 0.376297 0.941605 -0.225874
v 0.377335 0.930725 -0.243734
v 0.378036 0.939926 -0.222861
v 0.371933 0.947708 -0.225184
v 0.385193 0.937225 -0.223063
v 0.381744 0.938095 -0.221727
v 0.389618 0.923676 -0.241321
v 0.387497 0.938751 -0.221351
v 0.420380 0.910187 -0.144610
v 0.416946 0.910400 -0.149938
v 0.429764 0.894028 -0.138248
v 0.418869 0.915176 -0.139910
v 0.399261 0.934189 -0.142040
v 0.398407 0.934921 -0.141929
v 0.402420 0.930649 -0.156405
v 0.403503 0.930588 -0.138037
v 0.488770 0.789383 -0.119648
v 0.489807 0.782227 -0.106117
v 0.488174 0.791138 -0.121138
v 0.488922 0.784210 -0.122229
v 0.486847 0.793213 -0.121325
v 0.485947 0.792877 -0.116885
v 0.480499 0.805511 -0.135011
v 0.386658 0.944565 -0.180094
v 0.376923 0.953842 -0.191174
v 0.389191 0.942413 -0.185218
v 0.385147 0.945740 -0.174515
v 0.293610 0.991226 -0.012572
v 0.290115 0.992905 -0.011133
v 0.299988 0.993851 -0.032355
v 0.296036 0.988708 -0.011559
v 0.349564 0.963181 -0.097498
v 0.342499 0.962448 -0.090150
v 0.348145 0.964920 -0.101452
v 0.352722 0.959229 -0.096261
v 0.235260 1.046112 -0.065530
v 0.233765 1.046173 -0.056444
v 0.231018 1.048843 -0.069322
v 0.240005 1.041168 -0.061284
v 0.226624 1.038177 -0.021849
v 0.228683 1.035706 -0.025159
v 0.222290 1.031189 -0.004514
v 0.225876 1.042236 -0.024695
v 0.238266 1.029358 -0.023299
v 0.233047 1.032532 -0.026210
v 0.244446 1.029266 -0.031615
v 0.238678 1.019089 -0.007344
v 0.110596 1.089554 -0.043177
v 0.108215 1.088318 -0.041457
v 0.114532 1.089767 -0.064503
v 0.113922 1.090057 -0.042127
v 0.118637 1.089157 -0.005490
v 0.119781 1.091293 -0.017110
v 0.130753 1.085678 -0.000918
v 0.110504 1.081772 -0.001880
v 0.089981 1.074677 -0.016408
v 0.093384 1.072388 -0.009149
v 0.083450 1.068604 -0.018704
v 0.095520 1.080566 -0.024337
v 0.079056 1.081177 -0.030884
v 0.079849 1.070343 -0.023031
v 0.074936 1.083679 -0.034681
v 0.083008 1.087082 -0.039490
v 0.102798 1.084763 -0.039884
v 0.100296 1.082443 -0.046821
v 0.128357 1.087585 -0.086191
v 0.130310 1.087631 -0.084998
v 0.118881 1.089401 -0.077407
v 0.126419 1.087784 -0.092679
v 0.092438 1.088989 -0.050329
v 0.096588 1.083862 -0.050191
v 0.094467 1.095993 -0.059433
v 0.291626 0.990646 -0.067274
v 0.283569 0.989563 -0.081059
v 0.293686 0.985245 -0.062838
v 0.292007 0.998810 -0.063463
v 0.314545 0.967148 -0.083719
v 0.311890 0.966324 -0.084330
v 0.330978 0.964767 -0.086137
v 0.315033 0.968063 -0.082549
v 0.183334 1.021088 -0.283895
v 0.185959 1.020096 -0.287899
v 0.192459 1.022995 -0.271189
v 0.178452 1.020584 -0.284620
v 0.181503 1.046158 -0.184333
v 0.182358 1.047913 -0.181540
v 0.173294 1.041687 -0.185723
v 0.188477 1.044907 -0.188079
v 0.180206 1.050461 -0.170328
v 0.187531 1.055206 -0.159739
v 0.174820 1.047485 -0.169366
v 0.181961 1.050354 -0.172976
v 0.173615 1.040192 -0.251987
v 0.165848 1.034805 -0.272505
v 0.179108 1.037460 -0.248794
v 0.169189 1.042160 -0.246922
v 0.103714 1.017349 -0.351422
v 0.098938 1.025665 -0.345195
v 0.096909 1.009659 -0.368340
v 0.112137 1.014755 -0.347024
v 0.106537 1.042587 -0.300249
v 0.112305 1.038696 -0.295453
v 0.102295 1.046051 -0.297801
v 0.107925 1.041183 -0.302669
v 0.116913 1.037567 -0.268963
v 0.112762 1.043762 -0.274355
v 0.118378 1.033569 -0.270790
v 0.117691 1.038727 -0.253927
v 0.102783 1.053665 -0.203536
v 0.113419 1.045715 -0.215509
v 0.101486 1.050629 -0.198276
v 0.093353 1.066574 -0.204648
v 0.126404 1.034393 -0.269135
v 0.121948 1.032379 -0.270852
v 0.130127 1.037445 -0.272789
v 0.132614 1.033600 -0.252040
v 0.173660 1.025162 -0.281714
v 0.171631 1.024246 -0.287464
v 0.174683 1.022400 -0.283515
v 0.178436 1.028564 -0.266519
v 0.198914 1.024002 -0.241859
v 0.195282 1.024155 -0.242249
v 0.199158 1.023575 -0.247212
v 0.207581 1.025803 -0.228245
v 0.489548 0.770477 -0.183866
v 0.487930 0.769196 -0.188072
v 0.487396 0.757812 -0.165524
v 0.490463 0.774261 -0.184096
v 0.485001 0.766479 -0.189438
v 0.482941 0.767349 -0.194318
v 0.481247 0.753769 -0.176080
v 0.485336 0.760590 -0.198130
v 0.489075 0.757812 -0.202444
v 0.482590 0.744186 -0.187051
v 0.483017 0.765091 -0.197659
v 0.492752 0.748306 -0.206384
v 0.494019 0.728790 -0.200010
v 0.494034 0.748734 -0.214179
v 0.490997 0.720291 -0.257046
v 0.485352 0.724106 -0.269774
v 0.491776 0.715302 -0.255345
v 0.490952 0.727539 -0.256744
v 0.467773 0.754654 -0.274954
v 0.478348 0.752319 -0.269428
v 0.459442 0.773041 -0.273210
v 0.464081 0.747101 -0.276566
v 0.475937 0.725586 -0.299340
v 0.481110 0.724548 -0.281316
v 0.475159 0.728088 -0.300480
v 0.476028 0.721100 -0.300379
v 0.442749 0.746704 -0.360183
v 0.439178 0.754059 -0.363040
v 0.443832 0.743118 -0.359408
v 0.443604 0.749924 -0.357470
v 0.459702 0.720123 -0.340197
v 0.454941 0.716141 -0.345376
v 0.466766 0.714050 -0.326581
v 0.458878 0.732681 -0.337837
v 0.437454 0.746979 -0.372136
v 0.438156 0.744705 -0.371172
v 0.436600 0.755249 -0.367902
v 0.435455 0.747833 -0.376336
v 0.439285 0.741272 -0.367828
v 0.440414 0.729874 -0.367433
v 0.439667 0.743088 -0.364054
v 0.443649 0.741058 -0.359146
v 0.446335 0.729370 -0.354702
v 0.442062 0.742065 -0.360184
v 0.356262 0.849197 -0.399277
v 0.349854 0.861511 -0.390225
v 0.354645 0.843796 -0.405414
v 0.360931 0.848709 -0.396045
v 0.438110 0.706558 -0.397632
v 0.346756 0.810806 -0.420647
v 0.353470 0.809296 -0.424573
v 0.340042 0.823532 -0.412581
v 0.344635 0.807877 -0.420619
v 0.338303 0.811218 -0.425834
v 0.341599 0.807602 -0.422659
v 0.326569 0.825195 -0.418672
v 0.340057 0.809692 -0.431226
v 0.400970 0.856689 -0.300458
v 0.400604 0.855698 -0.293805
v 0.388260 0.863281 -0.309470
v 0.409286 0.853394 -0.304894
v 0.334793 0.941391 -0.284368
v 0.338623 0.942291 -0.289202
v 0.337006 0.938004 -0.282168
v 0.319870 0.947388 -0.279634
v 0.338303 0.942780 -0.277007
v 0.338257 0.938568 -0.279307
v 0.343353 0.944916 -0.277368
v 0.325134 0.949310 -0.267276
v 0.312805 0.953964 -0.259845
v 0.307739 0.951447 -0.259068
v 0.288849 0.884781 -0.405410
v 0.279556 0.890671 -0.407540
v 0.295074 0.868347 -0.415634
v 0.292313 0.888260 -0.396457
v 0.274277 0.957169 -0.294659
v 0.269669 0.955353 -0.305336
v 0.285583 0.956619 -0.292093
v 0.271210 0.957214 -0.289451
v 0.419876 0.887695 -0.283800
v 0.414276 0.892090 -0.284058
v 0.423508 0.880386 -0.287112
v 0.420105 0.891251 -0.277133
v 0.302597 0.997726 -0.124263
v 0.302582 1.000275 -0.136076
v 0.305008 0.991928 -0.123381
v 0.293625 1.003708 -0.118338
v 0.317062 0.977448 -0.101674
v 0.311920 0.980804 -0.110337
v 0.325119 0.968735 -0.098533
v 0.309692 0.980576 -0.099497
v 0.308411 0.963333 -0.085946
v 0.310669 0.960541 -0.087905
v 0.293869 0.962845 -0.085450
v 0.236954 1.017685 -0.099132
v 0.219452 1.022415 -0.105521
v 0.258759 1.007980 -0.094240
v 0.236771 1.018478 -0.097954
v 0.067108 1.085052 -0.182097
v 0.062363 1.089569 -0.180698
v 0.069870 1.081482 -0.183995
v 0.070938 1.086716 -0.177528
v 0.196320 1.034134 -0.204172
v 0.198517 1.036758 -0.201323
v 0.190140 1.033615 -0.202635
v 0.208664 1.030640 -0.214318
v 0.256348 0.768936 -0.505377
v 0.254990 0.756073 -0.512176
v 0.258759 0.769821 -0.499229
v 0.253281 0.777420 -0.508972
v 0.269043 0.771011 -0.496323
v 0.263138 0.770508 -0.496165
v 0.278503 0.761841 -0.494696
v 0.275864 0.778824 -0.493970
v 0.291840 0.760162 -0.488425
v 0.292618 0.756653 -0.486220
v 0.297089 0.768875 -0.486777
v 0.341614 0.807785 -0.433374
v 0.353683 0.794571 -0.435099
v 0.339539 0.804337 -0.436863
v 0.190552 0.857285 -0.477964
v 0.190231 0.858582 -0.476923
v 0.176010 0.848801 -0.494289
v 0.197708 0.852158 -0.479016
v 0.235275 0.862518 -0.440493
v 0.248779 0.852570 -0.447140
v 0.231461 0.864517 -0.435005
v 0.234940 0.861115 -0.443301
v 0.189301 0.858948 -0.477118
v 0.173447 0.851135 -0.493582
v 0.186783 0.860138 -0.476913
v 0.186279 0.819489 -0.507388
v 0.180435 0.823837 -0.510177
v 0.195175 0.804291 -0.512895
v 0.186523 0.820526 -0.503919
v 0.196167 0.819794 -0.503702
v 0.208557 0.803085 -0.508358
v 0.201630 0.826584 -0.499142
v 0.190277 0.820786 -0.502320
v 0.200638 0.792221 -0.520704
v 0.203339 0.788345 -0.519629
v 0.252045 0.781097 -0.509626
v 0.253769 0.792603 -0.499426
v 0.247787 0.782104 -0.511051
v 0.124512 0.823441 -0.514882
v 0.130508 0.830307 -0.515347
v 0.110764 0.821365 -0.515880
v 0.128540 0.819000 -0.513360
v 0.064468 0.884293 -0.508925
v 0.074173 0.889389 -0.500950
v 0.062271 0.888046 -0.506742
v 0.067566 0.879654 -0.510656
v 0.104645 0.888489 -0.481650
v 0.098434 0.888901 -0.479014
v 0.106552 0.884888 -0.490724
v 0.117020 0.889969 -0.472954
v 0.124680 0.898376 -0.465546
v 0.131927 0.899384 -0.467617
v 0.122971 0.901367 -0.458669
v 0.158203 0.979431 -0.369932
v 0.159225 0.981369 -0.367970
v 0.147217 0.980865 -0.371013
v 0.156876 0.974686 -0.375666
v 0.129501 0.961533 -0.389869
v 0.121857 0.951553 -0.400921
v 0.138474 0.962921 -0.390795
v 0.127319 0.964386 -0.384785
v 0.118835 0.970016 -0.386277
v 0.118011 0.976868 -0.384931
v 0.103256 0.962479 -0.397545
v 0.123428 0.967438 -0.383533
v 0.175110 0.985397 -0.340672
v 0.176788 0.983841 -0.340257
v 0.169510 0.995087 -0.333751
v 0.173584 0.985855 -0.343286
v 0.109207 0.919937 -0.461518
v 0.095612 0.917786 -0.468949
v 0.111694 0.913651 -0.464386
v 0.108978 0.924255 -0.456057
v 0.072220 0.906342 -0.488506
v 0.071518 0.906387 -0.488666
v 0.076981 0.896469 -0.494432
v 0.075134 0.908081 -0.485874
v 0.223969 0.866974 -0.421302
v 0.226364 0.864151 -0.418675
v 0.209579 0.873840 -0.415795
v 0.179626 0.981903 -0.337990
v 0.186249 0.972961 -0.340122
v 0.179565 0.984528 -0.333508
v 0.187027 0.986572 -0.330453
v 0.196365 0.978729 -0.330119
v 0.186707 0.989456 -0.330306
v 0.182785 0.986176 -0.330668
v 0.297577 0.748001 -0.494130
v 0.294662 0.752441 -0.487912
v 0.285614 0.738754 -0.505839
v 0.310379 0.746353 -0.495007
v 0.340469 0.750854 -0.473974
v 0.327988 0.761932 -0.472196
v 0.339798 0.747665 -0.477002
v 0.342560 0.754074 -0.470454
v 0.370743 0.748276 -0.444828
v 0.373077 0.745514 -0.442437
v 0.371201 0.758408 -0.443805
v 0.365646 0.741440 -0.448361
v 0.378540 0.740799 -0.443241
v 0.376053 0.729858 -0.447309
v 0.382401 0.744247 -0.442757
v 0.376175 0.742477 -0.441859
v 0.360703 0.728409 -0.450960
v 0.360123 0.718719 -0.449974
v 0.359070 0.728165 -0.454665
v 0.210526 0.905731 -0.371318
v 0.214554 0.890335 -0.393951
v 0.213501 0.914810 -0.368690
v 0.208252 0.903702 -0.364253
v 0.074463 0.686356 -0.139297
v 0.077621 0.682678 -0.144453
v 0.063721 0.688675 -0.126233
v 0.079712 0.693939 -0.136266
v 0.109116 0.684189 -0.171994
v 0.107758 0.689728 -0.171950
v 0.119125 0.681229 -0.182888
v 0.102676 0.680771 -0.163568
v 0.131424 0.679626 -0.196431
v 0.136383 0.685760 -0.211072
v 0.131866 0.678574 -0.196611
v 0.129990 0.680084 -0.195190
v 0.028000 0.712997 -0.401831
v 0.026703 0.716751 -0.404548
v 0.029037 0.705948 -0.393387
v 0.296524 0.952820 -0.267076
v 0.284500 0.956879 -0.269588
v 0.299652 0.951355 -0.273544
v 0.301941 0.951004 -0.261408
v 0.473022 0.786896 -0.039304
v 0.471329 0.783920 -0.041969
v 0.477341 0.786819 -0.036463
v 0.465820 0.799347 -0.036794
v 0.471573 0.787628 -0.047174
v 0.470840 0.784180 -0.045053
v 0.463943 0.799545 -0.047696
v 0.462372 0.719833 -0.030176
v 0.467209 0.719452 -0.029220
v 0.463516 0.723389 -0.031296
v 0.444168 0.709702 -0.029113
v 0.464066 0.716095 -0.037648
v 0.470963 0.715286 -0.039969
v 0.447708 0.706360 -0.040107
v 0.464844 0.722809 -0.033575
v 0.198227 1.023331 -0.250715
v 0.187439 1.022339 -0.263595
v 0.200027 1.023865 -0.251714
v 0.306519 0.981400 -0.063538
v 0.310089 0.975266 -0.073807
v 0.314178 0.984940 -0.056946
v 0.298874 0.982178 -0.061357
v 0.287415 0.955444 -0.090626
v 0.287567 0.957596 -0.089066
v 0.281433 0.963104 -0.092478
v 0.293686 0.955994 -0.090301
v 0.301804 0.995087 -0.039442
v 0.296234 0.995865 -0.032005
v 0.300369 0.992096 -0.045471
v 0.317566 0.941910 -0.267969
v 0.314301 0.944077 -0.265544
v 0.314056 0.944366 -0.270874
v 0.323242 0.940735 -0.271184
v 0.212875 0.931595 -0.333556
v 0.212982 0.932465 -0.331120
v 0.211105 0.924408 -0.341489
v 0.213577 0.928253 -0.341389
v 0.178421 0.872971 -0.454763
v 0.182999 0.873718 -0.446737
v 0.176361 0.873383 -0.455582
v 0.183228 0.873291 -0.451988
v 0.213577 0.932770 -0.327328
v 0.214523 0.932892 -0.325100
v 0.211166 0.935959 -0.328745
v 0.144608 1.049820 -0.163364
v 0.155823 1.047668 -0.146790
v 0.139191 1.057541 -0.165463
v 0.143295 1.045212 -0.168380
v 0.169586 1.040329 -0.186324
v 0.173492 1.038666 -0.190489
v 0.166519 1.040268 -0.180824
v 0.203598 1.026871 -0.217472
v 0.198944 1.028839 -0.213186
v 0.200500 1.026230 -0.224282
v 0.206512 1.027039 -0.218440
v 0.183060 1.022324 -0.268135
v 0.185257 1.023056 -0.261682
v 0.180557 1.022079 -0.273295
v 0.169342 1.018402 -0.300790
v 0.171432 1.019531 -0.295669
v 0.168564 1.016464 -0.304024
v 0.174789 1.017700 -0.299131
v 0.022125 0.740875 -0.315499
v 0.022964 0.739059 -0.321963
v 0.023712 0.762802 -0.302149
v 0.021225 0.736053 -0.310758
v 0.027634 0.811966 -0.243970
v 0.029648 0.813568 -0.238899
v 0.031174 0.815842 -0.250774
v 0.028320 0.821579 -0.234094
v 0.029846 0.817154 -0.235275
v 0.032043 0.828903 -0.237633
v 0.016907 0.770065 -0.398482
v 0.017288 0.762283 -0.403598
v 0.016724 0.775818 -0.404358
v 0.017288 0.770737 -0.397193
v 0.018112 0.797592 -0.384549
v 0.019562 0.798981 -0.381130
v 0.019989 0.786743 -0.391104
v 0.015366 0.802597 -0.388808
v 0.010635 0.861221 -0.471439
v 0.012466 0.862244 -0.463788
v 0.013962 0.812759 -0.370421
v 0.015564 0.808136 -0.373127
v 0.014328 0.819992 -0.372109
v 0.013977 0.808929 -0.368463
v 0.077332 0.891769 -0.497812
v 0.075455 0.895493 -0.495588
v 0.078018 0.891998 -0.497449
v 0.024323 0.933685 -0.399185
v 0.025284 0.934448 -0.404076
v 0.023209 0.934280 -0.395742
v 0.022171 0.930786 -0.398447
v 0.028397 1.062164 -0.250509
v 0.021210 1.060776 -0.250057
v 0.030487 1.060516 -0.258430
v 0.030609 1.062637 -0.247640
v 0.023819 1.079620 -0.226515
v 0.025436 1.074203 -0.233043
v 0.029373 1.083252 -0.223547
v 0.019409 1.081619 -0.219841
v 0.073730 1.024887 -0.367104
v 0.071304 1.026031 -0.362852
v 0.075851 1.023483 -0.368438
v 0.075882 1.024597 -0.366852
v 0.042938 1.063049 -0.249992
v 0.043045 1.061462 -0.256580
v 0.039764 1.062973 -0.248775
v 0.057510 0.854050 -0.257327
v 0.056396 0.851791 -0.256650
v 0.055969 0.849655 -0.261752
v 0.057083 0.857208 -0.255719
v 0.116043 1.089996 -0.074080
v 0.121002 1.089447 -0.075498
v 0.115677 1.090134 -0.073377
v 0.401764 0.931015 -0.163509
v 0.400589 0.932236 -0.158100
v 0.403442 0.929337 -0.174343
v 0.402451 0.930420 -0.163068
v 0.433304 0.845215 -0.154608
v 0.431915 0.851440 -0.153122
v 0.433563 0.846664 -0.162522
v 0.440460 0.839386 -0.150733
v 0.430008 0.823456 -0.262524
v 0.431534 0.828003 -0.256051
v 0.429031 0.826599 -0.265736
v 0.431976 0.815155 -0.264871
v 0.443253 0.762527 -0.280231
v 0.443909 0.765045 -0.287279
v 0.448425 0.757446 -0.279452
v 0.441696 0.770432 -0.277830
v 0.377777 0.865631 -0.295244
v 0.383774 0.862930 -0.294188
v 0.378357 0.869370 -0.292812
v 0.374359 0.867432 -0.299130
v 0.389572 0.938660 -0.221174
v 0.398056 0.925369 -0.240117
v 0.391144 0.938477 -0.215563
v 0.486267 0.745972 -0.141444
v 0.479340 0.731857 -0.129750
v 0.489105 0.753479 -0.138464
v 0.483398 0.745834 -0.146674
v 0.443268 0.678604 0.007922
v 0.456726 0.689621 0.007531
v 0.436707 0.680161 -0.000927
v 0.440552 0.671783 0.018416
v 0.470398 0.720535 -0.028724
v 0.484390 0.731445 -0.030149
v 0.470810 0.719315 -0.026690
v 0.490494 0.737549 -0.031603
v 0.489349 0.741669 -0.032870
v 0.490021 0.740875 -0.035174
v 0.490234 0.736679 -0.031501
v 0.474060 0.715897 -0.040726
v 0.486160 0.730759 -0.034534
v 0.474625 0.715469 -0.043538
v 0.382782 0.757736 -0.436376
v 0.380386 0.753815 -0.438183
v 0.383408 0.754868 -0.437504
v 0.379791 0.762222 -0.436037
v 0.265152 0.744415 -0.497403
v 0.263077 0.742462 -0.500571
v 0.272568 0.746872 -0.494308
v 0.263748 0.751266 -0.497128
v 0.167969 0.848007 -0.499447
v 0.165237 0.849548 -0.499489
v 0.168793 0.847183 -0.499666
v 0.133041 0.805573 -0.052609
v 0.133575 0.803421 -0.058988
v 0.130280 0.809052 -0.038701
v 0.135712 0.804276 -0.057973
v 0.036621 0.741806 -0.033770
v 0.041870 0.741058 -0.041168
v 0.034790 0.742432 -0.028765
v 0.043762 0.747299 -0.030645
v 0.116501 0.724152 -0.149837
v 0.111313 0.725311 -0.142153
v 0.119781 0.721252 -0.156545
v 0.138977 0.688110 -0.216866
v 0.137665 0.689697 -0.213843
v 0.139389 0.686081 -0.216269
v 0.063538 0.730209 -0.087353
v 0.069763 0.728256 -0.095438
v 0.057846 0.725449 -0.087652
v 0.058838 0.732071 -0.080360
v 0.026337 0.741684 -0.036761
v 0.031448 0.740005 -0.042954
v 0.024384 0.742935 -0.032957
v 0.018585 0.745331 -0.022981
v 0.019836 0.744827 -0.021093
v 0.014755 0.746841 -0.025170
v 0.460281 0.783600 0.055497
v 0.464325 0.779861 0.054359
v 0.456467 0.782272 0.060156
v 0.455978 0.790665 0.055013
v 0.433060 0.803619 0.065054
v 0.414764 0.819412 0.067485
v 0.437363 0.805252 0.061868
v 0.433533 0.799866 0.066069
v 0.016953 0.698196 -0.340441
v 0.016785 0.695526 -0.346501
v 0.020599 0.715942 -0.335998
v 0.016144 0.694214 -0.332529
v 0.064651 0.661819 -0.140774
v 0.073151 0.669205 -0.143694
v 0.067932 0.655121 -0.144392
v 0.051025 0.664322 -0.133822
v 0.052856 0.643799 -0.140677
v 0.050674 0.639969 -0.141536
v 0.043579 0.646729 -0.137514
v 0.057434 0.645905 -0.141972
v 0.322174 0.958313 0.007380
v 0.329605 0.958252 0.000906
v 0.317383 0.950775 0.021285
v 0.318161 0.960815 0.004667
v 0.023407 0.711243 -0.374027
v 0.023911 0.714996 -0.389259
v 0.020660 0.720078 -0.371625
v 0.024597 0.707123 -0.374487
v 0.020874 0.846786 -0.167105
v 0.020798 0.847092 -0.167637
v 0.020950 0.855743 -0.150652
v 0.021744 0.844498 -0.166495
v 0.024918 0.852371 -0.116454
v 0.029266 0.846786 -0.111868
v 0.024460 0.846588 -0.142516
v 0.023331 0.858246 -0.112329
v 0.020844 0.848022 -0.167416
v 0.020905 0.857605 -0.151358
v 0.021271 0.851044 -0.170376
v 0.023712 0.907990 -0.124648
v 0.021179 0.900345 -0.118547
v 0.027939 0.902390 -0.138221
v 0.027603 0.919235 -0.119755
v 0.015182 0.792221 -0.367490
v 0.016327 0.781693 -0.370154
v 0.014282 0.794098 -0.365323
v 0.013901 0.796799 -0.364635
v 0.014145 0.802948 -0.361140
v 0.024612 0.890579 -0.330626
v 0.026917 0.892838 -0.334669
v 0.027191 0.894333 -0.307862
v 0.021622 0.883789 -0.331788
v 0.014862 0.857574 -0.327451
v 0.014572 0.853378 -0.314995
v 0.015869 0.844803 -0.340598
v 0.016113 0.866089 -0.328116
v 0.040985 0.921692 -0.166706
v 0.046799 0.919800 -0.162435
v 0.039734 0.916229 -0.181164
v 0.037338 0.929825 -0.158813
v 0.041550 0.937988 -0.128842
v 0.041092 0.922516 -0.144196
v 0.044739 0.942642 -0.127845
v 0.081146 1.021820 -0.369135
v 0.081985 1.021988 -0.368644
v 0.078659 1.020782 -0.371005
v 0.080872 1.022964 -0.367590
v 0.080109 1.026001 -0.363675
v 0.014465 1.098297 -0.139291
v 0.016388 1.099731 -0.147684
v 0.015915 1.100998 -0.122269
v 0.013702 1.095871 -0.141203
v 0.054459 0.969574 -0.089009
v 0.052917 0.967911 -0.078464
v 0.052963 0.966171 -0.077975
v 0.054199 0.969925 -0.090022
v 0.034012 1.095093 -0.075225
v 0.032700 1.088699 -0.077489
v 0.032700 1.096893 -0.080462
v 0.034332 1.095322 -0.074646
v 0.049347 0.917801 -0.160309
v 0.047989 0.917068 -0.158028
v 0.050201 0.912216 -0.165963
v 0.049103 0.918228 -0.160357
v 0.055573 0.864578 -0.251743
v 0.053894 0.862930 -0.250462
v 0.055481 0.864929 -0.252021
v 0.051331 0.838242 -0.273048
v 0.050262 0.836548 -0.272357
v 0.051208 0.838379 -0.273548
v 0.281113 0.717087 -0.036543
v 0.425095 0.904938 -0.163610
v 0.432617 0.895493 -0.163116
v 0.418442 0.911652 -0.160748
v 0.359131 0.970505 -0.172400
v 0.368027 0.962082 -0.171705
v 0.354080 0.975098 -0.156426
v 0.356094 0.972321 -0.176147
v 0.491470 0.785919 -0.160295
v 0.490036 0.797714 -0.163502
v 0.492691 0.780212 -0.171561
v 0.489914 0.779709 -0.146631
v 0.377106 0.917389 0.008387
v 0.378998 0.920990 -0.004454
v 0.389160 0.893982 0.028946
v 0.370667 0.920654 0.011773
v 0.398087 0.935181 -0.142986
v 0.393692 0.938889 -0.146901
v 0.315506 0.982437 -0.028736
v 0.318069 0.982025 -0.032226
v 0.325500 0.973892 -0.024236
v 0.311432 0.982529 -0.023464
v 0.218536 1.055634 -0.074479
v 0.216583 1.055710 -0.082013
v 0.213608 1.058212 -0.069510
v 0.225754 1.044037 -0.027493
v 0.230148 1.046387 -0.045983
v 0.221176 1.047211 -0.027135
v 0.099731 1.097977 -0.091986
v 0.099152 1.098877 -0.079554
v 0.089706 1.102509 -0.101055
v 0.107239 1.093674 -0.098306
v 0.494064 0.759277 -0.079157
v 0.493774 0.756760 -0.071505
v 0.491364 0.775253 -0.082453
v 0.493988 0.755783 -0.082975
v 0.184937 0.991364 -0.329994
v 0.173004 0.996948 -0.329856
v 0.188904 0.992737 -0.325911
v 0.167831 1.010452 -0.313381
v 0.171738 1.009171 -0.313578
v 0.168427 1.012207 -0.309960
v 0.169983 1.017639 -0.299804
v 0.166702 1.019028 -0.299743
v 0.137054 1.038986 -0.273964
v 0.149460 1.040695 -0.259727
v 0.137589 1.038544 -0.279903
v 0.489838 0.802719 -0.223466
v 0.487183 0.811752 -0.227357
v 0.490097 0.796356 -0.228174
v 0.490036 0.802719 -0.216565
v 0.491501 0.782684 -0.229954
v 0.489838 0.784805 -0.218875
v 0.491577 0.785126 -0.232269
v 0.492401 0.773514 -0.229507
v 0.486389 0.708145 -0.272743
v 0.484451 0.719803 -0.273700
v 0.483749 0.707886 -0.280446
v 0.488129 0.706711 -0.267559
v 0.367706 0.769440 -0.441378
v 0.362915 0.768799 -0.446272
v 0.369705 0.772186 -0.437822
v 0.383835 0.746902 -0.441668
v 0.385590 0.747589 -0.440395
v 0.422852 0.841797 -0.317528
v 0.423965 0.835129 -0.326427
v 0.431870 0.835236 -0.308162
v 0.418747 0.845032 -0.315336
v 0.341110 0.941650 -0.291216
v 0.354263 0.933212 -0.294036
v 0.340164 0.941483 -0.292370
v 0.341095 0.909729 -0.330568
v 0.336777 0.900436 -0.339979
v 0.354980 0.914673 -0.314621
v 0.336212 0.912613 -0.331411
v 0.323090 0.930435 -0.324332
v 0.306763 0.934708 -0.329994
v 0.325821 0.924515 -0.329218
v 0.335770 0.936401 -0.305101
v 0.271591 1.024643 -0.127262
v 0.249268 1.036301 -0.129558
v 0.276047 1.023941 -0.136476
v 0.272675 1.020142 -0.121362
v 0.237320 1.021408 -0.097582
v 0.254303 1.021439 -0.090927
v 0.216202 1.031891 -0.102710
v 0.165695 1.063202 -0.119317
v 0.169846 1.067978 -0.105431
v 0.152420 1.066086 -0.127363
v 0.169785 1.057968 -0.122190
v 0.317383 0.800735 -0.453608
v 0.311829 0.821854 -0.442946
v 0.308517 0.793777 -0.464391
v 0.324326 0.797546 -0.450583
v 0.278824 0.829590 -0.459343
v 0.283157 0.835022 -0.452885
v 0.265976 0.837952 -0.459798
v 0.278030 0.823013 -0.464415
v 0.260529 0.848526 -0.450635
v 0.256195 0.849335 -0.449361
v 0.261139 0.846405 -0.453008
v 0.260422 0.852234 -0.447970
v 0.196228 0.874954 -0.443359
v 0.197266 0.875198 -0.437717
v 0.196487 0.874359 -0.445202
v 0.169769 0.816833 -0.517373
v 0.153412 0.823715 -0.515969
v 0.170700 0.819199 -0.515751
v 0.091766 0.870895 -0.506692
v 0.082657 0.886322 -0.499735
v 0.087830 0.869324 -0.509155
v 0.097763 0.871048 -0.504833
v 0.071320 0.905563 -0.489336
v 0.067749 0.904053 -0.491887
v 0.116531 0.946136 -0.411733
v 0.120544 0.942719 -0.420617
v 0.108353 0.944885 -0.414437
v 0.125931 0.990250 -0.371146
v 0.137558 0.984314 -0.371194
v 0.127731 0.991669 -0.369342
v 0.122192 0.988617 -0.374234
v 0.158997 0.854553 -0.498432
v 0.163849 0.857178 -0.492818
v 0.152725 0.852829 -0.500895
v 0.173447 0.874710 -0.455775
v 0.176361 0.875214 -0.447355
v 0.172958 0.874298 -0.457238
v 0.217972 0.937088 -0.317647
v 0.217514 0.935547 -0.318785
v 0.218277 0.938599 -0.317793
v 0.216568 0.940643 -0.318934
v 0.359970 0.760452 -0.455446
v 0.360001 0.745026 -0.461596
v 0.356064 0.761734 -0.457348
v 0.345764 0.723389 -0.490273
v 0.343491 0.729050 -0.489445
v 0.348862 0.722641 -0.485395
v 0.350143 0.719589 -0.481982
v 0.353439 0.722076 -0.474773
v 0.061325 1.090515 -0.180916
v 0.065292 1.085587 -0.183436
v 0.063675 1.089218 -0.188771
v 0.080399 1.054489 -0.313162
v 0.072418 1.056244 -0.315514
v 0.087112 1.046585 -0.323381
v 0.084579 1.056046 -0.301362
v 0.214676 0.918961 -0.365116
v 0.215286 0.919693 -0.363785
v 0.478897 0.788727 -0.029625
v 0.473770 0.802536 -0.021996
v 0.479874 0.784546 -0.026949
v 0.138458 0.680328 -0.212446
v 0.136520 0.678772 -0.208065
v 0.140106 0.680603 -0.213438
v 0.339569 0.962631 -0.087285
v 0.339127 0.960403 -0.085241
v 0.338837 0.963272 -0.087481
v 0.481842 0.772598 -0.047215
v 0.484436 0.768463 -0.051261
v 0.481613 0.772781 -0.046669
v 0.215363 0.932983 -0.323317
v 0.215805 0.933472 -0.323208
v 0.214096 0.936096 -0.321187
v 0.021744 0.874496 -0.140562
v 0.021072 0.865021 -0.142946
v 0.021271 0.877365 -0.133465
v 0.022003 0.819946 -0.208890
v 0.022858 0.809784 -0.222719
v 0.021973 0.823792 -0.208849
v 0.022766 0.817963 -0.207644
v 0.019302 0.772827 -0.394910
v 0.020767 0.770782 -0.393189
v 0.143784 0.983215 -0.369572
v 0.148026 0.983902 -0.368018
v 0.140884 0.986237 -0.368337
v 0.143417 0.982712 -0.370171
v 0.132385 0.920105 -0.451821
v 0.130356 0.924362 -0.446406
v 0.129700 0.915359 -0.453458
v 0.132919 0.920090 -0.451550
v 0.014877 0.964096 -0.232958
v 0.015961 0.967529 -0.231359
v 0.014236 0.964401 -0.228649
v 0.014832 0.963425 -0.233714
v 0.020874 0.859253 -0.144464
v 0.021118 0.860397 -0.135152
v 0.020782 0.859985 -0.144605
v 0.023041 0.807114 -0.229472
v 0.022675 0.798767 -0.237642
v 0.024887 0.809494 -0.231317
v 0.023056 0.807022 -0.228900
v 0.373398 0.957184 -0.195228
v 0.367096 0.962234 -0.192173
v 0.373703 0.956726 -0.196182
v 0.475952 0.741608 -0.166730
v 0.472427 0.738449 -0.168066
v 0.477722 0.740845 -0.161020
v 0.489273 0.785416 -0.212911
v 0.487396 0.779892 -0.208480
v 0.489868 0.784332 -0.205616
v 0.489304 0.785629 -0.213766
v 0.321167 0.766098 -0.473166
v 0.313126 0.769577 -0.476405
v 0.313934 0.762817 -0.476828
v 0.321991 0.765869 -0.472719
v 0.163940 0.685272 -0.240304
v 0.274918 0.731018 0.000610
v 0.274551 0.730072 0.011318
v 0.278824 0.725021 -0.003031
v 0.270950 0.737930 -0.002254
v 0.142120 0.639938 -0.192572
v 0.201202 1.030319 0.014540
v 0.197784 1.044724 0.014236
v 0.210190 1.022659 0.011947
v 0.197739 1.028534 0.015407
v 0.449142 0.700470 -0.343110
v 0.403961 0.648438 -0.164829
v 0.384415 0.651688 -0.163638
v 0.418274 0.667786 -0.159832
v 0.417084 0.678268 -0.150728
v 0.437485 0.666718 -0.166633
v 0.405075 0.660675 -0.160015
v 0.036697 0.628082 -0.239553
v 0.035492 0.629196 -0.245649
v 0.038300 0.608322 -0.230884
v 0.098572 0.653854 -0.147175
v 0.100998 0.656036 -0.145371
v 0.106247 0.647324 -0.147512
v 0.092941 0.653137 -0.150525
v 0.108124 0.657928 -0.143391
v 0.121643 0.652267 -0.141541
v 0.109909 0.659912 -0.146508
v 0.129898 0.668030 -0.166486
v 0.133316 0.661163 -0.172174
v 0.136902 0.659393 -0.164789
v 0.130325 0.667618 -0.164714
v 0.131943 0.666382 -0.159527
v 0.139359 0.657639 -0.155939
v 0.127502 0.665665 -0.158140
v 0.027084 0.716522 -0.236258
v 0.005676 0.713593 -0.230346
v 0.032547 0.705002 -0.240717
v 0.044861 0.716812 -0.241911
v 0.021164 0.726715 -0.231573
v 0.022491 0.801544 -0.148609
v 0.023178 0.810089 -0.130820
v 0.000900 0.788895 -0.139395
v 0.020706 0.792267 -0.167405
v 0.043396 0.806763 -0.148963
v 0.023499 0.819199 -0.103584
v 0.001175 0.806824 -0.097425
v 0.023178 0.810089 -0.130820
v 0.045532 0.825104 -0.102867
v 0.023315 0.828171 -0.076446
v 0.005859 0.750610 -0.032368
v 0.002075 0.756210 -0.016461
v 0.009415 0.745590 -0.046092
v -0.002945 0.762085 -0.047130
v 0.002747 0.699814 -0.229712
v 0.004105 0.681824 -0.230681
v 0.005676 0.713593 -0.230346
v -0.001480 0.692596 -0.212006
v 0.032501 0.696411 -0.241710
v 0.032303 0.687561 -0.242206
v 0.044128 0.697586 -0.249920
v 0.003586 0.767715 0.126347
v 0.010544 0.759918 0.125198
v 0.003265 0.775696 0.105464
v -0.003143 0.778442 0.122221
v 0.004257 0.759811 0.146729
v 0.002548 0.779037 0.079969
v 0.008774 0.771561 0.079887
v 0.001953 0.782425 0.053651
v -0.003586 0.788818 0.072394
v 0.003265 0.775696 0.105464
v 0.017181 0.653976 -0.128208
v -0.005463 0.658813 -0.120454
v 0.023819 0.662048 -0.128504
v 0.022842 0.641327 -0.132536
v 0.018402 0.607468 -0.161529
v 0.021317 0.597778 -0.176325
v 0.000549 0.617477 -0.167856
v 0.014755 0.618881 -0.144154
v 0.036026 0.605179 -0.161511
v 0.004532 0.662170 -0.230745
v 0.004105 0.681824 -0.230681
v -0.003174 0.654388 -0.220006
v 0.006088 0.644836 -0.231051
v 0.013306 0.666641 -0.232829
v 0.030945 0.674316 -0.242707
v 0.020462 0.670074 -0.236809
v 0.036560 0.675034 -0.251728
v 0.026413 0.630981 -0.230481
v 0.022659 0.630310 -0.229065
v 0.033661 0.613251 -0.225275
v 0.020035 0.650574 -0.233489
v 0.001526 0.768921 0.016362
v 0.001953 0.782425 0.053651
v 0.002075 0.756210 -0.016461
v -0.003967 0.779785 0.008143
v 0.022369 0.748611 -0.216239
v 0.000946 0.739075 -0.201098
v 0.021164 0.726715 -0.231573
v 0.042786 0.751831 -0.220106
v 0.022079 0.770096 -0.200767
v 0.022263 0.781219 -0.184333
v 0.020706 0.792267 -0.167405
v 0.000854 0.769714 -0.172427
v 0.022079 0.770096 -0.200767
v 0.042511 0.785553 -0.185508
v 0.024704 0.837036 -0.042151
v 0.025650 0.845566 -0.008888
v 0.001556 0.824265 -0.036297
v 0.023315 0.828171 -0.076446
v 0.043747 0.845200 -0.041241
v 0.011749 0.733322 -0.062231
v 0.012802 0.722839 -0.077249
v -0.001465 0.743423 -0.077997
v 0.010193 0.744339 -0.046781
v 0.013931 0.710205 -0.090798
v 0.012802 0.722839 -0.077249
v 0.029617 0.708328 -0.087637
v 0.012497 0.698303 -0.105103
v -0.000900 0.722137 -0.105993
v 0.023697 0.842438 0.092588
v 0.022812 0.838486 0.125444
v 0.001617 0.829758 0.095241
v 0.023804 0.846130 0.060247
v 0.041656 0.849823 0.095244
v 0.024460 0.845779 0.025099
v 0.023804 0.846130 0.060247
v 0.001617 0.834045 0.030331
v 0.025650 0.845566 -0.008888
v 0.043747 0.853424 0.026862
v 0.031006 0.671768 -0.122932
v 0.042908 0.685242 -0.116020
v 0.020538 0.666183 -0.136254
v 0.012573 0.684631 -0.109013
v 0.020294 0.631424 -0.137918
v 0.014755 0.618881 -0.144154
v 0.003281 0.639877 -0.142052
v 0.022842 0.641327 -0.132536
v 0.037674 0.630676 -0.142554
v 0.018448 0.598511 -0.182345
v 0.021317 0.597778 -0.176325
v 0.000565 0.606201 -0.190247
v 0.017120 0.605240 -0.211785
v 0.013947 0.613892 -0.222766
v -0.005463 0.610672 -0.208274
v 0.019699 0.598053 -0.202633
v 0.012863 0.628204 -0.226924
v 0.006088 0.644836 -0.231051
v -0.000977 0.625336 -0.220262
v 0.013947 0.613892 -0.222766
v 0.016602 0.668411 -0.234190
v 0.033157 0.931580 0.015140
v 0.028885 0.932953 0.026957
v 0.028000 0.921265 0.010719
v 0.035034 0.929840 0.006162
v 0.039383 0.940002 0.017682
v 0.047241 0.949829 0.020304
v 0.043716 0.951523 0.032376
v 0.049103 0.949509 0.012250
v 0.046265 0.948898 0.002875
v 0.038925 0.938477 -0.001602
v 0.042877 0.949982 -0.015518
v 0.003204 1.060440 -0.047252
v 0.005203 1.088013 -0.045371
v 0.004044 1.064102 -0.030804
v 0.002930 1.038330 -0.051567
v 0.005737 0.998886 -0.023520
v 0.005386 1.009247 -0.043420
v 0.003677 1.007217 -0.002006
v 0.007477 0.987061 -0.001888
v 0.008377 0.988617 -0.039879
v 0.012314 1.069489 -0.074640
v 0.008698 1.091705 -0.058896
v 0.018433 1.040039 -0.086370
v 0.027527 1.004898 -0.089587
v 0.032074 0.979767 -0.078887
v 0.036209 1.007660 -0.091326
v 0.015274 1.007675 -0.086724
v 0.032944 0.937912 -0.060551
v 0.035919 0.940582 -0.090199
v 0.042313 0.950699 -0.052579
v 0.030075 0.931610 -0.022845
v 0.022919 0.919846 -0.056651
v 0.046585 0.956970 -0.045504
v 0.048920 0.961014 -0.046515
v 0.001694 1.016266 0.012668
v 0.001633 1.012131 0.030318
v 0.000290 1.033813 0.014266
v 0.012360 0.976837 0.008145
v 0.013031 0.978348 0.028877
v 0.020523 0.968948 0.009862
v 0.011230 0.977280 -0.016716
v 0.069931 1.119873 0.055662
v 0.077682 1.112335 0.062245
v 0.060532 1.115952 0.074265
v 0.060059 1.123093 0.042536
v 0.020874 1.112061 0.064231
v 0.004898 1.107864 0.055315
v 0.025665 1.114685 0.055536
v 0.033722 1.111633 0.076812
v 0.049347 0.962784 -0.047982
v 0.044754 0.964050 -0.048103
v 0.031326 0.744858 -0.014632
v 0.027496 0.742691 -0.016855
v 0.029495 0.748154 0.003459
v 0.084259 1.077988 0.008572
v 0.090408 1.074234 0.025013
v 0.076065 1.102005 0.007507
v 0.071960 1.084976 -0.011293
v 0.089645 1.057861 0.008430
v 0.100662 1.065948 0.003249
v 0.116776 1.061493 0.013825
v 0.094147 1.054733 0.006346
v 0.068619 1.116150 0.007907
v 0.059586 1.123077 0.011654
v 0.059662 1.091873 -0.031849
v 0.047318 1.104553 -0.048024
v 0.059860 1.081924 -0.037437
v 0.040787 1.109177 -0.053912
v 0.039429 1.113312 -0.047031
v 0.035004 1.103851 -0.061336
v 0.018860 1.106842 -0.052061
v 0.012344 1.104294 -0.049739
v 0.021790 1.104401 -0.059093
v 0.027954 1.110626 -0.047935
v 0.020905 1.111008 -0.039539
v 0.035950 1.119415 0.031865
v 0.041229 1.122787 0.030678
v 0.039154 1.116562 0.048883
v 0.028641 1.114349 0.050909
v 0.020004 1.101181 0.013187
v 0.014633 1.105911 0.001057
v 0.023972 1.094879 0.019806
v 0.092010 1.050873 0.008302
v 0.101746 1.044678 0.021461
v 0.011322 1.060120 -0.001943
v 0.019211 1.081116 0.012595
v 0.004578 1.040085 -0.014960
v 0.033905 1.104813 0.037696
v 0.029602 1.098862 0.030357
v 0.016479 0.914368 0.106246
v 0.018326 0.924225 0.108165
v 0.016464 0.909378 0.135996
v 0.016266 0.904373 0.104801
v 0.017227 0.917389 0.073945
v 0.033829 0.948624 0.119128
v 0.036072 0.949692 0.150662
v 0.029053 0.941956 0.113284
v 0.039780 0.953079 0.051646
v 0.042389 0.961746 0.054032
v 0.031693 0.943329 0.049465
v 0.034134 0.849396 0.149383
v 0.036285 0.855118 0.127239
v 0.023285 0.859146 0.150924
v 0.018509 0.872879 0.130667
v 0.016647 0.902710 0.156169
v 0.016403 0.895798 0.156369
v 0.010330 0.987579 0.098300
v 0.018524 0.979660 0.106038
v 0.010345 0.985580 0.075480
v 0.005829 0.996063 0.091507
v 0.010086 0.992661 0.116066
v 0.032196 0.970169 0.115487
v 0.031158 0.970474 0.082861
v 0.029419 0.976593 0.137057
v 0.005478 1.055328 0.150751
v 0.009903 1.051605 0.156679
v 0.005920 1.028015 0.135871
v 0.003448 1.057159 0.141880
v 0.006592 1.077225 0.164396
v 0.012939 0.741638 0.125163
v 0.013992 0.723679 0.125113
v 0.011978 0.749008 0.104672
v 0.007004 1.099136 0.122750
v 0.009109 1.105835 0.124578
v 0.008926 1.099243 0.116628
v 0.016037 0.894379 0.103361
v 0.016861 0.884995 0.101725
v 0.017029 0.896469 0.068542
v 0.015701 0.891129 0.133312
v 0.252991 0.989090 0.142605
v 0.239471 0.979340 0.153783
v 0.228027 0.999664 0.154658
v 0.271957 0.980499 0.132780
v 0.246109 0.982391 0.166022
v 0.238098 0.977386 0.160069
v 0.265594 0.973969 0.162638
v 0.239563 1.030991 0.093836
v 0.243225 1.022247 0.069503
v 0.236130 1.034943 0.117566
v 0.211792 1.013214 0.157605
v 0.203598 1.005569 0.162921
v 0.197723 1.032059 0.150952
v 0.220001 1.026276 0.147859
v 0.186111 1.046707 0.136201
v 0.181610 1.032104 0.151680
v 0.179611 1.049133 0.131099
v 0.193436 1.054199 0.129295
v 0.390182 0.623596 0.194478
v 0.413391 0.637131 0.197830
v 0.390213 0.622360 0.177244
v 0.388672 0.626694 0.212349
v 0.409943 0.661987 0.228174
v 0.420044 0.657013 0.218491
v 0.400620 0.645538 0.225186
v 0.400314 0.665131 0.233624
v 0.415344 0.679764 0.232491
v 0.428696 0.652634 0.202530
v 0.436188 0.648880 0.185333
v 0.437683 0.670654 0.208014
v 0.432404 0.628860 0.127321
v 0.445389 0.638626 0.130032
v 0.433395 0.633484 0.111282
v 0.431976 0.627502 0.144127
v 0.460236 0.668045 0.093905
v 0.460419 0.674683 0.085877
v 0.447479 0.657227 0.085069
v 0.472107 0.684708 0.103334
v 0.458191 0.680771 0.080919
v 0.451721 0.682968 0.075728
v 0.460495 0.686554 0.066224
v 0.465897 0.687500 0.058443
v 0.447113 0.672913 0.060856
v 0.452057 0.684616 0.071427
v 0.470322 0.691040 0.046452
v 0.473663 0.697052 0.029416
v 0.454880 0.676346 0.038620
v 0.482147 0.708878 0.055859
v 0.484070 0.729126 0.069753
v 0.478943 0.744888 0.077920
v 0.487076 0.733841 0.045499
v 0.476959 0.704407 0.112597
v 0.475052 0.699829 0.124448
v 0.474854 0.725098 0.120486
v 0.457703 0.683929 0.174306
v 0.452789 0.706619 0.172564
v 0.454819 0.664093 0.175725
v 0.452469 0.690063 0.182990
v 0.445770 0.705353 0.194767
v 0.436310 0.734924 0.203320
v 0.443695 0.720016 0.183992
v 0.444489 0.698135 0.204813
v 0.440170 0.694489 0.215601
v 0.432617 0.727173 0.228007
v 0.430420 0.698929 0.230220
v 0.419067 0.699875 0.237801
v 0.443848 0.789490 0.116692
v 0.444489 0.793457 0.095665
v 0.440689 0.783524 0.138574
v 0.424515 0.811966 0.125404
v 0.442307 0.723923 0.176114
v 0.430222 0.740463 0.181277
v 0.442322 0.722458 0.171329
v 0.406830 0.833664 0.138598
v 0.389648 0.856461 0.153908
v 0.402786 0.828430 0.157842
v 0.323273 0.890610 0.200511
v 0.317337 0.886063 0.193552
v 0.333664 0.875748 0.201810
v 0.343140 0.842377 0.212113
v 0.334824 0.944351 0.128107
v 0.320328 0.966278 0.119747
v 0.334076 0.945892 0.115369
v 0.335007 0.939148 0.147539
v 0.308426 0.922714 0.173481
v 0.317764 0.906525 0.181364
v 0.297958 0.918518 0.176446
v 0.295990 0.939926 0.163526
v 0.319748 0.929352 0.167567
v 0.329330 0.935349 0.158932
v 0.315826 0.951920 0.148531
v 0.092651 0.804016 0.093731
v 0.092789 0.803253 0.064096
v 0.070663 0.790817 0.093578
v 0.092239 0.802933 0.123472
v 0.110550 0.815018 0.094184
v 0.032074 0.759064 0.115865
v 0.040985 0.771545 0.142153
v 0.178604 0.832260 0.046939
v 0.173874 0.831177 0.071216
v 0.194931 0.827438 0.047301
v 0.185730 0.831772 0.024731
v 0.162155 0.831940 0.045164
v 0.166595 0.825500 0.133655
v 0.199936 0.814087 0.101269
v 0.203934 0.816452 0.071892
v 0.185944 0.824463 0.101008
v 0.197342 0.809067 0.132541
v 0.214142 0.799469 0.100967
v 0.133987 0.823395 0.129211
v 0.143402 0.827469 0.040568
v 0.138901 0.826462 0.068090
v 0.148209 0.826813 0.016122
v 0.127533 0.822235 0.038168
v 0.419907 0.661514 0.026557
v 0.273026 0.728775 0.035175
v 0.266449 0.736237 0.049223
v 0.395462 0.829407 0.082416
v 0.402771 0.828796 0.089645
v 0.391815 0.828506 0.076535
v 0.407578 0.830307 0.096523
v 0.396637 0.844330 0.101394
v 0.423691 0.813065 0.090657
v 0.087784 1.091629 0.080970
v 0.110016 1.088745 0.065315
v 0.092422 1.099335 0.091441
v 0.269623 0.970779 0.036727
v 0.280701 0.963455 0.038166
v 0.274399 0.976944 0.047091
v 0.260178 0.975754 0.035521
v 0.265549 0.966507 0.028565
v 0.290375 0.955307 0.041024
v 0.297623 0.963379 0.049707
v 0.283081 0.949585 0.034097
v 0.345947 0.877396 0.082786
v 0.346146 0.872925 0.075738
v 0.350540 0.872696 0.087421
v 0.347717 0.889694 0.093196
v 0.337769 0.892715 0.076316
v 0.469574 0.742340 0.125150
v 0.465729 0.740845 0.134951
v 0.473160 0.731766 0.110540
v 0.471954 0.757568 0.079392
v 0.458557 0.775635 0.077597
v 0.372559 0.880402 0.127118
v 0.386505 0.865173 0.126596
v 0.352524 0.908447 0.121771
v 0.012039 0.981583 0.051577
v 0.021194 0.974365 0.055211
v 0.018631 0.894455 0.033226
v 0.019409 0.888962 0.030342
v 0.053345 0.772568 0.030681
v 0.052811 0.778442 0.062637
v 0.072342 0.785629 0.034034
v 0.039001 0.762436 0.030602
v 0.362717 0.863174 0.090897
v 0.355453 0.868256 0.090442
v 0.362274 0.854568 0.081642
v 0.371292 0.854294 0.088080
v 0.364517 0.869934 0.099926
v 0.324615 0.917984 0.064659
v 0.328781 0.927582 0.071861
v 0.320358 0.909927 0.059384
v 0.275894 0.704132 0.165596
v 0.431259 0.664154 0.067119
v 0.432205 0.664246 0.063716
v 0.415787 0.660065 0.063637
v 0.441757 0.673004 0.070263
v 0.286789 0.964035 0.182371
v 0.304199 0.965164 0.138462
v 0.295502 0.959015 0.149082
v 0.309769 0.970779 0.127175
v 0.334320 0.945511 0.110851
v 0.333328 0.946960 0.107452
v 0.347580 0.912308 0.116948
v 0.184601 1.071579 0.102699
v 0.189743 1.067291 0.095181
v 0.178116 1.073532 0.108131
v 0.181229 1.072235 0.095236
v 0.294189 0.917175 0.178034
v 0.304245 0.899673 0.186442
v 0.295486 0.919418 0.181276
v 0.283432 0.935059 0.167522
v 0.367783 0.800949 0.187528
v 0.369614 0.803772 0.186332
v 0.392303 0.779800 0.178575
v 0.370529 0.802597 0.190918
v 0.411682 0.757919 0.175228
v 0.413376 0.758881 0.177851
v 0.413681 0.759476 0.173251
v 0.426254 0.738007 0.173385
v 0.362213 0.851822 0.077831
v 0.363174 0.854691 0.076292
v 0.356033 0.859161 0.081506
v 0.295258 0.935699 0.038706
v 0.298676 0.937317 0.036296
v 0.304886 0.927521 0.045797
v 0.288162 0.939941 0.034373
v 0.264587 0.964844 0.025566
v 0.267868 0.966736 0.023899
v 0.273270 0.956650 0.028411
v 0.352570 0.870758 0.089765
v 0.351151 0.883148 0.100219
v 0.351166 0.894104 0.111290
v 0.355164 0.889130 0.111723
v 0.350174 0.896210 0.109051
v 0.375122 0.850418 0.087052
v 0.379379 0.854813 0.096853
v 0.235565 0.975815 0.157628
v 0.176682 1.050385 0.129586
v 0.173294 1.034454 0.148723
v 0.018036 1.106949 0.103849
v 0.015961 1.107620 0.125068
v 0.019608 1.107346 0.132425
v 0.004669 1.062271 0.091120
v 0.005493 1.086090 0.101198
v 0.006058 1.059464 0.093481
v 0.003128 1.038864 0.079191
v 0.256454 0.989944 0.045615
v 0.256149 0.981934 0.038306
v 0.258698 0.992065 0.053993
v 0.261200 1.003708 0.068253
v 0.255966 1.007370 0.064847
v 0.261292 1.000412 0.065270
v 0.260391 0.992401 0.057566
v 0.265488 0.990295 0.058252
v 0.258652 0.983597 0.046817
v 0.116409 0.818024 0.125294
v 0.117722 0.819244 0.094487
v 0.123184 0.821213 0.095444
v 0.119095 0.819504 0.064259
v 0.145569 1.048416 0.035397
v 0.157516 1.057663 0.043901
v 0.127075 1.056198 0.036761
v 0.178238 1.040283 0.037844
v 0.024094 0.907822 0.004192
v 0.021835 0.915314 0.021624
v 0.019608 0.902191 -0.053967
v 0.020218 0.886322 -0.049415
v 0.019119 0.895996 -0.087050
v 0.032425 0.929565 -0.003766
v 0.039841 0.855179 -0.042027
v 0.039337 0.847168 -0.075861
v 0.040039 0.860779 -0.008021
v 0.021622 0.877121 -0.050147
v 0.021835 0.869186 -0.080175
v 0.005142 1.070068 -0.018789
v 0.003082 1.041519 -0.020651
v 0.007767 1.092941 -0.016915
v 0.004379 1.020447 -0.056486
v 0.006134 1.016068 -0.072410
v -0.000519 1.057358 0.024472
v -0.000977 1.084442 0.041129
v -0.001236 1.060577 0.048844
v 0.011780 0.979111 -0.047313
v 0.018433 0.972534 -0.048689
v 0.011429 0.989059 -0.072148
v 0.032440 0.967361 -0.049087
v 0.030960 0.963409 -0.013720
v 0.009262 1.010162 -0.081937
v 0.033020 0.963333 0.011034
v 0.035767 0.965347 0.032207
v 0.008057 1.100403 -0.046580
v 0.009338 1.102707 -0.033941
v 0.049469 1.124481 0.024781
v 0.039444 1.123413 -0.001651
v -0.000748 1.099411 0.048589
v -0.001556 1.099884 0.064830
v 0.003357 1.099304 0.037357
v 0.029449 1.118240 -0.021674
v 0.035599 1.117767 -0.028087
v 0.022812 0.743378 -0.017956
v 0.034424 0.740982 -0.037583
v 0.017334 0.744217 -0.000459
v 0.087555 1.072525 0.039187
v 0.081024 1.086884 0.047066
v 0.079132 1.099167 0.057251
v 0.027084 1.100876 -0.064359
v 0.036102 1.097305 -0.068647
v 0.038925 1.116760 -0.035614
v 0.012558 1.096985 0.030187
v 0.021667 1.093414 0.025053
v 0.011703 1.106171 -0.015586
v 0.105453 1.042282 0.026080
v 0.108398 1.047577 0.029965
v 0.002258 1.031616 -0.020427
v 0.024994 1.092484 0.022640
v 0.019791 0.876816 0.099709
v 0.026337 0.868378 0.099100
v 0.020920 0.879974 0.066205
v 0.038055 0.858902 0.097950
v 0.039246 0.861282 0.063021
v 0.000061 1.061111 0.068681
v -0.000168 1.085693 0.077889
v 0.000580 1.033600 0.055983
v 0.003983 1.006363 0.086349
v 0.002975 1.022476 0.077172
v 0.004318 1.012543 0.094292
v 0.004166 1.019211 0.103734
v 0.005341 1.012100 0.117515
v 0.004608 1.034180 0.092388
v 0.003738 1.034500 0.113323
v 0.008423 1.005020 0.126260
v 0.014023 1.000885 0.134540
v 0.025070 0.992981 0.145790
v 0.018295 1.021606 0.150580
v 0.011078 0.754883 0.081676
v 0.012421 0.739441 0.082188
v 0.054291 1.107452 0.130461
v 0.055176 1.108215 0.119483
v 0.039276 1.106659 0.126357
v 0.059555 1.109375 0.107809
v 0.053940 1.109634 0.101969
v 0.044937 1.110336 0.091747
v -0.000610 1.099945 0.081491
v 0.001602 1.100769 0.095158
v 0.028488 1.107712 0.144666
v 0.014420 1.106720 0.148772
v 0.003525 1.058731 0.127390
v 0.033569 0.968353 0.055561
v 0.016037 0.889664 0.154039
v 0.023178 0.930847 0.142869
v 0.023422 0.933838 0.111048
v 0.023178 0.935226 0.075882
v 0.280029 1.001007 0.090391
v 0.279770 1.002975 0.105382
v 0.280350 0.993301 0.071724
v 0.272110 1.003540 0.120079
v 0.298752 0.986511 0.110845
v 0.249161 1.018814 0.129745
v 0.229980 1.032913 0.134501
v 0.212128 1.046387 0.134219
v 0.199844 1.056595 0.125518
v 0.203003 1.055511 0.074763
v 0.186951 1.065765 0.077776
v 0.172134 1.073425 0.075871
v 0.167618 1.071426 0.063095
v 0.160843 1.078247 0.122294
v 0.148819 1.082596 0.126295
v 0.156082 1.054428 0.153326
v 0.136398 1.087051 0.124149
v 0.118637 1.094681 0.113735
v 0.133774 1.091873 0.107543
v 0.135345 1.091125 0.091424
v 0.117371 1.096390 0.103499
v 0.097183 1.101212 0.098015
v 0.107010 1.099030 0.105540
v 0.089142 1.098175 0.143815
v 0.086670 1.099319 0.142649
v 0.105164 1.097839 0.119056
v 0.385941 0.631149 0.222761
v 0.414536 0.651932 0.070302
v 0.418198 0.659241 0.051695
v 0.438782 0.666855 0.030630
v 0.437515 0.663727 0.045129
v 0.444244 0.648529 0.173829
v 0.436142 0.638382 0.167620
v 0.431778 0.630875 0.158482
v 0.431549 0.638931 0.095641
v 0.432953 0.645248 0.085028
v 0.468781 0.716736 0.095448
v 0.470444 0.691422 0.142084
v 0.467560 0.672562 0.139353
v 0.466812 0.714722 0.145128
v 0.434586 0.663330 0.056075
v 0.434616 0.651947 0.077863
v 0.424301 0.755661 0.233988
v 0.427338 0.759048 0.221895
v 0.427490 0.761780 0.207425
v 0.424606 0.763138 0.193052
v 0.414825 0.785400 0.211227
v 0.418381 0.762299 0.183475
v 0.402161 0.784393 0.187907
v 0.419754 0.763306 0.169559
v 0.427292 0.769043 0.163390
v 0.399277 0.786682 0.173255
v 0.435165 0.775558 0.153488
v 0.449020 0.754517 0.150789
v 0.415176 0.799118 0.158895
v 0.459732 0.734940 0.148004
v 0.393494 0.857086 0.121629
v 0.392090 0.854599 0.113373
v 0.396698 0.822067 0.169128
v 0.387634 0.816910 0.176664
v 0.375931 0.811325 0.183422
v 0.359848 0.833481 0.190794
v 0.379120 0.807129 0.199664
v 0.392044 0.807739 0.209648
v 0.363052 0.822098 0.214408
v 0.399170 0.805099 0.221094
v 0.369812 0.879105 0.164219
v 0.325195 0.893005 0.186451
v 0.317917 0.886597 0.189560
v 0.335739 0.879318 0.188836
v 0.347580 0.857590 0.191307
v 0.339600 0.851547 0.197134
v 0.340332 0.855652 0.204085
v 0.332016 0.947937 0.100170
v 0.332184 0.943390 0.091180
v 0.345810 0.917297 0.109071
v 0.312302 0.974670 0.117731
v 0.300079 0.925964 0.189151
v 0.291275 0.942200 0.179459
v 0.091873 0.800827 0.150588
v 0.071350 0.788651 0.148200
v 0.094193 0.800995 0.035439
v 0.098267 0.798843 0.008982
v 0.113464 0.814728 0.036641
v 0.030350 0.757843 0.088281
v 0.029221 0.755890 0.059988
v 0.039520 0.771255 0.090343
v 0.053146 0.781174 0.092319
v 0.053528 0.781387 0.119681
v 0.054245 0.780365 0.144919
v 0.024689 0.730179 0.135277
v 0.020996 0.720932 0.128093
v 0.249557 0.761948 0.064330
v 0.242325 0.771729 0.063027
v 0.227081 0.784973 0.101947
v 0.229630 0.786270 0.078283
v 0.231827 0.786392 0.059019
v 0.234726 0.784851 0.040987
v 0.220032 0.802322 0.053815
v 0.170273 0.829025 0.101303
v 0.152756 0.828995 0.101100
v 0.207993 0.816986 0.049818
v 0.212677 0.815201 0.030582
v 0.135986 0.825439 0.097850
v 0.263123 0.741165 0.051417
v 0.260834 0.744095 0.058892
v 0.276108 0.699158 0.173542
v 0.272888 0.700516 0.181412
v 0.269852 0.701691 0.190265
v 0.015900 0.734390 0.082644
v 0.016403 0.726471 0.106063
v 0.015442 0.740479 0.055449
v 0.016998 0.717880 0.125192
v 0.442917 0.794174 0.082853
v 0.389282 0.852585 0.105358
v 0.384979 0.856049 0.106748
v 0.365860 0.877243 0.111195
v 0.377655 0.863602 0.108620
v 0.349136 0.900040 0.104236
v 0.344391 0.911865 0.095654
v 0.331512 0.935928 0.081500
v 0.313477 0.959061 0.066667
v 0.301636 0.970642 0.058944
v 0.292343 0.977737 0.057904
v 0.242279 1.017349 0.055576
v 0.227600 1.025574 0.048381
v 0.207306 1.032486 0.042550
v 0.163910 1.065506 0.052588
v 0.144272 1.076172 0.054837
v 0.127792 1.083878 0.058113
v 0.123749 1.075882 0.048581
v 0.278214 0.985382 0.058593
v 0.021194 0.883804 0.032036
v 0.025085 0.934158 0.047131
v 0.020981 0.926300 0.046272
v 0.002090 1.012970 0.044851
v 0.002350 1.024033 0.065613
v 0.039474 0.862625 0.026576
v 0.019211 0.918198 0.046137
v 0.029160 0.752884 0.031716
v 0.021423 0.744980 0.028328
v 0.015213 0.743607 0.024899
v 0.081711 1.100983 0.141287
v 0.459183 0.656006 0.135071
v 0.449005 0.683456 0.073470
v 0.280304 0.959045 0.169113
v 0.273590 0.954102 0.160391
v 0.283691 0.954727 0.154226
v 0.275055 0.952591 0.155947
v 0.460327 0.708252 0.162251
v 0.455338 0.712463 0.164450
v 0.455154 0.781296 0.062649
v 0.448273 0.786758 0.064244
v 0.111725 1.097458 0.110487
v 0.114624 1.091278 0.118228
v 0.111099 1.098053 0.109139
v 0.110794 1.098251 0.108145
v 0.315216 0.884705 0.190868
v 0.271729 0.952209 0.156990
v 0.442505 0.722488 0.168941
v 0.433746 0.798035 0.067276
v 0.412857 0.812881 0.070781
v 0.390549 0.828857 0.073779
v 0.391006 0.831360 0.072289
v 0.319000 0.907364 0.057206
v 0.322739 0.909332 0.055523
v 0.280884 0.947601 0.031114
v 0.284012 0.948959 0.029036
v 0.382568 0.858139 0.107505
v 0.278992 0.976822 0.129991
v 0.122452 1.074219 0.138126
v 0.007858 1.101166 0.154343
v 0.005005 1.101181 0.104413
v 0.008301 1.100159 0.110421
v 0.002533 1.030029 0.074059
v 0.032669 1.106369 0.124925
v 0.006638 1.057053 0.096628
v 0.009125 1.084076 0.108609
v 0.009491 1.099548 0.113523
v 0.256546 0.978226 0.035319
v 0.249893 0.980774 0.026720
v 0.121063 0.819885 0.037204
v 0.123672 0.818710 0.011238
v 0.234558 0.995056 0.023621
v 0.234421 0.988022 0.018171
v 0.142792 1.054901 0.020060
v 0.174057 1.043839 0.021890
v 0.148880 1.067917 0.012629
v 0.117218 1.063812 0.039828
v 0.027573 0.749588 -0.477948
v 0.021317 0.743103 -0.480952
v 0.030655 0.765472 -0.501797
v 0.032639 0.754166 -0.476895
v 0.048264 0.794357 -0.544783
v 0.042908 0.787735 -0.537135
v 0.045090 0.787613 -0.557961
v 0.055557 0.798676 -0.545116
v 0.051712 0.797607 -0.531130
v 0.154404 0.730011 -0.576904
v 0.157425 0.720047 -0.580954
v 0.134811 0.731216 -0.583654
v 0.249832 0.745773 -0.521435
v 0.240906 0.750214 -0.531889
v 0.254913 0.740051 -0.512386
v 0.227646 0.752777 -0.538566
v 0.232513 0.769104 -0.527171
v 0.217133 0.752930 -0.542416
v 0.228317 0.735977 -0.546700
v 0.195465 0.751343 -0.554664
v 0.206955 0.751846 -0.547864
v 0.147491 0.771484 -0.564541
v 0.143326 0.788589 -0.555733
v 0.128113 0.765884 -0.571720
v 0.168121 0.778534 -0.554572
v 0.098190 0.803619 -0.532869
v 0.100449 0.801590 -0.548280
v 0.096558 0.803177 -0.520104
v 0.080688 0.800735 -0.538196
v 0.212250 0.754028 -0.543825
v 0.212753 0.772552 -0.532059
v 0.209320 0.767960 -0.537926
v 0.276413 0.730331 -0.516691
v 0.269547 0.722549 -0.526451
v 0.262955 0.735260 -0.510883
v 0.073669 0.762787 -0.585970
v 0.058167 0.759399 -0.585777
v 0.074387 0.750427 -0.588259
v 0.090118 0.762527 -0.583269
v 0.071976 0.775391 -0.580050
v 0.018341 0.719223 -0.437429
v 0.008820 0.712646 -0.433057
v 0.012360 0.718369 -0.445734
v 0.020401 0.716904 -0.429394
v 0.008087 0.712143 -0.455490
v 0.005508 0.704849 -0.444351
v 0.006348 0.703873 -0.465834
v 0.012711 0.723999 -0.469278
v 0.016800 0.736053 -0.487795
v 0.020416 0.745041 -0.510199
v 0.077713 0.741440 -0.585430
v 0.090286 0.741150 -0.586653
v 0.065552 0.737259 -0.584118
v 0.084152 0.735596 -0.581202
v 0.098282 0.737305 -0.593611
v 0.101395 0.737045 -0.596123
v 0.096375 0.736633 -0.583195
v 0.098572 0.732849 -0.595106
v 0.066376 0.799942 -0.543502
v 0.067108 0.796814 -0.558238
v 0.066483 0.800247 -0.529392
v 0.045120 0.751022 -0.580944
v 0.043747 0.761841 -0.576344
v 0.047287 0.739716 -0.581642
v 0.207458 0.773590 -0.535791
v 0.207184 0.777359 -0.531172
v 0.027161 0.639206 -0.423584
v 0.024078 0.694672 -0.402193
v 0.029221 0.696121 -0.396299
v 0.025208 0.682648 -0.409601
v 0.017609 0.695023 -0.409523
v 0.017609 0.688339 -0.525364
v 0.013519 0.680252 -0.537083
v 0.024902 0.716446 -0.529395
v 0.011566 0.670013 -0.440069
v 0.011292 0.654297 -0.456279
v 0.007233 0.673019 -0.448758
v 0.011719 0.685257 -0.425511
v 0.017975 0.667404 -0.431380
v 0.014786 0.647690 -0.387933
v 0.013290 0.633118 -0.375019
v 0.019745 0.655472 -0.397284
v 0.024017 0.630020 -0.297009
v 0.018631 0.638138 -0.308145
v 0.024780 0.632797 -0.283976
v 0.004929 0.675018 -0.457457
v 0.004410 0.660278 -0.473593
v 0.004456 0.679657 -0.467768
v 0.005219 0.688950 -0.443913
v 0.003784 0.646606 -0.486110
v 0.006119 0.643433 -0.478841
v 0.003159 0.649170 -0.496345
v 0.058105 0.710342 -0.587463
v 0.057846 0.713867 -0.578663
v 0.041748 0.697586 -0.577654
v 0.073853 0.720627 -0.594273
v 0.027985 0.689301 -0.560326
v 0.016815 0.681381 -0.546096
v 0.087494 0.733109 -0.580738
v 0.088379 0.731293 -0.585287
v 0.073380 0.726273 -0.579956
v 0.057526 0.715897 -0.574770
v 0.056030 0.719650 -0.574953
v 0.052078 0.728134 -0.578333
v 0.012115 0.697617 -0.417696
v 0.013977 0.706696 -0.414205
v 0.026810 0.755188 -0.536238
v 0.034744 0.765366 -0.557764
v 0.030746 0.769424 -0.529392
v 0.036148 0.778229 -0.524296
v 0.041260 0.782898 -0.516176
v 0.185211 0.784714 -0.541626
v 0.140213 0.803299 -0.543269
v 0.120834 0.797623 -0.553593
v 0.109833 0.762329 -0.578207
v 0.111679 0.747101 -0.584253
v 0.105621 0.779816 -0.571138
v 0.102432 0.793503 -0.560890
v 0.085693 0.789978 -0.566565
v 0.017822 0.712311 -0.413917
v 0.115005 0.734741 -0.591232
v 0.119583 0.722870 -0.599367
v 0.237427 0.722534 -0.548642
v 0.043320 0.773972 -0.569120
v 0.054825 0.783417 -0.571856
v 0.069550 0.787521 -0.570758
v 0.021622 0.716202 -0.425643
v 0.031265 0.720123 -0.430599
v 0.352631 0.708786 -0.465097
v 0.255539 0.718643 -0.532487
v 0.253403 0.729584 -0.520638
v 0.257462 0.737473 -0.509254
v 0.089157 0.727722 -0.596310
v 0.026520 0.659836 -0.406060
v 0.026184 0.681351 -0.389561
v 0.032867 0.662598 -0.413102
v 0.026428 0.665680 -0.423818
v 0.032745 0.664825 -0.418693
v 0.026291 0.647842 -0.440705
v 0.005844 0.691498 -0.478391
v 0.004227 0.653625 -0.510863
v 0.014618 0.648849 -0.324983
v 0.012741 0.668976 -0.317681
v 0.016754 0.632294 -0.341737
v 0.005402 0.701111 -0.436269
v 0.034927 0.664001 -0.416236
v 0.035950 0.644531 -0.432908
v 0.033310 0.682999 -0.401256
v 0.027298 0.690674 -0.554842
v 0.024734 0.723999 -0.275788
v 0.030548 0.720825 -0.264715
v 0.023178 0.706055 -0.283007
v 0.021957 0.727280 -0.287153
v 0.025085 0.744476 -0.263187
v 0.022354 0.859299 -0.177721
v 0.022018 0.846939 -0.196324
v 0.024994 0.870026 -0.185922
v 0.023514 0.738083 -0.328189
v 0.027405 0.765259 -0.315270
v 0.023773 0.739685 -0.332328
v 0.033707 0.794724 -0.297719
v 0.035416 0.794327 -0.303423
v 0.040588 0.818115 -0.281895
v 0.030457 0.792084 -0.291828
v 0.036499 0.821701 -0.257453
v 0.030548 0.810333 -0.267750
v 0.042374 0.828049 -0.263348
v 0.041656 0.826675 -0.251216
v 0.029602 0.854462 -0.226014
v 0.029007 0.866714 -0.212266
v 0.032562 0.844604 -0.235675
v 0.036484 0.862701 -0.231566
v 0.029922 0.877930 -0.193094
v 0.032059 0.886429 -0.173898
v 0.036819 0.884369 -0.198367
v 0.035751 0.890839 -0.161847
v 0.038742 0.892563 -0.155383
v 0.041138 0.897324 -0.166165
v 0.033691 0.899094 -0.146143
v 0.038147 0.895538 -0.150021
v 0.038956 0.907486 -0.150164
v 0.044189 0.869980 -0.235733
v 0.045380 0.879364 -0.224114
v 0.046249 0.863525 -0.243092
v 0.039276 0.819595 -0.156112
v 0.047821 0.812271 -0.151263
v 0.038361 0.809448 -0.175249
v 0.029617 0.829010 -0.161757
v 0.039764 0.828842 -0.134644
v 0.042404 0.866135 -0.261126
v 0.043854 0.874466 -0.255108
v 0.052170 0.865524 -0.254897
v 0.040771 0.856552 -0.268824
v 0.030807 0.870361 -0.270675
v 0.015091 0.821365 -0.352093
v 0.015335 0.809708 -0.342930
v 0.016129 0.835052 -0.362742
v 0.018143 0.771606 -0.379919
v 0.016449 0.760956 -0.376369
v 0.020493 0.770172 -0.387753
v 0.020432 0.871063 -0.503876
v 0.028900 0.879242 -0.509352
v 0.018127 0.890198 -0.486591
v 0.014328 0.862518 -0.496929
v 0.024124 0.852722 -0.516143
v 0.018448 0.875229 -0.329666
v 0.017456 0.877625 -0.306476
v 0.021286 0.869995 -0.356153
v 0.021057 0.862961 -0.382825
v 0.024368 0.869812 -0.384515
v 0.017471 0.853058 -0.379446
v 0.021606 0.929138 -0.426807
v 0.026428 0.932968 -0.418305
v 0.017456 0.926529 -0.411477
v 0.017746 0.921997 -0.440726
v 0.028122 0.931992 -0.438262
v 0.012207 0.968307 -0.303403
v 0.012756 0.966110 -0.318711
v 0.011322 0.970535 -0.292448
v 0.011108 0.950882 -0.300820
v 0.019821 1.034500 -0.232201
v 0.026123 1.040237 -0.227884
v 0.020309 1.016602 -0.225787
v 0.011398 1.029984 -0.244819
v 0.016724 1.049850 -0.243764
v 0.006851 1.059143 -0.168189
v 0.006638 1.079056 -0.160980
v 0.004959 1.062683 -0.144421
v 0.018692 0.920898 -0.211158
v 0.016586 0.914291 -0.242711
v 0.013367 0.927368 -0.214073
v 0.019714 0.933990 -0.181028
v 0.026947 0.914215 -0.209900
v 0.039856 0.905762 -0.209138
v 0.050842 0.899872 -0.205945
v 0.038086 0.899475 -0.240583
v 0.019806 0.951645 -0.150699
v 0.019150 0.975693 -0.126516
v 0.027222 0.947510 -0.145756
v 0.013550 0.958160 -0.157707
v 0.012268 0.966110 -0.217394
v 0.011108 0.973938 -0.207375
v 0.011459 0.958572 -0.219733
v 0.035248 0.945084 -0.140210
v 0.042709 0.945816 -0.131580
v 0.035202 0.969879 -0.115788
v 0.047607 0.833588 -0.269293
v 0.051849 0.841537 -0.259402
v 0.023972 0.946640 -0.416245
v 0.020096 0.946091 -0.403350
v 0.027313 0.938736 -0.415125
v 0.028198 0.948410 -0.426092
v 0.019836 0.956314 -0.414913
v 0.037537 0.887268 -0.509558
v 0.041931 0.870270 -0.519814
v 0.046936 0.894531 -0.505621
v 0.034149 0.904739 -0.495056
v 0.076935 1.034485 -0.353145
v 0.084198 1.034348 -0.349103
v 0.070450 1.046265 -0.336344
v 0.017822 0.963760 -0.408972
v 0.015701 0.956955 -0.398104
v 0.023178 0.967087 -0.420260
v 0.017197 0.972183 -0.394790
v 0.018723 0.882492 -0.389788
v 0.021118 0.891357 -0.362648
v 0.023697 0.876312 -0.386791
v 0.013977 0.892197 -0.391559
v 0.058655 1.072784 -0.273589
v 0.068695 1.073303 -0.269014
v 0.050552 1.069733 -0.275679
v 0.059967 1.064484 -0.296434
v 0.040375 1.040115 -0.319431
v 0.031494 1.038956 -0.319950
v 0.047791 1.032196 -0.337437
v 0.047836 1.040970 -0.316470
v 0.034866 1.049377 -0.297664
v 0.045258 1.109543 -0.132558
v 0.033356 1.106506 -0.139569
v 0.047714 1.106491 -0.149277
v 0.059723 1.110367 -0.123929
v 0.043655 1.111816 -0.117788
v 0.043549 1.113541 -0.104546
v 0.032211 1.110519 -0.110942
v 0.055237 1.113602 -0.094687
v 0.042313 1.112564 -0.093394
v 0.075729 1.107254 -0.112320
v 0.082504 1.102127 -0.127237
v 0.072754 1.109756 -0.097126
v 0.041702 1.019928 -0.360946
v 0.030258 1.025955 -0.340733
v 0.037308 1.012543 -0.367949
v 0.057495 1.017578 -0.375155
v 0.048767 1.024429 -0.358645
v 0.016830 0.947098 -0.391361
v 0.014435 0.951828 -0.374880
v 0.018906 0.938980 -0.388723
v 0.054031 0.970200 -0.090918
v 0.053223 0.969376 -0.093180
v 0.049957 0.980072 -0.091578
v 0.034912 1.095200 -0.074064
v 0.045502 0.945190 -0.128043
v 0.046906 0.928848 -0.147171
v 0.045929 0.960419 -0.109772
v 0.102722 0.795380 -0.016235
v 0.106384 0.788528 -0.042785
v 0.080460 0.777451 -0.018147
v 0.120026 0.809067 -0.015998
v 0.146576 0.737671 -0.175586
v 0.155441 0.728500 -0.195173
v 0.133331 0.721054 -0.172985
v 0.160385 0.753937 -0.178955
v 0.071625 0.751007 -0.060717
v 0.062073 0.742325 -0.061637
v 0.063736 0.757050 -0.039185
v 0.090393 0.763245 -0.067182
v 0.260040 0.753357 -0.059000
v 0.266006 0.742996 -0.076246
v 0.253113 0.764191 -0.074962
v 0.254181 0.762924 -0.039671
v 0.267288 0.740662 -0.045374
v 0.271057 0.734070 -0.089168
v 0.266418 0.740814 -0.105669
v 0.275940 0.724594 -0.075275
v 0.251602 0.714584 -0.179659
v 0.207123 0.817841 -0.051368
v 0.198532 0.825058 -0.022048
v 0.217453 0.811691 -0.045512
v 0.216339 0.806519 -0.081279
v 0.192963 0.817841 -0.057713
v 0.191208 0.829727 0.003004
v 0.204865 0.823929 0.006494
v 0.175583 0.829178 -0.002722
v 0.243820 0.776001 -0.086632
v 0.252518 0.760132 -0.105153
v 0.234970 0.784042 -0.097025
v 0.236115 0.789230 -0.065256
v 0.173279 0.755722 -0.175898
v 0.179794 0.744461 -0.192866
v 0.168396 0.758835 -0.178609
v 0.165390 0.767609 -0.154571
v 0.177567 0.753601 -0.171175
v 0.186081 0.732086 -0.208654
v 0.194473 0.716965 -0.222435
v 0.182297 0.735107 -0.214315
v 0.190369 0.728729 -0.201494
v 0.156723 0.778900 -0.130658
v 0.153183 0.779434 -0.132659
v 0.159760 0.778793 -0.127529
v 0.153381 0.823105 -0.010192
v 0.160736 0.817932 -0.035798
v 0.134415 0.816940 -0.014221
v 0.170502 0.811050 -0.064230
v 0.179901 0.801285 -0.092961
v 0.149368 0.802902 -0.069871
v 0.202835 0.758911 -0.160546
v 0.222351 0.761612 -0.153024
v 0.208847 0.744095 -0.176234
v 0.186600 0.754257 -0.166455
v 0.196503 0.773407 -0.142015
v 0.215454 0.696854 -0.218626
v 0.219833 0.715134 -0.200710
v 0.386993 0.677673 -0.056046
v 0.389328 0.682877 -0.046481
v 0.412933 0.681198 -0.058076
v 0.384933 0.674973 -0.066352
v 0.380875 0.680832 -0.121598
v 0.362778 0.681793 -0.121933
v 0.382462 0.677628 -0.114946
v 0.399796 0.683487 -0.122342
v 0.380478 0.683609 -0.126493
v 0.081299 0.708954 -0.124628
v 0.097427 0.702332 -0.149632
v 0.067673 0.706970 -0.112238
v 0.084290 0.717987 -0.120406
v 0.110046 0.697556 -0.169804
v 0.114883 0.703644 -0.170143
v 0.052429 0.737289 -0.062888
v 0.071701 0.732437 -0.089796
v 0.047791 0.736832 -0.061533
v 0.055527 0.737976 -0.062545
v 0.350113 0.976105 -0.182742
v 0.337326 0.983414 -0.176400
v 0.350098 0.973068 -0.199138
v 0.354568 0.973221 -0.137244
v 0.361389 0.965897 -0.133011
v 0.351593 0.971359 -0.122604
v 0.344788 0.978561 -0.139709
v 0.406342 0.918747 -0.095129
v 0.421249 0.900818 -0.086763
v 0.399567 0.916656 -0.082809
v 0.388458 0.937073 -0.109272
v 0.411438 0.921341 -0.112082
v 0.434006 0.881302 -0.082368
v 0.450897 0.859833 -0.080635
v 0.428848 0.876923 -0.068358
v 0.439621 0.882843 -0.099182
v 0.471375 0.839111 -0.109965
v 0.480545 0.816544 -0.106853
v 0.470551 0.838593 -0.094586
v 0.458328 0.860672 -0.113731
v 0.470078 0.835754 -0.124175
v 0.487976 0.789001 -0.079798
v 0.486511 0.789978 -0.071001
v 0.486557 0.793976 -0.083231
v 0.489822 0.781174 -0.092899
v 0.462494 0.827240 -0.059682
v 0.465500 0.832230 -0.067954
v 0.474823 0.805679 -0.060287
v 0.457489 0.824020 -0.053850
v 0.443054 0.851639 -0.059598
v 0.424057 0.873749 -0.060205
v 0.418381 0.870560 -0.054848
v 0.409500 0.894699 -0.064390
v 0.393967 0.914459 -0.074825
v 0.388779 0.909882 -0.067460
v 0.377502 0.931839 -0.085662
v 0.371063 0.913239 -0.296266
v 0.367554 0.913361 -0.301760
v 0.375870 0.903336 -0.295086
v 0.378479 0.917282 -0.262541
v 0.379150 0.902893 -0.279829
v 0.381088 0.910400 -0.261108
v 0.406342 0.864212 -0.291462
v 0.422256 0.855850 -0.286413
v 0.417450 0.871490 -0.291750
v 0.397614 0.873138 -0.291953
v 0.402328 0.858429 -0.290586
v 0.437149 0.849289 -0.243395
v 0.437546 0.860413 -0.215540
v 0.439209 0.857712 -0.245146
v 0.434341 0.841278 -0.263391
v 0.435486 0.843597 -0.239349
v 0.437347 0.862396 -0.184863
v 0.436005 0.865509 -0.164648
v 0.439774 0.871475 -0.190097
v 0.435150 0.854477 -0.184919
v 0.484650 0.801941 -0.106853
v 0.484924 0.796219 -0.111938
v 0.485901 0.799484 -0.097078
v 0.477539 0.813110 -0.121120
v 0.485794 0.798782 -0.087396
v 0.488724 0.785904 -0.096905
v 0.479996 0.814270 -0.081970
v 0.444305 0.880310 -0.115078
v 0.430374 0.901855 -0.118420
v 0.443771 0.877991 -0.128716
v 0.466858 0.824585 -0.151324
v 0.456192 0.837631 -0.167356
v 0.478424 0.818573 -0.158918
v 0.461395 0.823944 -0.143576
v 0.490570 0.752548 -0.107665
v 0.490509 0.771011 -0.100938
v 0.489807 0.758759 -0.115780
v 0.488953 0.737076 -0.106778
v 0.491882 0.754715 -0.097957
v 0.481537 0.721695 -0.095402
v 0.472687 0.716232 -0.107246
v 0.478226 0.715744 -0.081447
v 0.491867 0.736526 -0.087578
v 0.477188 0.713287 -0.070505
v 0.477249 0.713638 -0.060555
v 0.490967 0.732712 -0.061168
v 0.454956 0.695786 -0.078362
v 0.289978 1.003906 -0.062267
v 0.285904 1.005798 -0.052156
v 0.278229 1.012238 -0.075224
v 0.208191 1.056259 -0.026107
v 0.210464 1.059372 -0.048759
v 0.203857 1.053009 -0.003603
v 0.188309 1.068375 -0.025922
v 0.093796 1.100220 -0.067506
v 0.109024 1.092880 -0.071497
v 0.082733 1.105301 -0.070066
v 0.385773 0.895889 -0.012389
v 0.382126 0.898529 -0.032643
v 0.381256 0.882187 -0.029304
v 0.387695 0.889938 -0.007672
v 0.386124 0.906738 -0.010314
v 0.381195 0.919937 -0.016245
v 0.369888 0.938843 -0.037652
v 0.379578 0.919327 -0.037567
v 0.319046 0.984787 -0.052785
v 0.328369 0.978363 -0.057391
v 0.319489 0.984085 -0.044593
v 0.356552 0.937592 -0.063029
v 0.368179 0.924515 -0.056010
v 0.358902 0.946335 -0.057077
v 0.344376 0.951538 -0.068610
v 0.352768 0.932236 -0.067217
v 0.490952 0.758652 -0.063246
v 0.487350 0.773392 -0.061999
v 0.490311 0.753128 -0.058141
v 0.493576 0.751953 -0.087871
v 0.491302 0.770920 -0.094997
v 0.452240 0.819885 -0.049348
v 0.432266 0.844055 -0.050325
v 0.447891 0.816910 -0.046236
v 0.409073 0.866882 -0.048531
v 0.394470 0.885025 -0.049946
v 0.404434 0.860611 -0.043957
v 0.382767 0.902313 -0.058798
v 0.369370 0.920425 -0.070419
v 0.376175 0.897308 -0.052698
v 0.200592 0.996536 -0.314178
v 0.190521 1.004074 -0.311073
v 0.214020 0.987305 -0.315023
v 0.220093 1.000015 -0.296217
v 0.228043 1.048248 -0.155303
v 0.224350 1.047729 -0.168261
v 0.253159 1.037384 -0.156179
v 0.228134 1.048279 -0.141593
v 0.205505 1.055573 -0.151086
v 0.242599 1.028641 -0.215834
v 0.252319 1.024078 -0.214363
v 0.237701 1.036819 -0.194289
v 0.231293 1.031769 -0.220368
v 0.234238 1.023254 -0.242421
v 0.193741 1.056427 -0.147175
v 0.205017 1.053818 -0.137099
v 0.187134 1.052155 -0.143447
v 0.225861 1.046249 -0.131768
v 0.220596 1.042191 -0.124377
v 0.282455 0.997223 -0.224584
v 0.286819 0.989090 -0.223685
v 0.294006 1.004333 -0.190528
v 0.276642 1.006134 -0.221928
v 0.268311 0.988647 -0.254731
v 0.252380 0.984680 -0.278109
v 0.255905 0.976303 -0.276772
v 0.246490 0.993286 -0.278944
v 0.235321 0.982773 -0.298051
v 0.220871 0.979568 -0.314613
v 0.224838 0.970871 -0.312333
v 0.210571 0.975189 -0.324947
v 0.226868 0.959854 -0.309985
v 0.240936 0.964493 -0.294360
v 0.218201 0.955032 -0.319125
v 0.228653 0.950760 -0.307316
v 0.291473 0.981232 -0.223222
v 0.300995 0.989700 -0.192533
v 0.278915 0.971680 -0.250536
v 0.296570 0.975708 -0.220715
v 0.215012 1.034210 -0.116386
v 0.192413 1.040695 -0.124332
v 0.243774 1.025009 -0.113310
v 0.212570 1.026840 -0.110294
v 0.178345 1.043259 -0.137578
v 0.171829 1.044357 -0.152447
v 0.172516 1.039795 -0.131051
v 0.224304 1.031677 -0.222083
v 0.220459 1.035126 -0.210037
v 0.217896 1.029510 -0.222503
v 0.216980 1.028427 -0.236423
v 0.155991 1.023987 -0.299896
v 0.149384 1.016937 -0.317583
v 0.145050 1.033249 -0.291825
v 0.117493 1.041077 -0.232476
v 0.110229 1.054184 -0.240057
v 0.122650 1.029373 -0.229650
v 0.186020 1.031845 -0.243906
v 0.187073 1.035660 -0.224890
v 0.190048 1.026779 -0.243754
v 0.098709 1.093399 -0.141641
v 0.089920 1.093964 -0.152982
v 0.121017 1.080154 -0.154778
v 0.111969 1.089508 -0.129098
v 0.143707 1.073059 -0.128056
v 0.151688 1.075760 -0.108720
v 0.135239 1.081131 -0.121524
v 0.139801 1.068695 -0.147583
v 0.120895 1.087952 -0.111410
v 0.481598 0.796585 -0.254652
v 0.484177 0.775864 -0.257607
v 0.489334 0.792801 -0.243504
v 0.480026 0.811234 -0.245255
v 0.470108 0.798019 -0.262512
v 0.491226 0.790314 -0.234171
v 0.492645 0.797241 -0.198549
v 0.491577 0.800446 -0.204125
v 0.492401 0.789383 -0.195383
v 0.491943 0.803421 -0.186829
v 0.473907 0.733932 -0.300985
v 0.471451 0.741760 -0.295134
v 0.467575 0.740921 -0.315166
v 0.493729 0.702759 -0.252897
v 0.497604 0.686371 -0.251678
v 0.499374 0.700287 -0.234844
v 0.501816 0.700134 -0.218974
v 0.500046 0.704041 -0.204577
v 0.499039 0.719589 -0.223649
v 0.506393 0.683762 -0.214694
v 0.494629 0.712250 -0.191903
v 0.488037 0.720123 -0.183003
v 0.500137 0.693176 -0.186390
v 0.460175 0.755783 -0.298820
v 0.462204 0.746506 -0.283518
v 0.450119 0.767548 -0.305141
v 0.459488 0.759720 -0.316795
v 0.441757 0.793045 -0.293242
v 0.438019 0.792984 -0.277269
v 0.436600 0.815048 -0.281524
v 0.444839 0.799011 -0.306201
v 0.444702 0.778549 -0.303843
v 0.441681 0.771500 -0.351870
v 0.446381 0.779907 -0.340401
v 0.438751 0.774185 -0.355917
v 0.437729 0.762390 -0.362132
v 0.443054 0.768356 -0.350827
v 0.381256 0.792801 -0.421818
v 0.375168 0.804871 -0.420225
v 0.374359 0.778412 -0.431791
v 0.387238 0.767883 -0.429276
v 0.391541 0.796051 -0.412657
v 0.390350 0.749756 -0.436762
v 0.391129 0.733780 -0.444362
v 0.397751 0.750992 -0.430255
v 0.415527 0.719788 -0.426893
v 0.412781 0.734756 -0.423684
v 0.402222 0.719177 -0.440993
v 0.428162 0.719421 -0.411011
v 0.414307 0.849487 -0.310840
v 0.424484 0.841156 -0.295348
v 0.402496 0.856171 -0.325913
v 0.388046 0.864548 -0.339054
v 0.372406 0.871323 -0.350727
v 0.393845 0.855103 -0.349717
v 0.382019 0.868378 -0.330728
v 0.349594 0.841888 -0.407985
v 0.355591 0.825211 -0.417246
v 0.343918 0.856888 -0.397324
v 0.342102 0.840988 -0.407309
v 0.356796 0.873566 -0.362422
v 0.349106 0.875183 -0.356326
v 0.345886 0.871658 -0.374558
v 0.364899 0.865967 -0.372242
v 0.341614 0.866959 -0.385371
v 0.333221 0.865952 -0.383761
v 0.323196 0.861923 -0.379551
v 0.316101 0.859161 -0.375069
v 0.325684 0.851776 -0.393143
v 0.328476 0.870377 -0.364024
v 0.332458 0.838638 -0.403780
v 0.323517 0.835068 -0.400232
v 0.315521 0.841568 -0.409720
v 0.318283 0.835724 -0.402358
v 0.309357 0.856689 -0.396348
v 0.311218 0.845337 -0.418910
v 0.365601 0.886902 -0.311176
v 0.352005 0.891235 -0.324881
v 0.365021 0.876816 -0.309823
v 0.373962 0.885727 -0.301327
v 0.364883 0.901535 -0.312391
v 0.391113 0.909882 -0.261069
v 0.385574 0.908005 -0.260131
v 0.391556 0.896622 -0.277422
v 0.397324 0.912537 -0.260966
v 0.337585 0.941269 -0.295565
v 0.320953 0.948639 -0.294920
v 0.289322 0.941360 -0.329546
v 0.275070 0.932449 -0.354013
v 0.299469 0.949234 -0.306793
v 0.272491 0.948486 -0.325403
v 0.302399 0.953766 -0.292942
v 0.302628 0.954742 -0.284671
v 0.260651 0.951584 -0.323272
v 0.249435 0.951370 -0.322148
v 0.247513 0.943192 -0.347462
v 0.394150 0.936707 -0.201341
v 0.401932 0.929550 -0.202140
v 0.379974 0.950363 -0.198961
v 0.342972 0.968964 -0.111312
v 0.334091 0.966232 -0.101954
v 0.337128 0.973129 -0.121900
v 0.311172 0.982773 -0.121502
v 0.317017 0.976227 -0.123624
v 0.310501 0.986237 -0.141084
v 0.216568 1.052139 -0.089548
v 0.193100 1.064362 -0.091096
v 0.212509 1.047989 -0.096297
v 0.236984 1.039520 -0.088272
v 0.168747 1.073044 -0.096950
v 0.168060 1.076538 -0.088351
v 0.110504 1.057877 -0.186661
v 0.126877 1.044296 -0.187882
v 0.123138 1.065918 -0.175087
v 0.097031 1.076218 -0.175883
v 0.104156 1.051453 -0.192989
v 0.148193 1.036362 -0.184658
v 0.155975 1.040894 -0.180679
v 0.143219 1.033585 -0.178553
v 0.142700 1.036255 -0.206511
v 0.273193 0.814697 -0.472874
v 0.280884 0.804932 -0.474831
v 0.257736 0.814926 -0.481269
v 0.240173 0.893036 -0.415300
v 0.231247 0.910019 -0.397674
v 0.233551 0.886597 -0.415998
v 0.253082 0.876785 -0.429123
v 0.250153 0.895370 -0.413693
v 0.263107 0.896133 -0.409515
v 0.259781 0.909424 -0.395025
v 0.274139 0.875061 -0.425617
v 0.244476 0.813248 -0.489941
v 0.238724 0.800171 -0.502408
v 0.252167 0.801453 -0.493713
v 0.234711 0.822372 -0.487670
v 0.212677 0.789108 -0.518018
v 0.221619 0.788208 -0.518312
v 0.207901 0.786835 -0.518773
v 0.105225 0.902466 -0.470287
v 0.092239 0.905136 -0.479545
v 0.097809 0.893295 -0.475681
v 0.117233 0.903183 -0.459480
v 0.057922 0.899399 -0.499348
v 0.054428 0.915085 -0.485918
v 0.074570 0.929077 -0.462726
v 0.078094 0.922043 -0.471026
v 0.087967 0.930588 -0.455045
v 0.073853 0.935257 -0.451100
v 0.064758 0.928467 -0.466289
v 0.085083 0.956009 -0.412490
v 0.066406 0.951355 -0.425983
v 0.087875 0.948868 -0.411459
v 0.080917 0.964554 -0.413489
v 0.094833 0.942566 -0.421856
v 0.098373 0.937439 -0.437004
v 0.091217 0.944489 -0.414386
v 0.079559 0.939026 -0.435682
v 0.072372 0.937912 -0.442721
v 0.065491 0.938019 -0.441802
v 0.054047 0.936844 -0.442064
v 0.053207 0.934341 -0.454844
v 0.055420 0.937149 -0.433307
v 0.042816 0.935226 -0.442667
v 0.133682 0.994324 -0.365089
v 0.147537 0.990875 -0.362930
v 0.130753 1.001144 -0.358294
v 0.150314 0.873840 -0.481058
v 0.135178 0.873840 -0.490515
v 0.163422 0.867249 -0.480253
v 0.165756 0.872452 -0.468623
v 0.146805 0.881851 -0.474670
v 0.164917 0.885529 -0.455573
v 0.164307 0.895798 -0.447278
v 0.160873 0.888718 -0.458168
v 0.168228 0.877136 -0.459496
v 0.170532 0.885574 -0.444036
v 0.180634 0.941742 -0.383723
v 0.187424 0.959061 -0.355072
v 0.176117 0.947006 -0.386515
v 0.173157 0.921097 -0.414738
v 0.186234 0.932724 -0.380732
v 0.221725 1.019424 -0.264222
v 0.205292 1.017624 -0.281413
v 0.229477 1.011414 -0.271470
v 0.212479 1.025040 -0.258137
v 0.235336 0.927963 -0.373668
v 0.246796 0.927139 -0.374849
v 0.228134 0.927383 -0.369721
v 0.141006 0.836609 -0.511572
v 0.157135 0.834030 -0.509591
v 0.138657 0.841446 -0.509886
v 0.145370 0.829147 -0.514254
v 0.196548 0.875259 -0.424080
v 0.190460 0.874969 -0.422408
v 0.171844 0.873169 -0.460889
v 0.179993 0.872025 -0.458633
v 0.203217 0.970810 -0.328620
v 0.198196 0.967743 -0.329248
v 0.208115 0.962234 -0.326164
v 0.204514 0.945694 -0.333202
v 0.206985 0.945297 -0.326696
v 0.197372 0.956528 -0.337255
v 0.201065 0.938629 -0.347143
v 0.212509 0.951309 -0.322646
v 0.210037 0.947205 -0.322822
v 0.336746 0.740051 -0.485153
v 0.326447 0.758575 -0.475908
v 0.328003 0.740341 -0.490430
v 0.373032 0.714554 -0.452116
v 0.383881 0.717346 -0.452538
v 0.364456 0.714737 -0.449786
v 0.357132 0.726868 -0.462494
v 0.159821 1.041946 -0.179537
v 0.161545 1.039352 -0.170395
v 0.165131 1.043030 -0.196109
v 0.070740 1.084778 -0.211811
v 0.062790 1.088608 -0.212411
v 0.077774 1.078476 -0.236221
v 0.078568 1.079849 -0.207227
v 0.079773 1.071579 -0.260449
v 0.083145 1.063889 -0.278657
v 0.091675 1.067947 -0.250097
v 0.431793 0.683273 -0.082099
v 0.434464 0.684586 -0.069654
v 0.431168 0.684784 -0.094546
v 0.408920 0.676468 -0.081728
v 0.428848 0.688599 -0.107100
v 0.445816 0.700134 -0.110134
v 0.421371 0.690445 -0.118795
v 0.405670 0.678467 -0.106878
v 0.216476 0.934830 -0.322606
v 0.216415 0.932083 -0.332717
v 0.218002 0.937469 -0.319320
v 0.216354 0.921707 -0.359676
v 0.218552 0.923294 -0.359932
v 0.222992 0.927582 -0.360019
v 0.229782 0.941055 -0.335314
v 0.015335 0.773514 -0.421165
v 0.013428 0.793030 -0.410950
v 0.017319 0.762344 -0.420347
v 0.014084 0.777130 -0.437892
v 0.014267 0.916138 -0.274299
v 0.020493 0.910828 -0.275556
v 0.011703 0.924301 -0.293050
v 0.010620 0.921402 -0.265416
v 0.010849 0.935349 -0.299876
v 0.013000 0.931580 -0.315414
v 0.008987 0.938370 -0.287140
v 0.008530 0.927689 -0.258887
v 0.007919 0.933365 -0.267583
v 0.007828 0.937988 -0.248119
v 0.009094 0.929108 -0.239518
v 0.054672 0.700378 -0.108550
v 0.048035 0.708176 -0.096893
v 0.155960 0.679321 -0.236073
v 0.148895 0.679977 -0.222898
v 0.040298 0.697662 -0.259457
v 0.036575 0.691055 -0.261615
v 0.039383 0.699707 -0.260670
v 0.022537 0.726990 -0.412801
v 0.020020 0.731552 -0.411932
v 0.023926 0.731888 -0.426379
v 0.462021 0.826401 -0.015547
v 0.461594 0.823212 0.000126
v 0.442871 0.851074 -0.009319
v 0.460373 0.824417 -0.027568
v 0.480911 0.777161 -0.022063
v 0.479904 0.777924 -0.004378
v 0.481522 0.773804 -0.039845
v 0.482788 0.766037 -0.024923
v 0.132538 0.676468 -0.197485
v 0.134445 0.666138 -0.197571
v 0.380081 0.877579 -0.035289
v 0.378632 0.882538 -0.039330
v 0.385895 0.872528 -0.036846
v 0.310791 0.959473 -0.088983
v 0.305069 0.965820 -0.091636
v 0.264771 0.985733 -0.096921
v 0.270233 0.985367 -0.097614
v 0.265701 0.987946 -0.095530
v 0.211731 1.024414 -0.108131
v 0.196274 1.031891 -0.109071
v 0.320114 0.973831 -0.124718
v 0.317719 0.979248 -0.143371
v 0.324265 0.974564 -0.127193
v 0.323196 0.968613 -0.109941
v 0.299255 0.973541 -0.219790
v 0.303040 0.974182 -0.219868
v 0.306885 0.982285 -0.192192
v 0.293304 0.963837 -0.241485
v 0.265503 0.957184 -0.272389
v 0.263840 0.960083 -0.272448
v 0.244049 0.953171 -0.292315
v 0.266663 0.956604 -0.274667
v 0.284393 0.959335 -0.255531
v 0.304901 0.950516 -0.259167
v 0.295380 0.957153 -0.252591
v 0.180405 0.985764 -0.331388
v 0.189484 0.975143 -0.331225
v 0.172272 0.994629 -0.331007
v 0.207382 0.904099 -0.360823
v 0.204025 0.907562 -0.364228
v 0.227890 0.863098 -0.418091
v 0.228348 0.866180 -0.417333
v 0.246719 0.853653 -0.440685
v 0.402664 0.858444 -0.041643
v 0.405273 0.859756 -0.038442
v 0.426575 0.838699 -0.045507
v 0.204727 1.025406 -0.254267
v 0.212891 1.028198 -0.221286
v 0.175934 1.020935 -0.284507
v 0.125031 1.025284 -0.228463
v 0.123215 1.027405 -0.251281
v 0.128830 1.027573 -0.228219
v 0.119614 1.030899 -0.208241
v 0.216400 1.022491 0.007108
v 0.219803 1.013718 0.004469
v 0.211197 1.038239 0.007764
v 0.235107 1.009598 0.002075
v 0.253983 1.010834 -0.008281
v 0.237320 1.002289 0.006473
v 0.226120 1.009750 0.002659
v 0.049484 0.967255 -0.098842
v 0.045486 0.976212 -0.099871
v 0.018829 1.008270 -0.112720
v 0.011551 1.008591 -0.123139
v 0.018463 1.041412 -0.105757
v 0.026657 1.005875 -0.106286
v 0.019928 0.886002 -0.112986
v 0.020203 0.871826 -0.111705
v 0.052933 0.827286 -0.103095
v 0.049530 0.830429 -0.103990
v 0.052338 0.818481 -0.128347
v 0.049408 0.787598 -0.186245
v 0.046738 0.790405 -0.188550
v 0.049026 0.798981 -0.168034
v 0.050140 0.772964 -0.204222
v 0.026611 0.788940 -0.284372
v 0.008026 0.940720 -0.273765
v 0.008682 0.954468 -0.276836
v 0.036469 0.889786 -0.278791
v 0.041718 0.894119 -0.277464
v 0.043320 0.882263 -0.257818
v 0.027588 0.883194 -0.283477
v 0.015182 0.922791 -0.338669
v 0.014679 0.932205 -0.341138
v 0.017197 0.910736 -0.338177
v 0.015594 0.911392 -0.367182
v 0.036011 0.794876 -0.305458
v 0.043991 0.819992 -0.289784
v 0.034500 0.795731 -0.307232
v 0.027512 0.894485 -0.336390
v 0.025955 0.882339 -0.359918
v 0.025909 0.897278 -0.336754
v 0.032578 0.901794 -0.310013
v 0.020126 0.799042 -0.379003
v 0.023407 0.786133 -0.385839
v 0.058975 0.818924 -0.526996
v 0.049332 0.819168 -0.528426
v 0.064316 0.806076 -0.524497
v 0.073883 0.816635 -0.523583
v 0.146988 0.826050 -0.515656
v 0.141953 0.823639 -0.515351
v 0.033585 0.728088 -0.439299
v 0.032211 0.729446 -0.437497
v 0.033051 0.740311 -0.454028
v 0.052567 0.799393 -0.526037
v 0.049866 0.804123 -0.526168
v 0.048370 0.794189 -0.521800
v 0.057816 0.801514 -0.526590
v 0.066330 0.801071 -0.524167
v 0.078720 0.800858 -0.520026
v 0.095703 0.803680 -0.515369
v 0.114029 0.809189 -0.512373
v 0.094650 0.807892 -0.516013
v 0.063034 0.989273 -0.401539
v 0.054199 0.977783 -0.415373
v 0.073349 0.980103 -0.405677
v 0.073532 0.996780 -0.390769
v 0.048096 0.994431 -0.397618
v 0.050705 0.968231 -0.425186
v 0.062866 0.968811 -0.421105
v 0.040405 0.968674 -0.425627
v 0.050552 0.959229 -0.430428
v 0.033859 0.949661 -0.430375
v 0.031555 0.959808 -0.429633
v 0.036636 0.939682 -0.429356
v 0.041794 0.948914 -0.431120
v 0.133713 0.920120 -0.451159
v 0.136337 0.912842 -0.455604
v 0.138992 0.914719 -0.452217
v 0.134781 0.924728 -0.444583
v 0.125778 0.965958 -0.382851
v 0.137711 0.977356 -0.374872
v 0.108978 0.953491 -0.395094
v 0.121826 0.902908 -0.456124
v 0.110092 0.891418 -0.463150
v 0.037308 0.935562 -0.429465
v 0.036591 0.934540 -0.433167
v 0.044647 0.936020 -0.429680
v 0.032455 0.935623 -0.425754
v 0.019714 0.935150 -0.386984
v 0.016098 0.935913 -0.377850
v 0.019470 0.997467 -0.225640
v 0.027267 1.001846 -0.217742
v 0.019348 0.980988 -0.226740
v 0.020859 1.007812 -0.207118
v 0.022675 1.026184 -0.206193
v 0.014267 1.003235 -0.202023
v 0.027496 1.004471 -0.211983
v 0.010162 0.992783 -0.192575
v 0.008804 0.978622 -0.181905
v 0.054825 1.090622 -0.214147
v 0.050232 1.096588 -0.190995
v 0.044083 1.090637 -0.218524
v 0.036224 1.088150 -0.220586
v 0.032425 1.093063 -0.205935
v 0.039276 1.081528 -0.233059
v 0.023102 0.806763 -0.228082
v 0.022858 0.814163 -0.223400
v 0.023514 0.796478 -0.233351
v 0.066254 1.028625 -0.350677
v 0.059097 1.033813 -0.333141
v 0.063263 1.027634 -0.351813
v 0.051147 1.041885 -0.315463
v 0.052673 1.043991 -0.316158
v 0.044983 1.050430 -0.296406
v 0.043015 1.057114 -0.274411
v 0.044525 1.059479 -0.274449
v 0.039642 1.056442 -0.274622
v 0.031494 1.063492 -0.245696
v 0.031021 1.065384 -0.243332
v 0.025162 1.058716 -0.238688
v 0.019226 0.975342 -0.226306
v 0.024109 0.987503 -0.219777
v 0.048874 0.907013 -0.163596
v 0.047836 0.905548 -0.165658
v 0.047714 0.909073 -0.160492
v 0.045380 0.901245 -0.157561
v 0.039703 0.893784 -0.152270
v 0.033127 0.884659 -0.148317
v 0.026978 0.874146 -0.146290
v 0.022507 0.865372 -0.145394
v 0.053268 0.845367 -0.255152
v 0.052170 0.848633 -0.252800
v 0.048584 0.836746 -0.252483
v 0.030334 0.814880 -0.236451
v 0.037201 0.821884 -0.242775
v 0.085907 1.074524 -0.205800
v 0.097031 1.068832 -0.224490
v 0.074631 1.078674 -0.191175
v 0.098724 1.081924 -0.049664
v 0.086563 1.074020 -0.031624
v 0.110474 1.088058 -0.065888
v 0.039597 1.096313 -0.070284
v 0.045929 1.092606 -0.061905
v 0.039780 1.098938 -0.074295
v 0.216354 0.997070 0.010138
v 0.220551 0.994064 0.011808
v 0.217712 1.000732 0.008321
v 0.223282 0.995621 0.010446
v 0.232483 1.046646 -0.052751
v 0.232101 1.043030 -0.044826
v 0.226334 1.050888 -0.056850
v 0.222015 1.010284 0.003236
v 0.227020 1.022537 -0.007635
v 0.483368 0.724869 -0.274688
v 0.477936 0.730392 -0.275918
v 0.448517 0.782593 -0.335275
v 0.448242 0.780121 -0.327567
v 0.446991 0.789673 -0.332213
v 0.448090 0.776123 -0.339002
v 0.374451 0.955643 -0.198384
v 0.371262 0.955521 -0.206388
v 0.376236 0.950821 -0.205619
v 0.415756 0.910263 -0.152838
v 0.416229 0.909927 -0.154583
v 0.424072 0.891006 -0.147650
v 0.407486 0.923813 -0.159568
v 0.428864 0.869110 -0.149238
v 0.429474 0.871338 -0.151611
v 0.431564 0.869705 -0.146048
v 0.459534 0.824081 -0.140064
v 0.460129 0.826828 -0.138158
v 0.476669 0.806610 -0.126774
v 0.462967 0.743912 -0.277753
v 0.446228 0.772629 -0.307388
v 0.400864 0.855896 -0.290921
v 0.418671 0.846375 -0.284661
v 0.380249 0.879532 -0.286622
v 0.379120 0.882462 -0.288358
v 0.384018 0.879959 -0.286841
v 0.382004 0.893158 -0.276044
v 0.343323 0.806641 -0.421103
v 0.330475 0.820511 -0.409045
v 0.354004 0.795547 -0.431296
v 0.435791 0.890381 -0.162334
v 0.440781 0.881165 -0.171243
v 0.434555 0.887131 -0.160017
v 0.439865 0.864288 -0.246485
v 0.438141 0.873047 -0.246925
v 0.439041 0.857773 -0.266474
v 0.438812 0.873459 -0.220345
v 0.435471 0.859970 -0.279065
v 0.435623 0.869919 -0.271188
v 0.429626 0.868515 -0.286827
v 0.433548 0.854004 -0.279719
v 0.480164 0.726624 -0.175653
v 0.474548 0.713379 -0.166351
v 0.473602 0.733826 -0.171539
v 0.457336 0.717224 -0.138751
v 0.470398 0.728882 -0.145782
v 0.454453 0.713989 -0.145067
v 0.437225 0.704010 -0.131945
v 0.458832 0.716858 -0.129040
v 0.479813 0.742279 -0.153231
v 0.489319 0.785995 -0.214825
v 0.489746 0.791550 -0.213875
v 0.380295 0.684357 -0.129242
v 0.379929 0.682632 -0.132126
v 0.362228 0.685226 -0.129874
v 0.398438 0.686386 -0.129137
v 0.488770 0.749695 -0.043403
v 0.486847 0.753189 -0.039947
v 0.489380 0.750900 -0.048701
v 0.488327 0.733841 -0.044696
v 0.255280 0.796600 -0.495377
v 0.256912 0.789307 -0.496036
v 0.265091 0.795639 -0.490009
v 0.322922 0.765656 -0.472218
v 0.325745 0.773560 -0.465228
v 0.374634 0.743927 -0.441497
v 0.367432 0.730164 -0.445519
v 0.360779 0.715195 -0.449319
v 0.260345 0.770325 -0.496645
v 0.293365 0.754715 -0.485635
v 0.187500 0.820938 -0.502311
v 0.199478 0.801132 -0.507076
v 0.175613 0.838379 -0.501287
v 0.199799 0.701416 -0.249100
v 0.195267 0.700317 -0.248407
v 0.188965 0.720184 -0.232884
v 0.202026 0.700607 -0.245713
v 0.180252 0.735916 -0.216578
v 0.175537 0.731567 -0.215761
v 0.172806 0.748978 -0.199160
v 0.165848 0.759659 -0.179711
v 0.158798 0.769257 -0.158041
v 0.180084 0.752823 -0.168990
v 0.171814 0.766068 -0.149667
v 0.186996 0.739700 -0.184950
v 0.150925 0.779312 -0.133452
v 0.144287 0.773819 -0.132185
v 0.143188 0.789200 -0.106185
v 0.141525 0.799881 -0.072602
v 0.151535 0.790359 -0.099771
v 0.126938 0.814255 -0.015731
v 0.097610 0.729584 -0.120331
v 0.095627 0.727936 -0.120563
v 0.078262 0.735016 -0.090637
v 0.127991 0.714569 -0.172132
v 0.138214 0.706299 -0.191459
v 0.125900 0.712891 -0.171788
v 0.168686 0.688446 -0.241525
v 0.157272 0.692474 -0.225948
v 0.173355 0.690796 -0.242961
v 0.117340 0.706696 -0.170072
v 0.104294 0.714081 -0.146443
v 0.119247 0.708450 -0.170100
v 0.126602 0.699936 -0.189440
v 0.257553 0.753876 0.028805
v 0.266739 0.740601 0.024974
v 0.261292 0.750961 0.012322
v 0.248871 0.766739 0.027722
v 0.264618 0.747116 -0.003487
v 0.269485 0.738983 -0.020770
v 0.257156 0.757843 -0.008191
v 0.280624 0.718857 0.021849
v 0.414459 0.674576 -0.005856
v 0.392258 0.691162 -0.021725
v 0.412308 0.694366 -0.025284
v 0.391144 0.696487 -0.027452
v 0.274078 0.729065 0.023339
v 0.410706 0.867645 0.031815
v 0.415161 0.873016 0.015005
v 0.435333 0.843445 0.026843
v 0.404160 0.862640 0.047503
v 0.371216 0.881683 0.064026
v 0.369339 0.871841 0.069566
v 0.361328 0.884964 0.067763
v 0.367584 0.899582 0.050265
v 0.381882 0.872314 0.060923
v 0.359177 0.926620 0.019958
v 0.346115 0.923584 0.040326
v 0.348465 0.944290 -0.000644
v 0.365921 0.862839 0.073492
v 0.358078 0.869934 0.073460
v 0.377075 0.852219 0.072294
v 0.308197 0.942963 0.030835
v 0.299927 0.946533 0.027659
v 0.318222 0.935623 0.037341
v 0.477905 0.774841 0.021197
v 0.482666 0.757721 0.022378
v 0.474838 0.771408 0.044470
v 0.470490 0.793732 0.019814
v 0.487579 0.739807 0.018969
v 0.486130 0.722916 0.011324
v 0.486603 0.747314 -0.008060
v 0.088196 0.675690 -0.152673
v 0.099457 0.668854 -0.160223
v 0.031052 0.696564 -0.393334
v 0.029709 0.696671 -0.388963
v 0.427780 0.699295 -0.027056
v 0.430466 0.691910 -0.021251
v 0.428787 0.705200 -0.033280
v 0.432632 0.699295 -0.041680
v 0.435059 0.691360 -0.049906
v 0.413544 0.695526 -0.039954
v 0.313812 0.964050 0.004358
v 0.310196 0.971268 -0.001163
v 0.324921 0.968430 -0.014229
v 0.304321 0.959305 0.016784
v 0.234283 0.985535 0.016181
v 0.236862 0.986725 0.015201
v 0.194046 1.027237 0.018469
v 0.023453 0.742188 -0.334755
v 0.026321 0.768570 -0.324674
v 0.022018 0.742416 -0.339705
v 0.017685 0.693558 -0.356639
v 0.019806 0.716232 -0.351893
v 0.020782 0.696564 -0.367557
v 0.018875 0.688629 -0.285338
v 0.027740 0.697968 -0.273222
v 0.020981 0.681061 -0.277400
v 0.016205 0.686325 -0.296095
v 0.024521 0.769531 -0.248539
v 0.022552 0.774567 -0.253199
v 0.024063 0.838562 -0.164643
v 0.024292 0.826553 -0.185225
v 0.021606 0.863907 -0.108829
v 0.022278 0.832886 -0.210350
v 0.021790 0.776306 -0.260953
v 0.021149 0.753235 -0.282867
v 0.020981 0.730743 -0.301188
v 0.019547 0.709763 -0.311041
v 0.037231 0.837250 -0.241982
v 0.041656 0.831635 -0.246001
v 0.043365 0.845856 -0.246140
v 0.036804 0.936188 -0.110962
v 0.046036 0.891006 -0.202643
v 0.052307 0.895767 -0.203732
v 0.044891 0.900040 -0.179622
v 0.049255 0.856049 -0.248573
v 0.039413 0.717712 -0.255385
v 0.047989 0.717331 -0.247211
v 0.039749 0.706680 -0.259839
v 0.039307 0.736511 -0.245063
v 0.038971 0.759903 -0.229704
v 0.047073 0.755249 -0.224329
v 0.038940 0.780853 -0.212390
v 0.038239 0.797165 -0.194260
v 0.029556 0.805069 -0.200376
v 0.039108 0.838608 -0.107260
v 0.044861 0.902451 -0.168837
v 0.019669 0.746033 -0.348431
v 0.019104 0.773499 -0.342562
v 0.017975 0.744568 -0.359332
v 0.038177 0.843369 -0.280939
v 0.047775 0.840103 -0.276040
v 0.034485 0.823212 -0.296939
v 0.026657 0.845367 -0.290836
v 0.046249 0.878830 -0.250948
v 0.052933 0.879639 -0.245799
v 0.022461 0.876129 -0.286144
v 0.019287 0.864151 -0.291194
v 0.018784 0.849060 -0.302083
v 0.019028 0.828949 -0.316963
v 0.018951 0.802246 -0.331549
v 0.024612 0.798950 -0.319709
v 0.012924 0.813889 -0.400661
v 0.011368 0.822311 -0.418639
v 0.013931 0.827881 -0.388690
v 0.015656 0.840179 -0.376270
v 0.026428 0.762421 -0.473541
v 0.019623 0.771530 -0.469823
v 0.026138 0.745682 -0.449968
v 0.032303 0.758362 -0.475143
v 0.028946 0.779266 -0.497282
v 0.013901 0.789597 -0.462744
v 0.010437 0.811829 -0.454252
v 0.015152 0.804916 -0.488574
v 0.010376 0.832108 -0.444117
v 0.033188 0.793976 -0.514008
v 0.038284 0.805176 -0.523347
v 0.025055 0.802155 -0.512121
v 0.040192 0.787949 -0.512882
v 0.042450 0.816040 -0.528060
v 0.034958 0.826202 -0.527806
v 0.017548 0.742676 -0.371757
v 0.032288 0.903137 -0.272991
v 0.024063 0.908752 -0.309212
v 0.040756 0.898376 -0.275334
v 0.009796 0.947449 -0.241996
v 0.010239 0.949417 -0.235465
v 0.009079 0.982407 -0.250168
v 0.008591 0.977280 -0.265190
v 0.007965 1.005768 -0.253485
v 0.009674 0.974548 -0.278882
v 0.011490 0.994308 -0.286133
v 0.014297 1.013885 -0.301132
v 0.011414 1.020493 -0.280285
v 0.017944 1.027191 -0.312759
v 0.009674 1.025864 -0.262397
v 0.012924 1.040726 -0.269208
v 0.021179 1.044983 -0.216632
v 0.021408 1.062958 -0.232577
v 0.026352 1.043671 -0.222765
v 0.009918 0.951385 -0.224959
v 0.013596 0.959229 -0.231991
v 0.008865 0.944855 -0.221170
v 0.010300 0.935226 -0.216792
v 0.010590 0.948959 -0.193253
v 0.020432 1.070847 -0.098630
v 0.012741 1.068985 -0.110781
v 0.024139 1.091293 -0.093480
v 0.027496 1.070740 -0.089191
v 0.007629 1.067505 -0.124270
v 0.006958 1.040039 -0.130189
v 0.008438 1.084671 -0.129249
v 0.034805 1.000641 -0.101093
v 0.038513 1.006805 -0.095770
v 0.007797 1.011261 -0.136840
v 0.008804 0.988327 -0.148949
v 0.009918 0.967972 -0.167338
v 0.044067 0.913757 -0.154243
v 0.016693 0.987015 -0.365269
v 0.013901 0.974167 -0.353286
v 0.022354 0.995331 -0.376826
v 0.013245 0.960175 -0.345324
v 0.051804 0.948959 -0.430915
v 0.054520 0.941162 -0.429724
v 0.071198 1.018066 -0.376122
v 0.065155 1.022278 -0.369004
v 0.075409 1.013123 -0.378490
v 0.016525 0.908279 -0.461701
v 0.010971 0.900085 -0.452196
v 0.024628 0.914124 -0.473096
v 0.008743 0.889496 -0.445730
v 0.008804 0.899460 -0.419774
v 0.010284 0.872360 -0.472566
v 0.021545 0.902634 -0.337255
v 0.027649 0.732254 -0.433996
v 0.064178 1.056229 -0.316752
v 0.057861 1.053421 -0.318367
v 0.046432 1.064621 -0.274879
v 0.048584 1.057022 -0.297639
v 0.054626 1.048492 -0.317982
v 0.056000 1.026855 -0.354143
v 0.048264 1.101990 -0.169465
v 0.038544 1.100342 -0.178376
v 0.062057 1.099808 -0.162724
v 0.040573 1.107147 -0.084524
v 0.049759 1.102676 -0.071065
v 0.022217 1.105545 -0.114453
v 0.021698 1.104828 -0.128736
v 0.024612 1.104813 -0.103721
v 0.022842 1.102524 -0.147427
v 0.025986 1.100159 -0.165522
v 0.029251 1.097260 -0.185410
v 0.021027 1.091965 -0.194460
v 0.042328 1.075851 -0.242941
v 0.037094 1.071060 -0.240638
v 0.029541 1.069061 -0.239225
v 0.015518 1.084976 -0.204066
v 0.012360 1.089020 -0.178149
v 0.027878 1.101791 -0.093390
v 0.010269 1.090942 -0.146924
v 0.069595 1.110123 -0.080418
v 0.065964 1.104996 -0.064566
v 0.064667 1.089828 -0.047483
v 0.061218 1.081467 -0.042459
v 0.023788 1.034729 -0.318878
v 0.020294 1.044174 -0.295453
v 0.011383 0.853760 -0.490096
v 0.013290 0.835297 -0.498649
v 0.015854 0.923889 -0.396683
v 0.013077 0.917191 -0.395915
v 0.039398 1.008820 -0.092958
v 0.030106 1.043228 -0.091772
v 0.029633 1.070679 -0.084778
v 0.048798 0.919037 -0.160278
v 0.054489 0.897461 -0.204925
v 0.055389 0.880035 -0.243064
v 0.053436 0.886093 -0.249704
v 0.054276 0.874207 -0.247313
v 0.055374 0.865494 -0.252300
v 0.050934 0.838409 -0.274370
v 0.112366 0.779938 -0.071980
v 0.119202 0.769485 -0.100984
v 0.129654 0.793655 -0.074824
v 0.127518 0.758392 -0.127747
v 0.163803 0.719025 -0.212288
v 0.173264 0.707489 -0.229513
v 0.152313 0.704468 -0.210196
v 0.184647 0.696747 -0.245255
v 0.062943 0.763290 -0.022175
v 0.248077 0.771851 -0.020198
v 0.238968 0.785461 -0.030885
v 0.243423 0.777405 0.002034
v 0.259338 0.747375 -0.120326
v 0.249969 0.753571 -0.131795
v 0.264847 0.736145 -0.131387
v 0.268677 0.724625 -0.142368
v 0.259140 0.728104 -0.156416
v 0.246674 0.730850 -0.169541
v 0.242630 0.745148 -0.157297
v 0.232361 0.731430 -0.180489
v 0.237564 0.759048 -0.143531
v 0.232101 0.773651 -0.126438
v 0.225128 0.789902 -0.106997
v 0.210342 0.793060 -0.113245
v 0.227997 0.800369 -0.039357
v 0.221725 0.807541 -0.012379
v 0.217072 0.812119 0.010119
v 0.227966 0.797455 0.015325
v 0.206070 0.697983 -0.237008
v 0.209274 0.696732 -0.226539
v 0.188431 0.788559 -0.118479
v 0.169479 0.781326 -0.123794
v 0.214798 0.729919 -0.189129
v 0.198944 0.727905 -0.195487
v 0.379044 0.678024 -0.137389
v 0.397186 0.680038 -0.137946
v 0.380112 0.669785 -0.146121
v 0.384201 0.675034 -0.106181
v 0.385193 0.673615 -0.094967
v 0.363907 0.675537 -0.105738
v 0.384369 0.673630 -0.079629
v 0.275970 0.725708 -0.040407
v 0.042511 0.712906 -0.087737
v 0.141571 0.695770 -0.208293
v 0.132568 0.703033 -0.190624
v 0.145340 0.697266 -0.208942
v 0.145508 0.689194 -0.217437
v 0.136429 0.694855 -0.205921
v 0.122406 0.710739 -0.170683
v 0.109497 0.718414 -0.147532
v 0.091400 0.725937 -0.118981
v 0.087723 0.723831 -0.118022
v 0.425949 0.903595 -0.191994
v 0.429932 0.895477 -0.223357
v 0.436676 0.885727 -0.193559
v 0.415161 0.917572 -0.197647
v 0.467850 0.836990 -0.080057
v 0.482956 0.787842 -0.061419
v 0.325363 0.984329 -0.170632
v 0.319336 0.983810 -0.194958
v 0.330322 0.981552 -0.149997
v 0.316971 0.983002 -0.167561
v 0.311417 0.977173 -0.220341
v 0.311615 0.970840 -0.237688
v 0.327972 0.978973 -0.218272
v 0.319946 0.965012 -0.247469
v 0.299622 0.961197 -0.248771
v 0.333649 0.968170 -0.239740
v 0.346085 0.969604 -0.220268
v 0.357330 0.959564 -0.225513
v 0.364273 0.952972 -0.229469
v 0.360809 0.948074 -0.249163
v 0.360001 0.941208 -0.267255
v 0.353226 0.943848 -0.272946
v 0.359756 0.932800 -0.287850
v 0.363464 0.912460 -0.308262
v 0.377945 0.890305 -0.292535
v 0.393188 0.882675 -0.288247
v 0.403214 0.889420 -0.287460
v 0.433441 0.884705 -0.250271
v 0.427368 0.893036 -0.256372
v 0.430557 0.845337 -0.276941
v 0.427689 0.838623 -0.274792
v 0.432175 0.877319 -0.155726
v 0.425385 0.895950 -0.154452
v 0.438797 0.872101 -0.139370
v 0.449814 0.852051 -0.140294
v 0.462982 0.833206 -0.134718
v 0.414749 0.920593 -0.128908
v 0.450485 0.835052 -0.238448
v 0.451248 0.844894 -0.214252
v 0.439392 0.838608 -0.237998
v 0.450760 0.818436 -0.256071
v 0.466553 0.830673 -0.235961
v 0.478149 0.823364 -0.232176
v 0.478195 0.828308 -0.216073
v 0.477570 0.829376 -0.199370
v 0.481750 0.822632 -0.184693
v 0.465317 0.838974 -0.194731
v 0.488022 0.815475 -0.204861
v 0.449982 0.845093 -0.187867
v 0.439117 0.848709 -0.185480
v 0.486221 0.811584 -0.169675
v 0.489441 0.769211 -0.129607
v 0.490707 0.749176 -0.054448
v 0.381500 0.949585 -0.158641
v 0.376312 0.953293 -0.141761
v 0.325714 0.978455 -0.037911
v 0.334045 0.971359 -0.033893
v 0.335007 0.973312 -0.047263
v 0.302811 0.981750 -0.008776
v 0.291534 0.977310 0.010704
v 0.361633 0.948410 -0.092509
v 0.357147 0.943665 -0.084267
v 0.368454 0.950699 -0.105313
v 0.281372 0.997711 -0.010206
v 0.271072 0.996460 0.005245
v 0.277725 1.002930 -0.020636
v 0.274353 1.008575 -0.033705
v 0.264557 1.016617 -0.039393
v 0.258575 1.025330 -0.084080
v 0.256912 1.028503 -0.071098
v 0.253296 1.027374 -0.048352
v 0.208786 1.061371 -0.063293
v 0.190933 1.070267 -0.067996
v 0.163620 1.080811 -0.029928
v 0.139832 1.089874 -0.035928
v 0.166077 1.080963 -0.054748
v 0.159363 1.079163 -0.008124
v 0.123001 1.091522 -0.039380
v 0.128403 1.090485 -0.064032
v 0.133362 1.088623 -0.079964
v 0.145645 1.086273 -0.079197
v 0.167053 1.079483 -0.074148
v 0.153290 1.075836 0.004572
v 0.180527 1.062424 0.008681
v 0.199921 1.050674 0.008656
v 0.394989 0.887436 -0.007803
v 0.401398 0.878326 -0.021972
v 0.405807 0.886627 0.000175
v 0.358688 0.951645 -0.049283
v 0.347656 0.961487 -0.054399
v 0.353333 0.954620 -0.035508
v 0.337448 0.970581 -0.058120
v 0.337280 0.967834 -0.066904
v 0.341599 0.955704 -0.013367
v 0.337967 0.964874 -0.026013
v 0.335709 0.968704 -0.030054
v 0.371796 0.954575 -0.125603
v 0.316437 0.970627 -0.079799
v 0.329712 0.969223 -0.077721
v 0.337082 0.963379 -0.073624
v 0.337631 0.957077 -0.078390
v 0.376709 0.908707 -0.046399
v 0.374298 0.899551 -0.048774
v 0.413269 0.864243 -0.031105
v 0.423462 0.868774 -0.018245
v 0.435699 0.844635 -0.035223
v 0.453842 0.821991 -0.036180
v 0.448166 0.817383 -0.041839
v 0.354767 0.936813 -0.077198
v 0.342896 0.949249 -0.080188
v 0.352829 0.931366 -0.072048
v 0.237885 1.002563 -0.276811
v 0.253922 1.006927 -0.250931
v 0.265701 1.016541 -0.215088
v 0.272858 1.023285 -0.183234
v 0.278503 1.023315 -0.155108
v 0.293472 1.012665 -0.156464
v 0.221649 1.045715 -0.180863
v 0.213455 1.043777 -0.191448
v 0.198944 1.052338 -0.175245
v 0.190277 1.017029 -0.292151
v 0.188232 1.013275 -0.299384
v 0.184097 1.008911 -0.308069
v 0.203812 1.040573 -0.197204
v 0.184662 1.050720 -0.175978
v 0.300186 1.004120 -0.158784
v 0.303253 0.996536 -0.162932
v 0.260529 0.966873 -0.274121
v 0.307114 0.989975 -0.164881
v 0.310837 0.985077 -0.165809
v 0.160400 1.043625 -0.239240
v 0.149200 1.041824 -0.233809
v 0.169662 1.044128 -0.221800
v 0.136887 1.036896 -0.287988
v 0.120834 1.037079 -0.291303
v 0.122864 1.035400 -0.300882
v 0.126038 1.012558 -0.343007
v 0.138580 1.013718 -0.334655
v 0.118652 1.027786 -0.321576
v 0.111847 1.037018 -0.308984
v 0.103027 1.037811 -0.318859
v 0.091873 1.054977 -0.289964
v 0.101044 1.051331 -0.282267
v 0.106674 1.049438 -0.276221
v 0.103683 1.056122 -0.262938
v 0.112045 1.040833 -0.288336
v 0.070786 1.080215 -0.185386
v 0.081665 1.069672 -0.188936
v 0.101746 1.062500 -0.245119
v 0.138275 1.035065 -0.228153
v 0.177795 1.039597 -0.209361
v 0.182526 1.035538 -0.203474
v 0.081467 1.091171 -0.164607
v 0.490845 0.804016 -0.209244
v 0.491791 0.779266 -0.184564
v 0.495361 0.748886 -0.227222
v 0.493851 0.747742 -0.242543
v 0.488098 0.748077 -0.256813
v 0.476151 0.708939 -0.302761
v 0.478912 0.694839 -0.303591
v 0.458176 0.750336 -0.330773
v 0.450821 0.755814 -0.342440
v 0.445831 0.759277 -0.349922
v 0.452835 0.796066 -0.267426
v 0.441376 0.793411 -0.269901
v 0.446198 0.803116 -0.311506
v 0.446365 0.802811 -0.319427
v 0.443695 0.814972 -0.302116
v 0.444046 0.807938 -0.322324
v 0.441559 0.820724 -0.311831
v 0.439072 0.810379 -0.328675
v 0.428085 0.816223 -0.341094
v 0.431549 0.796188 -0.354912
v 0.414062 0.826431 -0.354114
v 0.430832 0.781097 -0.367091
v 0.418549 0.787704 -0.384275
v 0.428848 0.765762 -0.379457
v 0.403503 0.794800 -0.400605
v 0.406601 0.771683 -0.409382
v 0.402740 0.815659 -0.386783
v 0.409790 0.751328 -0.417736
v 0.421951 0.751831 -0.402149
v 0.430008 0.750320 -0.388085
v 0.433578 0.734467 -0.392253
v 0.399170 0.836975 -0.368098
v 0.384354 0.845840 -0.379978
v 0.370956 0.849152 -0.388934
v 0.373352 0.828278 -0.407526
v 0.370483 0.811386 -0.419935
v 0.362976 0.809418 -0.424170
v 0.362595 0.794815 -0.431231
v 0.371368 0.773178 -0.435880
v 0.362640 0.784485 -0.435723
v 0.392517 0.717789 -0.449537
v 0.436691 0.719467 -0.395681
v 0.440918 0.718719 -0.379902
v 0.439178 0.702057 -0.368111
v 0.448242 0.711945 -0.347330
v 0.441711 0.713669 -0.350189
v 0.440460 0.714020 -0.364912
v 0.438980 0.713455 -0.355868
v 0.438934 0.825546 -0.301094
v 0.435608 0.827637 -0.292532
v 0.358139 0.810104 -0.425069
v 0.358475 0.796082 -0.432160
v 0.375305 0.869980 -0.320378
v 0.358963 0.875244 -0.334128
v 0.367935 0.871536 -0.312833
v 0.341599 0.875061 -0.348623
v 0.336502 0.874634 -0.342420
v 0.310562 0.870682 -0.379304
v 0.306702 0.882126 -0.382601
v 0.312057 0.861832 -0.375091
v 0.319168 0.881485 -0.360184
v 0.334915 0.889297 -0.341573
v 0.334259 0.879089 -0.340076
v 0.431534 0.829590 -0.283049
v 0.427765 0.833267 -0.277235
v 0.347153 0.946289 -0.274755
v 0.355881 0.934952 -0.288838
v 0.327469 0.917084 -0.334914
v 0.308533 0.907333 -0.360729
v 0.298187 0.895523 -0.382249
v 0.283325 0.911240 -0.378404
v 0.262512 0.922241 -0.376294
v 0.269089 0.956818 -0.279347
v 0.252365 0.953812 -0.298986
v 0.239227 0.949005 -0.317800
v 0.232254 0.947067 -0.309832
v 0.408508 0.924240 -0.204090
v 0.413315 0.915451 -0.232948
v 0.418823 0.900879 -0.259869
v 0.408203 0.910339 -0.259425
v 0.271317 1.014069 -0.114208
v 0.274918 1.002792 -0.106608
v 0.286987 0.984451 -0.098616
v 0.270279 0.991837 -0.091904
v 0.282761 0.970779 -0.087461
v 0.133148 1.067108 -0.163444
v 0.171982 1.048996 -0.124062
v 0.187836 1.046448 -0.108648
v 0.204834 1.042023 -0.102316
v 0.289749 0.778198 -0.486864
v 0.290283 0.783371 -0.482258
v 0.291916 0.792343 -0.475704
v 0.333801 0.794220 -0.446871
v 0.341156 0.778046 -0.453632
v 0.303253 0.844772 -0.430650
v 0.293854 0.846222 -0.437860
v 0.283386 0.849335 -0.442054
v 0.268646 0.859238 -0.441196
v 0.259796 0.841995 -0.458193
v 0.251587 0.844955 -0.457256
v 0.256210 0.846756 -0.452105
v 0.259460 0.862488 -0.440423
v 0.247833 0.865463 -0.433966
v 0.215439 0.838043 -0.483206
v 0.229660 0.849533 -0.464317
v 0.234329 0.857071 -0.451292
v 0.214508 0.869232 -0.446568
v 0.196915 0.872650 -0.450332
v 0.190430 0.868805 -0.461995
v 0.179596 0.862930 -0.476802
v 0.171631 0.825668 -0.511884
v 0.170059 0.840271 -0.503687
v 0.235840 0.785049 -0.514882
v 0.092178 0.818466 -0.519485
v 0.089539 0.830551 -0.522708
v 0.085953 0.840485 -0.523540
v 0.082352 0.851547 -0.521057
v 0.109192 0.843140 -0.516793
v 0.076508 0.866531 -0.515193
v 0.059189 0.862579 -0.522607
v 0.113846 0.872101 -0.499498
v 0.125732 0.857956 -0.505077
v 0.052429 0.926758 -0.470574
v 0.041565 0.923859 -0.474014
v 0.138397 0.935562 -0.427705
v 0.143753 0.946564 -0.411629
v 0.131485 0.935333 -0.429400
v 0.145355 0.929398 -0.433281
v 0.152023 0.961823 -0.391595
v 0.163147 0.958008 -0.391987
v 0.077667 0.971466 -0.411382
v 0.095367 0.977539 -0.396430
v 0.084503 1.003067 -0.381271
v 0.099472 0.992157 -0.381989
v 0.113312 0.983887 -0.382321
v 0.158401 0.986176 -0.363997
v 0.164078 0.987503 -0.359098
v 0.169434 0.987244 -0.350320
v 0.174805 0.972046 -0.364627
v 0.159058 0.999496 -0.341491
v 0.171097 0.952164 -0.389721
v 0.162079 0.933899 -0.416965
v 0.153702 0.920044 -0.437356
v 0.149963 0.909531 -0.449499
v 0.162216 0.912109 -0.437194
v 0.152420 0.897949 -0.456936
v 0.149475 0.895889 -0.460223
v 0.143250 0.893539 -0.466725
v 0.167221 0.906845 -0.434991
v 0.172821 0.899841 -0.429502
v 0.134750 0.848038 -0.507915
v 0.125259 0.935638 -0.431275
v 0.118332 0.931656 -0.440672
v 0.106186 0.930267 -0.448046
v 0.083054 0.912140 -0.479072
v 0.229218 0.874985 -0.416153
v 0.186722 0.875458 -0.423080
v 0.185074 0.878876 -0.421679
v 0.182098 0.887451 -0.420663
v 0.188843 0.898499 -0.400147
v 0.194916 0.918106 -0.374506
v 0.191788 0.965103 -0.339490
v 0.194275 0.965515 -0.332970
v 0.319702 0.739685 -0.496832
v 0.347977 0.763550 -0.460484
v 0.169067 1.043579 -0.163976
v 0.164627 1.039749 -0.165983
v 0.092941 1.035217 -0.337255
v 0.018539 0.736176 -0.409557
v 0.016830 0.744446 -0.400889
v 0.017609 0.746902 -0.417202
v 0.017578 0.755478 -0.416756
v 0.016632 0.750946 -0.403048
v 0.127182 0.681519 -0.193846
v 0.119293 0.672775 -0.176910
v 0.038559 0.701599 -0.262016
v 0.304749 0.952026 -0.278483
v 0.419846 0.874069 -0.000104
v 0.474518 0.706757 0.007679
v 0.471817 0.712631 -0.011026
v 0.332993 0.977051 -0.132869
v 0.385620 0.657822 -0.158730
v 0.145386 0.679504 -0.216602
v 0.141968 0.669571 -0.215948
v 0.145203 0.680710 -0.216155
v 0.144073 0.682236 -0.216244
v 0.337280 0.963684 -0.087518
v 0.335342 0.964142 -0.090356
v 0.291763 0.959976 -0.249589
v 0.218475 0.939056 -0.318110
v 0.221329 0.941498 -0.315511
v 0.358749 0.930710 -0.294370
v 0.352829 0.932938 -0.290533
v 0.168442 0.998566 -0.330533
v 0.162109 1.002701 -0.330250
v 0.253906 0.849442 -0.449137
v 0.481552 0.773041 -0.046158
v 0.478561 0.776352 -0.045527
v 0.295319 0.982910 -0.061049
v 0.290100 0.971924 -0.077278
v 0.288010 0.963242 -0.085617
v 0.329788 0.965530 -0.097871
v 0.313156 0.983017 -0.166275
v 0.229584 0.947067 -0.306808
v 0.337997 0.937012 -0.280761
v 0.208542 0.945480 -0.323672
v 0.201462 0.956940 -0.327731
v 0.195801 0.966171 -0.330133
v 0.470657 0.782974 -0.043590
v 0.459366 0.795334 -0.042530
v 0.446350 0.815857 -0.044460
v 0.373703 0.896103 -0.050149
v 0.364548 0.913345 -0.062093
v 0.351776 0.930161 -0.069501
v 0.341370 0.944153 -0.074810
v 0.338440 0.954269 -0.080557
v 0.139648 1.038040 -0.177384
v 0.114700 1.037521 -0.292419
v 0.116226 1.036270 -0.286057
v 0.162766 1.038574 -0.167574
v 0.185410 1.034042 -0.201304
v 0.192413 1.024628 -0.243648
v 0.119659 1.031982 -0.271445
v 0.101517 1.049500 -0.195795
v 0.050507 0.809158 -0.149384
v 0.049683 0.753265 -0.221995
v 0.049423 0.733215 -0.236297
v 0.050766 0.717407 -0.244030
v 0.030624 0.798553 -0.310873
v 0.024857 0.812531 -0.204720
v 0.012009 0.904648 -0.395184
v 0.016312 0.749130 -0.397257
v 0.017593 0.755768 -0.395462
v 0.043564 0.896164 -0.276471
v 0.025421 0.873169 -0.385437
v 0.023514 0.866989 -0.412899
v 0.017822 0.863770 -0.442262
v 0.021255 0.769867 -0.391523
v 0.028458 0.837387 -0.523767
v 0.022659 0.827347 -0.517797
v 0.037033 0.847931 -0.526172
v 0.018173 0.815796 -0.506054
v 0.047119 0.856659 -0.525966
v 0.034286 0.756363 -0.476130
v 0.037476 0.772552 -0.498223
v 0.042786 0.785248 -0.513042
v 0.130203 0.816925 -0.513313
v 0.032349 0.999695 -0.383687
v 0.031433 0.980301 -0.411230
v 0.031250 0.968689 -0.424800
v 0.034576 0.933792 -0.442994
v 0.032822 0.929749 -0.457123
v 0.032181 0.918716 -0.476849
v 0.014404 0.937241 -0.344677
v 0.014832 0.936111 -0.366351
v 0.142639 0.981827 -0.371252
v 0.079025 0.892273 -0.496965
v 0.083908 0.891846 -0.491834
v 0.014893 0.936340 -0.374301
v 0.095825 0.889648 -0.477850
v 0.089447 0.945801 -0.411488
v 0.070511 0.941177 -0.425344
v 0.055740 0.937912 -0.429869
v 0.028244 0.935181 -0.415145
v 0.147141 1.012146 -0.329880
v 0.032272 1.056412 -0.274914
v 0.023605 1.054672 -0.275969
v 0.016327 1.056152 -0.249854
v 0.015778 1.053360 -0.257579
v 0.017365 1.050034 -0.273520
v 0.014801 0.962723 -0.234454
v 0.020889 0.861298 -0.144845
v 0.028122 1.042801 -0.225705
v 0.032394 1.022034 -0.214760
v 0.029785 1.003357 -0.214334
v 0.043274 0.829056 -0.248263
v 0.115112 1.090103 -0.072206
v 0.080734 1.066711 -0.020008
v 0.074158 1.066116 -0.020731
v 0.059952 1.078690 -0.040104
v 0.230347 1.034225 -0.026723
v 0.403625 0.929276 -0.162367
v 0.489914 0.780777 -0.100856
v 0.488556 0.784897 -0.105235
v 0.490265 0.779068 -0.099155
v 0.490479 0.777924 -0.097995
v 0.358124 0.790558 -0.435250
v 0.358963 0.789520 -0.435479
v 0.359619 0.788940 -0.435407
v 0.485352 0.793503 -0.114520
v 0.434921 0.850876 -0.184822
v 0.436829 0.851440 -0.212737
v 0.435318 0.840790 -0.237870
v 0.437149 0.792664 -0.271349
v 0.426651 0.835434 -0.274661
v 0.382858 0.907791 -0.260169
v 0.382217 0.923111 -0.241359
v 0.379593 0.938919 -0.221525
v 0.365128 0.872772 -0.309874
v 0.351364 0.876892 -0.324418
v 0.334518 0.875122 -0.339882
v 0.319870 0.868561 -0.356419
v 0.313126 0.858536 -0.373685
v 0.313446 0.846527 -0.388868
v 0.319855 0.833832 -0.399484
v 0.417603 0.909607 -0.156466
v 0.440384 0.877075 -0.193301
v 0.422729 0.875793 -0.290157
v 0.415878 0.883545 -0.289412
v 0.409241 0.892654 -0.285727
v 0.404602 0.902603 -0.276819
v 0.402039 0.913116 -0.260748
v 0.417297 0.686035 -0.142866
v 0.417328 0.690948 -0.136379
v 0.438446 0.694260 -0.149911
v 0.418289 0.691925 -0.126097
v 0.417740 0.692932 -0.130444
v 0.463501 0.713699 -0.116699
v 0.460831 0.702927 -0.158497
v 0.465454 0.689774 -0.164712
v 0.455643 0.709534 -0.151526
v 0.482254 0.767120 -0.196725
v 0.476212 0.751328 -0.182155
v 0.471313 0.736755 -0.169288
v 0.465286 0.723740 -0.158074
v 0.453644 0.712280 -0.148151
v 0.436432 0.702164 -0.139793
v 0.417480 0.692947 -0.133055
v 0.431824 0.683853 -0.010760
v 0.449860 0.699692 -0.017495
v 0.485489 0.754547 -0.025929
v 0.486160 0.753784 -0.034903
v 0.484970 0.735031 -0.024134
v 0.486435 0.753387 -0.038082
v 0.470245 0.715927 -0.021424
v 0.489014 0.735382 -0.031411
v 0.482605 0.732071 -0.031706
v 0.465073 0.725052 -0.031947
v 0.435623 0.686768 -0.059475
v 0.455505 0.697098 -0.057310
v 0.475632 0.714294 -0.051037
v 0.437469 0.756760 -0.364891
v 0.438538 0.752304 -0.364182
v 0.439011 0.713715 -0.351993
v 0.441589 0.729889 -0.357533
v 0.438202 0.698776 -0.347249
v 0.440445 0.743652 -0.361941
v 0.170319 0.845657 -0.500265
v 0.205353 0.786407 -0.519322
v 0.211136 0.696213 -0.222096
v 0.199905 0.713699 -0.210358
v 0.192719 0.727417 -0.198363
v 0.161972 0.778839 -0.126023
v 0.136459 0.798370 -0.076218
v 0.057663 0.738815 -0.062132
v 0.147568 0.698685 -0.209349
v 0.133713 0.693863 -0.204782
v 0.085846 0.722107 -0.118266
v 0.045319 0.736069 -0.061597
v 0.238510 0.782227 0.021911
v 0.367493 0.688812 -0.031950
v 0.390076 0.691254 -0.036381
v 0.458099 0.816788 0.021926
v 0.451233 0.812134 0.043193
v 0.399643 0.855469 0.057922
v 0.396606 0.844727 0.065781
v 0.423065 0.831390 0.056657
v 0.470764 0.771011 0.054555
v 0.443939 0.808746 0.055196
v 0.392792 0.837250 0.070171
v 0.278168 0.971756 0.020251
v 0.270264 0.980881 0.017809
v 0.286346 0.962540 0.022074
v 0.292603 0.953522 0.024747
v 0.333038 0.916458 0.050924
v 0.344986 0.893173 0.064484
v 0.351151 0.878540 0.071230
v 0.025177 0.697678 -0.378353
v 0.015106 0.687195 -0.314323
v 0.029678 0.676041 -0.264910
v 0.025940 0.656555 -0.264928
v 0.044540 0.630157 -0.144131
v 0.047546 0.628601 -0.143674
v 0.040115 0.617264 -0.150148
v 0.104279 0.665848 -0.163123
v 0.107513 0.664597 -0.161068
v 0.086014 0.659317 -0.152490
v 0.069427 0.651855 -0.145671
v 0.071152 0.648895 -0.145671
v 0.264023 0.990677 0.013196
v 0.253632 0.991562 0.012497
v 0.241623 0.992691 0.011828
v 0.504669 0.666687 -0.253153
v 0.510010 0.663773 -0.232023
v 0.498016 0.671417 -0.275835
v 0.472382 0.667084 -0.170271
v 0.500061 0.672623 -0.173687
v 0.038559 0.602585 -0.266109
v 0.144821 0.639633 -0.186154
v 0.073349 0.607513 -0.147836
v 0.062607 0.617386 -0.142393
v 0.083130 0.613937 -0.147461
v 0.053253 0.624847 -0.142200
v 0.062637 0.634277 -0.141794
v 0.049789 0.613770 -0.146652
v 0.046021 0.603821 -0.159770
v 0.028168 0.623795 -0.270997
v 0.027130 0.626617 -0.265539
v 0.038422 0.600891 -0.242287
v 0.042969 0.604263 -0.161263
v 0.118759 0.633255 -0.150197
v 0.113785 0.630768 -0.154069
v 0.126938 0.634674 -0.146641
v 0.096069 0.621475 -0.150714
v 0.083572 0.634369 -0.146869
v 0.106979 0.626740 -0.154363
v 0.421570 0.672836 -0.129827
v 0.432373 0.677612 -0.113806
v 0.408463 0.671448 -0.120764
v 0.413223 0.665680 -0.144902
v 0.431778 0.656174 -0.163191
v 0.510376 0.669724 -0.183520
v 0.512253 0.664261 -0.198090
v 0.143982 0.645889 -0.210974
v 0.145889 0.653198 -0.223317
v 0.115067 0.663147 -0.154407
v 0.133163 0.656601 -0.145342
v 0.075058 0.643021 -0.145432
v 0.086792 0.649933 -0.150126
v 0.029419 0.631378 -0.258248
v 0.091110 0.652298 -0.151710
v 0.098511 0.643875 -0.153083
v 0.111572 0.628998 -0.155504
v 0.385941 0.663788 -0.106783
v 0.396454 0.668732 -0.112758
v 0.408600 0.673264 -0.095684
v 0.385254 0.662811 -0.130716
v 0.410583 0.656052 -0.157332
v 0.395630 0.655472 -0.150110
v 0.376465 0.655258 -0.146439
v 0.362564 0.656067 -0.140089
v 0.441696 0.680084 -0.097967
v 0.430298 0.679352 -0.088593
v 0.419693 0.676331 -0.080361
v -0.005508 0.617737 -0.205342
v -0.005463 0.610672 -0.208274
v -0.005508 0.621323 -0.202765
v -0.005585 0.638016 -0.192192
v -0.005508 0.621323 -0.202765
v -0.005630 0.649551 -0.184628
v 0.003494 0.668854 -0.165075
v 0.023926 0.642334 -0.132637
v -0.005630 0.649551 -0.184628
v -0.005890 0.700653 -0.170462
v -0.005997 0.719467 -0.165664
v -0.005890 0.700653 -0.170462
v -0.006042 0.735657 -0.153193
v -0.006073 0.746246 -0.140487
v -0.006042 0.735657 -0.153193
v -0.006073 0.756088 -0.125595
v -0.006088 0.765701 -0.110374
v -0.006073 0.756088 -0.125595
v -0.006088 0.775391 -0.093392
v -0.006088 0.785522 -0.076377
v -0.006088 0.775391 -0.093392
v -0.006042 0.791992 -0.051365
v -0.005966 0.801132 -0.013151
v -0.006042 0.791992 -0.051365
v -0.005920 0.812012 0.021104
v -0.005814 0.812302 0.049282
v -0.005920 0.812012 0.021104
v -0.005692 0.809021 0.082531
v -0.005585 0.805359 0.107431
v -0.005432 0.796967 0.135493
v -0.005692 0.809021 0.082531
f 1277 1238 1275 1274
f 1281 4 1279 1278
f 1285 5 1283 1282
f 1289 8 1287 1286
f 1293 12 1291 1290
f 1297 12 1295 1294
f 1301 17 1299 1298
f 1305 20 1303 1302
f 1309 23 1307 1306
f 1313 26 1311 1310
f 1317 29 1315 1314
f 1321 32 1319 1318
f 1325 35 1323 1322
f 1329 38 1327 1326
f 1333 41 1331 1330
f 1337 44 1335 1334
f 1341 34 1339 1338
f 1345 47 1343 1342
f 1353 54 1351 1350
f 1357 58 1355 1354
f 1361 61 1359 1358
f 1365 64 1363 1362
f 1369 67 1367 1366
f 1373 70 1371 1370
f 1381 74 1379 1378
f 1385 76 1383 1382
f 1392 82 1390 1389
f 1396 85 1394 1393
f 1400 86 1398 1397
f 1404 90 1402 1401
f 1408 93 1406 1405
f 1412 92 1410 1409
f 1415 97 1411 1413
f 1419 99 1417 1416
f 1423 101 1421 1420
f 1428 105 1426 1425
f 1432 109 1430 1429
f 1436 113 1434 1433
f 1440 116 1438 1437
f 1443 115 1435 1441
f 1447 120 1445 1444
f 1451 123 1449 1448
f 1455 77 1453 1452
f 1459 87 1457 1456
f 1463 130 1461 1460
f 1467 133 1465 1464
f 1471 136 1469 1468
f 1478 107 1476 1475
f 1482 144 1480 1479
f 1486 148 1484 1483
f 1489 105 1488 1487
f 1493 154 1491 1490
f 1497 157 1495 1494
f 1500 159 1499 1498
f 1503 153 1502 1501
f 1507 160 1505 1504
f 1511 163 1509 1508
f 1515 166 1513 1512
f 1519 168 1517 1516
f 1522 172 1521 1520
f 1525 173 1524 1523
f 1527 46 1340 1526
f 1531 172 1529 1528
f 1535 176 1533 1532
f 1540 180 1538 1537
f 1544 182 1542 1541
f 1547 184 1546 1545
f 1551 120 1549 1548
f 1554 187 1553 1552
f 1558 188 1556 1555
f 1566 119 1564 1563
f 1569 162 1506 1567
f 1573 188 1571 1570
f 1576 197 1575 1574
f 1579 198 1578 1577
f 1583 12 1581 1580
f 1586 201 1585 1584
f 1590 186 1588 1587
f 1594 52 1592 1591
f 1596 63 1360 1595
f 1600 163 1598 1597
f 1604 205 1602 1601
f 1608 208 1606 1605
f 1612 210 1610 1609
f 1615 212 1611 1613
f 1619 214 1617 1616
f 1626 219 1624 1623
f 1630 222 1628 1627
f 1634 224 1632 1631
f 1639 228 1637 1636
f 1634 225 1641 1640
f 1646 232 1644 1643
f 1650 235 1648 1647
f 1654 238 1652 1651
f 1657 207 1603 1655
f 1661 210 1659 1658
f 1665 243 1663 1662
f 1669 245 1667 1666
f 1673 246 1671 1670
f 1677 249 1675 1674
f 1681 230 1638 1679
f 1685 240 1683 1682
f 1688 235 1653 1686
f 1692 254 1690 1689
f 1696 257 1694 1693
f 1700 260 1698 1697
f 1704 263 1702 1701
f 1708 266 1706 1705
f 1712 269 1710 1709
f 1716 272 1714 1713
f 1720 275 1718 1717
f 1724 280 1722 1721
f 1728 283 1726 1725
f 1732 285 1730 1729
f 1736 288 1734 1733
f 1740 291 1738 1737
f 1744 294 1742 1741
f 1748 296 1746 1745
f 1752 301 1750 1749
f 1756 303 1754 1753
f 1760 306 1758 1757
f 1715 273 1762 1761
f 1767 310 1765 1764
f 1771 313 1769 1768
f 1775 40 1773 1772
f 1779 318 1777 1776
f 1783 320 1781 1780
f 1787 308 1785 1784
f 1791 279 1789 1788
f 1795 326 1793 1792
f 1799 329 1797 1796
f 1803 331 1801 1800
f 1807 334 1805 1804
f 1811 3 1809 1808
f 1815 339 1813 1812
f 1819 342 1817 1816
f 1823 345 1821 1820
f 1827 348 1825 1824
f 1831 351 1829 1828
f 1835 353 1833 1832
f 1839 356 1837 1836
f 1843 359 1841 1840
f 1847 362 1845 1844
f 1851 364 1849 1848
f 1854 366 1850 1852
f 1858 368 1856 1855
f 1862 371 1860 1859
f 1866 374 1864 1863
f 1870 377 1868 1867
f 1874 380 1872 1871
f 1878 383 1876 1875
f 1882 385 1880 1879
f 1886 385 1884 1883
f 1890 385 1888 1887
f 1894 392 1892 1891
f 1890 391 1896 1895
f 1900 395 1898 1897
f 1903 398 1902 1901
f 1907 399 1905 1904
f 1911 402 1909 1908
f 1915 405 1913 1912
f 1919 408 1917 1916
f 1923 411 1921 1920
f 1927 413 1925 1924
f 1931 416 1929 1928
f 1935 419 1933 1932
f 1939 422 1937 1936
f 1943 425 1941 1940
f 1947 428 1945 1944
f 1951 414 1949 1948
f 1955 433 1953 1952
f 1959 436 1957 1956
f 1957 436 1961 1960
f 1966 440 1964 1963
f 1969 443 1968 1967
f 1973 444 1971 1970
f 1977 444 1975 1974
f 1981 449 1979 1978
f 1985 452 1983 1982
f 1989 454 1987 1986
f 1993 456 1991 1990
f 1996 457 1991 1994
f 1999 460 1998 1997
f 2003 461 2001 2000
f 2008 466 2006 2005
f 2012 469 2010 2009
f 2016 472 2014 2013
f 2020 475 2018 2017
f 2024 478 2022 2021
f 2026 478 2024 2025
f 2030 480 2028 2027
f 2034 483 2032 2031
f 2038 486 2036 2035
f 2042 489 2040 2039
f 2046 491 2044 2043
f 2049 493 2048 2047
f 2053 494 2051 2050
f 2057 496 2055 2054
f 2061 499 2059 2058
f 2065 501 2063 2062
f 2069 504 2067 2066
f 2072 506 2068 2070
f 2075 508 2074 2073
f 2079 509 2077 2076
f 2083 512 2081 2080
f 2086 515 2085 2084
f 2090 516 2088 2087
f 2094 518 2092 2091
f 2089 242 1672 2095
f 2099 501 2065 2097
f 2103 521 2101 2100
f 2107 524 2105 2104
f 2111 527 2109 2108
f 2111 529 2113 2112
f 2118 531 2116 2115
f 2122 534 2120 2119
f 2126 536 2124 2123
f 2130 539 2128 2127
f 2134 542 2132 2131
f 2138 545 2136 2135
f 2082 513 2140 2139
f 2144 540 2128 2142
f 2148 550 2146 2145
f 2152 553 2150 2149
f 2156 555 2154 2153
f 2160 558 2158 2157
f 2164 561 2162 2161
f 2167 226 2166 2165
f 2171 548 2169 2168
f 2175 566 2173 2172
f 2179 566 2177 2176
f 2183 341 2181 2180
f 2186 221 1625 2184
f 2190 573 2188 2187
f 2194 575 2192 2191
f 2197 347 1822 2195
f 2201 579 2199 2198
f 2205 582 2203 2202
f 2208 435 1954 2206
f 2212 402 2210 2209
f 2216 493 2214 2213
f 2219 373 1861 2217
f 2223 478 2221 2220
f 2227 588 2225 2224
f 2231 590 2229 2228
f 2225 588 2233 2232
f 2238 594 2236 2235
f 2241 597 2240 2239
f 2245 500 2243 2242
f 2207 434 2247 2246
f 2252 405 2250 2249
f 2256 601 2254 2253
f 2259 603 2258 2257
f 1702 263 2261 2260
f 2266 605 2264 2263
f 2270 608 2268 2267
f 1785 308 2272 2271
f 2276 271 2274 2273
f 2279 546 2278 2277
f 2283 613 2281 2280
f 2287 615 2285 2284
f 2291 288 2289 2288
f 2295 312 2293 2292
f 2298 617 2297 2296
f 2302 625 2300 2299
f 2305 397 1899 2303
f 2309 363 2307 2306
f 2313 630 2311 2310
f 2317 633 2315 2314
f 2321 636 2319 2318
f 2325 473 2323 2322
f 2328 356 1839 2326
f 2332 641 2330 2329
f 2336 643 2334 2333
f 2339 646 2338 2337
f 2343 646 2341 2340
f 2346 583 2203 2344
f 2350 559 2348 2347
f 2354 502 2352 2351
f 2357 510 2085 2355
f 2361 334 2359 2358
f 2365 653 2363 2362
f 2368 655 2367 2366
f 2181 341 2370 2369
f 2375 657 2373 2372
f 2378 659 2377 2376
f 2381 133 2380 2379
f 2385 660 2383 2382
f 2389 662 2387 2386
f 2393 234 2391 2390
f 2397 567 2395 2394
f 2401 668 2399 2398
f 2405 672 2403 2402
f 2409 572 2407 2406
f 2413 676 2411 2410
f 2417 16 2415 2414
f 2420 260 2419 2418
f 2424 680 2422 2421
f 2427 681 2426 2425
f 2429 681 2427 2428
f 2433 682 2431 2430
f 2437 685 2435 2434
f 2441 688 2439 2438
f 1748 298 2443 2442
f 2447 417 2446 2445
f 2449 312 2295 2448
f 2453 691 2451 2450
f 2457 694 2455 2454
f 2461 39 2459 2458
f 2465 690 2463 2462
f 2468 325 2467 2466
f 2471 627 2301 2469
f 1817 342 2474 2473
f 2479 368 2477 2476
f 2483 366 2481 2480
f 2487 704 2485 2484
f 2489 370 2307 2488
f 2493 373 2491 2490
f 2496 709 2495 2494
f 2499 710 2498 2497
f 2503 397 2501 2500
f 2507 713 2505 2504
f 2510 716 2509 2508
f 2513 716 2512 2511
f 2515 716 2513 2514
f 2518 413 2517 2516
f 2522 717 2520 2519
f 2526 440 2524 2523
f 2530 445 2528 2527
f 2533 508 2532 2531
f 2535 649 2349 2534
f 2539 722 2537 2536
f 2542 351 2541 2540
f 2546 725 2544 2543
f 2550 727 2548 2547
f 2554 729 2552 2551
f 2053 399 2556 2555
f 2561 732 2559 2558
f 2565 471 2563 2562
f 2569 734 2567 2566
f 2573 738 2571 2570
f 2576 514 2575 2574
f 2579 740 2578 2577
f 2583 528 2581 2580
f 2585 525 2278 2584
f 2588 742 2587 2586
f 2592 536 2590 2589
f 2595 650 2356 2593
f 2598 592 2230 2596
f 2602 746 2600 2599
f 2605 557 2604 2603
f 2608 557 2607 2606
f 2610 557 2608 2609
f 2613 750 2612 2611
f 2617 751 2615 2614
f 2619 588 2227 2618
f 2622 753 2621 2620
f 2625 754 2624 2623
f 2628 375 1864 2626
f 2631 346 1821 2629
f 2233 588 2633 2632
f 2637 758 2636 2635
f 2641 254 2639 2638
f 2266 607 2269 2642
f 2647 532 2645 2644
f 2651 761 2649 2648
f 2655 284 2653 2652
f 2658 758 2657 2656
f 2662 763 2660 2659
f 2665 369 1856 2663
f 2668 437 1962 2666
f 2672 440 2670 2669
f 2676 735 2674 2673
f 2681 773 2679 2678
f 2686 775 2684 2683
f 2693 779 2691 2690
f 2700 670 2698 2697
f 2703 784 2702 2701
f 2707 571 2705 2704
f 2710 571 2707 2708
f 2715 1245 2712 2711
f 2720 789 2717 2716
f 2725 1250 2722 2721
f 2729 1252 2727 2726
f 2733 1254 2731 2730
f 1283 5 2735 2734
f 2746 795 2743 2742
f 2750 1261 2748 2747
f 2760 7 2757 2756
f 2735 5 2762 2761
f 2767 799 2765 2764
f 2771 1259 2769 2768
f 2776 1272 2773 2772
f 2781 791 2778 2777
f 2786 807 2783 2782
f 1811 338 2788 2787
f 2795 1268 2792 2791
f 2800 808 2797 2796
f 2805 809 2802 2801
f 2809 4 2807 2806
f 2814 797 2811 2810
f 2817 796 2816 2815
f 2765 799 2823 2822
f 1285 7 2760 2826
f 2831 810 2828 2827
f 2834 27 1311 2832
f 2837 28 1312 2835
f 1307 23 2839 2838
f 2846 815 2843 2842
f 2849 173 1525 2847
f 2853 817 2851 2850
f 2858 680 2855 2854
f 2860 28 2837 2859
f 2863 818 2862 2861
f 2845 132 2865 2864
f 2871 36 1323 2868
f 1352 55 2873 2872
f 2455 694 2877 2876
f 2880 332 1801 2878
f 2885 166 2882 2881
f 2888 390 1888 2886
f 1332 42 2883 2889
f 2884 42 1331 2891
f 2896 629 2892 2894
f 2901 44 2898 2897
f 2904 46 1527 2902
f 1341 46 2904 2905
f 2908 19 1300 2906
f 2910 166 2885 2909
f 2913 17 1301 2911
f 2915 31 1316 2914
f 2920 825 2917 2916
f 1535 50 2922 2921
f 2833 26 2925 2924
f 2937 828 2934 2933
f 2940 50 1534 2938
f 2951 159 2950 2949
f 2955 57 2953 2952
f 2959 142 2957 2956
f 2962 79 1387 2960
f 1549 120 2964 2963
f 2958 151 2967 2966
f 2968 835 2971 2970
f 2977 837 2975 2974
f 2982 838 2979 2978
f 2985 840 2984 2983
f 2989 136 2987 2986
f 2993 88 2991 2990
f 2991 88 1398 2994
f 1394 85 2997 2996
f 3003 843 3001 3000
f 1396 87 3005 3004
f 2993 82 3008 3007
f 3013 845 3011 3010
f 3017 846 3015 3014
f 3020 848 3019 3018
f 3025 190 3023 3022
f 3016 847 3027 3026
f 3031 99 3030 3029
f 3034 104 1424 3032
f 3039 853 3037 3036
f 3044 102 3041 3040
f 3039 103 1422 3045
f 3051 856 3048 3047
f 3058 861 3055 3054
f 3064 867 3061 3060
f 3069 869 3067 3066
f 1436 115 3074 3073
f 1557 189 3077 3076
f 3081 77 1455 3079
f 3086 872 3083 3082
f 3089 124 1449 3087
f 3094 875 3091 3090
f 3009 844 3096 3095
f 3099 119 1566 3098
f 1576 150 3101 3100
f 2935 829 3104 3103
f 3106 12 1583 3105
f 3110 878 3108 3107
f 3115 879 3112 3111
f 3118 875 3094 3116
f 3123 842 3121 3120
f 3046 855 3126 3125
f 3130 197 3102 3128
f 3134 883 3132 3131
f 3138 854 3042 3135
f 3142 143 3140 3139
f 3146 851 3144 3143
f 3149 147 3148 3147
f 3153 887 3151 3150
f 3086 203 3155 3154
f 3149 146 3112 3157
f 3158 879 3160 3159
f 3163 880 3114 3162
f 2961 151 2957 3164
f 1589 202 2972 3165
f 1353 56 1539 3167
f 3169 156 2950 3168
f 1343 47 3171 3170
f 3176 195 1568 3174
f 1596 184 3178 3177
f 3182 874 3181 3180
f 3186 856 3051 3184
f 3190 122 3188 3187
f 2829 811 3192 3191
f 2858 13 1291 3193
f 2836 812 2830 3196
f 3199 807 2786 3197
f 3201 171 3194 3200
f 3204 18 1299 3202
f 3206 24 2841 3205
f 3209 818 2863 3207
f 2867 820 3211 3210
f 3214 28 2877 3213
f 3206 815 3212 3215
f 3214 820 2866 3216
f 2848 38 2898 3218
f 3221 43 2890 3220
f 2873 55 3223 3222
f 3221 45 1335 3225
f 2879 654 3228 3227
f 2882 166 1515 3230
f 2869 35 1325 3232
f 3234 629 2896 3233
f 1333 43 3226 3235
f 3224 21 1303 3236
f 1337 29 2907 3238
f 1510 164 3240 3239
f 1531 175 3203 3241
f 2912 19 2908 3242
f 2953 57 2930 3243
f 3244 827 2928 3246
f 3250 818 3209 3248
f 2936 131 1461 3251
f 3257 832 3255 3254
f 2943 831 3259 3258
f 2940 828 3259 3260
f 2743 795 2948 3262
f 3266 180 3265 3264
f 3265 180 3268 3267
f 2870 126 3268 3269
f 1351 54 3271 3270
f 2944 832 3257 3274
f 3104 829 2939 3275
f 2955 826 2932 3276
f 3277 179 2917 3278
f 3282 60 1356 3280
f 3285 61 3281 3283
f 3285 66 2969 3286
f 1588 186 1550 3288
f 3290 121 1445 3289
f 3292 121 3290 3291
f 3294 68 1367 3293
f 1375 73 3297 3296
f 1368 68 3298 3299
f 3081 75 1379 3301
f 2980 837 2977 3306
f 3310 841 3002 3309
f 2984 840 3012 3311
f 1388 80 3312 3313
f 1395 86 1400 3316
f 3319 844 3008 3317
f 2998 841 3310 3320
f 3315 83 2992 3321
f 3326 896 3325 3324
f 3328 886 3144 3327
f 3331 897 3330 3329
f 3334 849 3024 3332
f 3333 128 3096 3335
f 3337 189 1556 3336
f 3334 897 3339 3338
f 3331 885 3140 3340
f 3328 896 3343 3342
f 1419 101 1423 3346
f 3349 852 3348 3347
f 3341 143 3351 3350
f 1355 58 3354 3353
f 3127 105 1489 3356
f 3363 900 3362 3361
f 3366 878 3365 3364
f 3108 878 3366 3367
f 3368 860 3053 3369
f 3373 168 3377 3376
f 3380 866 3059 3379
f 3378 901 3382 3381
f 3185 868 3065 3383
f 1518 169 3385 3384
f 3119 192 3387 3386
f 3263 833 3390 3389
f 3099 129 3023 3393
f 3337 149 3395 3394
f 3160 879 3115 3396
f 3355 899 3399 3398
f 3354 58 3401 3400
f 1357 60 3403 3402
f 2964 120 3405 3404
f 3190 163 1600 3406
f 3292 69 3408 3407
f 1380 75 3080 3409
f 3181 874 3084 3411
f 3106 834 3245 3412
f 2926 176 3279 3413
f 2862 818 3250 3415
f 3247 809 2805 3417
f 3192 811 3414 3418
f 3110 332 2880 3419
f 1467 135 3391 3421
f 3318 82 1392 3423
f 3123 94 2995 3424
f 3428 107 1427 3427
f 1403 91 1553 3429
f 2384 201 1586 3431
f 3435 895 3297 3433
f 3435 76 3302 3436
f 3136 140 3348 3437
f 1476 107 3428 3438
f 3146 98 1414 3439
f 3432 114 1434 3440
f 3441 113 3075 3442
f 3152 888 3445 3444
f 3156 889 3447 3446
f 1484 148 3397 3448
f 1478 142 2959 3449
f 3434 73 1377 3450
f 3171 47 3271 3452
f 3252 130 3416 3454
f 1347 52 1594 3455
f 1544 183 3256 3456
f 3457 890 3453 3458
f 3182 892 3175 3459
f 3462 900 3363 3461
f 1599 204 3464 3463
f 3467 775 3466 3465
f 3189 893 3410 3468
f 3472 250 1675 3469
f 3477 904 3474 3473
f 3480 908 3479 3478
f 2063 501 3482 3481
f 3487 208 3482 3484
f 1663 243 3489 3488
f 3493 241 3491 3490
f 3497 911 3495 3494
f 3500 245 3489 3498
f 3503 914 3502 3501
f 3508 915 3505 3504
f 3512 224 3510 3509
f 3516 249 3511 3513
f 3470 249 3516 3517
f 3522 921 3520 3519
f 3526 923 3524 3523
f 3476 906 3528 3527
f 3505 915 3531 3530
f 3534 247 1671 3533
f 3539 219 1626 3536
f 1649 236 1684 3540
f 1657 240 1685 3542
f 3547 929 3544 3543
f 3550 233 1644 3548
f 3557 231 3545 3554
f 3555 930 3559 3558
f 3569 932 3568 3567
f 3569 922 3571 3570
f 3521 916 3532 3572
f 3539 928 3546 3573
f 3577 902 3518 3575
f 3579 903 3471 3578
f 3493 215 1668 3580
f 3582 910 3491 3581
f 3507 917 3584 3583
f 3587 918 3585 3586
f 1624 219 3574 3588
f 3480 216 3584 3589
f 3576 205 3531 3592
f 3593 915 3508 3594
f 3596 223 1628 3595
f 3599 209 1607 3598
f 2352 502 3483 3600
f 3526 924 3568 3601
f 3604 933 3603 3602
f 1683 240 3515 3608
f 3612 232 1646 3610
f 3510 224 1642 3613
f 3616 933 3604 3614
f 1654 235 1650 3617
f 3622 256 3619 3618
f 3625 261 1698 3623
f 3628 938 3627 3626
f 3632 602 3627 3629
f 3636 603 2259 3633
f 3640 941 3638 3637
f 3643 943 3642 3641
f 3646 944 3645 3644
f 3649 298 2423 3647
f 3652 325 1790 3650
f 3657 946 3654 3653
f 3662 949 3659 3658
f 2436 686 3664 3663
f 3668 270 1710 3666
f 3673 952 3670 3669
f 3676 682 2433 3674
f 3679 274 1763 3677
f 3684 956 3681 3680
f 3688 301 3686 3685
f 3693 615 3690 3689
f 3696 295 1743 3694
f 3701 278 3698 3697
f 2440 624 3703 3702
f 3708 965 3706 3705
f 3711 762 2654 3709
f 3714 968 3713 3712
f 2470 626 3716 3715
f 3721 969 3718 3717
f 3725 953 3670 3722
f 3728 310 1767 3726
f 3732 299 3730 3729
f 3736 974 3734 3733
f 3740 751 3738 3737
f 3745 977 3742 3741
f 3750 981 3747 3746
f 3754 317 3752 3751
f 3757 984 3749 3755
f 3762 978 3759 3758
f 3765 614 3718 3763
f 2457 297 3767 3766
f 1328 39 2461 3769
f 3772 296 2444 3770
f 3776 651 3774 3773
f 3780 990 3778 3777
f 3784 330 1797 3781
f 3789 992 3786 3785
f 3798 998 3795 3794
f 3801 864 3057 3799
f 3805 994 3787 3802
f 3810 1003 3807 3806
f 3814 1007 3812 3811
f 3817 1006 3809 3815
f 3068 864 3801 3818
f 3819 998 3798 3821
f 3828 1010 3825 3824
f 3839 1018 3836 3835
f 3843 1022 3841 3840
f 3845 340 1813 3844
f 3849 1023 3847 3846
f 3852 766 2664 3850
f 3856 702 2478 3853
f 3861 1026 3858 3857
f 3865 1029 3863 3862
f 3870 1031 3867 3866
f 2506 714 3872 3871
f 3879 1030 3876 3875
f 3882 1027 3864 3880
f 3885 1028 3859 3883
f 3888 352 1829 3886
f 3891 354 1833 3889
f 3896 1041 3893 3892
f 3901 1044 3898 3897
f 3905 631 3903 3902
f 3909 1048 3907 3906
f 3908 1049 3911 3910
f 3865 1026 3914 3913
f 3919 632 3917 3916
f 3924 1051 3921 3920
f 3923 642 3926 3925
f 3932 1054 3930 3929
f 1907 401 3934 3933
f 3939 1057 3937 3936
f 2501 397 3941 3940
f 3947 1059 3944 3943
f 2485 704 3949 3948
f 3953 373 2211 3951
f 3958 1064 3955 3954
f 2630 345 3960 3959
f 3924 1052 3928 3962
f 3966 1067 3965 3964
f 3969 1068 3968 3967
f 3972 1069 3971 3970
f 3976 1070 3974 3973
f 3981 411 3978 3977
f 3986 1074 3983 3982
f 3981 1073 3988 3987
f 3980 730 2552 3990
f 3996 1078 3993 3992
f 4000 1082 3998 3997
f 4003 1083 4002 4001
f 4007 1084 4005 4004
f 4011 1085 4009 4008
f 4015 587 4013 4012
f 4018 594 4017 4016
f 4022 1076 3985 4019
f 4025 1087 4024 4023
f 4028 426 1941 4026
f 4031 598 4030 4029
f 3756 983 4033 4032
f 2560 733 4037 4036
f 4035 1089 4038 4040
f 4045 447 4042 4041
f 2525 719 2521 4046
f 4050 1091 4048 4047
f 1980 450 4052 4051
f 4056 446 1972 4054
f 4060 1094 4058 4057
f 4063 1095 4062 4061
f 4052 450 4065 4064
f 4072 636 4069 4068
f 4077 1097 4074 4073
f 4082 1099 4079 4078
f 4085 1101 4081 4083
f 4089 1103 4087 4086
f 4092 722 2539 4090
f 4096 1104 4094 4093
f 4100 467 4098 4097
f 4104 1105 4094 4101
f 4103 1107 4106 4105
f 4110 1108 4108 4107
f 2007 467 4100 4111
f 2011 470 4114 4113
f 4121 726 4118 4117
f 1838 357 4123 4122
f 2542 475 4127 4126
f 4131 1114 4129 4128
f 4127 475 4133 4132
f 4136 1114 4131 4134
f 4139 356 2328 4137
f 3855 376 1865 4140
f 4145 1117 4144 4143
f 2495 709 4147 4146
f 4151 395 4037 4150
f 4156 600 4153 4152
f 4160 1118 4158 4157
f 4163 770 4162 4161
f 4168 1119 4165 4164
f 4171 481 2028 4169
f 4175 519 4173 4172
f 3499 909 4177 4176
f 4182 544 2133 4179
f 3724 526 2106 4183
f 4189 545 4186 4185
f 4193 1125 4191 4190
f 4197 1123 4195 4194
f 4188 1123 4197 4198
f 4203 1126 4201 4200
f 2646 760 4205 4204
f 4211 529 4208 4207
f 4216 1131 4213 4212
f 4221 1133 4218 4217
f 4225 406 4223 4222
f 4228 564 4165 4226
f 4232 740 4230 4229
f 2575 514 2141 4233
f 4210 1129 4236 4235
f 4239 1083 4003 4237
f 4243 589 2234 4240
f 2602 748 4006 4244
f 2155 556 4247 4246
f 2610 749 3597 4252
f 4255 597 4254 4253
f 2613 496 4257 4256
f 4258 313 3738 4260
f 4266 1017 4264 4263
f 4265 1053 4268 4267
f 2600 746 2633 4271
f 4272 588 2619 4274
f 4228 1115 4277 4276
f 4281 1142 4279 4278
f 3698 278 4283 4282
f 4284 1144 4287 4286
f 4285 1145 4290 4289
f 4294 658 3842 4293
f 4296 771 2677 4295
f 2736 794 4298 4297
f 4302 1143 4301 4300
f 4306 577 2621 4303
f 4310 1150 4308 4307
f 2182 570 2624 4311
f 4315 1061 3945 4313
f 2216 586 4317 4316
f 4320 495 4319 4318
f 4322 587 4015 4321
f 4326 492 4144 4323
f 4330 1152 4328 4327
f 4335 1086 4332 4331
f 2221 478 2026 4336
f 4340 540 2144 4338
f 2226 589 4342 4341
f 4345 738 4344 4343
f 4348 1155 4347 4346
f 4225 1076 4022 4349
f 1955 435 4021 4350
f 2250 405 1915 4351
f 4355 426 4028 4352
f 4358 382 1873 4356
f 4362 383 1878 4359
f 3772 968 4364 4363
f 3706 965 4366 4365
f 3195 171 4370 4369
f 4373 946 4372 4371
f 4377 1160 4375 4374
f 3634 267 1706 4378
f 4288 959 4380 4379
f 4384 684 2432 4381
f 4388 322 4386 4385
f 4391 1162 4390 4389
f 4395 683 2431 4392
f 4397 609 2268 4396
f 4401 305 1755 4398
f 2578 740 4232 4402
f 4406 1166 4405 4404
f 4410 1164 4408 4407
f 4412 1165 4400 4411
f 4412 912 3496 4413
f 4420 1168 4417 4416
f 4424 1125 4422 4421
f 4428 1171 4426 4425
f 4432 761 2651 4429
f 4435 534 2122 4433
f 4437 527 2114 4436
f 4441 956 4439 4438
f 4443 321 1781 4442
f 4446 284 1726 4444
f 4450 1176 4448 4447
f 4449 290 1742 4451
f 4257 496 4454 4453
f 4455 1177 4457 4456
f 4461 763 2662 4459
f 2293 312 1766 4462
f 4463 311 4466 4465
f 4467 1178 4469 4468
f 4473 615 2287 4471
f 2653 284 4446 4474
f 4479 944 4477 4476
f 4481 262 3645 4480
f 4481 258 1694 4482
f 2300 625 4485 4484
f 4488 604 2261 4487
f 4259 1138 4490 4489
f 4494 386 1896 4492
f 4497 628 4496 4495
f 4501 1180 4499 4498
f 4504 378 1868 4502
f 4500 204 4357 4505
f 1971 444 4508 4507
f 4512 764 4510 4509
f 2665 766 4514 4513
f 4519 343 4517 4516
f 4518 1181 4521 4520
f 4525 1048 4524 4523
f 4508 444 1977 4526
f 4510 764 4066 4527
f 4529 1041 3896 4528
f 4533 1040 4531 4530
f 4536 466 2008 4534
f 4539 700 2474 4537
f 4543 1182 4541 4540
f 4542 1183 4545 4544
f 4550 442 1965 4548
f 4555 641 4552 4551
f 2668 767 4552 4556
f 2524 440 2672 4557
f 4562 1186 4560 4559
f 2342 647 4564 4563
f 4569 770 4174 4567
f 4571 735 2676 4570
f 2348 559 2158 4572
f 4568 503 2064 4575
f 2675 507 2071 4576
f 4579 516 2090 4577
f 4582 1188 4585 4584
f 4586 990 3780 4587
f 4591 1003 3810 4589
f 4588 326 4593 4592
f 4596 335 1805 4595
f 2360 651 3776 4597
f 4600 329 1799 4598
f 2368 327 3779 4601
f 4610 340 3845 4607
f 4614 168 1519 4611
f 4617 1193 4613 4615
f 4618 774 2679 4623
f 2486 705 4625 4624
f 4632 1196 4629 4628
f 4635 704 2487 4633
f 3148 147 4637 4636
f 4641 888 3151 4639
f 4645 753 4308 4642
f 4648 1199 4647 4646
f 2173 566 2179 4649
f 2186 572 4652 4651
f 4621 1194 4654 4653
f 4655 581 2204 4656
f 4662 1200 4660 4659
f 4664 203 3464 4663
f 2686 204 1598 4665
f 4668 1201 4667 4666
f 4671 675 4670 4669
f 3620 935 4673 4672
f 3622 937 4677 4676
f 2413 678 2416 4678
f 4370 171 3201 4680
f 3624 676 2640 4681
f 2660 763 4677 4682
f 3621 936 4685 4684
f 4688 942 3639 4686
f 2855 680 2424 4689
f 3651 324 4691 4690
f 4485 625 2467 4693
f 4697 1202 4695 4694
f 4700 1160 4699 4698
f 3655 947 4375 4701
f 3198 793 4372 4703
f 4477 944 3646 4704
f 4707 681 4706 4705
f 4711 951 3661 4708
f 4383 1161 4713 4712
f 3662 951 4715 4714
f 4711 1203 4717 4716
f 4719 1201 4706 4718
f 2270 607 4279 4720
f 3665 610 2275 4723
f 4728 1204 4725 4724
f 4731 323 4730 4729
f 4721 1142 4730 4732
f 4736 1167 4734 4733
f 4399 304 4738 4737
f 4707 675 2408 4739
f 4742 1163 4741 4740
f 1724 282 4744 4743
f 1723 281 4746 4745
f 4746 281 4380 4748
f 4752 1208 4751 4750
f 3692 283 4747 4753
f 4757 622 4756 4755
f 4760 1146 4744 4758
f 4760 967 4762 4761
f 4766 1159 4367 4763
f 4764 1158 4768 4767
f 4771 988 4364 4770
f 4773 294 1744 4772
f 4762 967 4452 4774
f 2463 690 2443 4775
f 4778 285 1732 4776
f 3764 299 4777 4779
f 4781 612 4191 4780
f 2447 620 4783 4782
f 3683 957 4786 4785
f 4786 957 4789 4788
f 4741 1163 4394 4791
f 4302 220 1629 4792
f 2615 751 3740 4793
f 4469 1178 4796 4795
f 4466 311 1765 4797
f 3762 987 4783 4798
f 4801 983 3748 4799
f 3754 985 4803 4802
f 2452 692 4805 4804
f 2451 691 4808 4807
f 4808 691 4810 4809
f 1770 314 4458 4811
f 4756 622 4472 4813
f 4815 289 1734 4814
f 2460 696 4765 4816
f 3695 289 4815 4817
f 3753 984 3757 4818
f 1893 393 4821 4820
f 3742 977 4823 4822
f 4825 955 3672 4824
f 3682 613 2283 4826
f 4829 173 2852 4828
f 2459 39 1524 4830
f 2465 624 2439 4831
f 3703 624 4691 4832
f 4835 950 4713 4833
f 2468 627 3660 4836
f 4709 627 2471 4837
f 4840 1189 4839 4838
f 1798 330 4839 4841
f 4585 1188 4843 4842
f 3775 989 3783 4846
f 4617 995 3788 4847
f 4852 1210 4851 4850
f 4857 1011 4856 4855
f 3825 1010 4859 4858
f 4861 1001 3797 4860
f 4848 994 3805 4862
f 4865 1209 4863 4864
f 3822 1001 4861 4868
f 3826 1011 4857 4870
f 4560 1186 4873 4872
f 3789 995 4616 4879
f 2793 338 1810 4880
f 4885 1192 4882 4881
f 4603 1190 4882 4886
f 4599 655 4887 4888
f 4893 1211 4891 4890
f 3912 1034 3876 4894
f 3877 1034 3872 4895
f 4899 1153 4897 4896
f 4328 1152 4901 4900
f 4905 1212 4901 4903
f 3852 1024 4902 4906
f 1835 355 4514 4908
f 4909 350 4911 4910
f 4121 1039 3887 4913
f 4531 1040 3890 4914
f 3895 1043 4916 4915
f 4545 1183 4541 4917
f 4920 634 3900 4919
f 4521 1181 4922 4921
f 4924 1033 3915 4923
f 3909 1031 3870 4925
f 1843 361 3914 4926
f 4931 1213 4928 4927
f 2520 717 4933 4932
f 4937 1091 4935 4934
f 3917 632 4939 4938
f 4050 703 2481 4940
f 1851 366 2483 4941
f 4565 757 3961 4942
f 2489 362 4944 4943
f 4947 1215 4946 4945
f 2493 708 4660 4948
f 4952 1028 3885 4950
f 2218 372 1860 4953
f 4957 1056 3934 4956
f 2556 399 3935 4958
f 4959 1056 4957 4960
f 3937 1057 4962 4961
f 4966 388 4964 4963
f 4968 1216 4964 4967
f 4970 1216 4968 4969
f 4962 1057 4965 4971
f 4966 1058 4973 4972
f 4358 776 2684 4974
f 3946 1061 4976 4975
f 4980 1215 4979 4978
f 4947 1063 3952 4981
f 4980 704 4635 4983
f 4661 708 2492 4985
f 4944 362 3860 4986
f 4988 584 2210 4987
f 4990 1066 3957 4989
f 4992 1060 3944 4991
f 4995 1149 4994 4993
f 2194 577 4306 4996
f 5000 1218 4999 4998
f 3999 1081 5002 5001
f 3995 1080 5004 5003
f 5006 489 2553 5005
f 5009 408 5008 5007
f 4223 406 1913 5010
f 2512 716 3974 5012
f 2059 499 4020 5013
f 1923 409 1917 5014
f 5016 490 2040 5015
f 4332 1086 4010 5017
f 5019 1117 4145 5018
f 5022 1118 5021 5020
f 5025 1087 4025 5023
f 1931 418 4206 5026
f 5030 416 5028 5029
f 4261 751 2617 5031
f 1937 422 5034 5033
f 5037 498 2056 5036
f 5034 422 4027 5038
f 5021 1118 4160 5039
f 5041 597 4255 5040
f 4033 983 4801 5042
f 4048 1091 4937 5043
f 2482 703 4049 5044
f 2526 720 5046 5045
f 5046 720 4042 5047
f 1988 455 5049 5048
f 1989 451 4053 5050
f 5051 764 4512 5052
f 4045 1090 4930 5053
f 5057 1219 5056 5055
f 4511 765 5056 5058
f 5063 1220 5062 5061
f 5062 1220 5065 5064
f 5069 1099 4082 5067
f 4087 1103 5071 5070
f 5066 1221 5071 5072
f 4095 1105 5075 5074
f 5077 1099 5075 5076
f 5077 463 5079 5078
f 2533 559 2350 5081
f 1987 454 1998 5087
f 1995 456 5085 5089
f 5092 724 2538 5091
f 4098 467 2006 5093
f 5097 1223 5096 5095
f 5099 1108 4110 5098
f 5103 725 5101 5100
f 5105 1111 4118 5104
f 5107 472 4091 5106
f 1826 349 2023 5108
f 2549 728 5111 5110
f 5101 725 5111 5112
f 4129 1114 4227 5114
f 4334 1154 5116 5115
f 4135 483 5116 5117
f 5120 1211 4893 5119
f 4918 1211 5120 5121
f 2554 489 2042 5123
f 4319 495 5124 5125
f 1905 399 2052 5126
f 2237 595 4039 5128
f 4018 587 5130 5129
f 4322 494 2557 5131
f 2069 506 2072 5132
f 4162 770 4569 5134
f 2565 735 4571 5135
f 2029 481 5138 5137
f 4171 1121 5140 5139
f 5143 512 5142 5141
f 4167 1120 5145 5144
f 2093 519 4175 5146
f 5149 509 5147 5148
f 2576 592 4236 5150
f 5151 1129 4209 5152
f 5154 650 4230 5153
f 4173 519 4177 5155
f 5157 305 4401 5156
f 5160 741 5159 5158
f 5162 303 5159 5161
f 4208 529 2110 5163
f 4201 1126 5166 5165
f 5170 1225 5168 5167
f 2121 535 5168 5171
f 5174 1170 4418 5173
f 1930 417 4784 5175
f 5174 537 2124 5177
f 5179 1128 4205 5178
f 5182 1128 5179 5180
f 5184 1134 4219 5183
f 5187 1134 5184 5185
f 5186 1174 4431 5188
f 5189 1173 4430 5190
f 5192 1135 4220 5191
f 2595 744 5164 5193
f 5169 535 2587 5194
f 5195 742 4195 5196
f 4180 543 2132 5197
f 4166 564 2169 5198
f 5200 745 2597 5199
f 5192 1131 4216 5201
f 4342 589 4243 5203
f 4218 1133 4242 5204
f 2152 218 1621 5206
f 2605 508 5136 5207
f 1922 412 4017 5208
f 2616 752 3727 5210
f 5213 1226 5212 5211
f 4280 606 2264 5214
f 5217 569 2178 5216
f 4696 11 4299 5218
f 4133 475 2020 5219
f 4625 705 4977 5220
f 2334 643 3001 5221
f 4142 1116 4325 5223
f 5227 771 4296 5225
f 4884 771 5227 5228
f 5230 375 2628 5229
f 4337 348 4904 5231
f 2601 747 4273 5232
f 5109 479 5235 5234
f 5237 541 2129 5236
f 2081 512 5143 5238
f 2631 757 4309 5239
f 2219 401 1906 5241
f 2214 493 2049 5243
f 4326 1116 4141 5244
f 4329 1153 4899 5245
f 4333 1084 4007 5246
f 2223 477 2019 5247
f 5249 1137 4241 5248
f 4339 549 5205 5250
f 5240 576 2192 5251
f 5252 575 4997 5253
f 4314 1060 4992 5254
f 5255 1064 3958 5256
f 5257 1066 4990 5258
f 4153 600 4159 5259
f 5035 420 1933 5260
f 4254 597 2241 5262
f 2240 597 5041 5263
f 2244 598 4031 5264
f 4353 424 1938 5265
f 5037 427 1942 5266
f 4376 947 3654 5267
f 5269 1202 4699 5268
f 2714 11 4695 5270
f 4710 1162 4391 5271
f 4702 255 1690 5272
f 4789 957 4827 5273
f 1719 276 5212 5274
f 4834 1161 4382 5276
f 4393 682 3678 5277
f 2272 308 1759 5279
f 5275 605 2643 5280
f 5283 952 3673 5281
f 5282 955 4825 5284
f 5162 526 3723 5285
f 5287 1205 4727 5286
f 4409 1167 4736 5288
f 4414 213 1614 5289
f 3760 285 4778 5290
f 5291 973 3731 5292
f 3684 958 5294 5293
f 4787 953 3725 5295
f 5297 302 1750 5296
f 2117 532 2647 5298
f 2581 528 5300 5299
f 1751 302 5297 5301
f 5300 528 2109 5302
f 4435 538 4192 5303
f 4440 1127 4202 5305
f 2281 613 3681 5306
f 5237 716 4024 5307
f 5309 977 3745 5308
f 5311 616 2285 5310
f 4823 977 5309 5312
f 1727 284 2655 5313
f 2658 677 2419 5314
f 4473 622 4757 5315
f 4475 1175 4445 5317
f 4488 603 3636 5318
f 1881 386 4494 5319
f 4493 391 1889 5320
f 4496 628 4821 5322
f 4506 381 1872 5323
f 1818 343 4519 5324
f 3911 1049 5326 5325
f 3874 1035 5327 5328
f 5094 466 4536 5329
f 5080 1222 5330 5331
f 5326 1049 3907 5332
f 2312 631 3905 5333
f 5334 1044 3901 5335
f 2321 448 5054 5336
f 2316 634 4920 5337
f 5339 354 3891 5338
f 4515 355 1834 5340
f 5342 1223 5097 5341
f 5344 1108 5099 5343
f 5346 1109 4108 5345
f 4535 468 4112 5347
f 4517 343 2475 5348
f 4538 342 4892 5349
f 5351 1043 3894 5350
f 5353 1113 4916 5352
f 2327 358 4125 5354
f 2691 779 4873 5355
f 5359 1021 3838 5358
f 3926 642 2330 5360
f 5363 1184 4549 5361
f 5365 439 1961 5364
f 5367 767 2667 5366
f 5369 1185 4553 5368
f 4562 1021 5359 5370
f 4654 1194 4619 5371
f 5375 1199 4648 5373
f 4564 647 2341 5376
f 5372 644 5222 5377
f 2345 582 5379 5378
f 2205 581 2200 5380
f 3833 1016 4657 5381
f 4566 1055 3930 5383
f 4076 458 1992 5384
f 5385 457 1996 5389
f 5154 516 4579 5390
f 4578 517 2096 5391
f 5393 1007 3814 5394
f 4590 1006 3817 5395
f 4594 1189 4840 5396
f 2363 653 3782 5397
f 4602 991 4844 5398
f 2370 341 1814 5399
f 4608 1022 3843 5400
f 2375 337 1809 5401
f 4614 1193 4849 5402
f 4622 671 4658 5404
f 4645 660 5406 5405
f 5409 663 5408 5407
f 4644 194 1565 5410
f 2388 663 5409 5411
f 3443 144 4638 5412
f 5415 889 3155 5413
f 4640 887 3447 5416
f 5418 875 3445 5417
f 5418 1198 4630 5419
f 4652 572 2409 5420
f 4685 936 4675 5421
f 5423 931 4674 5422
f 2399 668 5425 5424
f 4650 569 5217 5427
f 5431 668 2401 5430
f 4954 371 5414 5432
f 4501 1157 4361 5434
f 2692 780 5362 5438
f 5447 1228 5425 5445
f 5426 1228 5448 5452
f 2710 787 5469 5468
f 5471 1232 5457 5470
f 5423 8 2695 5472
f 5471 670 2700 5473
f 5479 1234 5461 5477
f 5462 1234 5481 5480
f 5479 1235 5483 5482
f 5489 796 2817 5487
f 5492 1264 2753 5490
f 5496 1240 2808 5493
f 5499 1243 1280 5497
f 5502 1268 2795 5500
f 5505 1 2789 5503
f 5508 1252 2729 5506
f 5511 1259 2771 5509
f 5514 1256 2745 5512
f 5517 802 2798 5515
f 1275 2 1276 1274
f 1276 3 1277 1274
f 1279 1239 1280 1278
f 1280 1243 1281 1278
f 1283 6 1284 1282
f 1284 7 1285 1282
f 1287 9 1288 1286
f 1288 10 1289 1286
f 1291 13 1292 1290
f 1292 14 1293 1290
f 1295 15 1296 1294
f 1296 16 1297 1294
f 1299 18 1300 1298
f 1300 19 1301 1298
f 1303 21 1304 1302
f 1304 22 1305 1302
f 1307 24 1308 1306
f 1308 25 1309 1306
f 1311 27 1312 1310
f 1312 28 1313 1310
f 1315 30 1316 1314
f 1316 31 1317 1314
f 1319 33 1320 1318
f 1320 34 1321 1318
f 1323 36 1324 1322
f 1324 37 1325 1322
f 1327 39 1328 1326
f 1328 40 1329 1326
f 1331 42 1332 1330
f 1332 43 1333 1330
f 1335 45 1336 1334
f 1336 29 1337 1334
f 1339 30 1340 1338
f 1340 46 1341 1338
f 1343 48 1344 1342
f 1344 49 1345 1342
f 1347 53 1348 1346
f 1351 55 1352 1350
f 1352 56 1353 1350
f 1355 59 1356 1354
f 1356 60 1357 1354
f 1359 62 1360 1358
f 1360 63 1361 1358
f 1363 65 1364 1362
f 1364 66 1365 1362
f 1367 68 1368 1366
f 1368 69 1369 1366
f 1371 71 1372 1370
f 1372 72 1373 1370
f 1375 72 1376 1374
f 1379 75 1380 1378
f 1380 69 1381 1378
f 1383 51 1384 1382
f 1384 77 1385 1382
f 1390 83 1391 1389
f 1391 84 1392 1389
f 1394 86 1395 1393
f 1395 87 1396 1393
f 1398 88 1399 1397
f 1399 89 1400 1397
f 1402 91 1403 1401
f 1403 92 1404 1401
f 1406 94 1407 1405
f 1407 95 1408 1405
f 1410 96 1411 1409
f 1411 97 1412 1409
f 1411 96 1414 1413
f 1414 98 1415 1413
f 1417 100 1418 1416
f 1418 101 1419 1416
f 1421 102 1422 1420
f 1422 103 1423 1420
f 1426 106 1427 1425
f 1427 107 1428 1425
f 1430 110 1431 1429
f 1431 111 1432 1429
f 1434 114 1435 1433
f 1435 115 1436 1433
f 1438 117 1439 1437
f 1439 118 1440 1437
f 1435 114 1442 1441
f 1442 119 1443 1441
f 1445 121 1446 1444
f 1446 122 1447 1444
f 1449 124 1450 1448
f 1450 125 1451 1448
f 1453 126 1454 1452
f 1454 127 1455 1452
f 1457 128 1458 1456
f 1458 129 1459 1456
f 1461 131 1462 1460
f 1462 132 1463 1460
f 1465 134 1466 1464
f 1466 135 1467 1464
f 1469 137 1470 1468
f 1470 90 1471 1468
f 1476 141 1477 1475
f 1477 142 1478 1475
f 1480 116 1481 1479
f 1481 145 1482 1479
f 1484 149 1485 1483
f 1485 150 1486 1483
f 1488 65 1363 1487
f 1363 64 1489 1487
f 1491 155 1492 1490
f 1492 156 1493 1490
f 1495 158 1496 1494
f 1496 54 1497 1494
f 1499 158 1495 1498
f 1495 157 1500 1498
f 1502 71 1371 1501
f 1371 70 1503 1501
f 1505 161 1506 1504
f 1506 162 1507 1504
f 1509 164 1510 1508
f 1510 165 1511 1508
f 1513 167 1514 1512
f 1514 127 1515 1512
f 1517 169 1518 1516
f 1518 170 1519 1516
f 1521 22 1304 1520
f 1304 21 1522 1520
f 1524 39 1327 1523
f 1327 38 1525 1523
f 1340 30 1315 1526
f 1315 29 1527 1526
f 1529 174 1530 1528
f 1530 175 1531 1528
f 1533 177 1534 1532
f 1534 50 1535 1532
f 1538 181 1539 1537
f 1539 56 1540 1537
f 1542 155 1543 1541
f 1543 183 1544 1541
f 1546 62 1359 1545
f 1359 61 1547 1545
f 1549 185 1550 1548
f 1550 186 1551 1548
f 1553 91 1402 1552
f 1402 90 1554 1552
f 1556 189 1557 1555
f 1557 190 1558 1555
f 1560 191 1561 1559
f 1561 192 1562 1559
f 1564 193 1565 1563
f 1565 194 1566 1563
f 1506 161 1568 1567
f 1568 195 1569 1567
f 1571 103 1572 1570
f 1572 196 1573 1570
f 1575 148 1486 1574
f 1486 150 1576 1574
f 1578 15 1295 1577
f 1295 12 1579 1577
f 1581 199 1582 1580
f 1582 200 1583 1580
f 1585 193 1564 1584
f 1564 119 1586 1584
f 1588 202 1589 1587
f 1589 70 1590 1587
f 1592 157 1593 1591
f 1593 181 1594 1591
f 1360 62 1546 1595
f 1546 184 1596 1595
f 1598 204 1599 1597
f 1599 162 1600 1597
f 1602 206 1603 1601
f 1603 207 1604 1601
f 1610 211 1611 1609
f 1611 212 1612 1609
f 1611 211 1614 1613
f 1614 213 1615 1613
f 1617 215 1618 1616
f 1618 216 1619 1616
f 1621 218 1622 1620
f 1624 220 1625 1623
f 1625 221 1626 1623
f 1628 223 1629 1627
f 1629 220 1630 1627
f 1632 222 1633 1631
f 1633 225 1634 1631
f 1637 229 1638 1636
f 1638 230 1639 1636
f 1641 231 1642 1640
f 1642 224 1634 1640
f 1644 233 1645 1643
f 1645 234 1646 1643
f 1648 236 1649 1647
f 1649 237 1650 1647
f 1652 239 1653 1651
f 1653 235 1654 1651
f 1603 206 1656 1655
f 1656 240 1657 1655
f 1659 241 1660 1658
f 1660 242 1661 1658
f 1663 214 1664 1662
f 1664 244 1665 1662
f 1667 246 1668 1666
f 1668 215 1669 1666
f 1671 247 1672 1670
f 1672 242 1673 1670
f 1675 250 1676 1674
f 1676 251 1677 1674
f 1638 229 1680 1679
f 1683 230 1684 1682
f 1684 236 1685 1682
f 1653 239 1687 1686
f 1687 207 1688 1686
f 1690 255 1691 1689
f 1691 256 1692 1689
f 1694 258 1695 1693
f 1695 259 1696 1693
f 1698 261 1699 1697
f 1699 262 1700 1697
f 1702 264 1703 1701
f 1703 265 1704 1701
f 1706 267 1707 1705
f 1707 268 1708 1705
f 1710 270 1711 1709
f 1711 271 1712 1709
f 1714 273 1715 1713
f 1715 274 1716 1713
f 1718 276 1719 1717
f 1719 277 1720 1717
f 1722 281 1723 1721
f 1723 282 1724 1721
f 1726 284 1727 1725
f 1727 282 1728 1725
f 1730 286 1731 1729
f 1731 287 1732 1729
f 1734 289 1735 1733
f 1735 290 1736 1733
f 1738 292 1739 1737
f 1739 293 1740 1737
f 1742 290 1743 1741
f 1743 295 1744 1741
f 1746 297 1747 1745
f 1747 298 1748 1745
f 1750 302 1751 1749
f 1751 300 1752 1749
f 1754 304 1755 1753
f 1755 305 1756 1753
f 1758 307 1759 1757
f 1759 308 1760 1757
f 1762 309 1763 1761
f 1763 274 1715 1761
f 1765 311 1766 1764
f 1766 312 1767 1764
f 1769 314 1770 1768
f 1770 315 1771 1768
f 1773 316 1774 1772
f 1774 317 1775 1772
f 1777 319 1778 1776
f 1778 315 1779 1776
f 1781 321 1782 1780
f 1782 322 1783 1780
f 1785 272 1786 1784
f 1786 323 1787 1784
f 1789 324 1790 1788
f 1790 325 1791 1788
f 1793 327 1794 1792
f 1794 328 1795 1792
f 1797 330 1798 1796
f 1798 328 1799 1796
f 1801 332 1802 1800
f 1802 333 1803 1800
f 1805 335 1806 1804
f 1806 336 1807 1804
f 1809 337 1810 1808
f 1810 338 1811 1808
f 1813 340 1814 1812
f 1814 341 1815 1812
f 1817 343 1818 1816
f 1818 344 1819 1816
f 1821 346 1822 1820
f 1822 347 1823 1820
f 1825 349 1826 1824
f 1826 350 1827 1824
f 1829 352 1830 1828
f 1830 353 1831 1828
f 1833 354 1834 1832
f 1834 355 1835 1832
f 1837 357 1838 1836
f 1838 358 1839 1836
f 1841 360 1842 1840
f 1842 361 1843 1840
f 1845 363 1846 1844
f 1846 359 1847 1844
f 1849 365 1850 1848
f 1850 366 1851 1848
f 1850 365 1853 1852
f 1853 367 1854 1852
f 1856 369 1857 1855
f 1857 370 1858 1855
f 1860 372 1861 1859
f 1861 373 1862 1859
f 1864 375 1865 1863
f 1865 376 1866 1863
f 1868 378 1869 1867
f 1869 379 1870 1867
f 1872 381 1873 1871
f 1873 382 1874 1871
f 1876 377 1877 1875
f 1877 384 1878 1875
f 1880 386 1881 1879
f 1881 387 1882 1879
f 1884 388 1885 1883
f 1885 389 1886 1883
f 1888 390 1889 1887
f 1889 391 1890 1887
f 1892 393 1893 1891
f 1893 394 1894 1891
f 1896 386 1880 1895
f 1880 385 1890 1895
f 1898 396 1899 1897
f 1899 397 1900 1897
f 1902 392 1894 1901
f 1894 394 1903 1901
f 1905 400 1906 1904
f 1906 401 1907 1904
f 1909 403 1910 1908
f 1910 404 1911 1908
f 1913 406 1914 1912
f 1914 407 1915 1912
f 1917 409 1918 1916
f 1918 410 1919 1916
f 1921 412 1922 1920
f 1922 409 1923 1920
f 1925 414 1926 1924
f 1926 415 1927 1924
f 1929 417 1930 1928
f 1930 418 1931 1928
f 1933 420 1934 1932
f 1934 421 1935 1932
f 1937 423 1938 1936
f 1938 424 1939 1936
f 1941 426 1942 1940
f 1942 427 1943 1940
f 1945 429 1946 1944
f 1946 430 1947 1944
f 1949 431 1950 1948
f 1950 432 1951 1948
f 1953 434 1954 1952
f 1954 435 1955 1952
f 1957 437 1958 1956
f 1958 438 1959 1956
f 1961 439 1962 1960
f 1962 437 1957 1960
f 1964 441 1965 1963
f 1965 442 1966 1963
f 1968 441 1964 1967
f 1964 440 1969 1967
f 1971 445 1972 1970
f 1972 446 1973 1970
f 1975 447 1976 1974
f 1976 448 1977 1974
f 1979 450 1980 1978
f 1980 451 1981 1978
f 1983 453 1984 1982
f 1984 454 1985 1982
f 1987 455 1988 1986
f 1988 451 1989 1986
f 1991 457 1992 1990
f 1992 458 1993 1990
f 1991 456 1995 1994
f 1995 459 1996 1994
f 1998 454 1984 1997
f 1984 453 1999 1997
f 2001 462 2002 2000
f 2002 463 2003 2000
f 2006 467 2007 2005
f 2007 468 2008 2005
f 2010 470 2011 2009
f 2011 471 2012 2009
f 2014 473 2015 2013
f 2015 474 2016 2013
f 2018 476 2019 2017
f 2019 477 2020 2017
f 2022 479 2023 2021
f 2023 349 2024 2021
f 2024 349 1825 2025
f 1825 348 2026 2025
f 2028 481 2029 2027
f 2029 482 2030 2027
f 2032 484 2033 2031
f 2033 485 2034 2031
f 2036 487 2037 2035
f 2037 488 2038 2035
f 2040 490 2041 2039
f 2041 491 2042 2039
f 2044 492 2045 2043
f 2045 403 2046 2043
f 2048 403 1909 2047
f 1909 402 2049 2047
f 2051 495 2052 2050
f 2052 399 2053 2050
f 2055 497 2056 2054
f 2056 498 2057 2054
f 2059 410 2060 2058
f 2060 500 2061 2058
f 2063 502 2064 2062
f 2064 503 2065 2062
f 2067 505 2068 2066
f 2068 506 2069 2066
f 2068 505 2071 2070
f 2071 507 2072 2070
f 2074 469 2012 2073
f 2012 471 2075 2073
f 2077 510 2078 2076
f 2078 511 2079 2076
f 2081 513 2082 2080
f 2082 514 2083 2080
f 2085 510 2077 2084
f 2077 509 2086 2084
f 2088 242 2089 2087
f 2089 517 2090 2087
f 2092 519 2093 2091
f 2093 511 2094 2091
f 1672 247 2096 2095
f 2096 517 2089 2095
f 2065 503 2098 2097
f 2098 520 2099 2097
f 2101 522 2102 2100
f 2102 523 2103 2100
f 2105 525 2106 2104
f 2106 526 2107 2104
f 2109 528 2110 2108
f 2110 529 2111 2108
f 2113 530 2114 2112
f 2114 527 2111 2112
f 2116 532 2117 2115
f 2117 533 2118 2115
f 2120 535 2121 2119
f 2121 533 2122 2119
f 2124 537 2125 2123
f 2125 538 2126 2123
f 2128 540 2129 2127
f 2129 541 2130 2127
f 2132 543 2133 2131
f 2133 544 2134 2131
f 2136 546 2137 2135
f 2137 547 2138 2135
f 2140 548 2141 2139
f 2141 514 2082 2139
f 2128 539 2143 2142
f 2143 549 2144 2142
f 2146 551 2147 2145
f 2147 552 2148 2145
f 2150 554 2151 2149
f 2151 218 2152 2149
f 2154 556 2155 2153
f 2155 557 2156 2153
f 2158 559 2159 2157
f 2159 560 2160 2157
f 2162 562 2163 2161
f 2163 563 2164 2161
f 2166 558 2160 2165
f 2160 560 2167 2165
f 2169 564 2170 2168
f 2170 565 2171 2168
f 2173 567 2174 2172
f 2174 568 2175 2172
f 2177 339 2178 2176
f 2178 569 2179 2176
f 2181 570 2182 2180
f 2182 571 2183 2180
f 1625 220 2185 2184
f 2185 572 2186 2184
f 2188 485 2189 2187
f 2189 574 2190 2187
f 2192 576 2193 2191
f 2193 577 2194 2191
f 1822 346 2196 2195
f 2196 578 2197 2195
f 2199 580 2200 2198
f 2200 581 2201 2198
f 2203 583 2204 2202
f 2204 581 2205 2202
f 1954 434 2207 2206
f 2207 407 2208 2206
f 2210 584 2211 2209
f 2211 373 2212 2209
f 2214 585 2215 2213
f 2215 586 2216 2213
f 1861 372 2218 2217
f 2218 401 2219 2217
f 2221 574 2222 2220
f 2222 477 2223 2220
f 2225 589 2226 2224
f 2226 565 2227 2224
f 2229 591 2230 2228
f 2230 592 2231 2228
f 2233 593 2234 2232
f 2234 589 2225 2232
f 2236 595 2237 2235
f 2237 596 2238 2235
f 2240 410 1918 2239
f 1918 409 2241 2239
f 2243 598 2244 2242
f 2244 433 2245 2242
f 2247 432 2248 2246
f 2248 407 2207 2246
f 2250 431 2251 2249
f 2251 599 2252 2249
f 2254 602 2255 2253
f 2255 266 2256 2253
f 2258 268 1707 2257
f 1707 267 2259 2257
f 2261 604 2262 2260
f 2262 264 1702 2260
f 2264 606 2265 2263
f 2265 607 2266 2263
f 2268 609 2269 2267
f 2269 607 2270 2267
f 2272 273 1714 2271
f 1714 272 1785 2271
f 2274 608 2275 2273
f 2275 610 2276 2273
f 2278 525 2105 2277
f 2105 524 2279 2277
f 2281 614 2282 2280
f 2282 320 2283 2280
f 2285 616 2286 2284
f 2286 617 2287 2284
f 2289 618 2290 2288
f 2290 619 2291 2288
f 2293 620 2294 2292
f 2294 621 2295 2292
f 2297 319 1777 2296
f 1777 318 2298 2296
f 2300 626 2301 2299
f 2301 627 2302 2299
f 1899 396 2304 2303
f 2304 387 2305 2303
f 2307 370 2308 2306
f 2308 344 2309 2306
f 2311 631 2312 2310
f 2312 632 2313 2310
f 2315 634 2316 2314
f 2316 635 2317 2314
f 2319 637 2320 2318
f 2320 448 2321 2318
f 2323 638 2324 2322
f 2324 639 2325 2322
f 1839 358 2327 2326
f 2327 640 2328 2326
f 2330 642 2331 2329
f 2331 438 2332 2329
f 2334 644 2335 2333
f 2335 645 2336 2333
f 2338 580 2199 2337
f 2199 579 2339 2337
f 2341 647 2342 2340
f 2342 648 2343 2340
f 2203 582 2345 2344
f 2345 648 2346 2344
f 2348 563 2349 2347
f 2349 649 2350 2347
f 2352 554 2353 2351
f 2353 505 2354 2351
f 2085 515 2356 2355
f 2356 650 2357 2355
f 2359 651 2360 2358
f 2360 652 2361 2358
f 2363 654 2364 2362
f 2364 331 2365 2362
f 2367 328 1794 2366
f 1794 327 2368 2366
f 2370 656 2371 2369
f 2371 570 2181 2369
f 2373 658 2374 2372
f 2374 337 2375 2372
f 2377 3 1276 2376
f 1276 2 2378 2376
f 2380 659 2378 2379
f 2378 2 2381 2379
f 2383 201 2384 2382
f 2384 661 2385 2382
f 2387 663 2388 2386
f 2388 661 2389 2386
f 2391 664 2392 2390
f 2392 601 2393 2390
f 2395 666 2396 2394
f 2396 667 2397 2394
f 2399 669 2400 2398
f 2400 667 2401 2398
f 2403 673 2404 2402
f 2404 674 2405 2402
f 2407 275 2408 2406
f 2408 675 2409 2406
f 2411 677 2412 2410
f 2412 678 2413 2410
f 2415 679 2416 2414
f 2416 678 2417 2414
f 2419 677 2411 2418
f 2411 676 2420 2418
f 2422 259 2423 2421
f 2423 298 2424 2421
f 2426 269 1712 2425
f 1712 271 2427 2425
f 2427 271 2276 2428
f 2276 610 2429 2428
f 2431 683 2432 2430
f 2432 684 2433 2430
f 2435 686 2436 2434
f 2436 687 2437 2434
f 2439 624 2440 2438
f 2440 689 2441 2438
f 2443 690 2444 2442
f 2444 296 1748 2442
f 2446 621 2294 2445
f 2294 620 2447 2445
f 2295 621 2446 2448
f 2446 417 2449 2448
f 2451 692 2452 2450
f 2452 693 2453 2450
f 2455 695 2456 2454
f 2456 297 2457 2454
f 2459 696 2460 2458
f 2460 316 2461 2458
f 2463 623 2464 2462
f 2464 624 2465 2462
f 2467 625 2302 2466
f 2302 627 2468 2466
f 2301 626 2470 2469
f 2470 697 2471 2469
f 2474 700 2475 2473
f 2475 343 1817 2473
f 2477 701 2478 2476
f 2478 702 2479 2476
f 2481 703 2482 2480
f 2482 438 2483 2480
f 2485 705 2486 2484
f 2486 706 2487 2484
f 2307 363 1845 2488
f 1845 362 2489 2488
f 2491 707 2492 2490
f 2492 708 2493 2490
f 2495 379 1869 2494
f 1869 378 2496 2494
f 2498 380 1874 2497
f 1874 382 2499 2497
f 2501 711 2502 2500
f 2502 712 2503 2500
f 2505 714 2506 2504
f 2506 715 2507 2504
f 2509 552 2147 2508
f 2147 551 2510 2508
f 2512 599 2251 2511
f 2251 431 2513 2511
f 2513 431 1949 2514
f 1949 414 2515 2514
f 2517 430 1946 2516
f 1946 429 2518 2516
f 2520 718 2521 2519
f 2521 719 2522 2519
f 2524 719 2525 2523
f 2525 720 2526 2523
f 2528 449 2529 2527
f 2529 721 2530 2527
f 2532 560 2159 2531
f 2159 559 2533 2531
f 2349 563 2163 2534
f 2163 562 2535 2534
f 2537 723 2538 2536
f 2538 724 2539 2536
f 2541 476 2018 2540
f 2018 475 2542 2540
f 2544 726 2545 2543
f 2545 351 2546 2543
f 2548 728 2549 2547
f 2549 351 2550 2547
f 2552 730 2553 2551
f 2553 489 2554 2551
f 2556 731 2557 2555
f 2557 494 2053 2555
f 2559 733 2560 2558
f 2560 595 2561 2558
f 2563 734 2564 2562
f 2564 735 2565 2562
f 2567 736 2568 2566
f 2568 737 2569 2566
f 2571 739 2572 2570
f 2572 736 2573 2570
f 2575 590 2231 2574
f 2231 592 2576 2574
f 2578 210 1661 2577
f 1661 242 2579 2577
f 2581 524 2582 2580
f 2582 741 2583 2580
f 2278 546 2136 2584
f 2136 545 2585 2584
f 2587 535 2120 2586
f 2120 534 2588 2586
f 2590 743 2591 2589
f 2591 418 2592 2589
f 2356 515 2594 2593
f 2594 744 2595 2593
f 2230 591 2597 2596
f 2597 745 2598 2596
f 2600 747 2601 2599
f 2601 748 2602 2599
f 2604 560 2532 2603
f 2532 508 2605 2603
f 2612 497 2055 2611
f 2055 496 2613 2611
f 2615 752 2616 2614
f 2616 421 2617 2614
f 2227 565 2170 2618
f 2170 564 2619 2618
f 2621 577 2193 2620
f 2193 576 2622 2620
f 2624 570 2371 2623
f 2371 656 2625 2623
f 1864 374 2627 2626
f 2627 404 2628 2626
f 1821 345 2630 2629
f 2630 757 2631 2629
f 2633 746 2634 2632
f 2634 593 2233 2632
f 2636 257 1696 2635
f 1696 259 2637 2635
f 2639 759 2640 2638
f 2640 676 2641 2638
f 2269 609 2643 2642
f 2643 605 2266 2642
f 2645 760 2646 2644
f 2646 743 2647 2644
f 2649 544 2650 2648
f 2650 530 2651 2648
f 2653 293 2654 2652
f 2654 762 2655 2652
f 2657 678 2412 2656
f 2412 677 2658 2656
f 2660 268 2661 2659
f 2661 263 2662 2659
f 1856 368 2664 2663
f 2664 766 2665 2663
f 1962 439 2667 2666
f 2667 767 2668 2666
f 2670 436 2671 2669
f 2671 768 2672 2669
f 2674 507 2675 2673
f 2675 553 2676 2673
f 2679 774 2680 2678
f 2680 699 2681 2678
f 2684 776 2685 2683
f 2685 204 2686 2683
f 2691 780 2692 2690
f 2692 777 2693 2690
f 2695 8 1289 2694
f 1289 10 2696 2694
f 2698 782 2699 2697
f 2699 783 2700 2697
f 2702 782 2698 2701
f 2698 670 2703 2701
f 2705 785 2706 2704
f 2707 786 2709 2708
f 2712 6 2713 2711
f 2713 11 2714 2711
f 2714 788 2715 2711
f 2717 1247 2718 2716
f 2718 1249 2719 2716
f 2719 791 2720 2716
f 2722 1248 2723 2721
f 2723 789 2724 2721
f 2724 793 2725 2721
f 2727 133 2381 2726
f 2381 2 2728 2726
f 2728 1237 2729 2726
f 2731 7 1284 2730
f 1284 6 2732 2730
f 2732 1244 2733 2730
f 2735 794 2736 2734
f 2736 11 2713 2734
f 2713 6 1283 2734
f 2738 795 2739 2737
f 2739 1255 2740 2737
f 2740 1257 2741 2737
f 2743 134 2744 2742
f 2744 1258 2745 2742
f 2745 1256 2746 2742
f 2748 1241 2749 2747
f 2749 667 2400 2747
f 2400 669 2750 2747
f 2752 1262 2753 2751
f 2753 1264 2754 2751
f 2754 797 2755 2751
f 2757 1253 2758 2756
f 2758 1267 2759 2756
f 2759 799 2760 2756
f 2762 9 1287 2761
f 1287 8 2763 2761
f 2763 794 2735 2761
f 2765 800 2766 2764
f 1288 9 2767 2764
f 2769 134 1465 2768
f 1465 133 2770 2768
f 2770 1251 2771 2768
f 2773 1246 2774 2772
f 2774 788 2775 2772
f 2775 806 2776 2772
f 2778 790 2779 2777
f 2779 1273 2780 2777
f 2780 806 2781 2777
f 2783 804 2784 2782
f 2784 792 2785 2782
f 2785 793 2786 2782
f 2788 801 2789 2787
f 2789 1 2790 2787
f 2790 3 1811 2787
f 2792 338 2793 2791
f 2793 4 2794 2791
f 2794 1242 2795 2791
f 2797 803 2798 2796
f 2798 802 2799 2796
f 2799 809 2800 2796
f 2802 1269 2803 2801
f 2803 1270 2804 2801
f 2804 807 2805 2801
f 2807 567 2397 2806
f 2397 667 2808 2806
f 2808 1240 2809 2806
f 2811 1263 2812 2810
f 2812 1260 2813 2810
f 2813 669 2814 2810
f 2819 1271 2820 2818
f 2820 1265 2821 2818
f 2823 1266 2824 2822
f 2824 805 2825 2822
f 2825 800 2765 2822
f 2760 799 2767 2826
f 2767 9 2762 2826
f 2762 5 1285 2826
f 2828 811 2829 2827
f 2829 14 2830 2827
f 2830 812 2831 2827
f 1311 26 2833 2832
f 2833 810 2831 2832
f 2831 812 2834 2832
f 1312 27 2834 2835
f 2834 812 2836 2835
f 2836 813 2837 2835
f 2839 814 2840 2838
f 2840 175 2841 2838
f 2841 24 1307 2838
f 2843 174 2844 2842
f 2844 132 2845 2842
f 2845 816 2846 2842
f 1525 38 2848 2847
f 2848 23 1309 2847
f 1309 25 2849 2847
f 2851 694 2852 2850
f 2852 173 2849 2850
f 2849 25 2853 2850
f 2855 297 2856 2854
f 2856 813 2857 2854
f 2857 13 2858 2854
f 2837 813 2856 2859
f 2856 297 2456 2859
f 2456 695 2860 2859
f 2862 132 2844 2861
f 2844 174 1529 2861
f 1529 172 2863 2861
f 2865 819 2866 2864
f 2866 820 2867 2864
f 2867 816 2845 2864
f 1323 35 2869 2868
f 2869 126 2870 2868
f 2870 821 2871 2868
f 2873 32 2874 2872
f 2874 821 2875 2872
f 2875 56 1352 2872
f 2877 28 2860 2876
f 2860 695 2455 2876
f 1801 331 2364 2878
f 2364 654 2879 2878
f 2879 822 2880 2878
f 2882 37 2883 2881
f 2883 42 2884 2881
f 2884 390 2885 2881
f 1888 385 1886 2886
f 1886 389 2887 2886
f 2887 165 2888 2886
f 2883 37 1324 2889
f 1324 36 2890 2889
f 2890 43 1332 2889
f 1331 41 2892 2891
f 2892 629 2893 2891
f 2893 390 2884 2891
f 2892 41 2895 2894
f 2895 823 2896 2894
f 2898 38 2899 2897
f 2899 823 2900 2897
f 2900 824 2901 2897
f 1527 29 1336 2902
f 1336 45 2903 2902
f 2903 821 2904 2902
f 2904 821 2874 2905
f 2874 32 1321 2905
f 1321 34 1341 2905
f 1300 18 2907 2906
f 2907 29 1317 2906
f 1317 31 2908 2906
f 2885 390 2888 2909
f 2888 165 2910 2909
f 1301 19 2912 2911
f 2912 20 1305 2911
f 1305 22 2913 2911
f 1316 30 1339 2914
f 1339 34 1320 2914
f 1320 33 2915 2914
f 2917 179 2918 2916
f 2918 826 2919 2916
f 2919 200 2920 2916
f 2923 176 1535 2921
f 2925 177 1533 2924
f 1533 176 2926 2924
f 2926 810 2833 2924
f 2928 827 2929 2927
f 2918 179 1536 2931
f 2934 829 2935 2933
f 2935 131 2936 2933
f 2936 830 2937 2933
f 1534 177 2939 2938
f 2939 829 2934 2938
f 2934 828 2940 2938
f 2942 831 2943 2941
f 2943 832 2944 2941
f 2944 154 2945 2941
f 2948 795 2738 2946
f 2950 156 1492 2949
f 1492 155 1542 2949
f 1542 182 2951 2949
f 2953 834 2954 2952
f 2954 200 2919 2952
f 2919 826 2955 2952
f 2957 151 2958 2956
f 2958 66 1364 2956
f 1364 65 2959 2956
f 2961 141 2962 2960
f 2964 184 1547 2963
f 1547 61 2965 2963
f 2965 185 1549 2963
f 2968 836 2969 2966
f 2969 66 2958 2966
f 2971 152 2972 2970
f 2972 202 2973 2970
f 2973 836 2968 2970
f 2975 80 2976 2974
f 2979 837 2980 2978
f 2980 839 2981 2978
f 2984 80 2975 2983
f 2975 837 2979 2983
f 2979 838 2985 2983
f 2987 84 2988 2986
f 2991 93 2992 2990
f 2992 83 1390 2990
f 1390 82 2993 2990
f 1398 86 2995 2994
f 2995 94 1406 2994
f 1406 93 2991 2994
f 2997 841 2998 2996
f 2998 842 2999 2996
f 2999 86 1394 2996
f 3001 643 3002 3000
f 3002 841 2997 3000
f 2997 85 3003 3000
f 3005 194 3006 3004
f 3006 843 3003 3004
f 3003 85 1396 3004
f 3008 844 3009 3007
f 3009 89 1399 3007
f 1399 88 2993 3007
f 3011 187 1554 3010
f 1554 90 3012 3010
f 3012 840 3013 3010
f 3015 847 3016 3014
f 3016 845 3013 3014
f 3013 840 3017 3014
f 3019 846 3017 3018
f 3017 840 2985 3018
f 2985 838 3020 3018
f 3020 838 2982 3021
f 3023 129 1458 3022
f 1458 128 3024 3022
f 3024 849 3025 3022
f 3027 851 3028 3026
f 3028 187 3011 3026
f 3011 845 3016 3026
f 3030 188 1558 3029
f 1558 190 3025 3029
f 3025 849 3031 3029
f 1474 139 3033 3032
f 3033 852 3034 3032
f 3037 59 3038 3036
f 3038 196 1572 3036
f 1572 103 3039 3036
f 3041 140 3042 3040
f 3042 854 3043 3040
f 3043 855 3044 3040
f 1422 102 3044 3045
f 3044 855 3046 3045
f 3046 853 3039 3045
f 3048 857 3049 3047
f 3049 858 3050 3047
f 3050 859 3051 3047
f 3055 862 3056 3054
f 3056 863 3057 3054
f 3057 864 3058 3054
f 3061 862 3062 3060
f 3062 865 3063 3060
f 3067 861 3058 3066
f 3058 864 3068 3066
f 3068 870 3069 3066
f 3074 117 1438 3073
f 1438 116 3075 3073
f 3075 113 1436 3073
f 3077 117 3074 3076
f 3074 115 3078 3076
f 3078 190 1557 3076
f 1455 127 1514 3079
f 1514 167 3080 3079
f 3080 75 3081 3079
f 3083 873 3084 3082
f 3084 874 3085 3082
f 3085 203 3086 3082
f 1449 123 3088 3087
f 3088 873 3083 3087
f 3083 872 3089 3087
f 3091 147 3092 3090
f 3092 876 3093 3090
f 3093 877 3094 3090
f 3096 128 1457 3095
f 1457 87 3097 3095
f 3097 89 3009 3095
f 1566 194 3005 3098
f 3005 87 1459 3098
f 1459 129 3099 3098
f 3101 188 1573 3100
f 1573 196 3102 3100
f 3102 197 1576 3100
f 3104 819 2865 3103
f 2865 132 1462 3103
f 1462 131 2935 3103
f 1583 200 2954 3105
f 2954 834 3106 3105
f 3108 857 3109 3107
f 3109 333 1802 3107
f 1802 332 3110 3107
f 3112 146 3113 3111
f 3113 145 3114 3111
f 3114 880 3115 3111
f 3094 877 3117 3116
f 3117 123 1451 3116
f 1451 125 3118 3116
f 3121 881 3122 3120
f 1407 94 3123 3120
f 3126 106 1426 3125
f 1426 105 3127 3125
f 3127 853 3046 3125
f 3102 196 3038 3128
f 3038 59 3129 3128
f 3129 882 3130 3128
f 3132 186 1590 3131
f 1590 70 3133 3131
f 3133 67 3134 3131
f 3042 140 3136 3135
f 3136 139 3137 3135
f 3137 884 3138 3135
f 3140 885 3141 3139
f 3141 886 3142 3139
f 3144 886 3141 3143
f 3141 885 3145 3143
f 3145 98 3146 3143
f 3148 144 1482 3147
f 1482 145 3113 3147
f 3113 146 3149 3147
f 3151 888 3152 3150
f 3152 125 1450 3150
f 1450 124 3153 3150
f 3155 889 3156 3154
f 3156 872 3086 3154
f 3112 879 3158 3157
f 3158 876 3092 3157
f 3092 147 3149 3157
f 3160 197 3130 3159
f 3130 882 3161 3159
f 3161 876 3158 3159
f 3114 145 1481 3162
f 1481 116 1440 3162
f 1440 118 3163 3162
f 2957 142 1477 3164
f 1477 141 2961 3164
f 2972 152 3166 3165
f 1503 70 1589 3165
f 1539 181 1593 3167
f 1593 157 1497 3167
f 1497 54 1353 3167
f 2950 159 1500 3168
f 1500 157 1592 3168
f 1592 52 3169 3168
f 3171 890 3172 3170
f 3172 891 3173 3170
f 3173 48 1343 3170
f 1568 161 1505 3174
f 1505 160 3175 3174
f 3175 892 3176 3174
f 3178 195 3179 3177
f 3179 63 1596 3177
f 3181 63 3179 3180
f 3179 195 3176 3180
f 3176 892 3182 3180
f 3051 859 3183 3184
f 3185 869 3186 3184
f 3188 893 3189 3187
f 3189 164 1509 3187
f 1509 163 3190 3187
f 3192 199 1581 3191
f 1581 12 1293 3191
f 1293 14 2829 3191
f 1291 12 3194 3193
f 3194 171 3195 3193
f 3195 680 2858 3193
f 2830 14 1292 3196
f 1292 13 2857 3196
f 2857 813 2836 3196
f 2786 793 3198 3197
f 3198 16 1296 3197
f 1296 15 3199 3197
f 3194 12 1297 3200
f 1297 16 3201 3200
f 1299 17 3203 3202
f 3203 175 2840 3202
f 2840 814 3204 3202
f 2841 175 1530 3205
f 1530 174 2843 3205
f 2843 815 3206 3205
f 2863 172 1522 3207
f 1522 21 3208 3207
f 3208 894 3209 3207
f 3211 817 3212 3210
f 3212 815 2846 3210
f 2846 816 2867 3210
f 2877 694 2851 3213
f 2851 817 3211 3213
f 3211 820 3214 3213
f 3212 817 2853 3215
f 2853 25 1308 3215
f 1308 24 3206 3215
f 2866 819 3217 3216
f 3217 26 1313 3216
f 1313 28 3214 3216
f 2898 44 3219 3218
f 3219 814 2839 3218
f 2839 23 2848 3218
f 2890 36 2871 3220
f 2871 821 2903 3220
f 2903 45 3221 3220
f 3223 894 3208 3222
f 3208 21 3224 3222
f 3224 32 2873 3222
f 1335 44 2901 3225
f 2901 824 3226 3225
f 3226 43 3221 3225
f 3228 659 2380 3227
f 2380 133 3229 3227
f 3229 822 2879 3227
f 1515 127 3231 3230
f 3231 37 2882 3230
f 1325 37 3231 3232
f 3231 127 1454 3232
f 1454 126 2869 3232
f 2896 823 2899 3233
f 2899 38 1329 3233
f 1329 40 3234 3233
f 3226 824 2900 3235
f 2900 823 2895 3235
f 2895 41 1333 3235
f 1303 20 3237 3236
f 3237 33 1319 3236
f 1319 32 3224 3236
f 2907 18 3204 3238
f 3204 814 3219 3238
f 3219 44 1337 3238
f 3240 166 2910 3239
f 2910 165 1510 3239
f 3203 17 2913 3241
f 2913 22 1521 3241
f 1521 172 1531 3241
f 2908 31 2915 3242
f 2915 33 3237 3242
f 3237 20 2912 3242
f 2930 827 3244 3243
f 3244 198 3245 3243
f 3245 834 2953 3243
f 2928 808 2800 3246
f 2800 809 3247 3246
f 3247 198 3244 3246
f 3209 894 3249 3248
f 3249 47 1345 3248
f 1345 49 3250 3248
f 1461 130 3252 3251
f 3252 891 3253 3251
f 3253 830 2936 3251
f 3255 830 3253 3254
f 3253 891 3256 3254
f 3256 183 3257 3254
f 3259 828 2937 3258
f 2937 830 3255 3258
f 3255 832 2943 3258
f 3259 831 3261 3260
f 2948 833 3263 3262
f 3263 135 1466 3262
f 1466 134 2743 3262
f 3265 77 1384 3264
f 1384 51 1348 3264
f 1348 53 3266 3264
f 3268 126 1453 3267
f 1453 77 3265 3267
f 3268 180 1540 3269
f 1540 56 2875 3269
f 2875 821 2870 3269
f 3271 47 3249 3270
f 3249 894 3223 3270
f 3223 55 1351 3270
f 3169 52 1349 3272
f 3257 183 1543 3274
f 1543 155 1491 3274
f 1491 154 2944 3274
f 2939 177 2925 3275
f 2925 26 3217 3275
f 3217 819 3104 3275
f 2917 825 3279 3278
f 3279 176 2923 3278
f 2923 178 3277 3278
f 1356 59 3281 3280
f 3281 61 1361 3280
f 1361 63 3282 3280
f 3281 59 3284 3283
f 3284 64 1365 3283
f 1365 66 3285 3283
f 2969 836 3287 3286
f 3287 185 2965 3286
f 2965 61 3285 3286
f 1550 185 3287 3288
f 3287 836 2973 3288
f 2973 202 1588 3288
f 1445 120 1551 3289
f 1551 186 3132 3289
f 3132 883 3290 3289
f 3290 883 3134 3291
f 3134 67 1369 3291
f 1369 69 3292 3291
f 1367 67 3133 3293
f 3133 70 1373 3293
f 1373 72 3294 3293
f 1372 71 1502 3295
f 3297 895 3298 3296
f 3298 68 3294 3296
f 3294 72 1375 3296
f 3298 895 3300 3299
f 3300 74 1381 3299
f 1381 69 1368 3299
f 1379 74 3302 3301
f 3302 76 1385 3301
f 1385 77 3081 3301
f 3305 78 1386 3303
f 3002 643 2336 3309
f 2336 645 3070 3309
f 3012 90 1470 3311
f 1470 137 3312 3311
f 3312 80 2984 3311
f 3312 137 1469 3313
f 1469 136 2989 3313
f 2989 81 1388 3313
f 1391 83 3315 3314
f 1400 89 3097 3316
f 3097 87 1395 3316
f 3008 82 3318 3317
f 3318 90 1404 3317
f 1404 92 3319 3317
f 3310 871 3308 3320
f 3121 842 2998 3320
f 2992 93 1408 3321
f 1408 95 3307 3321
f 3323 846 3019 3322
f 3325 847 3015 3324
f 3015 846 3323 3324
f 3323 850 3326 3324
f 3144 851 3027 3327
f 3027 847 3325 3327
f 3325 896 3328 3327
f 3330 97 1415 3329
f 1415 98 3145 3329
f 3145 885 3331 3329
f 3024 128 3333 3332
f 3333 97 3330 3332
f 3330 897 3334 3332
f 3096 844 3319 3335
f 3319 92 1412 3335
f 1412 97 3333 3335
f 1556 188 3101 3336
f 3101 150 1485 3336
f 1485 149 3337 3336
f 3339 100 1417 3338
f 1417 99 3031 3338
f 3031 849 3334 3338
f 3140 143 3341 3340
f 3341 100 3339 3340
f 3339 897 3331 3340
f 3343 898 3344 3342
f 3344 143 3142 3342
f 3142 886 3328 3342
f 3343 896 3326 3345
f 1423 103 1571 3346
f 1571 188 3030 3346
f 3030 99 1419 3346
f 3348 140 3041 3347
f 3041 102 1421 3347
f 1421 101 3349 3347
f 3351 852 3349 3350
f 3349 101 1418 3350
f 1418 100 3341 3350
f 3034 852 3351 3352
f 3351 143 3035 3352
f 3354 899 3355 3353
f 3355 882 3129 3353
f 3129 59 1355 3353
f 1489 64 3284 3356
f 3284 59 3037 3356
f 3037 853 3127 3356
f 3358 884 3137 3357
f 3137 139 1473 3357
f 3050 858 3360 3359
f 3362 333 3109 3361
f 3109 857 3048 3361
f 3048 856 3363 3361
f 3365 109 1432 3364
f 1432 111 3052 3364
f 3052 860 3366 3364
f 3366 860 3368 3367
f 3368 858 3049 3367
f 3049 857 3108 3367
f 1431 110 3371 3370
f 1517 168 3373 3372
f 3375 867 3064 3374
f 3377 901 3378 3376
f 3378 867 3375 3376
f 3375 112 3373 3376
f 3062 862 3055 3379
f 3055 861 3380 3379
f 3382 863 3056 3381
f 3056 862 3061 3381
f 3061 867 3378 3381
f 3380 861 3067 3383
f 3067 869 3185 3383
f 3072 170 1518 3384
f 3387 138 1472 3386
f 3387 192 1561 3388
f 3390 110 1430 3389
f 1430 109 3391 3389
f 3391 135 3263 3389
f 3390 833 2947 3392
f 3023 190 3078 3393
f 3078 115 1443 3393
f 1443 119 3099 3393
f 3395 118 1439 3394
f 1439 117 3077 3394
f 3077 189 3337 3394
f 3115 880 3397 3396
f 3397 148 1575 3396
f 1575 197 3160 3396
f 3399 877 3093 3398
f 3093 876 3161 3398
f 3161 882 3355 3398
f 3401 123 3117 3400
f 3117 877 3399 3400
f 3399 899 3354 3400
f 3403 873 3088 3402
f 3088 123 3401 3402
f 3401 58 1357 3402
f 3405 162 1569 3404
f 1569 195 3178 3404
f 3178 184 2964 3404
f 1600 162 3405 3406
f 3405 120 1447 3406
f 1447 122 3190 3406
f 3408 893 3188 3407
f 3188 122 1446 3407
f 1446 121 3292 3407
f 3080 167 3410 3409
f 3410 893 3408 3409
f 3408 69 1380 3409
f 3084 873 3403 3411
f 3403 60 3282 3411
f 3282 63 3181 3411
f 3245 198 1579 3412
f 1579 12 3106 3412
f 3279 825 3414 3413
f 3414 811 2828 3413
f 2828 810 2926 3413
f 3250 49 3416 3415
f 3416 130 1463 3415
f 1463 132 2862 3415
f 2805 807 3199 3417
f 3199 15 1578 3417
f 1578 198 3247 3417
f 3414 825 2920 3418
f 2920 200 1582 3418
f 1582 199 3192 3418
f 2880 822 3420 3419
f 3420 109 3365 3419
f 3365 878 3110 3419
f 3391 109 3420 3421
f 3420 822 3229 3421
f 3229 133 1467 3421
f 1383 76 3304 3422
f 1392 84 2987 3423
f 2987 136 1471 3423
f 1471 90 3318 3423
f 2995 86 2999 3424
f 2999 842 3123 3424
f 2962 141 3426 3425
f 3426 884 3358 3425
f 3358 108 3124 3425
f 1427 106 3126 3427
f 3126 855 3043 3427
f 3043 854 3428 3427
f 1553 187 3430 3429
f 3430 96 1410 3429
f 1410 92 1403 3429
f 1586 119 1442 3431
f 1442 114 3432 3431
f 3432 661 2384 3431
f 3297 73 3434 3433
f 3434 78 3305 3433
f 3305 76 3435 3433
f 3302 74 3300 3436
f 3300 895 3435 3436
f 3348 852 3033 3437
f 3033 139 3136 3437
f 3428 854 3138 3438
f 3138 884 3426 3438
f 3426 141 1476 3438
f 1414 96 3430 3439
f 3430 187 3028 3439
f 3028 851 3146 3439
f 1434 113 3441 3440
f 3441 662 2389 3440
f 2389 661 3432 3440
f 3075 116 1480 3442
f 1480 144 3443 3442
f 3443 662 3441 3442
f 3445 875 3118 3444
f 3118 125 3152 3444
f 3447 887 3153 3446
f 3153 124 3089 3446
f 3089 872 3156 3446
f 3397 880 3163 3448
f 3163 118 3395 3448
f 3395 149 1484 3448
f 2959 65 1488 3449
f 1488 105 1428 3449
f 1428 107 1478 3449
f 1493 156 3273 3451
f 3271 54 1496 3452
f 1496 158 3453 3452
f 3453 890 3171 3452
f 3416 49 1344 3454
f 1344 48 3173 3454
f 3173 891 3252 3454
f 1594 181 1538 3455
f 1538 180 3266 3455
f 3266 53 1347 3455
f 3256 891 3172 3456
f 3172 890 3457 3456
f 3457 182 1544 3456
f 3453 158 1499 3458
f 1499 159 2951 3458
f 2951 182 3457 3458
f 3175 160 3460 3459
f 3460 203 3085 3459
f 3085 874 3182 3459
f 3363 856 3186 3461
f 3186 869 3069 3461
f 3069 870 3462 3461
f 3464 203 3460 3463
f 3460 160 1507 3463
f 1507 162 1599 3463
f 3466 163 1511 3465
f 1511 165 2887 3465
f 2887 389 3467 3465
f 3410 167 1513 3468
f 1513 166 3240 3468
f 3240 164 3189 3468
f 1675 249 3470 3469
f 3470 902 3471 3469
f 3471 903 3472 3469
f 3474 905 3475 3473
f 3475 906 3476 3473
f 3476 907 3477 3473
f 1664 214 1619 3478
f 1619 216 3480 3478
f 3482 208 1608 3481
f 1608 209 3483 3481
f 3483 502 2063 3481
f 3482 501 3485 3484
f 3485 909 3486 3484
f 3486 243 3487 3484
f 3489 245 1669 3488
f 1669 215 1617 3488
f 1617 214 1663 3488
f 3491 910 3492 3490
f 3492 216 1618 3490
f 1618 215 3493 3490
f 3495 212 1615 3494
f 1615 213 3496 3494
f 3496 912 3497 3494
f 3489 243 3486 3498
f 3486 909 3499 3498
f 3499 913 3500 3498
f 1622 218 2151 3501
f 2151 554 3503 3501
f 3505 916 3506 3504
f 3506 917 3507 3504
f 3507 918 3508 3504
f 3510 919 3511 3509
f 3511 249 1677 3509
f 1677 251 3512 3509
f 3511 919 3514 3513
f 3514 920 3515 3513
f 3515 240 3516 3513
f 3516 240 1656 3517
f 1656 206 3518 3517
f 3518 902 3470 3517
f 3520 917 3506 3519
f 3506 916 3521 3519
f 3521 922 3522 3519
f 3524 917 3520 3523
f 3520 921 3525 3523
f 3525 924 3526 3523
f 3528 911 3497 3527
f 3497 912 3529 3527
f 3529 907 3476 3527
f 3531 205 1604 3530
f 1604 207 3532 3530
f 3532 916 3505 3530
f 1671 246 1667 3533
f 1667 245 3500 3533
f 3500 913 3534 3533
f 1626 221 3537 3536
f 3537 927 3538 3536
f 3538 928 3539 3536
f 1684 230 1681 3540
f 1681 252 3541 3540
f 3541 237 1649 3540
f 1685 236 1648 3542
f 1648 235 1688 3542
f 1688 207 1657 3542
f 3544 930 3545 3543
f 3545 231 3546 3543
f 3546 928 3547 3543
f 1644 232 3549 3548
f 3552 931 3553 3551
f 3545 930 3555 3554
f 3555 228 3556 3554
f 3556 920 3557 3554
f 3562 238 3563 3561
f 3568 924 3525 3567
f 3525 921 3522 3567
f 3522 922 3569 3567
f 3571 239 1652 3570
f 1652 238 3562 3570
f 3562 932 3569 3570
f 3532 207 1687 3572
f 1687 239 3571 3572
f 3571 922 3521 3572
f 3546 231 1641 3573
f 1641 225 3574 3573
f 3574 219 3539 3573
f 3518 206 1602 3575
f 1602 205 3576 3575
f 3576 905 3577 3575
f 3471 902 3577 3578
f 3577 905 3474 3578
f 3474 904 3579 3578
f 1668 246 1673 3580
f 1673 242 1660 3580
f 1660 241 3493 3580
f 3491 241 1659 3581
f 1659 210 1612 3581
f 1612 212 3582 3581
f 3584 216 3492 3583
f 3492 910 3585 3583
f 3585 918 3507 3583
f 3585 910 3582 3586
f 3582 212 3495 3586
f 3495 911 3587 3586
f 3574 225 1633 3588
f 1633 222 1630 3588
f 1630 220 1624 3588
f 3584 917 3524 3589
f 3524 923 3590 3589
f 3487 243 1678 3591
f 3531 915 3593 3592
f 3593 906 3475 3592
f 3475 905 3576 3592
f 3508 918 3587 3594
f 3587 911 3528 3594
f 3528 906 3593 3594
f 1628 222 1632 3595
f 1632 224 3512 3595
f 3512 251 3596 3595
f 3483 209 3599 3600
f 3599 914 3503 3600
f 3503 554 2352 3600
f 3568 932 3564 3601
f 3603 233 3550 3602
f 3550 926 3535 3602
f 3547 928 3538 3605
f 3538 927 3606 3605
f 3606 934 3607 3605
f 3515 920 3556 3608
f 3556 228 1639 3608
f 1639 230 1683 3608
f 1637 228 3560 3609
f 1646 234 3611 3610
f 3611 931 3552 3610
f 3552 253 3612 3610
f 1642 231 3557 3613
f 3557 920 3514 3613
f 3514 919 3510 3613
f 3604 925 3615 3614
f 3606 927 3616 3614
f 1650 237 3566 3617
f 3565 238 1654 3617
f 3619 935 3620 3618
f 3620 936 3621 3618
f 3621 937 3622 3618
f 1698 260 2420 3623
f 2420 676 3624 3623
f 3624 265 3625 3623
f 3627 602 2254 3626
f 2254 601 2392 3626
f 2392 664 3628 3626
f 3627 938 3630 3629
f 3630 697 3631 3629
f 3631 939 3632 3629
f 2259 267 3634 3633
f 3634 939 3635 3633
f 3635 940 3636 3633
f 3638 265 1703 3637
f 1703 264 3639 3637
f 3639 942 3640 3637
f 3642 261 3625 3641
f 3625 265 3638 3641
f 3638 941 3643 3641
f 3645 262 1699 3644
f 1699 261 3642 3644
f 3642 943 3646 3644
f 2423 259 1695 3647
f 1695 258 3648 3647
f 3648 945 3649 3647
f 1790 324 3651 3650
f 3651 941 3640 3650
f 3640 942 3652 3650
f 3654 947 3655 3653
f 3655 948 3656 3653
f 3656 679 3657 3653
f 3659 950 3660 3658
f 3660 627 3661 3658
f 3661 951 3662 3658
f 3664 681 2429 3663
f 2429 610 3665 3663
f 3665 687 2436 3663
f 1710 269 2426 3666
f 2426 681 3667 3666
f 3667 277 3668 3666
f 3670 953 3671 3669
f 3671 954 3672 3669
f 3672 955 3673 3669
f 2433 684 3675 3674
f 3675 685 2437 3674
f 2437 687 3676 3674
f 1763 309 3678 3677
f 3678 682 3676 3677
f 3676 687 3679 3677
f 3681 613 3682 3680
f 3682 957 3683 3680
f 3683 958 3684 3680
f 3686 287 1731 3685
f 1731 286 3687 3685
f 3687 959 3688 3685
f 3690 960 3691 3689
f 3691 283 3692 3689
f 3692 961 3693 3689
f 1743 290 1735 3694
f 1735 289 3695 3694
f 3695 962 3696 3694
f 3698 963 3699 3697
f 3699 964 3700 3697
f 3700 689 3701 3697
f 3703 279 3704 3702
f 3704 278 3701 3702
f 3701 689 2440 3702
f 3706 966 3707 3705
f 3707 689 3700 3705
f 3700 964 3708 3705
f 2654 293 1739 3709
f 1739 292 3710 3709
f 3710 967 3711 3709
f 3713 688 2441 3712
f 2441 689 3707 3712
f 3707 966 3714 3712
f 3716 940 3635 3715
f 3635 939 3631 3715
f 3631 697 2470 3715
f 3718 614 3719 3717
f 3719 970 3720 3717
f 3720 971 3721 3717
f 3670 952 3723 3722
f 3723 526 3724 3722
f 3724 972 3725 3722
f 1767 312 2449 3726
f 2449 417 3727 3726
f 3727 752 3728 3726
f 3730 969 3721 3729
f 3721 971 3731 3729
f 3731 973 3732 3729
f 3734 975 3735 3733
f 3735 307 1758 3733
f 1758 306 3736 3733
f 3738 313 1771 3737
f 1771 315 3739 3737
f 3739 976 3740 3737
f 3742 978 3743 3741
f 3743 979 3744 3741
f 3744 980 3745 3741
f 3747 982 3748 3746
f 3748 983 3749 3746
f 3749 984 3750 3746
f 3752 981 3750 3751
f 3750 984 3753 3751
f 3753 985 3754 3751
f 3749 983 3756 3755
f 3756 712 2502 3755
f 2502 711 3757 3755
f 3759 285 3760 3758
f 3760 986 3761 3758
f 3761 987 3762 3758
f 3718 969 3730 3763
f 3730 299 3764 3763
f 3764 300 3765 3763
f 3767 988 3768 3766
f 3768 694 2457 3766
f 2461 316 1773 3769
f 1773 40 1328 3769
f 2444 690 3771 3770
f 3771 688 3713 3770
f 3713 968 3772 3770
f 3774 989 3775 3773
f 3775 333 3362 3773
f 3362 900 3776 3773
f 3778 991 3779 3777
f 3779 327 1793 3777
f 1793 326 3780 3777
f 1797 329 3782 3781
f 3782 653 3783 3781
f 3783 989 3784 3781
f 3786 993 3787 3785
f 3787 994 3788 3785
f 3788 995 3789 3785
f 3791 993 3786 3790
f 3786 992 3792 3790
f 3795 999 3796 3794
f 3796 1000 3797 3794
f 3797 1001 3798 3794
f 3057 863 3800 3799
f 3800 999 3795 3799
f 3795 998 3801 3799
f 3787 993 3803 3802
f 3803 1002 3804 3802
f 3804 1000 3805 3802
f 3807 1004 3808 3806
f 3808 1005 3809 3806
f 3809 1006 3810 3806
f 3812 1008 3813 3811
f 3813 1004 3807 3811
f 3807 1003 3814 3811
f 3809 1005 3816 3815
f 3816 336 1806 3815
f 1806 335 3817 3815
f 3801 998 3819 3818
f 3819 652 3820 3818
f 3820 870 3068 3818
f 3798 1001 3822 3821
f 3822 1009 3823 3821
f 3823 652 3819 3821
f 3825 1011 3826 3824
f 3826 1012 3827 3824
f 3827 1013 3828 3824
f 3832 1016 3833 3831
f 3833 1017 3834 3831
f 3836 1019 3837 3835
f 3837 1020 3838 3835
f 3838 1021 3839 3835
f 3841 566 2175 3840
f 2175 568 3842 3840
f 3842 658 3843 3840
f 1813 339 2177 3844
f 2177 566 3841 3844
f 3841 1022 3845 3844
f 3847 657 3848 3846
f 3848 659 3228 3846
f 3228 654 3849 3846
f 2664 368 2479 3850
f 2479 702 3851 3850
f 3851 1024 3852 3850
f 2478 701 3854 3853
f 3854 376 3855 3853
f 3855 1025 3856 3853
f 3858 1027 3859 3857
f 3859 1028 3860 3857
f 3860 362 3861 3857
f 3863 1030 3864 3862
f 3864 1027 3858 3862
f 3858 1026 3865 3862
f 3867 1032 3868 3866
f 3868 1029 3869 3866
f 3869 1033 3870 3866
f 3872 1034 3873 3871
f 3873 1035 3874 3871
f 3874 715 2506 3871
f 3876 1034 3877 3875
f 3877 347 3878 3875
f 3878 1036 3879 3875
f 3864 1030 3879 3880
f 3879 1036 3881 3880
f 3881 1037 3882 3880
f 3859 1027 3882 3883
f 3882 1037 3884 3883
f 3884 1038 3885 3883
f 1829 351 3887 3886
f 3887 1039 3888 3886
f 1833 353 1830 3889
f 1830 352 3890 3889
f 3890 1040 3891 3889
f 3893 1042 3894 3892
f 3894 1043 3895 3892
f 3895 638 3896 3892
f 3898 1045 3899 3897
f 3899 1046 3900 3897
f 3900 634 3901 3897
f 3903 1047 3904 3902
f 3904 1045 3898 3902
f 3898 1044 3905 3902
f 3907 1049 3908 3906
f 3908 1032 3867 3906
f 3867 1031 3909 3906
f 3911 1035 3873 3910
f 3873 1034 3912 3910
f 3912 1032 3908 3910
f 3914 361 3915 3913
f 3915 1033 3869 3913
f 3869 1029 3865 3913
f 3917 1050 3918 3916
f 3918 366 1854 3916
f 1854 367 3919 3916
f 3921 364 3922 3920
f 3922 642 3923 3920
f 3923 1052 3924 3920
f 3926 1053 3927 3925
f 3927 713 3928 3925
f 3928 1052 3923 3925
f 3930 1055 3931 3929
f 3931 713 3927 3929
f 3927 1053 3932 3929
f 3934 1056 3935 3933
f 3935 399 1907 3933
f 3937 710 2499 3936
f 2499 382 3938 3936
f 3938 1058 3939 3936
f 3941 398 1903 3940
f 1903 394 3942 3940
f 3942 711 2501 3940
f 3944 1060 3945 3943
f 3945 1061 3946 3943
f 3946 705 3947 3943
f 3949 1062 3950 3948
f 3950 1059 3947 3948
f 3947 705 2485 3948
f 2211 584 3952 3951
f 3952 1063 3953 3951
f 3955 1062 3956 3954
f 3956 1065 3957 3954
f 3957 1066 3958 3954
f 3960 714 2505 3959
f 2505 713 3961 3959
f 3961 757 2630 3959
f 3928 713 2507 3962
f 2507 715 3963 3962
f 3963 1051 3924 3962
f 3965 1036 3878 3964
f 3878 347 2197 3964
f 2197 578 3966 3964
f 3968 1037 3881 3967
f 3881 1036 3965 3967
f 3965 1067 3969 3967
f 3971 1038 3884 3970
f 3884 1037 3968 3970
f 3968 1068 3972 3970
f 3974 716 2510 3973
f 2510 551 3975 3973
f 3975 1071 3976 3973
f 3978 1072 3979 3977
f 3979 730 3980 3977
f 3980 1073 3981 3977
f 3983 1072 3984 3982
f 3984 1075 3985 3982
f 3985 1076 3986 3982
f 3988 1077 3989 3987
f 3989 412 1921 3987
f 1921 411 3981 3987
f 2552 729 3991 3990
f 3991 1077 3988 3990
f 3988 1073 3980 3990
f 3993 1079 3994 3992
f 3994 1080 3995 3992
f 3995 1081 3996 3992
f 3998 1078 3996 3997
f 3996 1081 3999 3997
f 3999 1071 4000 3997
f 4002 1082 4000 4001
f 4000 1071 3975 4001
f 3975 551 4003 4001
f 4005 1082 4002 4004
f 4002 1083 4006 4004
f 4006 748 4007 4004
f 4009 1079 3993 4008
f 3993 1078 4010 4008
f 4010 1086 4011 4008
f 4013 1077 3991 4012
f 3991 729 4014 4012
f 4014 495 4015 4012
f 4017 412 3989 4016
f 3989 1077 4013 4016
f 4013 587 4018 4016
f 3985 1075 4020 4019
f 4020 499 4021 4019
f 4021 435 4022 4019
f 4024 716 2515 4023
f 2515 414 1925 4023
f 1925 413 4025 4023
f 1941 425 4027 4026
f 4027 422 1939 4026
f 1939 424 4028 4026
f 4030 415 1926 4029
f 1926 414 1951 4029
f 1951 432 4031 4029
f 4033 1088 4034 4032
f 4034 1089 4035 4032
f 4035 712 3756 4032
f 4037 395 4038 4036
f 4038 1089 4039 4036
f 4039 595 2560 4036
f 4038 395 1900 4040
f 1900 397 2503 4040
f 2503 712 4035 4040
f 4042 720 4043 4041
f 4043 718 4044 4041
f 4044 1090 4045 4041
f 2521 718 4043 4046
f 4043 720 2525 4046
f 4048 768 4049 4047
f 4049 703 4050 4047
f 4052 1092 4053 4051
f 4053 451 1980 4051
f 1972 445 2530 4054
f 2530 721 4055 4054
f 4055 1093 4056 4054
f 4058 443 4059 4057
f 4059 446 4056 4057
f 4056 1093 4060 4057
f 4062 441 1968 4061
f 1968 443 4058 4061
f 4058 1094 4063 4061
f 4065 637 4066 4064
f 4066 764 4067 4064
f 4067 1092 4052 4064
f 4069 635 4070 4068
f 4070 1096 4071 4068
f 4071 765 4072 4068
f 4074 1098 4075 4073
f 4075 458 4076 4073
f 4076 452 4077 4073
f 4079 1100 4080 4078
f 4080 649 4081 4078
f 4081 1101 4082 4078
f 4081 649 2535 4083
f 2535 562 4084 4083
f 4084 1102 4085 4083
f 4087 1102 4088 4086
f 2539 724 4091 4090
f 4091 472 2016 4090
f 2016 474 4092 4090
f 4094 1105 4095 4093
f 4095 722 4092 4093
f 4092 474 4096 4093
f 4098 463 2002 4097
f 2002 462 4099 4097
f 4099 1106 4100 4097
f 4094 1104 4102 4101
f 4102 1107 4103 4101
f 4103 461 4104 4101
f 4106 1106 4099 4105
f 4099 462 2001 4105
f 2001 461 4103 4105
f 4108 1109 4109 4107
f 4109 1106 4106 4107
f 4106 1107 4110 4107
f 4100 1106 4109 4111
f 4109 1109 4112 4111
f 4112 468 2007 4111
f 4114 1110 4115 4113
f 4115 482 4116 4113
f 4116 471 2011 4113
f 4118 1111 4119 4117
f 4119 639 4120 4117
f 4120 1039 4121 4117
f 4123 1112 4124 4122
f 4124 1113 4125 4122
f 4125 358 1838 4122
f 4127 727 2550 4126
f 2550 351 2542 4126
f 4129 728 2548 4128
f 2548 727 4130 4128
f 4130 484 4131 4128
f 4133 485 2033 4132
f 2033 484 4130 4132
f 4130 727 4127 4132
f 4131 484 2032 4134
f 2032 483 4135 4134
f 4135 1115 4136 4134
f 2328 640 4138 4137
f 4138 370 1857 4137
f 1857 369 4139 4137
f 1865 375 4141 4140
f 4141 1116 4142 4140
f 4142 1025 3855 4140
f 4144 492 2044 4143
f 2044 491 2041 4143
f 2041 490 4145 4143
f 4147 732 4148 4146
f 4148 731 4149 4146
f 4149 379 2495 4146
f 4037 733 2559 4150
f 2559 732 4147 4150
f 4147 709 4151 4150
f 4153 596 4154 4152
f 4154 1088 4155 4152
f 4155 498 4156 4152
f 4158 594 4159 4157
f 4159 600 4160 4157
f 4162 734 2569 4161
f 2569 737 4163 4161
f 4165 564 4166 4164
f 4166 1120 4167 4164
f 4167 1121 4168 4164
f 2028 480 4170 4169
f 4170 1119 4168 4169
f 4168 1121 4171 4169
f 4173 520 4174 4172
f 4174 770 4163 4172
f 4163 737 4175 4172
f 4177 519 2092 4176
f 2092 518 4178 4176
f 4178 913 3499 4176
f 2133 543 4180 4179
f 4180 547 4181 4179
f 4181 1122 4182 4179
f 2106 525 2585 4183
f 2585 545 4184 4183
f 4184 972 3724 4183
f 4186 542 4187 4185
f 4187 1123 4188 4185
f 4188 1124 4189 4185
f 4191 612 4192 4190
f 4192 538 2125 4190
f 2125 537 4193 4190
f 4195 742 2588 4194
f 2588 534 4196 4194
f 4196 611 4197 4194
f 4197 611 4199 4198
f 4199 1124 4188 4198
f 4201 1124 4199 4200
f 4199 611 4202 4200
f 4202 1127 4203 4200
f 4205 1128 4206 4204
f 4206 418 2591 4204
f 2591 743 2646 4204
f 4208 744 4209 4207
f 4209 1129 4210 4207
f 4210 1130 4211 4207
f 4213 1132 4214 4212
f 4214 1130 4215 4212
f 4215 745 4216 4212
f 4218 539 4219 4217
f 4219 1134 4220 4217
f 4220 1135 4221 4217
f 4223 1070 4224 4222
f 4224 1074 3986 4222
f 3986 1076 4225 4222
f 4165 1119 4227 4226
f 4227 1114 4136 4226
f 4136 1115 4228 4226
f 4230 650 4231 4229
f 4231 522 2101 4229
f 2101 521 4232 4229
f 2141 548 4234 4233
f 4234 591 2229 4233
f 2229 590 2575 4233
f 4236 592 2598 4235
f 2598 745 4215 4235
f 4215 1130 4210 4235
f 4003 551 2146 4237
f 2146 550 4238 4237
f 4238 1136 4239 4237
f 2234 593 4241 4240
f 4241 1137 4242 4240
f 4242 1133 4243 4240
f 4006 1083 4239 4244
f 4239 1136 4245 4244
f 4245 746 2602 4244
f 4247 553 4248 4246
f 4248 227 2607 4246
f 2607 557 2155 4246
f 2162 561 4251 4249
f 2167 560 2604 4252
f 2604 557 2610 4252
f 4254 594 4158 4253
f 4158 1118 4255 4253
f 4257 313 4258 4256
f 4258 1138 4259 4256
f 4259 750 2613 4256
f 3738 751 4261 4260
f 4261 1139 4262 4260
f 4262 1138 4258 4260
f 4264 1054 3932 4263
f 3932 1053 4265 4263
f 4265 1140 4266 4263
f 4268 1141 4269 4267
f 4269 1020 4270 4267
f 4270 1140 4265 4267
f 2633 588 4272 4271
f 4272 755 4273 4271
f 4273 747 2600 4271
f 2619 564 4275 4274
f 4275 755 4272 4274
f 4277 755 4275 4276
f 4275 564 4228 4276
f 4279 607 2265 4278
f 2265 606 4280 4278
f 4280 1143 4281 4278
f 4283 1144 4284 4282
f 4284 1145 4285 4282
f 4285 963 3698 4282
f 4287 301 3688 4286
f 3688 959 4288 4286
f 4288 1145 4284 4286
f 4290 280 4291 4289
f 4291 1146 4292 4289
f 4292 963 4285 4289
f 3842 568 2174 4293
f 2174 567 2807 4293
f 2807 4 4294 4293
f 4298 1147 4299 4297
f 4299 11 2736 4297
f 4301 275 2407 4300
f 2407 572 2185 4300
f 2185 220 4302 4300
f 2621 753 4304 4303
f 4304 1148 4305 4303
f 4305 1149 4306 4303
f 4308 753 2622 4307
f 2622 576 4309 4307
f 4309 757 4310 4307
f 2624 754 4312 4311
f 4312 571 2182 4311
f 3945 1060 4314 4313
f 4314 1068 4315 4313
f 4317 403 2048 4316
f 2048 493 2216 4316
f 4319 586 2215 4318
f 2215 585 4320 4318
f 4015 495 2051 4321
f 2051 494 4322 4321
f 4144 1117 4324 4323
f 4324 1151 4325 4323
f 4325 1116 4326 4323
f 4328 1153 4329 4327
f 4329 1085 4011 4327
f 4011 1086 4330 4327
f 4332 1084 4333 4331
f 4333 1154 4334 4331
f 4334 573 4335 4331
f 2026 348 4337 4336
f 4337 573 2190 4336
f 2190 574 2221 4336
f 2144 549 4339 4338
f 4339 550 2148 4338
f 2148 552 4340 4338
f 4342 548 2171 4341
f 2171 565 2226 4341
f 4344 548 2140 4343
f 2140 513 4345 4343
f 4347 1061 4315 4346
f 4315 1068 3969 4346
f 3969 1067 4348 4346
f 4022 435 2208 4349
f 2208 407 1914 4349
f 1914 406 4225 4349
f 4021 499 2061 4350
f 2061 500 2245 4350
f 2245 433 1955 4350
f 1915 407 2248 4351
f 2248 432 1950 4351
f 1950 431 2250 4351
f 4028 424 4353 4352
f 4353 428 4354 4352
f 4354 600 4355 4352
f 1873 381 4357 4356
f 4357 204 2685 4356
f 2685 776 4358 4356
f 1878 384 4360 4359
f 4360 1156 4361 4359
f 4361 1157 4362 4359
f 4364 988 3767 4363
f 3767 297 1746 4363
f 1746 296 3772 4363
f 4366 1158 4367 4365
f 4367 1159 4368 4365
f 4368 966 3706 4365
f 4370 758 2637 4369
f 2637 259 2422 4369
f 2422 680 3195 4369
f 4372 793 2724 4371
f 2724 789 4373 4371
f 4375 947 4376 4374
f 4376 791 2781 4374
f 2781 806 4377 4374
f 1706 266 2255 4378
f 2255 602 3632 4378
f 3632 939 3634 4378
f 4380 281 1722 4379
f 1722 280 4290 4379
f 4290 1145 4288 4379
f 2432 683 4382 4381
f 4382 1161 4383 4381
f 4383 949 4384 4381
f 4386 301 4287 4385
f 4287 1144 4387 4385
f 4387 974 4388 4385
f 4390 697 3630 4389
f 3630 938 4391 4389
f 2431 682 4393 4392
f 4393 975 4394 4392
f 4394 1163 4395 4392
f 2268 608 2274 4396
f 2274 271 1711 4396
f 1711 270 4397 4396
f 1755 304 4399 4398
f 4399 1164 4400 4398
f 4400 1165 4401 4398
f 4232 521 4403 4402
f 4403 211 1610 4402
f 1610 210 2578 4402
f 4405 223 3596 4404
f 3596 251 1676 4404
f 1676 250 4406 4404
f 4408 1167 4409 4407
f 4409 904 3477 4407
f 3477 907 4410 4407
f 4400 1164 4410 4411
f 4410 907 3529 4411
f 3529 912 4412 4411
f 3496 213 4414 4413
f 4414 523 4415 4413
f 4415 1165 4412 4413
f 4417 1169 4418 4416
f 4418 1170 4419 4416
f 4419 986 4420 4416
f 4422 1169 4417 4421
f 4417 1168 4423 4421
f 4423 1171 4424 4421
f 4426 971 3720 4425
f 3720 970 4427 4425
f 4427 1172 4428 4425
f 2651 530 4430 4429
f 4430 1173 4431 4429
f 4431 1174 4432 4429
f 2122 533 4434 4433
f 4434 536 2126 4433
f 2126 538 4435 4433
f 2114 530 2650 4436
f 2650 544 4182 4436
f 4182 1122 4437 4436
f 4439 1127 4440 4438
f 4440 1172 4427 4438
f 4427 970 4441 4438
f 1781 320 2282 4442
f 2282 614 3765 4442
f 3765 300 4443 4442
f 1726 283 3691 4444
f 3691 960 4445 4444
f 4445 1175 4446 4444
f 4448 290 4449 4447
f 4449 292 1738 4447
f 1738 291 4450 4447
f 1742 294 4452 4451
f 4452 967 3710 4451
f 3710 292 4449 4451
f 4454 1177 4455 4453
f 4455 314 1769 4453
f 1769 313 4257 4453
f 4457 619 2290 4456
f 2290 618 4458 4456
f 4458 314 4455 4456
f 2662 263 4460 4459
f 4460 759 2639 4459
f 2639 254 4461 4459
f 1766 311 4463 4462
f 4463 979 4464 4462
f 4464 620 2293 4462
f 4466 1178 4467 4465
f 4467 980 3744 4465
f 3744 979 4463 4465
f 4469 319 2297 4468
f 2297 617 4470 4468
f 4470 980 4467 4468
f 2287 617 2298 4471
f 2298 318 4472 4471
f 4472 622 4473 4471
f 4446 1175 4475 4474
f 4475 291 1740 4474
f 1740 293 2653 4474
f 4477 624 2464 4476
f 2464 623 4478 4476
f 4478 945 4479 4476
f 3645 944 4479 4480
f 4479 945 3648 4480
f 3648 258 4481 4480
f 1694 257 4483 4482
f 4483 260 1700 4482
f 1700 262 4481 4482
f 4485 1179 4486 4484
f 4486 940 3716 4484
f 3716 626 2300 4484
f 2261 263 2661 4487
f 2661 268 2258 4487
f 2258 603 4488 4487
f 4490 425 1943 4489
f 1943 427 4491 4489
f 4491 750 4259 4489
f 1896 391 4493 4492
f 4493 392 1902 4492
f 1902 398 4494 4492
f 4496 629 3234 4495
f 3234 40 4497 4495
f 4499 204 4500 4498
f 4500 1157 4501 4498
f 1868 377 4503 4502
f 4503 380 2498 4502
f 2498 710 4504 4502
f 4357 381 4506 4505
f 4506 383 4362 4505
f 4362 1157 4500 4505
f 4508 450 1979 4507
f 1979 449 2528 4507
f 2528 445 1971 4507
f 4510 765 4511 4509
f 4511 1098 4074 4509
f 4074 1097 4512 4509
f 4514 355 4515 4513
f 4515 356 4139 4513
f 4139 369 2665 4513
f 4517 1181 4518 4516
f 4518 360 1841 4516
f 1841 359 4519 4516
f 4521 631 2311 4520
f 2311 630 4522 4520
f 4522 360 4518 4520
f 4524 630 2313 4523
f 2313 632 3919 4523
f 3919 367 4525 4523
f 1977 448 2320 4526
f 2320 637 4065 4526
f 4065 450 4508 4526
f 4066 637 2319 4527
f 2319 636 4072 4527
f 4072 765 4510 4527
f 3896 638 2323 4528
f 2323 473 2014 4528
f 2014 472 4529 4528
f 4531 639 2324 4530
f 2324 638 4532 4530
f 4532 1112 4533 4530
f 2008 468 4535 4534
f 4535 470 2010 4534
f 2010 469 4536 4534
f 2474 342 4538 4537
f 4538 1047 4539 4537
f 4541 1183 4542 4540
f 4542 1046 3899 4540
f 3899 1045 4543 4540
f 4545 488 4546 4544
f 4546 1042 4547 4544
f 4547 1046 4542 4544
f 1965 441 4062 4548
f 4062 1095 4549 4548
f 4549 1184 4550 4548
f 4552 767 4553 4551
f 4553 1185 4554 4551
f 4554 1141 4555 4551
f 4552 641 2332 4556
f 2332 438 1958 4556
f 1958 437 2668 4556
f 2672 768 4558 4557
f 4558 719 2524 4557
f 4560 1187 4561 4559
f 3839 1021 4562 4559
f 4564 757 4565 4563
f 4565 1055 4566 4563
f 4566 648 2342 4563
f 4174 520 2098 4567
f 2098 503 4568 4567
f 4568 504 4569 4567
f 2676 553 4247 4570
f 4247 556 2154 4570
f 2154 555 4571 4570
f 2158 558 4573 4572
f 4573 561 2164 4572
f 2164 563 2348 4572
f 4573 558 2166 4574
f 2064 502 2354 4575
f 2354 505 2067 4575
f 2067 504 4568 4575
f 2071 505 2353 4576
f 2353 554 2150 4576
f 2150 553 2675 4576
f 2090 517 4578 4577
f 4578 518 2094 4577
f 2094 511 4579 4577
f 4582 1008 4583 4580
f 4585 990 4586 4584
f 4586 1004 3813 4584
f 3813 1008 4582 4584
f 3780 326 4588 4587
f 4588 1005 3808 4587
f 3808 1004 4586 4587
f 3810 1006 4590 4589
f 4590 1013 3827 4589
f 3827 1012 4591 4589
f 4593 1189 4594 4592
f 4594 336 3816 4592
f 3816 1005 4588 4592
f 1805 334 2361 4595
f 2361 652 3823 4595
f 3823 1009 4596 4595
f 3776 900 3462 4597
f 3462 870 3820 4597
f 3820 652 2360 4597
f 1799 328 2367 4598
f 2367 655 4599 4598
f 4599 1023 4600 4598
f 3779 991 4602 4601
f 4602 1190 4603 4601
f 4603 655 2368 4601
f 4605 772 4606 4604
f 3845 1022 4608 4607
f 4608 1191 4609 4607
f 4609 1192 4610 4607
f 1519 170 4612 4611
f 4612 773 4613 4611
f 4613 1193 4614 4611
f 4613 773 2681 4615
f 2681 699 4616 4615
f 4616 995 4617 4615
f 4621 671 4622 4620
f 2679 773 4612 4623
f 4612 170 3071 4623
f 4625 1148 4626 4624
f 4626 1195 4627 4624
f 4627 706 2486 4624
f 4629 1197 4630 4628
f 4630 1198 4631 4628
f 4631 706 4632 4628
f 2487 706 4631 4633
f 4631 1198 4634 4633
f 4634 673 4635 4633
f 4637 1197 4629 4636
f 4629 1196 4638 4636
f 4638 144 3148 4636
f 3151 887 4640 4639
f 4640 674 2404 4639
f 2404 673 4641 4639
f 4308 1150 4643 4642
f 4643 194 4644 4642
f 4644 660 4645 4642
f 4647 843 3006 4646
f 3006 194 4643 4646
f 4643 1150 4648 4646
f 2179 569 4650 4649
f 4650 666 2395 4649
f 2395 567 2173 4649
f 4652 933 3616 4651
f 3616 927 3537 4651
f 3537 221 2186 4651
f 4654 579 2201 4653
f 2201 581 4655 4653
f 4655 671 4621 4653
f 2204 583 4657 4656
f 4657 1016 4658 4656
f 4658 671 4655 4656
f 4660 708 4661 4659
f 4661 672 2405 4659
f 2405 674 4662 4659
f 3464 204 4499 4663
f 4499 1180 4664 4663
f 1598 163 3466 4665
f 3466 775 2686 4665
f 4667 938 3628 4666
f 3628 664 4668 4666
f 4670 664 2391 4669
f 2391 234 1645 4669
f 1645 233 4671 4669
f 4673 1147 4674 4672
f 4674 931 4675 4672
f 4675 936 3620 4672
f 4677 763 4461 4676
f 4461 254 1692 4676
f 1692 256 3622 4676
f 2416 679 3656 4678
f 3656 948 4679 4678
f 4679 676 2413 4678
f 3201 16 2417 4680
f 2417 678 2657 4680
f 2657 758 4370 4680
f 2640 759 4460 4681
f 4460 263 1704 4681
f 1704 265 3624 4681
f 4677 937 4683 4682
f 4683 266 1708 4682
f 1708 268 2660 4682
f 4685 601 2256 4684
f 2256 266 4683 4684
f 4683 937 3621 4684
f 3639 264 2262 4686
f 2262 604 4687 4686
f 4687 1179 4688 4686
f 2424 298 1747 4689
f 1747 297 2855 4689
f 4691 624 4692 4690
f 4692 943 3643 4690
f 3643 941 3651 4690
f 2467 325 3652 4693
f 3652 942 4688 4693
f 4688 1179 4485 4693
f 4695 11 4696 4694
f 4696 935 3619 4694
f 3619 256 4697 4694
f 4699 1202 4697 4698
f 4697 256 1691 4698
f 1691 255 4700 4698
f 4375 1160 4700 4701
f 4700 255 4702 4701
f 4702 948 3655 4701
f 4372 946 3657 4703
f 3657 679 2415 4703
f 2415 16 3198 4703
f 3646 943 4692 4704
f 4692 624 4477 4704
f 4706 1201 4668 4705
f 4668 664 4670 4705
f 4670 675 4707 4705
f 3661 627 4709 4708
f 4709 1162 4710 4708
f 4710 1203 4711 4708
f 4713 950 3659 4712
f 3659 949 4383 4712
f 4715 685 3675 4714
f 3675 684 4384 4714
f 4384 949 3662 4714
f 4717 686 2435 4716
f 2435 685 4715 4716
f 4715 951 4711 4716
f 4706 681 3664 4718
f 3664 686 4717 4718
f 4717 1203 4719 4718
f 4279 1142 4721 4720
f 4721 274 4722 4720
f 4722 608 2270 4720
f 2275 608 4722 4723
f 4722 274 3679 4723
f 3679 687 3665 4723
f 4725 1143 4726 4724
f 4726 1166 4727 4724
f 4727 1205 4728 4724
f 4730 1142 4281 4729
f 4281 1143 4725 4729
f 4725 1204 4731 4729
f 4730 323 1786 4732
f 1786 272 1716 4732
f 1716 274 4721 4732
f 4734 1206 4735 4733
f 4735 1204 4728 4733
f 4728 1205 4736 4733
f 4738 1206 4734 4737
f 4734 1167 4408 4737
f 4408 1164 4399 4737
f 2408 275 1720 4739
f 1720 277 3667 4739
f 3667 681 4707 4739
f 4741 1144 4283 4740
f 4283 278 3704 4740
f 3704 279 4742 4740
f 4744 1146 4291 4743
f 4291 280 1724 4743
f 4746 1207 4747 4745
f 4747 283 1728 4745
f 1728 282 1723 4745
f 4380 959 3687 4748
f 3687 286 4749 4748
f 4749 1207 4746 4748
f 4751 1207 4749 4750
f 4749 286 1730 4750
f 1730 285 4752 4750
f 4747 1207 4751 4753
f 4751 1208 4754 4753
f 4754 961 3692 4753
f 4756 288 1736 4755
f 1736 290 4448 4755
f 4448 1176 4757 4755
f 4744 282 4759 4758
f 4759 762 3711 4758
f 3711 967 4760 4758
f 4762 964 3699 4761
f 3699 963 4292 4761
f 4292 1146 4760 4761
f 4367 1158 4764 4763
f 4764 693 4765 4763
f 4765 696 4766 4763
f 4768 295 3696 4767
f 3696 962 4769 4767
f 4769 693 4764 4767
f 4364 968 3714 4770
f 3714 966 4368 4770
f 4368 1159 4771 4770
f 1744 295 4768 4772
f 4768 1158 4366 4772
f 4366 965 4773 4772
f 4452 294 4773 4774
f 4773 965 3708 4774
f 3708 964 4762 4774
f 2443 298 3649 4775
f 3649 945 4478 4775
f 4478 623 2463 4775
f 1732 287 4777 4776
f 4777 299 3732 4776
f 3732 973 4778 4776
f 4777 287 3686 4779
f 3686 301 1752 4779
f 1752 300 3764 4779
f 4191 1125 4424 4780
f 4424 1171 4428 4780
f 4428 1172 4781 4780
f 4783 987 3761 4782
f 3761 986 4784 4782
f 4784 417 2447 4782
f 4786 954 3671 4785
f 3671 953 4787 4785
f 4787 958 3683 4785
f 4789 306 1760 4788
f 1760 308 4790 4788
f 4790 954 4786 4788
f 4394 975 3734 4791
f 3734 974 4387 4791
f 4387 1144 4741 4791
f 1629 223 4405 4792
f 4405 1166 4726 4792
f 4726 1143 4302 4792
f 3740 976 4794 4793
f 4794 310 3728 4793
f 3728 752 2615 4793
f 4796 976 3739 4795
f 3739 315 1778 4795
f 1778 319 4469 4795
f 1765 310 4794 4797
f 4794 976 4796 4797
f 4796 1178 4466 4797
f 4783 620 4464 4798
f 4464 979 3743 4798
f 3743 978 3762 4798
f 3748 982 4800 4799
f 4800 1177 4454 4799
f 4454 496 4801 4799
f 4803 628 4497 4802
f 4497 40 1775 4802
f 1775 317 3754 4802
f 4805 981 3752 4804
f 3752 317 4806 4804
f 4806 693 2452 4804
f 4808 982 3747 4807
f 3747 981 4805 4807
f 4805 692 2451 4807
f 4810 619 4457 4809
f 4457 1177 4800 4809
f 4800 982 4808 4809
f 4458 618 4812 4811
f 4812 318 1779 4811
f 1779 315 1770 4811
f 4472 318 4812 4813
f 4812 618 2289 4813
f 2289 288 4756 4813
f 1734 288 2291 4814
f 2291 619 4810 4814
f 4810 691 4815 4814
f 4765 693 4806 4816
f 4806 317 1774 4816
f 1774 316 2460 4816
f 4815 691 2453 4817
f 2453 693 4769 4817
f 4769 962 3695 4817
f 3757 711 3942 4818
f 3942 394 4819 4818
f 4819 985 3753 4818
f 4821 628 4803 4820
f 4803 985 4819 4820
f 4819 394 1893 4820
f 4823 1208 4752 4822
f 4752 285 3759 4822
f 3759 978 3742 4822
f 3672 954 4790 4824
f 4790 308 1787 4824
f 1787 323 4825 4824
f 2283 320 1783 4826
f 1783 322 4827 4826
f 4827 957 3682 4826
f 2852 694 3768 4828
f 3768 988 4771 4828
f 4771 1159 4829 4828
f 1524 173 4829 4830
f 4829 1159 4766 4830
f 4766 696 2459 4830
f 2439 688 3771 4831
f 3771 690 2465 4831
f 4691 324 1789 4832
f 1789 279 3703 4832
f 4713 1161 4834 4833
f 4834 279 1791 4833
f 1791 325 4835 4833
f 3660 950 4835 4836
f 4835 325 2468 4836
f 2471 697 4390 4837
f 4390 1162 4709 4837
f 4839 330 3784 4838
f 3784 989 3774 4838
f 3774 651 4840 4838
f 4839 1189 4593 4841
f 4593 326 1795 4841
f 1795 328 1798 4841
f 4843 772 4844 4842
f 4844 991 3778 4842
f 3778 990 4585 4842
f 4843 1188 4581 4845
f 3783 653 2365 4846
f 2365 331 1803 4846
f 1803 333 3775 4846
f 3788 994 4848 4847
f 4848 1209 4849 4847
f 4849 1193 4617 4847
f 4851 1002 3803 4850
f 3803 993 3791 4850
f 3791 698 4852 4850
f 4854 1210 4852 4853
f 4856 1210 4854 4855
f 4854 997 3793 4855
f 4859 1002 4851 4858
f 4851 1210 4856 4858
f 4856 1011 3825 4858
f 3797 1000 3804 4860
f 3804 1002 4859 4860
f 4859 1010 4861 4860
f 3805 1000 3796 4862
f 3796 999 4863 4862
f 4863 1209 4848 4862
f 4863 999 3800 4864
f 3800 863 3382 4864
f 3382 901 4865 4864
f 3812 1007 4867 4866
f 4861 1010 3828 4868
f 3828 1013 4869 4868
f 4869 1009 3822 4868
f 4857 996 3830 4870
f 3830 1014 4871 4870
f 4871 1012 3826 4870
f 4873 779 4874 4872
f 4876 1140 4270 4875
f 4270 1020 3837 4875
f 3837 1019 4877 4875
f 4266 1140 4876 4878
f 4616 699 2472 4879
f 1810 337 2374 4880
f 2374 658 4294 4880
f 4294 4 2793 4880
f 4882 1190 4883 4881
f 4883 771 4884 4881
f 4884 656 4885 4881
f 4882 1192 4609 4886
f 4609 1191 4887 4886
f 4887 655 4603 4886
f 4887 1191 4889 4888
f 4889 657 3847 4888
f 3847 1023 4599 4888
f 4891 1182 4892 4890
f 4892 342 1819 4890
f 1819 344 4893 4890
f 3876 1030 3863 4894
f 3863 1029 3868 4894
f 3868 1032 3912 4894
f 3872 714 3960 4895
f 3960 345 1823 4895
f 1823 347 3877 4895
f 4897 1024 3851 4896
f 3851 702 4898 4896
f 4898 1151 4899 4896
f 4901 1212 4902 4900
f 4902 1024 4897 4900
f 4897 1153 4328 4900
f 4901 1152 4904 4903
f 4904 348 1827 4903
f 1827 350 4905 4903
f 4902 1212 4905 4906
f 4905 350 4907 4906
f 4907 766 3852 4906
f 4514 766 4907 4908
f 4907 350 4909 4908
f 4909 353 1835 4908
f 4911 756 4912 4910
f 4912 351 1831 4910
f 1831 353 4909 4910
f 3887 351 2545 4913
f 2545 726 4121 4913
f 3890 352 3888 4914
f 3888 1039 4120 4914
f 4120 639 4531 4914
f 4916 1113 4124 4915
f 4124 1112 4532 4915
f 4532 638 3895 4915
f 4541 1182 4891 4917
f 4891 1211 4918 4917
f 4918 488 4545 4917
f 3900 1046 4547 4919
f 4547 1042 3893 4919
f 3893 1041 4920 4919
f 4922 700 4539 4921
f 4539 1047 3903 4921
f 3903 631 4521 4921
f 3915 361 1842 4923
f 1842 360 4522 4923
f 4522 630 4924 4923
f 3870 1033 4924 4925
f 4924 630 4524 4925
f 4524 1048 3909 4925
f 3914 1026 3861 4926
f 3861 362 1847 4926
f 1847 359 1843 4926
f 4928 1214 4929 4927
f 4929 633 4930 4927
f 4930 1090 4931 4927
f 4933 1213 4931 4932
f 4931 1090 4044 4932
f 4044 718 2520 4932
f 4935 1050 4936 4934
f 4936 1213 4933 4934
f 4933 717 4937 4934
f 4939 1214 4928 4938
f 4928 1213 4936 4938
f 4936 1050 3917 4938
f 2481 366 3918 4940
f 3918 1050 4935 4940
f 4935 1091 4050 4940
f 2483 438 2331 4941
f 2331 642 3922 4941
f 3922 364 1851 4941
f 3961 713 3931 4942
f 3931 1055 4565 4942
f 4944 701 2477 4943
f 2477 368 1858 4943
f 1858 370 2489 4943
f 4946 707 2491 4945
f 2491 373 3953 4945
f 3953 1063 4947 4945
f 4660 1200 4949 4948
f 4949 371 1862 4948
f 1862 373 2493 4948
f 3885 1038 4951 4950
f 4951 374 1866 4950
f 1866 376 4952 4950
f 1860 371 4954 4953
f 4954 1156 4955 4953
f 4955 401 2218 4953
f 3934 401 4955 4956
f 4955 1156 4360 4956
f 4360 384 4957 4956
f 3935 1056 4959 4958
f 4959 379 4149 4958
f 4149 731 2556 4958
f 4957 384 1877 4960
f 1877 377 1870 4960
f 1870 379 4959 4960
f 4962 709 2496 4961
f 2496 378 4504 4961
f 4504 710 3937 4961
f 4964 1216 4965 4963
f 4965 1057 3939 4963
f 3939 1058 4966 4963
f 4964 388 1884 4967
f 1884 385 1882 4967
f 1882 387 4968 4967
f 4968 387 2304 4969
f 2304 396 1898 4969
f 1898 395 4970 4969
f 4965 1216 4970 4971
f 4970 395 4151 4971
f 4151 709 4962 4971
f 4973 775 3467 4972
f 3467 389 1885 4972
f 1885 388 4966 4972
f 2684 775 4973 4974
f 4973 1058 3938 4974
f 3938 382 4358 4974
f 4976 1217 4977 4975
f 4977 705 3946 4975
f 4979 1065 3956 4978
f 3956 1062 3949 4978
f 3949 704 4980 4978
f 3952 584 4982 4981
f 4982 1065 4979 4981
f 4979 1215 4947 4981
f 4635 673 2403 4983
f 2403 672 4984 4983
f 4984 1215 4980 4983
f 2492 707 4946 4985
f 4946 1215 4984 4985
f 4984 672 4661 4985
f 3860 1028 4952 4986
f 4952 376 3854 4986
f 3854 701 4944 4986
f 2210 402 1911 4987
f 1911 404 4988 4987
f 3957 1065 4982 4989
f 4982 584 4988 4989
f 4988 404 4990 4989
f 3944 1059 3950 4991
f 3950 1062 3955 4991
f 3955 1064 4992 4991
f 4994 1217 4976 4993
f 4976 1061 4347 4993
f 4347 1155 4995 4993
f 4306 1149 4995 4996
f 4995 1155 4997 4996
f 4997 575 2194 4996
f 4999 374 4951 4998
f 4951 1038 3971 4998
f 3971 1069 5000 4998
f 5002 1074 4224 5001
f 4224 1070 3976 5001
f 3976 1071 3999 5001
f 5004 1072 3983 5003
f 3983 1074 5002 5003
f 5002 1081 3995 5003
f 2553 730 3979 5005
f 3979 1072 5004 5005
f 5004 1080 5006 5005
f 5008 1075 3984 5007
f 3984 1072 3978 5007
f 3978 411 5009 5007
f 1913 405 2252 5010
f 2252 599 5011 5010
f 5011 1070 4223 5010
f 3974 1070 5011 5012
f 5011 599 2512 5012
f 4020 1075 5008 5013
f 5008 408 1919 5013
f 1919 410 2059 5013
f 1917 408 5009 5014
f 5009 411 1923 5014
f 2040 489 5006 5015
f 5006 1080 3994 5015
f 3994 1079 5016 5015
f 4010 1078 3998 5017
f 3998 1082 4005 5017
f 4005 1084 4332 5017
f 4145 490 5016 5018
f 5016 1079 4009 5018
f 4009 1085 5019 5018
f 5021 430 2517 5020
f 2517 413 1927 5020
f 1927 415 5022 5020
f 4025 413 2518 5023
f 2518 429 5024 5023
f 5024 419 5025 5023
f 4206 1128 5027 5026
f 5027 1087 5028 5026
f 5028 416 1931 5026
f 5028 1087 5025 5029
f 5025 419 1935 5029
f 1935 421 5030 5029
f 2617 421 1934 5031
f 1934 420 5032 5031
f 5032 1139 4261 5031
f 5034 1139 5032 5033
f 5032 420 5035 5033
f 5035 423 1937 5033
f 2056 497 2612 5036
f 2612 750 4491 5036
f 4491 427 5037 5036
f 4027 425 4490 5038
f 4490 1138 4262 5038
f 4262 1139 5034 5038
f 4160 600 4354 5039
f 4354 428 1947 5039
f 1947 430 5021 5039
f 4255 1118 5022 5040
f 5022 415 4030 5040
f 4030 598 5041 5040
f 4801 496 2057 5042
f 2057 498 4155 5042
f 4155 1088 4033 5042
f 4937 717 2522 5043
f 2522 719 4558 5043
f 4558 768 4048 5043
f 4049 768 2671 5044
f 2671 436 1959 5044
f 1959 438 2482 5044
f 5046 446 4059 5045
f 4059 443 1969 5045
f 1969 440 2526 5045
f 4042 447 1975 5047
f 1975 444 1973 5047
f 1973 446 5046 5047
f 5049 721 2529 5048
f 2529 449 1981 5048
f 1981 451 1988 5048
f 4053 1092 4067 5050
f 4067 764 5051 5050
f 5051 454 1989 5050
f 4512 1097 4077 5052
f 4077 452 1985 5052
f 1985 454 5051 5052
f 4930 633 5054 5053
f 5054 448 1976 5053
f 1976 447 4045 5053
f 5056 765 4071 5055
f 4071 1096 5057 5055
f 5056 1219 5059 5058
f 5059 723 5060 5058
f 5060 1098 4511 5058
f 5062 1098 5060 5061
f 5060 723 2537 5061
f 2537 722 5063 5061
f 5065 1221 5066 5064
f 5066 458 4075 5064
f 4075 1098 5062 5064
f 4082 1101 5068 5067
f 5068 1221 5065 5067
f 5065 1220 5069 5067
f 5071 1221 5068 5070
f 5068 1101 4085 5070
f 4085 1102 4087 5070
f 5071 1103 5073 5072
f 5073 456 1993 5072
f 1993 458 5066 5072
f 5075 1099 5069 5074
f 5069 1220 5063 5074
f 5063 722 4095 5074
f 5075 1105 4104 5076
f 4104 461 2003 5076
f 2003 463 5077 5076
f 5079 1222 5080 5078
f 5080 1100 4079 5078
f 4079 1099 5077 5078
f 2350 649 4080 5081
f 4080 1100 5082 5081
f 5082 508 2533 5081
f 4084 562 4250 5083
f 5085 456 5073 5084
f 5073 1103 4089 5084
f 4089 464 2004 5084
f 1998 460 5088 5087
f 5088 769 2687 5087
f 5085 465 5086 5089
f 5090 459 1995 5089
f 2538 723 5059 5091
f 5059 1219 5057 5091
f 5057 1096 5092 5091
f 2006 466 5094 5093
f 5094 1222 5079 5093
f 5079 463 4098 5093
f 5096 1104 4096 5095
f 4096 474 2015 5095
f 2015 473 5097 5095
f 4110 1107 4102 5098
f 4102 1104 5096 5098
f 5096 1223 5099 5098
f 5101 482 4115 5100
f 4115 1110 5102 5100
f 5102 1224 5103 5100
f 4118 726 2544 5104
f 2544 725 5103 5104
f 5103 1224 5105 5104
f 4091 724 5092 5106
f 5092 1096 4070 5106
f 4070 635 5107 5106
f 2023 479 5109 5108
f 5109 756 4911 5108
f 4911 350 1826 5108
f 5111 725 2546 5110
f 2546 351 2549 5110
f 5111 728 5113 5112
f 5113 480 2030 5112
f 2030 482 5101 5112
f 4227 1119 4170 5114
f 4170 480 5113 5114
f 5113 728 4129 5114
f 5116 483 2034 5115
f 2034 485 2188 5115
f 2188 573 4334 5115
f 5116 1154 5118 5117
f 5118 755 4277 5117
f 4277 1115 4135 5117
f 4893 344 2308 5119
f 2308 370 4138 5119
f 4138 640 5120 5119
f 5120 640 5122 5121
f 5122 486 2038 5121
f 2038 488 4918 5121
f 2042 491 5124 5123
f 5124 495 4014 5123
f 4014 729 2554 5123
f 5124 491 2046 5125
f 2046 403 4317 5125
f 4317 586 4319 5125
f 2052 495 4320 5126
f 4320 585 5127 5126
f 5127 400 1905 5126
f 4039 1089 4034 5128
f 4034 1088 4154 5128
f 4154 596 2237 5128
f 5130 732 2561 5129
f 2561 595 2236 5129
f 2236 594 4018 5129
f 2557 731 4148 5131
f 4148 732 5130 5131
f 5130 587 4322 5131
f 2072 507 2674 5132
f 2674 735 5133 5132
f 5133 504 2069 5132
f 4569 504 5133 5134
f 5133 735 2564 5134
f 2564 734 4162 5134
f 4571 555 5136 5135
f 5136 508 2075 5135
f 2075 471 2565 5135
f 5138 734 2563 5137
f 2563 471 4116 5137
f 4116 482 2029 5137
f 5140 736 2567 5139
f 2567 734 5138 5139
f 5138 481 4171 5139
f 5142 737 2568 5141
f 2568 736 2572 5141
f 2572 739 5143 5141
f 5145 738 2573 5144
f 2573 736 5140 5144
f 5140 1121 4167 5144
f 4175 737 5147 5146
f 5147 509 2079 5146
f 2079 511 2093 5146
f 5147 737 5142 5148
f 5142 512 2083 5148
f 2083 514 5149 5148
f 4236 1129 5151 5150
f 5151 509 5149 5150
f 5149 514 2576 5150
f 4209 744 2594 5152
f 2594 515 2086 5152
f 2086 509 5151 5152
f 4230 740 2579 5153
f 2579 242 2088 5153
f 2088 516 5154 5153
f 4177 909 3485 5155
f 3485 501 2099 5155
f 2099 520 4173 5155
f 4401 1165 4415 5156
f 4415 523 2102 5156
f 2102 522 5157 5156
f 5159 303 1756 5158
f 1756 305 5157 5158
f 5157 522 5160 5158
f 5159 741 2582 5161
f 2582 524 2107 5161
f 2107 526 5162 5161
f 2110 528 2583 5163
f 2583 741 5164 5163
f 5164 744 4208 5163
f 5166 972 4184 5165
f 4184 545 4189 5165
f 4189 1124 4201 5165
f 5168 535 5169 5167
f 5169 761 4432 5167
f 4432 1174 5170 5167
f 5168 1225 5172 5171
f 5172 531 2118 5171
f 2118 533 2121 5171
f 4418 1169 4422 5173
f 4422 1125 4193 5173
f 4193 537 5174 5173
f 4784 986 4419 5175
f 4419 1170 5176 5175
f 5176 418 1930 5175
f 2124 536 2592 5177
f 2592 418 5176 5177
f 5176 1170 5174 5177
f 4205 760 2645 5178
f 2645 532 2116 5178
f 2116 531 5179 5178
f 5179 531 5181 5180
f 5181 539 2130 5180
f 2130 541 5182 5180
f 4219 539 5181 5183
f 5181 531 5172 5183
f 5172 1225 5184 5183
f 5184 1225 5170 5185
f 5170 1174 5186 5185
f 5186 1132 5187 5185
f 4431 1173 5189 5188
f 5189 1130 4214 5188
f 4214 1132 5186 5188
f 4430 530 2113 5190
f 2113 529 4211 5190
f 4211 1130 5189 5190
f 4220 1134 5187 5191
f 5187 1132 4213 5191
f 4213 1131 5192 5191
f 5164 741 5160 5193
f 5160 522 4231 5193
f 4231 650 2595 5193
f 2587 742 5195 5194
f 5195 544 2649 5194
f 2649 761 5169 5194
f 4195 1123 4187 5196
f 4187 542 2134 5196
f 2134 544 5195 5196
f 2132 542 4186 5197
f 4186 545 2138 5197
f 2138 547 4180 5197
f 2169 548 4344 5198
f 4344 738 5145 5198
f 5145 1120 4166 5198
f 2597 591 4234 5199
f 4234 548 5200 5199
f 4216 745 5200 5201
f 5200 548 5202 5201
f 5202 1135 5192 5201
f 4243 1133 4221 5203
f 4221 1135 5202 5203
f 5202 548 4342 5203
f 4242 1137 5205 5204
f 5205 549 2143 5204
f 2143 539 4218 5204
f 1621 217 1635 5206
f 4248 553 2152 5206
f 5136 555 2156 5207
f 2156 557 2605 5207
f 4017 594 5209 5208
f 5209 409 1922 5208
f 3727 417 1929 5210
f 1929 416 5030 5210
f 5030 421 2616 5210
f 5212 276 1718 5211
f 1718 275 4301 5211
f 4301 1143 5213 5211
f 2264 605 5215 5214
f 5215 1226 5213 5214
f 5213 1143 4280 5214
f 2178 339 1815 5216
f 1815 341 2183 5216
f 2183 571 5217 5216
f 4299 1147 4673 5218
f 4673 935 4696 5218
f 2020 477 2222 5219
f 2222 574 2189 5219
f 2189 485 4133 5219
f 4977 1217 4994 5220
f 4994 1149 4305 5220
f 4305 1148 4625 5220
f 3001 843 4647 5221
f 4647 1199 5222 5221
f 5222 644 2334 5221
f 4325 1151 4898 5223
f 4898 702 3856 5223
f 3856 1025 4142 5223
f 2693 777 2689 5224
f 4296 665 5226 5225
f 5226 754 5227 5225
f 5227 754 2625 5228
f 2625 656 4884 5228
f 2628 404 1910 5229
f 1910 403 5230 5229
f 4904 1152 4330 5231
f 4330 1086 4335 5231
f 4335 573 4337 5231
f 4273 755 5233 5232
f 5233 748 2601 5232
f 5235 476 2541 5234
f 2541 351 4912 5234
f 4912 756 5109 5234
f 2129 540 4340 5236
f 4340 552 2509 5236
f 2509 716 5237 5236
f 5143 739 2571 5238
f 2571 738 4345 5238
f 4345 513 2081 5238
f 4309 576 5240 5239
f 5240 346 2631 5239
f 1906 400 5242 5241
f 5242 402 2212 5241
f 2212 373 2219 5241
f 2049 402 5242 5243
f 5242 400 5127 5243
f 5127 585 2214 5243
f 4141 375 5230 5244
f 5230 403 2045 5244
f 2045 492 4326 5244
f 4899 1151 4324 5245
f 4324 1117 5019 5245
f 5019 1085 4329 5245
f 4007 748 5233 5246
f 5233 755 5118 5246
f 5118 1154 4333 5246
f 2019 476 5235 5247
f 5235 479 2022 5247
f 2022 478 2223 5247
f 4241 593 2634 5248
f 2634 746 4245 5248
f 4245 1136 5249 5248
f 5205 1137 5249 5250
f 5249 1136 4238 5250
f 4238 550 4339 5250
f 2192 575 5252 5251
f 5252 578 2196 5251
f 2196 346 5240 5251
f 4997 1155 4348 5253
f 4348 1067 3966 5253
f 3966 578 5252 5253
f 4992 1064 5255 5254
f 5255 1069 3972 5254
f 3972 1068 4314 5254
f 3958 1066 5257 5256
f 5257 1218 5000 5256
f 5000 1069 5255 5256
f 4990 404 2627 5258
f 2627 374 4999 5258
f 4999 1218 5257 5258
f 4159 594 2238 5259
f 2238 596 4153 5259
f 1933 419 5024 5260
f 5024 429 5261 5260
f 5261 423 5035 5260
f 2241 409 5209 5262
f 5209 594 4254 5262
f 5041 598 2243 5263
f 2243 500 2060 5263
f 2060 410 2240 5263
f 4031 432 2247 5264
f 2247 434 1953 5264
f 1953 433 2244 5264
f 1938 423 5261 5265
f 5261 429 1945 5265
f 1945 428 4353 5265
f 1942 426 4355 5266
f 4355 600 4156 5266
f 4156 498 5037 5266
f 3654 946 4373 5267
f 4373 789 2720 5267
f 2720 791 4376 5267
f 4699 1160 4377 5268
f 4377 806 2775 5268
f 2775 788 5269 5268
f 4695 1202 5269 5270
f 5269 788 2714 5270
f 4391 938 4667 5271
f 4667 1201 4719 5271
f 4719 1203 4710 5271
f 1690 254 2641 5272
f 2641 676 4679 5272
f 4679 948 4702 5272
f 4827 322 4388 5273
f 4388 974 3736 5273
f 3736 306 4789 5273
f 5212 1226 5215 5274
f 5215 605 5275 5274
f 5275 277 1719 5274
f 4382 683 4395 5276
f 4395 1163 4742 5276
f 4742 279 4834 5276
f 3678 309 5278 5277
f 5278 307 3735 5277
f 3735 975 4393 5277
f 1759 307 5278 5279
f 5278 309 1762 5279
f 1762 273 2272 5279
f 2643 609 4397 5280
f 4397 270 3668 5280
f 3668 277 5275 5280
f 3673 955 5282 5281
f 5282 1206 4738 5281
f 4738 304 5283 5281
f 4825 323 4731 5284
f 4731 1204 4735 5284
f 4735 1206 5282 5284
f 3723 952 5283 5285
f 5283 304 1754 5285
f 1754 303 5162 5285
f 4727 1166 4406 5286
f 4406 250 3472 5286
f 3472 903 5287 5286
f 4736 1205 5287 5288
f 5287 903 3579 5288
f 3579 904 4409 5288
f 1614 211 4403 5289
f 4403 521 2103 5289
f 2103 523 4414 5289
f 4778 973 5291 5290
f 5291 1168 4420 5290
f 4420 986 3760 5290
f 3731 971 4426 5292
f 4426 1171 4423 5292
f 4423 1168 5291 5292
f 5294 1126 4203 5293
f 4203 1127 4439 5293
f 4439 956 3684 5293
f 3725 972 5166 5295
f 5166 1126 5294 5295
f 5294 958 4787 5295
f 1750 301 4386 5296
f 4386 322 1782 5296
f 1782 321 5297 5296
f 2647 743 2590 5298
f 2590 536 4434 5298
f 4434 533 2117 5298
f 5300 547 2137 5299
f 2137 546 2279 5299
f 2279 524 2581 5299
f 5297 321 4443 5301
f 4443 300 1751 5301
f 2109 527 4437 5302
f 4437 1122 4181 5302
f 4181 547 5300 5302
f 4192 612 5304 5303
f 5304 611 4196 5303
f 4196 534 4435 5303
f 4202 611 5304 5305
f 5304 612 4781 5305
f 4781 1172 4440 5305
f 3681 956 4441 5306
f 4441 970 3719 5306
f 3719 614 2281 5306
f 4024 1087 5027 5307
f 5027 1128 5182 5307
f 5182 541 5237 5307
f 3745 980 4470 5308
f 4470 617 2286 5308
f 2286 616 5309 5308
f 2285 615 3693 5310
f 3693 961 5311 5310
f 5309 616 5311 5312
f 5311 961 4754 5312
f 4754 1208 4823 5312
f 2655 762 4759 5313
f 4759 282 1727 5313
f 2419 260 4483 5314
f 4483 257 2636 5314
f 2636 758 2658 5314
f 4757 1176 5316 5315
f 5316 960 3690 5315
f 3690 615 4473 5315
f 4445 960 5316 5317
f 5316 1176 4450 5317
f 4450 291 4475 5317
f 3636 940 4486 5318
f 4486 1179 4687 5318
f 4687 604 4488 5318
f 4494 398 3941 5319
f 3941 397 2305 5319
f 2305 387 1881 5319
f 1889 390 5321 5320
f 5321 393 1892 5320
f 1892 392 4493 5320
f 4821 393 5321 5322
f 5321 390 2893 5322
f 2893 629 4496 5322
f 1872 380 4503 5323
f 4503 377 1876 5323
f 1876 383 4506 5323
f 4519 359 1846 5324
f 1846 363 2309 5324
f 2309 344 1818 5324
f 5326 365 1849 5325
f 1849 364 5327 5325
f 5327 1035 3911 5325
f 5327 364 3921 5328
f 3921 1051 3963 5328
f 3963 715 3874 5328
f 4536 469 2074 5329
f 2074 508 5330 5329
f 5330 1222 5094 5329
f 5330 508 5082 5331
f 5082 1100 5080 5331
f 3907 1048 4525 5332
f 4525 367 1853 5332
f 1853 365 5326 5332
f 3905 1044 5334 5333
f 5334 1214 4939 5333
f 4939 632 2312 5333
f 3901 634 2315 5335
f 2315 633 4929 5335
f 4929 1214 5334 5335
f 5054 633 2317 5336
f 2317 635 4069 5336
f 4069 636 2321 5336
f 4920 1041 4529 5337
f 4529 472 5107 5337
f 5107 635 2316 5337
f 3891 1040 4533 5338
f 4533 1112 4123 5338
f 4123 357 5339 5338
f 1834 354 5339 5340
f 5339 357 1837 5340
f 1837 356 4515 5340
f 5097 473 2325 5341
f 2325 639 4119 5341
f 4119 1111 5342 5341
f 5099 1223 5342 5343
f 5342 1111 5105 5343
f 5105 1224 5344 5343
f 4108 1108 5344 5345
f 5344 1224 5102 5345
f 5102 1110 5346 5345
f 4112 1109 5346 5347
f 5346 1110 4114 5347
f 4114 470 4535 5347
f 2475 700 4922 5348
f 4922 1181 4517 5348
f 4892 1182 4543 5349
f 4543 1045 3904 5349
f 3904 1047 4538 5349
f 3894 1042 4546 5350
f 4546 488 2037 5350
f 2037 487 5351 5350
f 4916 1043 5351 5352
f 5351 487 2036 5352
f 2036 486 5353 5352
f 4125 1113 5353 5354
f 5353 486 5122 5354
f 5122 640 2327 5354
f 4873 1186 5356 5355
f 5356 1227 5357 5355
f 5357 780 2691 5355
f 3838 1020 4269 5358
f 4269 1141 4554 5358
f 4554 1185 5359 5358
f 2330 641 4555 5360
f 4555 1141 4268 5360
f 4268 1053 3926 5360
f 4549 1095 5362 5361
f 5362 780 5357 5361
f 5357 1227 5363 5361
f 1961 436 2670 5364
f 2670 440 1966 5364
f 1966 442 5365 5364
f 2667 439 5365 5366
f 5365 442 4550 5366
f 4550 1184 5367 5366
f 4553 767 5367 5368
f 5367 1184 5363 5368
f 5363 1227 5369 5368
f 5359 1185 5369 5370
f 5369 1227 5356 5370
f 5356 1186 4562 5370
f 2335 644 5372 5371
f 5372 579 4654 5371
f 4648 1150 4310 5373
f 4310 757 5374 5373
f 5374 646 5375 5373
f 2341 646 5374 5376
f 5374 757 4564 5376
f 5222 1199 5375 5377
f 5375 646 2339 5377
f 2339 579 5372 5377
f 5379 580 2338 5378
f 2338 646 2343 5378
f 2343 648 2345 5378
f 2200 580 5379 5380
f 5379 582 2205 5380
f 4657 583 5382 5381
f 5382 1054 4264 5381
f 4264 1017 3833 5381
f 3930 1054 5382 5383
f 5382 583 2346 5383
f 2346 648 4566 5383
f 1992 457 5385 5384
f 5385 453 1983 5384
f 1983 452 4076 5384
f 5088 460 5387 5386
f 5387 459 5090 5386
f 5090 248 5388 5386
f 1996 459 5387 5389
f 5387 460 1999 5389
f 1999 453 5385 5389
f 4579 511 2078 5390
f 2078 510 2357 5390
f 2357 650 5154 5390
f 2096 247 3534 5391
f 3534 913 4178 5391
f 4178 518 4578 5391
f 5393 1014 3829 5392
f 3814 1003 4591 5394
f 4591 1012 4871 5394
f 4871 1014 5393 5394
f 3817 335 4596 5395
f 4596 1009 4869 5395
f 4869 1013 4590 5395
f 4840 651 2359 5396
f 2359 334 1807 5396
f 1807 336 4594 5396
f 3782 329 4600 5397
f 4600 1023 3849 5397
f 3849 654 2363 5397
f 4844 772 4605 5398
f 4605 771 4883 5398
f 4883 1190 4602 5398
f 1814 340 4610 5399
f 4610 1192 4885 5399
f 4885 656 2370 5399
f 3843 658 2373 5400
f 2373 657 4889 5400
f 4889 1191 4608 5400
f 1809 3 2377 5401
f 2377 659 3848 5401
f 3848 657 2375 5401
f 4849 1209 4865 5402
f 4865 901 3377 5402
f 3377 168 4614 5402
f 4658 1016 3832 5404
f 3832 1015 5403 5404
f 5406 1195 4626 5405
f 4626 1148 4304 5405
f 4304 753 4645 5405
f 5408 1196 4632 5407
f 4632 706 4627 5407
f 4627 1195 5409 5407
f 1565 193 1585 5410
f 1585 201 2383 5410
f 2383 660 4644 5410
f 5409 1195 5406 5411
f 5406 660 2385 5411
f 2385 661 2388 5411
f 4638 1196 5408 5412
f 5408 663 2387 5412
f 2387 662 3443 5412
f 3155 203 5414 5413
f 5414 371 4949 5413
f 4949 1200 5415 5413
f 3447 889 5415 5416
f 5415 1200 4662 5416
f 4662 674 4640 5416
f 3445 888 4641 5417
f 4641 673 4634 5417
f 4634 1198 5418 5417
f 4630 1197 4637 5419
f 4637 147 3091 5419
f 3091 875 5418 5419
f 2409 675 4671 5420
f 4671 233 3603 5420
f 3603 933 4652 5420
f 4675 931 3611 5421
f 3611 234 2393 5421
f 2393 601 4685 5421
f 4674 1147 4298 5422
f 4298 794 2763 5422
f 2763 8 5423 5422
f 5425 1228 5426 5424
f 5426 797 2814 5424
f 2814 669 2399 5424
f 5217 571 5428 5427
f 5428 670 5429 5427
f 5429 666 4650 5427
f 2401 667 2396 5430
f 2396 666 5429 5430
f 5429 670 5431 5430
f 5414 203 5433 5432
f 5433 1156 4954 5432
f 4361 1156 5433 5434
f 5433 203 4664 5434
f 4664 1180 4501 5434
f 5436 1093 4055 5435
f 4055 721 5437 5435
f 5362 1095 5439 5438
f 2705 571 2682 5441
f 5443 1231 5444 5442
f 5425 668 5446 5445
f 5446 1231 5443 5445
f 5443 1230 5447 5445
f 3553 931 5450 5449
f 5450 1229 5440 5449
f 2699 782 5455 5453
f 5457 1232 5458 5456
f 5461 1234 5462 5459
f 4063 1094 5465 5464
f 4312 754 5467 5466
f 2703 670 5428 5468
f 5428 571 2710 5468
f 5457 1231 5446 5470
f 5446 668 5431 5470
f 5431 670 5471 5470
f 2695 781 5451 5472
f 5450 931 5423 5472
f 2700 783 5474 5473
f 5474 1232 5471 5473
f 5474 783 5454 5475
f 5461 1233 5478 5477
f 5478 1236 5476 5477
f 5476 1235 5479 5477
f 5481 778 2688 5480
f 2688 777 5463 5480
f 5481 1234 5479 5482
f 5485 1233 5460 5484
f 5478 1233 5485 5486
f 2817 798 5488 5487
f 5488 805 2824 5487
f 2824 1266 5489 5487
f 2753 1262 5491 5490
f 5491 1267 2758 5490
f 2758 1253 5492 5490
f 2808 667 5494 5493
f 5494 1260 2812 5493
f 2812 1263 5495 5493
f 5495 1254 2733 5493
f 2733 1244 5496 5493
f 1280 1239 5498 5497
f 5498 1246 2773 5497
f 2773 1272 5499 5497
f 2795 1242 5501 5500
f 5501 1273 2779 5500
f 2779 790 5502 5500
f 2789 801 5504 5503
f 5504 1249 2718 5503
f 2718 1247 5505 5503
f 2729 1237 5507 5506
f 5507 1248 2722 5506
f 2722 1250 5508 5506
f 2771 1251 5510 5509
f 5510 792 2784 5509
f 2784 804 5511 5509
f 2745 1258 5513 5512
f 5513 1270 2803 5512
f 2803 1269 5514 5512
f 2798 803 5516 5515
f 2740 1255 5517 5515
f 6794 6791 6792 6755
f 6798 6795 6796 5521
f 6802 6799 6800 5522
f 6806 6803 6804 5525
f 6810 6807 6808 5529
f 6814 6811 6812 5529
f 6818 6815 6816 5534
f 6822 6819 6820 5537
f 6826 6823 6824 5540
f 6830 6827 6828 5543
f 6834 6831 6832 5546
f 6838 6835 6836 5549
f 6842 6839 6840 5552
f 6846 6843 6844 5555
f 6850 6847 6848 5558
f 6854 6851 6852 5561
f 6858 6855 6856 5551
f 6862 6859 6860 5564
f 6870 6867 6868 5571
f 6874 6871 6872 5575
f 6878 6875 6876 5578
f 6882 6879 6880 5581
f 6886 6883 6884 5584
f 6890 6887 6888 5587
f 6898 6895 6896 5591
f 6902 6899 6900 5593
f 6909 6906 6907 5599
f 6913 6910 6911 5602
f 6917 6914 6915 5603
f 6921 6918 6919 5607
f 6925 6922 6923 5610
f 6929 6926 6927 5609
f 6932 6930 6928 5614
f 6936 6933 6934 5616
f 6940 6937 6938 5618
f 6945 6942 6943 5622
f 6949 6946 6947 5626
f 6953 6950 6951 5630
f 6957 6954 6955 5633
f 6960 6958 6952 5632
f 6964 6961 6962 5637
f 6968 6965 6966 5640
f 6972 6969 6970 5594
f 6976 6973 6974 5604
f 6980 6977 6978 5647
f 6984 6981 6982 5650
f 6988 6985 6986 5653
f 6995 6992 6993 5624
f 6999 6996 6997 5661
f 7003 7000 7001 5665
f 7006 7004 7005 5622
f 7010 7007 7008 5671
f 7014 7011 7012 5674
f 7017 7015 7016 5676
f 7020 7018 7019 5670
f 7024 7021 7022 5677
f 7028 7025 7026 5680
f 7032 7029 7030 5683
f 7036 7033 7034 5685
f 7039 7037 7038 5689
f 7042 7040 7041 5690
f 7044 7043 6857 5563
f 7048 7045 7046 5689
f 7052 7049 7050 5693
f 7057 7054 7055 5697
f 7061 7058 7059 5699
f 7064 7062 7063 5701
f 7068 7065 7066 5637
f 7071 7069 7070 5704
f 7075 7072 7073 5705
f 7083 7080 7081 5636
f 7086 7084 7023 5679
f 7090 7087 7088 5705
f 7093 7091 7092 5714
f 7096 7094 7095 5715
f 7100 7097 7098 5529
f 7103 7101 7102 5718
f 7107 7104 7105 5703
f 7111 7108 7109 5569
f 7113 7112 6877 5580
f 7117 7114 7115 5680
f 7121 7118 7119 5722
f 7125 7122 7123 5725
f 7129 7126 7127 5727
f 7132 7130 7128 5729
f 7136 7133 7134 5731
f 7143 7140 7141 5736
f 7147 7144 7145 5739
f 7151 7148 7149 5741
f 7156 7153 7154 5745
f 7151 7157 7158 5742
f 7163 7160 7161 5749
f 7167 7164 7165 5752
f 7171 7168 7169 5755
f 7174 7172 7120 5724
f 7178 7175 7176 5727
f 7182 7179 7180 5760
f 7186 7183 7184 5762
f 7190 7187 7188 5763
f 7194 7191 7192 5766
f 7198 7196 7155 5747
f 7202 7199 7200 5757
f 7205 7203 7170 5752
f 7209 7206 7207 5771
f 7213 7210 7211 5774
f 7217 7214 7215 5777
f 7221 7218 7219 5780
f 7225 7222 7223 5783
f 7229 7226 7227 5786
f 7233 7230 7231 5789
f 7237 7234 7235 5792
f 7241 7238 7239 5797
f 7245 7242 7243 5800
f 7249 7246 7247 5802
f 7253 7250 7251 5805
f 7257 7254 7255 5808
f 7261 7258 7259 5811
f 7265 7262 7263 5813
f 7269 7266 7267 5818
f 7273 7270 7271 5820
f 7277 7274 7275 5823
f 7232 7278 7279 5790
f 7284 7281 7282 5827
f 7288 7285 7286 5830
f 7292 7289 7290 5557
f 7296 7293 7294 5835
f 7300 7297 7298 5837
f 7304 7301 7302 5825
f 7308 7305 7306 5796
f 7312 7309 7310 5843
f 7316 7313 7314 5846
f 7320 7317 7318 5848
f 7324 7321 7322 5851
f 7328 7325 7326 5520
f 7332 7329 7330 5856
f 7336 7333 7334 5859
f 7340 7337 7338 5862
f 7344 7341 7342 5865
f 7348 7345 7346 5868
f 7352 7349 7350 5870
f 7356 7353 7354 5873
f 7360 7357 7358 5876
f 7364 7361 7362 5879
f 7368 7365 7366 5881
f 7371 7369 7367 5883
f 7375 7372 7373 5885
f 7379 7376 7377 5888
f 7383 7380 7381 5891
f 7387 7384 7385 5894
f 7391 7388 7389 5897
f 7395 7392 7393 5900
f 7399 7396 7397 5902
f 7403 7400 7401 5902
f 7407 7404 7405 5902
f 7411 7408 7409 5909
f 7407 7412 7413 5908
f 7417 7414 7415 5912
f 7420 7418 7419 5915
f 7424 7421 7422 5916
f 7428 7425 7426 5919
f 7432 7429 7430 5922
f 7436 7433 7434 5925
f 7440 7437 7438 5928
f 7444 7441 7442 5930
f 7448 7445 7446 5933
f 7452 7449 7450 5936
f 7456 7453 7454 5939
f 7460 7457 7458 5942
f 7464 7461 7462 5945
f 7468 7465 7466 5931
f 7472 7469 7470 5950
f 7476 7473 7474 5953
f 7474 7477 7478 5953
f 7483 7480 7481 5957
f 7486 7484 7485 5960
f 7490 7487 7488 5961
f 7494 7491 7492 5961
f 7498 7495 7496 5966
f 7502 7499 7500 5969
f 7506 7503 7504 5971
f 7510 7507 7508 5973
f 7513 7511 7508 5974
f 7516 7514 7515 5977
f 7520 7517 7518 5978
f 7525 7522 7523 5983
f 7529 7526 7527 5986
f 7533 7530 7531 5989
f 7537 7534 7535 5992
f 7541 7538 7539 5995
f 7543 7542 7541 5995
f 7547 7544 7545 5997
f 7551 7548 7549 6000
f 7555 7552 7553 6003
f 7559 7556 7557 6006
f 7563 7560 7561 6008
f 7566 7564 7565 6010
f 7570 7567 7568 6011
f 7574 7571 7572 6013
f 7578 7575 7576 6016
f 7582 7579 7580 6018
f 7586 7583 7584 6021
f 7589 7587 7585 6023
f 7592 7590 7591 6025
f 7596 7593 7594 6026
f 7600 7597 7598 6029
f 7603 7601 7602 6032
f 7607 7604 7605 6033
f 7611 7608 7609 6035
f 7606 7612 7189 5759
f 7616 7614 7582 6018
f 7620 7617 7618 6038
f 7624 7621 7622 6041
f 7628 7625 7626 6044
f 7628 7629 7630 6046
f 7635 7632 7633 6048
f 7639 7636 7637 6051
f 7643 7640 7641 6053
f 7647 7644 7645 6056
f 7651 7648 7649 6059
f 7655 7652 7653 6062
f 7599 7656 7657 6030
f 7661 7659 7645 6057
f 7665 7662 7663 6067
f 7669 7666 7667 6070
f 7673 7670 7671 6072
f 7677 7674 7675 6075
f 7681 7678 7679 6078
f 7684 7682 7683 5743
f 7688 7685 7686 6065
f 7692 7689 7690 6083
f 7696 7693 7694 6083
f 7700 7697 7698 5858
f 7703 7701 7142 5738
f 7707 7704 7705 6090
f 7711 7708 7709 6092
f 7714 7712 7339 5864
f 7718 7715 7716 6096
f 7722 7719 7720 6099
f 7725 7723 7471 5952
f 7729 7726 7727 5919
f 7733 7730 7731 6010
f 7736 7734 7378 5890
f 7740 7737 7738 5995
f 7744 7741 7742 6105
f 7748 7745 7746 6107
f 7742 7749 7750 6105
f 7755 7752 7753 6111
f 7758 7756 7757 6114
f 7762 7759 7760 6017
f 7724 7763 7764 5951
f 7769 7766 7767 5922
f 7773 7770 7771 6118
f 7776 7774 7775 6120
f 7219 7777 7778 5780
f 7783 7780 7781 6122
f 7787 7784 7785 6125
f 7302 7788 7789 5825
f 7793 7790 7791 5788
f 7796 7794 7795 6063
f 7800 7797 7798 6130
f 7804 7801 7802 6132
f 7808 7805 7806 5805
f 7812 7809 7810 5829
f 7815 7813 7814 6134
f 7819 7816 7817 6142
f 7822 7820 7416 5914
f 7826 7823 7824 5880
f 7830 7827 7828 6147
f 7834 7831 7832 6150
f 7838 7835 7836 6153
f 7842 7839 7840 5990
f 7845 7843 7356 5873
f 7849 7846 7847 6158
f 7853 7850 7851 6160
f 7856 7854 7855 6163
f 7860 7857 7858 6163
f 7863 7861 7720 6100
f 7867 7864 7865 6076
f 7871 7868 7869 6019
f 7874 7872 7602 6027
f 7878 7875 7876 5851
f 7882 7879 7880 6170
f 7885 7883 7884 6172
f 7698 7886 7887 5858
f 7892 7889 7890 6174
f 7895 7893 7894 6176
f 7898 7896 7897 5650
f 7902 7899 7900 6177
f 7906 7903 7904 6179
f 7910 7907 7908 5751
f 7914 7911 7912 6084
f 7918 7915 7916 6185
f 7922 7919 7920 6189
f 7926 7923 7924 6089
f 7930 7927 7928 6193
f 7934 7931 7932 5533
f 7937 7935 7936 5777
f 7941 7938 7939 6197
f 7944 7942 7943 6198
f 7946 7945 7944 6198
f 7950 7947 7948 6199
f 7954 7951 7952 6202
f 7958 7955 7956 6205
f 7265 7959 7960 5815
f 7964 7962 7963 5934
f 7966 7965 7812 5829
f 7970 7967 7968 6208
f 7974 7971 7972 6211
f 7978 7975 7976 5556
f 7982 7979 7980 6207
f 7985 7983 7984 5842
f 7988 7986 7818 6144
f 7334 7990 7991 5859
f 7996 7993 7994 5885
f 8000 7997 7998 5883
f 8004 8001 8002 6221
f 8006 8005 7824 5887
f 8010 8007 8008 5890
f 8013 8011 8012 6226
f 8016 8014 8015 6227
f 8020 8017 8018 5914
f 8024 8021 8022 6230
f 8027 8025 8026 6233
f 8030 8028 8029 6233
f 8032 8031 8030 6233
f 8035 8033 8034 5930
f 8039 8036 8037 6234
f 8043 8040 8041 5957
f 8047 8044 8045 5962
f 8050 8048 8049 6025
f 8052 8051 7866 6166
f 8056 8053 8054 6239
f 8059 8057 8058 5868
f 8063 8060 8061 6242
f 8067 8064 8065 6244
f 8071 8068 8069 6246
f 7570 8072 8073 5916
f 8078 8075 8076 6249
f 8082 8079 8080 5988
f 8086 8083 8084 6251
f 8090 8087 8088 6255
f 8093 8091 8092 6031
f 8096 8094 8095 6257
f 8100 8097 8098 6045
f 8102 8101 7795 6042
f 8105 8103 8104 6259
f 8109 8106 8107 6053
f 8112 8110 7873 6167
f 8115 8113 7747 6109
f 8119 8116 8117 6263
f 8122 8120 8121 6074
f 8125 8123 8124 6074
f 8127 8126 8125 6074
f 8130 8128 8129 6267
f 8134 8131 8132 6268
f 8136 8135 7744 6105
f 8139 8137 8138 6270
f 8142 8140 8141 6271
f 8145 8143 7381 5892
f 8148 8146 7338 5863
f 7750 8149 8150 6105
f 8154 8152 8153 6275
f 8158 8155 8156 5771
f 7783 8159 7786 6124
f 8164 8161 8162 6049
f 8168 8165 8166 6278
f 8172 8169 8170 5801
f 8175 8173 8174 6275
f 8179 8176 8177 6280
f 8182 8180 7373 5886
f 8185 8183 7479 5954
f 8189 8186 8187 5957
f 8193 8190 8191 6252
f 8198 8195 8196 6290
f 8203 8200 8201 6292
f 8210 8207 8208 6296
f 8217 8214 8215 6187
f 8220 8218 8219 6301
f 8224 8221 8222 6088
f 8227 8225 8224 6088
f 8232 8228 8229 6762
f 8237 8233 8234 6306
f 8242 8238 8239 6767
f 8246 8243 8244 6769
f 8250 8247 8248 6771
f 6800 8251 8252 5522
f 8263 8259 8260 6312
f 8267 8264 8265 6778
f 8277 8273 8274 5524
f 8252 8278 8279 5522
f 8284 8281 8282 6316
f 8288 8285 8286 6776
f 8293 8289 8290 6789
f 8298 8294 8295 6308
f 8303 8299 8300 6324
f 7328 8304 8305 5855
f 8312 8308 8309 6785
f 8317 8313 8314 6325
f 8322 8318 8319 6326
f 8326 8323 8324 5521
f 8331 8327 8328 6314
f 8334 8332 8333 6313
f 8282 8339 8340 6316
f 6802 8343 8277 5524
f 8348 8344 8345 6327
f 8351 8349 6828 5544
f 8354 8352 6829 5545
f 6824 8355 8356 5540
f 8363 8359 8360 6332
f 8366 8364 7042 5690
f 8370 8367 8368 6334
f 8375 8371 8372 6197
f 8377 8376 8354 5545
f 8380 8378 8379 6335
f 8362 8381 8382 5649
f 8388 8385 6840 5553
f 6869 8389 8390 5572
f 7972 8393 8394 6211
f 8397 8395 7318 5849
f 8402 8398 8399 5683
f 8405 8403 7405 5907
f 6849 8406 8400 5559
f 8401 8408 6848 5559
f 8413 8411 8409 6146
f 8418 8414 8415 5561
f 8421 8419 7044 5563
f 6858 8422 8421 5563
f 8425 8423 6817 5536
f 8427 8426 8402 5683
f 8430 8428 6818 5534
f 8432 8431 6833 5548
f 8437 8433 8434 6342
f 7052 8438 8439 5567
f 8350 8441 8442 5543
f 8454 8450 8451 6345
f 8457 8455 7051 5567
f 8468 8466 8467 5676
f 8472 8469 8470 5574
f 8476 8473 8474 5659
f 8479 8477 6904 5596
f 7066 8480 8481 5637
f 8475 8483 8484 5668
f 8485 8487 8488 6352
f 8494 8491 8492 6354
f 8499 8495 8496 6355
f 8502 8500 8501 6357
f 8506 8503 8504 5653
f 8510 8507 8508 5605
f 8508 8511 6915 5605
f 6911 8513 8514 5602
f 8520 8517 8518 6360
f 6913 8521 8522 5604
f 8510 8524 8525 5599
f 8530 8527 8528 6362
f 8534 8531 8532 6363
f 8537 8535 8536 6365
f 8542 8539 8540 5707
f 8533 8543 8544 6364
f 8548 8546 8547 5616
f 8551 8549 6941 5621
f 8556 8553 8554 6370
f 8561 8557 8558 5619
f 8556 8562 6939 5620
f 8568 8564 8565 6373
f 8575 8571 8572 6378
f 8581 8577 8578 6384
f 8586 8583 8584 6386
f 6953 8590 8591 5632
f 7074 8593 8594 5706
f 8598 8596 6972 5594
f 8603 8599 8600 6389
f 8606 8604 6966 5641
f 8611 8607 8608 6392
f 8526 8612 8613 6361
f 8616 8615 7083 5636
f 7093 8617 8618 5667
f 8452 8620 8621 6346
f 8623 8622 7100 5529
f 8627 8624 8625 6395
f 8632 8628 8629 6396
f 8635 8633 8611 6392
f 8640 8637 8638 6359
f 8563 8642 8643 6372
f 8647 8645 8619 5714
f 8651 8648 8649 6400
f 8655 8652 8559 6371
f 8659 8656 8657 5660
f 8663 8660 8661 6368
f 8666 8664 8665 5664
f 8670 8667 8668 6404
f 8603 8671 8672 5720
f 8666 8674 8629 5663
f 8675 8676 8677 6396
f 8680 8679 8631 6397
f 8478 8681 8474 5668
f 7106 8682 8489 5719
f 6870 8684 7056 5573
f 8686 8685 8467 5673
f 6860 8687 8688 5564
f 8693 8691 7085 5712
f 7113 8694 8695 5701
f 8699 8697 8698 6391
f 8703 8701 8568 6373
f 8707 8704 8705 5639
f 8346 8708 8709 6328
f 8375 8710 6808 5530
f 8353 8713 8347 6329
f 8716 8714 8303 6324
f 8718 8717 8711 5688
f 8721 8719 6816 5535
f 8723 8722 8358 5541
f 8726 8724 8380 6335
f 8384 8727 8728 6337
f 8731 8730 8394 5545
f 8723 8732 8729 6332
f 8731 8733 8383 6337
f 8365 8735 8415 5555
f 8738 8737 8407 5560
f 8390 8739 8740 5572
f 8738 8742 6852 5562
f 8396 8744 8745 6171
f 8399 8747 7032 5683
f 8386 8749 6842 5552
f 8751 8750 8413 6146
f 6850 8752 8743 5560
f 8741 8753 6820 5538
f 6854 8755 8424 5546
f 7027 8756 8757 5681
f 7048 8758 8720 5692
f 8429 8759 8425 5536
f 8470 8760 8447 5574
f 8761 8763 8445 6344
f 8767 8765 8726 6335
f 8453 8768 6978 5648
f 8774 8771 8772 6349
f 8460 8775 8776 6348
f 8457 8777 8776 6345
f 8260 8779 8465 6312
f 8783 8781 8782 5697
f 8782 8784 8785 5697
f 8387 8786 8785 5643
f 6868 8787 8788 5571
f 8461 8791 8774 6349
f 8621 8792 8456 6346
f 8472 8793 8449 6343
f 8794 8795 8434 5696
f 8799 8797 6873 5577
f 8802 8800 8798 5578
f 8802 8803 8486 5583
f 7105 8805 7067 5703
f 8807 8806 6962 5638
f 8809 8808 8807 5638
f 8811 8810 6884 5585
f 6892 8813 8814 5590
f 6885 8816 8815 5585
f 8598 8818 6896 5592
f 8497 8823 8494 6354
f 8827 8826 8519 6358
f 8501 8828 8529 6357
f 6905 8830 8829 5597
f 6912 8833 6917 5603
f 8836 8834 8525 6361
f 8515 8837 8827 6358
f 8832 8838 8509 5600
f 8843 8841 8842 6413
f 8845 8844 8661 6403
f 8848 8846 8847 6414
f 8851 8849 8541 6366
f 8850 8852 8613 5645
f 8854 8853 7073 5706
f 8851 8855 8856 6414
f 8848 8857 8657 6402
f 8845 8859 8860 6413
f 6936 8863 6940 5618
f 8866 8864 8865 6369
f 8858 8867 8868 5660
f 6872 8870 8871 5575
f 8644 8873 7006 5622
f 8880 8878 8879 6417
f 8883 8881 8882 6395
f 8625 8884 8883 6395
f 8885 8886 8570 6377
f 8890 8893 8894 5685
f 8897 8896 8576 6383
f 8895 8898 8899 6418
f 8702 8900 8582 6385
f 7035 8901 8902 5686
f 8636 8903 8904 5709
f 8780 8906 8907 6350
f 8616 8910 8540 5646
f 8854 8911 8912 5666
f 8677 8913 8632 6396
f 8872 8915 8916 6416
f 8871 8917 8918 5575
f 6874 8919 8920 5577
f 8481 8921 8922 5637
f 8707 8923 7117 5680
f 8809 8924 8925 5586
f 6897 8926 8597 5592
f 8698 8928 8601 6391
f 8623 8929 8762 6351
f 8443 8930 8796 5693
f 8379 8932 8767 6335
f 8764 8934 8322 6326
f 8709 8935 8931 6328
f 8627 8936 8397 5849
f 6984 8938 8908 5652
f 8835 8940 6909 5599
f 8640 8941 8512 5611
f 8945 8944 6944 5624
f 6920 8946 7070 5608
f 7901 8948 7103 5718
f 8952 8950 8814 6412
f 8952 8953 8819 5593
f 8653 8954 8865 5657
f 6993 8955 8945 5624
f 8663 8956 6931 5615
f 8949 8957 6951 5631
f 8958 8959 8592 5630
f 8669 8961 8962 6405
f 8673 8963 8964 6406
f 7001 8965 8914 5665
f 6995 8966 8476 5659
f 8951 8967 6894 5590
f 8688 8969 8788 5564
f 8769 8971 8933 5647
f 6864 8972 7111 5569
f 7061 8973 8773 5700
f 8974 8975 8970 6407
f 8699 8976 8692 6409
f 8979 8978 8880 6417
f 7116 8980 8981 5721
f 8984 8982 8983 6292
f 8706 8985 8927 6410
f 8989 8986 7192 5767
f 8994 8990 8991 6421
f 8997 8995 8996 6425
f 7580 8998 8999 6018
f 9004 9001 8999 5725
f 7180 9005 9006 5760
f 9010 9007 9008 5758
f 9014 9011 9012 6428
f 9017 9015 9006 5762
f 9020 9018 9019 6431
f 9025 9021 9022 6432
f 9029 9026 9027 5741
f 9033 9030 9028 5766
f 8987 9034 9033 5766
f 9039 9036 9037 6438
f 9043 9040 9041 6440
f 8993 9044 9045 6423
f 9022 9047 9048 6432
f 9051 9050 7188 5764
f 9056 9053 7143 5736
f 7166 9057 7201 5753
f 7174 9059 7202 5757
f 9064 9060 9061 6446
f 9067 9065 7161 5750
f 9074 9071 9062 5748
f 9072 9075 9076 6447
f 9086 9084 9085 6449
f 9086 9087 9088 6439
f 9038 9089 9049 6433
f 9056 9090 9063 6445
f 9094 9092 9035 6419
f 9096 9095 8988 6420
f 9010 9097 7185 5732
f 9099 9098 9008 6427
f 9024 9100 9101 6434
f 9104 9103 9102 6435
f 7141 9105 9091 5736
f 8997 9106 9101 5733
f 9093 9109 9048 5722
f 9110 9111 9025 6432
f 9113 9112 7145 5740
f 9116 9115 7124 5726
f 7869 9117 9000 6019
f 9043 9118 9085 6441
f 9121 9119 9120 6450
f 7200 9125 9032 5757
f 9129 9127 7163 5749
f 9027 9130 7159 5741
f 9133 9131 9121 6450
f 7171 9134 7167 5752
f 9139 9135 9136 5773
f 9142 9140 7215 5778
f 9145 9143 9144 6455
f 9149 9146 9144 6119
f 9153 9150 7776 6120
f 9157 9154 9155 6458
f 9160 9158 9159 6460
f 9163 9161 9162 6461
f 9166 9164 7940 5815
f 9169 9167 7307 5842
f 9174 9170 9171 6463
f 9179 9175 9176 6466
f 7953 9180 9181 6203
f 9185 9183 7227 5787
f 9190 9186 9187 6469
f 9193 9191 7950 6199
f 9196 9194 7280 5791
f 9201 9197 9198 6473
f 9205 9202 9203 5818
f 9210 9206 9207 6132
f 9213 9211 7260 5812
f 9218 9214 9215 5795
f 7957 9219 9220 6141
f 9225 9222 9223 6482
f 9228 9226 8171 6279
f 9231 9229 9230 6485
f 7987 9232 9233 6143
f 9238 9234 9235 6486
f 9242 9239 9187 6470
f 9245 9243 7284 5827
f 9249 9246 9247 5816
f 9253 9250 9251 6491
f 9257 9254 9255 6268
f 9262 9258 9259 6494
f 9267 9263 9264 6498
f 9271 9268 9269 5834
f 9274 9272 9266 6501
f 9279 9275 9276 6495
f 9282 9280 9235 6131
f 7974 9283 9284 5814
f 6845 9286 7978 5556
f 9289 9287 7961 5813
f 9293 9290 9291 6168
f 9297 9294 9295 6507
f 9301 9298 7314 5847
f 9306 9302 9303 6509
f 9315 9311 9312 6515
f 9318 9316 8574 6381
f 9322 9319 9304 6511
f 9327 9323 9324 6520
f 9331 9328 9329 6524
f 9334 9332 9326 6523
f 8585 9335 9318 6381
f 9336 9338 9315 6515
f 9345 9341 9342 6527
f 9356 9352 9353 6535
f 9360 9357 9358 6539
f 9362 9361 7330 5857
f 9366 9363 9364 6540
f 9369 9367 8181 6283
f 9373 9370 7995 6219
f 9378 9374 9375 6543
f 9382 9379 9380 6546
f 9387 9383 9384 6548
f 8023 9388 9389 6231
f 9396 9392 9393 6547
f 9399 9397 9381 6544
f 9402 9400 9376 6545
f 9405 9403 7346 5869
f 9408 9406 7350 5871
f 9413 9409 9410 6558
f 9418 9414 9415 6561
f 9422 9419 9420 6148
f 9426 9423 9424 6565
f 9425 9427 9428 6566
f 9382 9430 9431 6543
f 9436 9433 9434 6149
f 9441 9437 9438 6568
f 9440 9442 9443 6159
f 9449 9446 9447 6571
f 7424 9450 9451 5918
f 9456 9453 9454 6574
f 8018 9457 9458 5914
f 9464 9460 9461 6576
f 8002 9465 9466 6221
f 9470 9468 7728 5890
f 9475 9471 9472 6581
f 8147 9476 9477 5862
f 9441 9479 9445 6569
f 9483 9481 9482 6584
f 9486 9484 9485 6585
f 9489 9487 9488 6586
f 9493 9490 9491 6587
f 9498 9494 9495 5928
f 9503 9499 9500 6591
f 9498 9504 9505 6590
f 9497 9507 8069 6247
f 9513 9509 9510 6595
f 9517 9514 9515 6599
f 9520 9518 9519 6600
f 9524 9521 9522 6601
f 9528 9525 9526 6602
f 9532 9529 9530 6104
f 9535 9533 9534 6111
f 9539 9536 9502 6593
f 9542 9540 9541 6604
f 9545 9543 7458 5943
f 9548 9546 9547 6115
f 9273 9549 9550 6500
f 8077 9553 9554 6250
f 9552 9557 9555 6606
f 9562 9558 9559 5964
f 8042 9563 8038 6236
f 9567 9564 9565 6608
f 7497 9568 9569 5967
f 9573 9571 7489 5963
f 9577 9574 9575 6611
f 9580 9578 9579 6612
f 9569 9581 9582 5967
f 9589 9585 9586 6153
f 9594 9590 9591 6614
f 9599 9595 9596 6616
f 9602 9600 9598 6618
f 9606 9603 9604 6620
f 9609 9607 8056 6239
f 9613 9610 9611 6621
f 9617 9614 9615 5984
f 9621 9618 9611 6622
f 9620 9622 9623 6624
f 9627 9624 9625 6625
f 7524 9628 9617 5984
f 7528 9630 9631 5987
f 9638 9634 9635 6243
f 7355 9639 9640 5874
f 8059 9643 9644 5992
f 9648 9645 9646 6631
f 9644 9649 9650 5992
f 9653 9651 9648 6631
f 9656 9654 7845 5873
f 9372 9657 7382 5893
f 9662 9660 9661 6634
f 8012 9663 9664 6226
f 9668 9667 9554 5912
f 9673 9669 9670 6117
f 9677 9674 9675 6635
f 9680 9678 9679 6287
f 9685 9681 9682 6636
f 9688 9686 7545 5998
f 9692 9689 9690 6036
f 9016 9693 9694 6426
f 9699 9696 7650 6061
f 9241 9700 7623 6043
f 9706 9702 9703 6062
f 9710 9707 9708 6642
f 9714 9711 9712 6640
f 9705 9715 9714 6640
f 9720 9717 9718 6643
f 8163 9721 9722 6277
f 9728 9724 9725 6046
f 9733 9729 9730 6648
f 9738 9734 9735 6650
f 9742 9739 9740 5923
f 9745 9743 9682 6081
f 9749 9746 9747 6257
f 8092 9750 7658 6031
f 9727 9752 9753 6646
f 9756 9754 9520 6600
f 9760 9757 7751 6106
f 8119 9761 9523 6265
f 7672 9763 9764 6073
f 8127 9769 9114 6266
f 9772 9770 9771 6114
f 8130 9773 9774 6013
f 9775 9777 9255 5830
f 9783 9780 9781 6534
f 9782 9784 9785 6570
f 8117 9788 8150 6263
f 9789 9791 8136 6105
f 9745 9793 9794 6632
f 9798 9795 9796 6659
f 9215 9799 9800 5795
f 9801 9803 9804 6661
f 9802 9806 9807 6662
f 9811 9810 9359 6175
f 9813 9812 8194 6288
f 8253 9814 9815 6311
f 9819 9817 9818 6660
f 9823 9820 8138 6094
f 9827 9824 9825 6667
f 7699 9828 8141 6087
f 9832 9830 9462 6578
f 7733 9833 9834 6103
f 9837 9835 9836 6012
f 9839 9838 9532 6104
f 9843 9840 9661 6009
f 9847 9844 9845 6669
f 9852 9848 9849 6603
f 7738 9853 7543 5995
f 9857 9855 7661 6057
f 7743 9858 9859 6106
f 9862 9860 9861 6255
f 9865 9863 9864 6672
f 9742 9866 9539 6593
f 7472 9867 9538 5952
f 7767 9868 7432 5922
f 9872 9869 9545 5943
f 9875 9873 7390 5899
f 9879 9876 7395 5900
f 9289 9880 9881 6485
f 9223 9882 9883 6482
f 8712 9886 9887 5688
f 9890 9888 9889 6463
f 9894 9891 9892 6677
f 9151 9895 7223 5784
f 9805 9896 9897 6476
f 9901 9898 7949 6201
f 9905 9902 9903 5839
f 9908 9906 9907 6679
f 9912 9909 7948 6200
f 9914 9913 7785 6126
f 9918 9915 7272 5822
f 8095 9919 9749 6257
f 9923 9921 9922 6683
f 9927 9924 9925 6681
f 9929 9928 9917 6682
f 9929 9930 9013 6429
f 9937 9933 9934 6685
f 9941 9938 9939 6642
f 9945 9942 9943 6688
f 9949 9946 8168 6278
f 9952 9950 7639 6051
f 9954 9953 7631 6044
f 9958 9955 9956 6473
f 9960 9959 7298 5838
f 9963 9961 7243 5801
f 9967 9964 9965 6693
f 9966 9968 7259 5807
f 9774 9970 9971 6013
f 9972 9973 9974 6694
f 9978 9976 8179 6280
f 7810 9979 7283 5829
f 9980 9982 9983 5828
f 9984 9985 9986 6695
f 9990 9988 7804 6132
f 8170 9991 9963 5801
f 9996 9993 9994 6461
f 9998 9997 9162 5779
f 9998 9999 7211 5775
f 7817 10001 10002 6142
f 10005 10004 7778 6121
f 9776 10006 10007 6655
f 10011 10009 7413 5903
f 10014 10012 10013 6145
f 10018 10015 10016 6697
f 10021 10019 7385 5895
f 10017 10022 9874 5721
f 7488 10024 10025 5961
f 10029 10026 10027 6281
f 8182 10030 10031 6283
f 10036 10033 10034 5860
f 10035 10037 10038 6698
f 10042 10040 10041 6565
f 10025 10043 7494 5961
f 10027 10044 9583 6281
f 10046 10045 9413 6558
f 10050 10047 10048 6557
f 10053 10051 7525 5983
f 10056 10054 7991 6217
f 10060 10057 10058 6699
f 10059 10061 10062 6700
f 10067 10065 7482 5959
f 10072 10068 10069 6158
f 8185 10073 10069 6284
f 8041 10074 8189 5957
f 10079 10076 10077 6703
f 7859 10080 10081 6164
f 10086 10084 9691 6287
f 10088 10087 8193 6252
f 7865 10089 7675 6076
f 10085 10092 7581 6020
f 8192 10093 7588 6024
f 10096 10094 7607 6033
f 10099 10101 10102 6705
f 10103 10104 9297 6507
f 10108 10106 9327 6520
f 10105 10109 10110 5843
f 10113 10112 7322 5852
f 7877 10114 9293 6168
f 10117 10115 7316 5846
f 7885 10118 9296 5844
f 10127 10124 9362 5857
f 10131 10128 7036 5685
f 10134 10132 10130 6710
f 10135 10140 8196 6291
f 8003 10141 10142 6222
f 10149 10145 10146 6713
f 10152 10150 8004 6221
f 8665 10153 10154 5664
f 10158 10156 8668 6405
f 10162 10159 9825 6270
f 10165 10163 10164 6716
f 7690 10166 7696 6083
f 7703 10168 10169 6089
f 10138 10170 10171 6711
f 10172 10173 7721 6098
f 10179 10176 10177 6717
f 10181 10180 8981 5720
f 8203 10182 7115 5721
f 10185 10183 10184 6718
f 10188 10186 10187 6192
f 9137 10189 10190 6452
f 9139 10193 10194 6454
f 7930 10195 7933 6195
f 9887 10197 8718 5688
f 9141 10198 8157 6193
f 8177 10199 10194 6280
f 9138 10201 10202 6453
f 10205 10203 9156 6459
f 8372 10206 7941 6197
f 9168 10207 10208 5841
f 10002 10210 7984 6142
f 10214 10211 10212 6719
f 10217 10215 10216 6677
f 9172 10218 9892 6464
f 8715 10220 9889 6310
f 9994 10221 9163 6461
f 10224 10222 10223 6198
f 10228 10225 9178 6468
f 9900 10229 10230 6678
f 9179 10231 10232 6468
f 10228 10233 10234 6720
f 10236 10235 10223 6718
f 7787 10237 9796 6124
f 9182 10240 7792 6127
f 10245 10241 10242 6721
f 10248 10246 10247 5840
f 10238 10249 10247 6659
f 10253 10250 10251 6684
f 9916 10254 10255 5821
f 10224 10256 7925 6192
f 10259 10257 10258 6680
f 7241 10260 10261 5799
f 7240 10262 10263 5798
f 10263 10265 9897 5798
f 10269 10267 10268 6725
f 9209 10270 10264 5800
f 10274 10272 10273 6139
f 10277 10275 10261 6663
f 10277 10278 10279 6484
f 10283 10280 9884 6676
f 10281 10284 10285 6675
f 10288 10287 9881 6505
f 10290 10289 7261 5811
f 10279 10291 9969 6484
f 7980 10292 7960 6207
f 10295 10293 7249 5802
f 9281 10296 10294 5816
f 10298 10297 9708 6129
f 7964 10299 10300 6137
f 9200 10302 10303 6474
f 10303 10305 10306 6474
f 10258 10308 9911 6680
f 9819 10309 7146 5737
f 8132 10310 9257 6268
f 9986 10312 10313 6695
f 9983 10314 7282 5828
f 9279 10315 10300 6504
f 10318 10316 9265 6500
f 9271 10319 10320 6502
f 7969 10321 10322 6209
f 7968 10324 10325 6208
f 10325 10326 10327 6208
f 7287 10328 9975 5831
f 10273 10330 9989 6139
f 10332 10331 7251 5806
f 7977 10333 10282 6213
f 9212 10334 10332 5806
f 9270 10335 9274 6501
f 7410 10337 10338 5910
f 9259 10339 10340 6494
f 10342 10341 9189 6472
f 9199 10343 7800 6130
f 10346 10345 8369 5690
f 7976 10347 7041 5556
f 7982 10348 7956 6141
f 9220 10349 10208 6141
f 10352 10350 10230 6467
f 7985 10353 9177 6144
f 10226 10354 7988 6144
f 10357 10355 10356 6706
f 7315 10358 10356 5847
f 10102 10359 10360 6705
f 9292 10363 9300 6506
f 10134 10364 9305 6512
f 10369 10367 10368 6727
f 10374 10372 10373 6528
f 9342 10375 10376 6527
f 10378 10377 9314 6518
f 10365 10379 9322 6511
f 10382 10381 10380 6726
f 9339 10385 10378 6518
f 9343 10387 10374 6528
f 10077 10389 10390 6703
f 9306 10396 10133 6512
f 8310 10397 7327 5855
f 10402 10398 10399 6709
f 10120 10403 10399 6707
f 10116 10405 10404 6172
f 10410 10407 10408 6728
f 9429 10411 9393 6551
f 9394 10412 9389 6551
f 10416 10413 10414 6670
f 9845 10417 10418 6669
f 10422 10420 10418 6729
f 9369 10423 10419 6541
f 7352 10425 10031 5872
f 10426 10427 10428 5867
f 9638 10430 9404 6556
f 10048 10431 9407 6557
f 9412 10432 10433 6560
f 10062 10434 10058 6700
f 10437 10436 9417 6151
f 10038 10438 10439 6698
f 10441 10440 9432 6550
f 9426 10442 9387 6548
f 7360 10443 9431 5878
f 10448 10444 10445 6730
f 8037 10449 10450 6234
f 10454 10451 10452 6608
f 9434 10455 10456 6149
f 9567 10457 7998 6220
f 7368 10458 8000 5883
f 10082 10459 9478 6274
f 8006 10460 10461 5879
f 10464 10462 10463 6732
f 8010 10465 10177 6225
f 10469 10467 9402 6545
f 7735 10470 7377 5889
f 10474 10473 9451 6573
f 8073 10475 9452 5916
f 10476 10477 10474 6573
f 9454 10478 10479 6574
f 10483 10480 10481 5905
f 10485 10484 10481 6733
f 10487 10486 10485 6733
f 10479 10488 10482 6574
f 10483 10489 10490 6575
f 9875 10491 8201 6293
f 9463 10492 10493 6578
f 10497 10495 10496 6732
f 10464 10498 9469 6580
f 10497 10500 10152 6221
f 10178 10502 8009 6225
f 10461 10503 9377 5879
f 10505 10504 7727 6101
f 10507 10506 9474 6583
f 10509 10508 9461 6577
f 10512 10510 10511 6666
f 7711 10513 9823 6094
f 10517 10515 10516 6735
f 9516 10518 10519 6598
f 9512 10520 10521 6597
f 10523 10522 8070 6006
f 10526 10524 10525 5925
f 9740 10527 7430 5923
f 8029 10529 9491 6233
f 7576 10530 9537 6016
f 7440 10531 7434 5926
f 10533 10532 7557 6007
f 9849 10534 9527 6603
f 10536 10535 9662 6634
f 10539 10537 10538 6635
f 10542 10540 9542 6604
f 7448 10543 9723 5935
f 10547 10546 10545 5933
f 9778 10548 8134 6268
f 7454 10550 10551 5939
f 10554 10553 7573 6015
f 10551 10555 9544 5939
f 10538 10556 9677 6635
f 10558 10557 9772 6114
f 9550 10559 10318 6500
f 9565 10560 10454 6608
f 7999 10561 9566 6220
f 8043 10562 10563 6237
f 10563 10564 9559 6237
f 7505 10565 10566 5972
f 7506 10567 9570 5968
f 10568 10569 10029 6281
f 9562 10570 10447 6607
f 10574 10572 10573 6736
f 10028 10575 10573 6282
f 10580 10578 10579 6737
f 10579 10581 10582 6737
f 10586 10584 9599 6616
f 9604 10587 10588 6620
f 10583 10589 10588 6738
f 9612 10591 10592 6622
f 10594 10593 10592 6616
f 10594 10595 10596 5980
f 8050 10598 7867 6076
f 7504 10604 7515 5971
f 7512 10606 10602 5973
f 10609 10608 8055 6241
f 9615 10610 7523 5984
f 10614 10612 10613 6740
f 10616 10615 9627 6625
f 10620 10617 10618 6242
f 10622 10621 9635 6628
f 10624 10623 9608 5989
f 7343 10625 7540 5866
f 8066 10627 10628 6245
f 10618 10629 10628 6242
f 9646 10631 9744 6631
f 9851 10632 10633 6671
f 9652 10634 10633 6000
f 10637 10636 10410 6728
f 10435 10638 10637 6728
f 8071 10640 7559 6006
f 9836 10642 10641 6012
f 7422 10643 7569 5916
f 7754 10645 9556 6112
f 9535 10646 10647 6104
f 9839 10648 8074 6011
f 7586 10649 7589 6023
f 9679 10651 10086 6287
f 8082 10652 10088 6252
f 7546 10654 10655 5998
f 9688 10656 10657 6638
f 10660 10658 10659 6029
f 9684 10661 10662 6637
f 7610 10663 9692 6036
f 10666 10665 10664 6026
f 8093 10667 9753 6109
f 10668 10669 9726 6646
f 10671 10670 9747 6167
f 9690 10672 9694 6036
f 10674 10673 9918 5822
f 10677 10675 10676 6258
f 10679 10678 10676 5820
f 9725 10680 7627 6046
f 9718 10682 10683 6643
f 10687 10684 10685 6742
f 7638 10688 10685 6052
f 10691 10690 9935 6687
f 7447 10692 10301 5934
f 10691 10694 7641 6054
f 10696 10695 9722 6645
f 10699 10697 10696 6645
f 10701 10700 9736 6651
f 10704 10702 10701 6651
f 10703 10705 9948 6691
f 10706 10707 9947 6690
f 10709 10708 9737 6652
f 8112 10710 10681 6261
f 10686 10711 8104 6052
f 10712 10713 9712 6259
f 9697 10714 7649 6060
f 9683 10715 7686 6081
f 10717 10716 8114 6262
f 10709 10718 9733 6648
f 9859 10720 9760 6106
f 9735 10721 9759 6650
f 7669 10723 7138 5735
f 8122 10724 10653 6025
f 7439 10725 9534 5929
f 8133 10727 9244 6269
f 10730 10728 10729 6743
f 9797 10731 7781 6123
f 10734 10733 7695 6086
f 10213 10735 9816 5528
f 9650 10736 7537 5992
f 10142 10737 10494 6222
f 7851 10738 8518 6160
f 9659 10740 9842 6633
f 10744 10742 9813 6288
f 10401 10745 10744 6288
f 10747 10746 8145 5892
f 9854 10748 10421 5865
f 8118 10749 9790 6264
f 10626 10751 10752 5996
f 10754 10753 7646 6058
f 7598 10755 10660 6029
f 8148 10756 9826 6274
f 7736 10758 7423 5918
f 7731 10760 7566 6010
f 9843 10761 9658 6633
f 9846 10762 10416 6670
f 9850 10763 9524 6601
f 7740 10764 7536 5994
f 10766 10765 9758 6654
f 9856 10767 10722 6066
f 10757 10768 7709 6093
f 10769 10770 10514 6092
f 9831 10771 10509 6577
f 10772 10773 9475 6581
f 10774 10775 10507 6583
f 9670 10776 9676 6117
f 10552 10777 7450 5937
f 9771 10779 7758 6114
f 7757 10780 10558 6114
f 7761 10781 9548 6115
f 9870 10782 7455 5941
f 10554 10783 7459 5944
f 9893 10784 9171 6464
f 10786 10785 10216 6719
f 8231 10787 10212 5528
f 10227 10788 9908 6679
f 10219 10789 7207 5772
f 10306 10790 10344 6474
f 7236 10791 10729 5793
f 10351 10793 9899 6678
f 9910 10794 9195 6199
f 7789 10796 7276 5825
f 10792 10797 8160 6122
f 10800 10798 9190 6469
f 10799 10801 10342 6472
f 10679 10802 9240 6043
f 10804 10803 10244 6722
f 9926 10805 10253 6684
f 9931 10806 7131 5730
f 9277 10807 10295 5802
f 10808 10809 9248 6490
f 9201 10810 10811 6475
f 10304 10812 9242 6470
f 10814 10813 7267 5819
f 7634 10815 8164 6049
f 8098 10816 10817 6045
f 7268 10818 10814 5819
f 10817 10819 7626 6045
f 9952 10820 9709 6055
f 9957 10822 9719 6644
f 7798 10823 9198 6130
f 10754 10824 9541 6233
f 10826 10825 9262 6494
f 10828 10827 7802 6133
f 10340 10829 10826 6494
f 7244 10830 8172 5801
f 8175 10831 7936 6194
f 9990 10832 10274 6139
f 9992 10834 9962 6692
f 10005 10835 9153 6120
f 7398 10836 10011 5903
f 10010 10837 7406 5908
f 10013 10839 10338 6145
f 10023 10840 7389 5898
f 7335 10841 10036 5860
f 9428 10842 10843 6566
f 9391 10845 10844 6552
f 10611 10846 10053 5983
f 10597 10848 10847 6739
f 10843 10849 9424 6566
f 7829 10850 9422 6148
f 10851 10852 9418 6561
f 7838 10853 10571 5965
f 7833 10854 10437 6151
f 10856 10855 9408 5871
f 10032 10857 7351 5872
f 10859 10858 10614 6740
f 10861 10860 10616 6625
f 10863 10862 9625 6626
f 10052 10864 9629 5985
f 10034 10865 7992 5860
f 10055 10866 10409 5859
f 10868 10867 9411 6560
f 10870 10869 10433 6630
f 7844 10871 9642 5875
f 8208 10872 10390 6296
f 10876 10875 9355 6538
f 9443 10877 7847 6159
f 10880 10878 10066 6701
f 10882 10881 7478 5956
f 10884 10883 8184 6284
f 10886 10885 10070 6702
f 10079 10887 10876 6538
f 10171 10888 10136 6711
f 10892 10890 10165 6716
f 10081 10893 7858 6164
f 10889 10894 10739 6161
f 7862 10895 10896 6099
f 7722 10897 7717 6098
f 9350 10898 10174 6533
f 10083 10900 9447 6572
f 9593 10901 7509 5975
f 10902 10906 7513 5974
f 10671 10907 10096 6033
f 10095 10908 7613 6034
f 10910 10911 9331 6524
f 10107 10912 9334 6523
f 10111 10913 10357 6706
f 7880 10914 9299 6170
f 10119 10915 10361 6508
f 7887 10916 7331 5858
f 10125 10917 9360 6539
f 7892 10918 7326 5854
f 10131 10919 10366 6710
f 10139 10921 10175 6188
f 10162 10922 10923 6177
f 10926 10924 10925 6180
f 10161 10927 7082 5711
f 7905 10928 10926 6180
f 8960 10929 10155 5661
f 10932 10930 8672 6406
f 10157 10933 8964 6404
f 10935 10934 8962 6392
f 10935 10936 10147 6715
f 10169 10937 7926 6089
f 10202 10938 10192 6453
f 10940 10939 10191 6448
f 7916 10941 10942 6185
f 10167 10944 10734 6086
f 10948 10947 7918 6185
f 10471 10949 10931 5888
f 10018 10951 9878 6674
f 8209 10955 10879 6297
f 10964 10962 10942 6745
f 10943 10969 10965 6745
f 8227 10985 10986 6304
f 10988 10987 10974 6749
f 10940 10989 8212 5525
f 10988 10990 8217 6187
f 10996 10994 10978 6751
f 10979 10997 10998 6751
f 10996 10999 11000 6752
f 11006 11004 8334 6313
f 11009 11007 8270 6781
f 11013 11010 8325 6757
f 11016 11014 6797 6760
f 11019 11017 8312 6785
f 11022 11020 8306 5518
f 11025 11023 8246 6769
f 11028 11026 8288 6776
f 11031 11029 8262 6773
f 11034 11032 8315 6319
f 6792 6791 6793 5519
f 6793 6791 6794 5520
f 6796 6795 6797 6756
f 6797 6795 6798 6760
f 6800 6799 6801 5523
f 6801 6799 6802 5524
f 6804 6803 6805 5526
f 6805 6803 6806 5527
f 6808 6807 6809 5530
f 6809 6807 6810 5531
f 6812 6811 6813 5532
f 6813 6811 6814 5533
f 6816 6815 6817 5535
f 6817 6815 6818 5536
f 6820 6819 6821 5538
f 6821 6819 6822 5539
f 6824 6823 6825 5541
f 6825 6823 6826 5542
f 6828 6827 6829 5544
f 6829 6827 6830 5545
f 6832 6831 6833 5547
f 6833 6831 6834 5548
f 6836 6835 6837 5550
f 6837 6835 6838 5551
f 6840 6839 6841 5553
f 6841 6839 6842 5554
f 6844 6843 6845 5556
f 6845 6843 6846 5557
f 6848 6847 6849 5559
f 6849 6847 6850 5560
f 6852 6851 6853 5562
f 6853 6851 6854 5546
f 6856 6855 6857 5547
f 6857 6855 6858 5563
f 6860 6859 6861 5565
f 6861 6859 6862 5566
f 6864 6863 6865 5570
f 6868 6867 6869 5572
f 6869 6867 6870 5573
f 6872 6871 6873 5576
f 6873 6871 6874 5577
f 6876 6875 6877 5579
f 6877 6875 6878 5580
f 6880 6879 6881 5582
f 6881 6879 6882 5583
f 6884 6883 6885 5585
f 6885 6883 6886 5586
f 6888 6887 6889 5588
f 6889 6887 6890 5589
f 6892 6891 6893 5589
f 6896 6895 6897 5592
f 6897 6895 6898 5586
f 6900 6899 6901 5568
f 6901 6899 6902 5594
f 6907 6906 6908 5600
f 6908 6906 6909 5601
f 6911 6910 6912 5603
f 6912 6910 6913 5604
f 6915 6914 6916 5605
f 6916 6914 6917 5606
f 6919 6918 6920 5608
f 6920 6918 6921 5609
f 6923 6922 6924 5611
f 6924 6922 6925 5612
f 6927 6926 6928 5613
f 6928 6926 6929 5614
f 6928 6930 6931 5613
f 6931 6930 6932 5615
f 6934 6933 6935 5617
f 6935 6933 6936 5618
f 6938 6937 6939 5619
f 6939 6937 6940 5620
f 6943 6942 6944 5623
f 6944 6942 6945 5624
f 6947 6946 6948 5627
f 6948 6946 6949 5628
f 6951 6950 6952 5631
f 6952 6950 6953 5632
f 6955 6954 6956 5634
f 6956 6954 6957 5635
f 6952 6958 6959 5631
f 6959 6958 6960 5636
f 6962 6961 6963 5638
f 6963 6961 6964 5639
f 6966 6965 6967 5641
f 6967 6965 6968 5642
f 6970 6969 6971 5643
f 6971 6969 6972 5644
f 6974 6973 6975 5645
f 6975 6973 6976 5646
f 6978 6977 6979 5648
f 6979 6977 6980 5649
f 6982 6981 6983 5651
f 6983 6981 6984 5652
f 6986 6985 6987 5654
f 6987 6985 6988 5607
f 6993 6992 6994 5658
f 6994 6992 6995 5659
f 6997 6996 6998 5633
f 6998 6996 6999 5662
f 7001 7000 7002 5666
f 7002 7000 7003 5667
f 7005 7004 6880 5582
f 6880 7004 7006 5581
f 7008 7007 7009 5672
f 7009 7007 7010 5673
f 7012 7011 7013 5675
f 7013 7011 7014 5571
f 7016 7015 7012 5675
f 7012 7015 7017 5674
f 7019 7018 6888 5588
f 6888 7018 7020 5587
f 7022 7021 7023 5678
f 7023 7021 7024 5679
f 7026 7025 7027 5681
f 7027 7025 7028 5682
f 7030 7029 7031 5684
f 7031 7029 7032 5644
f 7034 7033 7035 5686
f 7035 7033 7036 5687
f 7038 7037 6821 5539
f 6821 7037 7039 5538
f 7041 7040 6844 5556
f 6844 7040 7042 5555
f 6857 7043 6832 5547
f 6832 7043 7044 5546
f 7046 7045 7047 5691
f 7047 7045 7048 5692
f 7050 7049 7051 5694
f 7051 7049 7052 5567
f 7055 7054 7056 5698
f 7056 7054 7057 5573
f 7059 7058 7060 5672
f 7060 7058 7061 5700
f 7063 7062 6876 5579
f 6876 7062 7064 5578
f 7066 7065 7067 5702
f 7067 7065 7068 5703
f 7070 7069 6919 5608
f 6919 7069 7071 5607
f 7073 7072 7074 5706
f 7074 7072 7075 5707
f 7077 7076 7078 5708
f 7078 7076 7079 5709
f 7081 7080 7082 5710
f 7082 7080 7083 5711
f 7023 7084 7085 5678
f 7085 7084 7086 5712
f 7088 7087 7089 5620
f 7089 7087 7090 5713
f 7092 7091 7003 5665
f 7003 7091 7093 5667
f 7095 7094 6812 5532
f 6812 7094 7096 5529
f 7098 7097 7099 5716
f 7099 7097 7100 5717
f 7102 7101 7081 5710
f 7081 7101 7103 5636
f 7105 7104 7106 5719
f 7106 7104 7107 5587
f 7109 7108 7110 5674
f 7110 7108 7111 5698
f 6877 7112 7063 5579
f 7063 7112 7113 5701
f 7115 7114 7116 5721
f 7116 7114 7117 5679
f 7119 7118 7120 5723
f 7120 7118 7121 5724
f 7127 7126 7128 5728
f 7128 7126 7129 5729
f 7128 7130 7131 5728
f 7131 7130 7132 5730
f 7134 7133 7135 5732
f 7135 7133 7136 5733
f 7138 7137 7139 5735
f 7141 7140 7142 5737
f 7142 7140 7143 5738
f 7145 7144 7146 5740
f 7146 7144 7147 5737
f 7149 7148 7150 5739
f 7150 7148 7151 5742
f 7154 7153 7155 5746
f 7155 7153 7156 5747
f 7158 7157 7159 5748
f 7159 7157 7151 5741
f 7161 7160 7162 5750
f 7162 7160 7163 5751
f 7165 7164 7166 5753
f 7166 7164 7167 5754
f 7169 7168 7170 5756
f 7170 7168 7171 5752
f 7120 7172 7173 5723
f 7173 7172 7174 5757
f 7176 7175 7177 5758
f 7177 7175 7178 5759
f 7180 7179 7181 5731
f 7181 7179 7182 5761
f 7184 7183 7185 5763
f 7185 7183 7186 5732
f 7188 7187 7189 5764
f 7189 7187 7190 5759
f 7192 7191 7193 5767
f 7193 7191 7194 5768
f 7155 7196 7197 5746
f 7200 7199 7201 5747
f 7201 7199 7202 5753
f 7170 7203 7204 5756
f 7204 7203 7205 5724
f 7207 7206 7208 5772
f 7208 7206 7209 5773
f 7211 7210 7212 5775
f 7212 7210 7213 5776
f 7215 7214 7216 5778
f 7216 7214 7217 5779
f 7219 7218 7220 5781
f 7220 7218 7221 5782
f 7223 7222 7224 5784
f 7224 7222 7225 5785
f 7227 7226 7228 5787
f 7228 7226 7229 5788
f 7231 7230 7232 5790
f 7232 7230 7233 5791
f 7235 7234 7236 5793
f 7236 7234 7237 5794
f 7239 7238 7240 5798
f 7240 7238 7241 5799
f 7243 7242 7244 5801
f 7244 7242 7245 5799
f 7247 7246 7248 5803
f 7248 7246 7249 5804
f 7251 7250 7252 5806
f 7252 7250 7253 5807
f 7255 7254 7256 5809
f 7256 7254 7257 5810
f 7259 7258 7260 5807
f 7260 7258 7261 5812
f 7263 7262 7264 5814
f 7264 7262 7265 5815
f 7267 7266 7268 5819
f 7268 7266 7269 5817
f 7271 7270 7272 5821
f 7272 7270 7273 5822
f 7275 7274 7276 5824
f 7276 7274 7277 5825
f 7279 7278 7280 5826
f 7280 7278 7232 5791
f 7282 7281 7283 5828
f 7283 7281 7284 5829
f 7286 7285 7287 5831
f 7287 7285 7288 5832
f 7290 7289 7291 5833
f 7291 7289 7292 5834
f 7294 7293 7295 5836
f 7295 7293 7296 5832
f 7298 7297 7299 5838
f 7299 7297 7300 5839
f 7302 7301 7303 5789
f 7303 7301 7304 5840
f 7306 7305 7307 5841
f 7307 7305 7308 5842
f 7310 7309 7311 5844
f 7311 7309 7312 5845
f 7314 7313 7315 5847
f 7315 7313 7316 5845
f 7318 7317 7319 5849
f 7319 7317 7320 5850
f 7322 7321 7323 5852
f 7323 7321 7324 5853
f 7326 7325 7327 5854
f 7327 7325 7328 5855
f 7330 7329 7331 5857
f 7331 7329 7332 5858
f 7334 7333 7335 5860
f 7335 7333 7336 5861
f 7338 7337 7339 5863
f 7339 7337 7340 5864
f 7342 7341 7343 5866
f 7343 7341 7344 5867
f 7346 7345 7347 5869
f 7347 7345 7348 5870
f 7350 7349 7351 5871
f 7351 7349 7352 5872
f 7354 7353 7355 5874
f 7355 7353 7356 5875
f 7358 7357 7359 5877
f 7359 7357 7360 5878
f 7362 7361 7363 5880
f 7363 7361 7364 5876
f 7366 7365 7367 5882
f 7367 7365 7368 5883
f 7367 7369 7370 5882
f 7370 7369 7371 5884
f 7373 7372 7374 5886
f 7374 7372 7375 5887
f 7377 7376 7378 5889
f 7378 7376 7379 5890
f 7381 7380 7382 5892
f 7382 7380 7383 5893
f 7385 7384 7386 5895
f 7386 7384 7387 5896
f 7389 7388 7390 5898
f 7390 7388 7391 5899
f 7393 7392 7394 5894
f 7394 7392 7395 5901
f 7397 7396 7398 5903
f 7398 7396 7399 5904
f 7401 7400 7402 5905
f 7402 7400 7403 5906
f 7405 7404 7406 5907
f 7406 7404 7407 5908
f 7409 7408 7410 5910
f 7410 7408 7411 5911
f 7413 7412 7397 5903
f 7397 7412 7407 5902
f 7415 7414 7416 5913
f 7416 7414 7417 5914
f 7419 7418 7411 5909
f 7411 7418 7420 5911
f 7422 7421 7423 5917
f 7423 7421 7424 5918
f 7426 7425 7427 5920
f 7427 7425 7428 5921
f 7430 7429 7431 5923
f 7431 7429 7432 5924
f 7434 7433 7435 5926
f 7435 7433 7436 5927
f 7438 7437 7439 5929
f 7439 7437 7440 5926
f 7442 7441 7443 5931
f 7443 7441 7444 5932
f 7446 7445 7447 5934
f 7447 7445 7448 5935
f 7450 7449 7451 5937
f 7451 7449 7452 5938
f 7454 7453 7455 5940
f 7455 7453 7456 5941
f 7458 7457 7459 5943
f 7459 7457 7460 5944
f 7462 7461 7463 5946
f 7463 7461 7464 5947
f 7466 7465 7467 5948
f 7467 7465 7468 5949
f 7470 7469 7471 5951
f 7471 7469 7472 5952
f 7474 7473 7475 5954
f 7475 7473 7476 5955
f 7478 7477 7479 5956
f 7479 7477 7474 5954
f 7481 7480 7482 5958
f 7482 7480 7483 5959
f 7485 7484 7481 5958
f 7481 7484 7486 5957
f 7488 7487 7489 5962
f 7489 7487 7490 5963
f 7492 7491 7493 5964
f 7493 7491 7494 5965
f 7496 7495 7497 5967
f 7497 7495 7498 5968
f 7500 7499 7501 5970
f 7501 7499 7502 5971
f 7504 7503 7505 5972
f 7505 7503 7506 5968
f 7508 7507 7509 5974
f 7509 7507 7510 5975
f 7508 7511 7512 5973
f 7512 7511 7513 5976
f 7515 7514 7501 5971
f 7501 7514 7516 5970
f 7518 7517 7519 5979
f 7519 7517 7520 5980
f 7523 7522 7524 5984
f 7524 7522 7525 5985
f 7527 7526 7528 5987
f 7528 7526 7529 5988
f 7531 7530 7532 5990
f 7532 7530 7533 5991
f 7535 7534 7536 5993
f 7536 7534 7537 5994
f 7539 7538 7540 5996
f 7540 7538 7541 5866
f 7541 7542 7342 5866
f 7342 7542 7543 5865
f 7545 7544 7546 5998
f 7546 7544 7547 5999
f 7549 7548 7550 6001
f 7550 7548 7551 6002
f 7553 7552 7554 6004
f 7554 7552 7555 6005
f 7557 7556 7558 6007
f 7558 7556 7559 6008
f 7561 7560 7562 6009
f 7562 7560 7563 5920
f 7565 7564 7426 5920
f 7426 7564 7566 5919
f 7568 7567 7569 6012
f 7569 7567 7570 5916
f 7572 7571 7573 6014
f 7573 7571 7574 6015
f 7576 7575 7577 5927
f 7577 7575 7578 6017
f 7580 7579 7581 6019
f 7581 7579 7582 6020
f 7584 7583 7585 6022
f 7585 7583 7586 6023
f 7585 7587 7588 6022
f 7588 7587 7589 6024
f 7591 7590 7529 5986
f 7529 7590 7592 5988
f 7594 7593 7595 6027
f 7595 7593 7596 6028
f 7598 7597 7599 6030
f 7599 7597 7600 6031
f 7602 7601 7594 6027
f 7594 7601 7603 6026
f 7605 7604 7606 5759
f 7606 7604 7607 6034
f 7609 7608 7610 6036
f 7610 7608 7611 6028
f 7189 7612 7613 5764
f 7613 7612 7606 6034
f 7582 7614 7615 6020
f 7615 7614 7616 6037
f 7618 7617 7619 6039
f 7619 7617 7620 6040
f 7622 7621 7623 6042
f 7623 7621 7624 6043
f 7626 7625 7627 6045
f 7627 7625 7628 6046
f 7630 7629 7631 6047
f 7631 7629 7628 6044
f 7633 7632 7634 6049
f 7634 7632 7635 6050
f 7637 7636 7638 6052
f 7638 7636 7639 6050
f 7641 7640 7642 6054
f 7642 7640 7643 6055
f 7645 7644 7646 6057
f 7646 7644 7647 6058
f 7649 7648 7650 6060
f 7650 7648 7651 6061
f 7653 7652 7654 6063
f 7654 7652 7655 6064
f 7657 7656 7658 6065
f 7658 7656 7599 6031
f 7645 7659 7660 6056
f 7660 7659 7661 6066
f 7663 7662 7664 6068
f 7664 7662 7665 6069
f 7667 7666 7668 6071
f 7668 7666 7669 5735
f 7671 7670 7672 6073
f 7672 7670 7673 6074
f 7675 7674 7676 6076
f 7676 7674 7677 6077
f 7679 7678 7680 6079
f 7680 7678 7681 6080
f 7683 7682 7677 6075
f 7677 7682 7684 6077
f 7686 7685 7687 6081
f 7687 7685 7688 6082
f 7690 7689 7691 6084
f 7691 7689 7692 6085
f 7694 7693 7695 5856
f 7695 7693 7696 6086
f 7698 7697 7699 6087
f 7699 7697 7700 6088
f 7142 7701 7702 5737
f 7702 7701 7703 6089
f 7705 7704 7706 6002
f 7706 7704 7707 6091
f 7709 7708 7710 6093
f 7710 7708 7711 6094
f 7339 7712 7713 5863
f 7713 7712 7714 6095
f 7716 7715 7717 6097
f 7717 7715 7718 6098
f 7720 7719 7721 6100
f 7721 7719 7722 6098
f 7471 7723 7724 5951
f 7724 7723 7725 5924
f 7727 7726 7728 6101
f 7728 7726 7729 5890
f 7731 7730 7732 6102
f 7732 7730 7733 6103
f 7378 7734 7735 5889
f 7735 7734 7736 5918
f 7738 7737 7739 6091
f 7739 7737 7740 5994
f 7742 7741 7743 6106
f 7743 7741 7744 6082
f 7746 7745 7747 6108
f 7747 7745 7748 6109
f 7750 7749 7751 6110
f 7751 7749 7742 6106
f 7753 7752 7754 6112
f 7754 7752 7755 6113
f 7757 7756 7435 5927
f 7435 7756 7758 5926
f 7760 7759 7761 6115
f 7761 7759 7762 5950
f 7764 7763 7765 5949
f 7765 7763 7724 5924
f 7767 7766 7768 5948
f 7768 7766 7769 6116
f 7771 7770 7772 6119
f 7772 7770 7773 5783
f 7775 7774 7224 5785
f 7224 7774 7776 5784
f 7778 7777 7779 6121
f 7779 7777 7219 5781
f 7781 7780 7782 6123
f 7782 7780 7783 6124
f 7785 7784 7786 6126
f 7786 7784 7787 6124
f 7789 7788 7231 5790
f 7231 7788 7302 5789
f 7791 7790 7792 6125
f 7792 7790 7793 6127
f 7795 7794 7622 6042
f 7622 7794 7796 6041
f 7798 7797 7799 6131
f 7799 7797 7800 5837
f 7802 7801 7803 6133
f 7803 7801 7804 6134
f 7806 7805 7807 6135
f 7807 7805 7808 6136
f 7810 7809 7811 6137
f 7811 7809 7812 6138
f 7814 7813 7294 5836
f 7294 7813 7815 5835
f 7817 7816 7818 6143
f 7818 7816 7819 6144
f 7416 7820 7821 5913
f 7821 7820 7822 5904
f 7824 7823 7825 5887
f 7825 7823 7826 5861
f 7828 7827 7829 6148
f 7829 7827 7830 6149
f 7832 7831 7833 6151
f 7833 7831 7834 6152
f 7836 7835 7837 6154
f 7837 7835 7838 5965
f 7840 7839 7841 6155
f 7841 7839 7842 6156
f 7356 7843 7844 5875
f 7844 7843 7845 6157
f 7847 7846 7848 6159
f 7848 7846 7849 5955
f 7851 7850 7852 6161
f 7852 7850 7853 6162
f 7855 7854 7716 6097
f 7716 7854 7856 6096
f 7858 7857 7859 6164
f 7859 7857 7860 6165
f 7720 7861 7862 6099
f 7862 7861 7863 6165
f 7865 7864 7866 6080
f 7866 7864 7867 6166
f 7869 7868 7870 6071
f 7870 7868 7871 6022
f 7602 7872 7873 6032
f 7873 7872 7874 6167
f 7876 7875 7877 6168
f 7877 7875 7878 6169
f 7880 7879 7881 6171
f 7881 7879 7882 5848
f 7884 7883 7311 5845
f 7311 7883 7885 5844
f 7887 7886 7888 6173
f 7888 7886 7698 6087
f 7890 7889 7891 6175
f 7891 7889 7892 5854
f 7894 7893 6793 5520
f 6793 7893 7895 5519
f 7897 7896 7895 6176
f 7895 7896 7898 5519
f 7900 7899 7901 5718
f 7901 7899 7902 6178
f 7904 7903 7905 6180
f 7905 7903 7906 6178
f 7908 7907 7909 6181
f 7909 7907 7910 6118
f 7912 7911 7913 6183
f 7913 7911 7914 6184
f 7916 7915 7917 6186
f 7917 7915 7918 6184
f 7920 7919 7921 6190
f 7921 7919 7922 6191
f 7924 7923 7925 5792
f 7925 7923 7926 6192
f 7928 7927 7929 6194
f 7929 7927 7930 6195
f 7932 7931 7933 6196
f 7933 7931 7934 6195
f 7936 7935 7928 6194
f 7928 7935 7937 6193
f 7939 7938 7940 5776
f 7940 7938 7941 5815
f 7943 7942 7229 5786
f 7229 7942 7944 5788
f 7944 7945 7793 5788
f 7793 7945 7946 6127
f 7948 7947 7949 6200
f 7949 7947 7950 6201
f 7952 7951 7953 6203
f 7953 7951 7954 6204
f 7956 7955 7957 6141
f 7957 7955 7958 6206
f 7960 7959 7961 6207
f 7961 7959 7265 5813
f 7963 7962 7811 6138
f 7811 7962 7964 6137
f 7812 7965 7963 6138
f 7963 7965 7966 5934
f 7968 7967 7969 6209
f 7969 7967 7970 6210
f 7972 7971 7973 6212
f 7973 7971 7974 5814
f 7976 7975 7977 6213
f 7977 7975 7978 5833
f 7980 7979 7981 6140
f 7981 7979 7982 6141
f 7984 7983 7819 6142
f 7819 7983 7985 6144
f 7818 7986 7987 6143
f 7987 7986 7988 6214
f 7991 7990 7992 6217
f 7992 7990 7334 5860
f 7994 7993 7995 6218
f 7995 7993 7996 6219
f 7998 7997 7999 6220
f 7999 7997 8000 5955
f 8002 8001 8003 6222
f 8003 8001 8004 6223
f 7824 8005 7362 5880
f 7362 8005 8006 5879
f 8008 8007 8009 6224
f 8009 8007 8010 6225
f 8012 8011 7386 5896
f 7386 8011 8013 5895
f 8015 8014 7391 5897
f 7391 8014 8016 5899
f 8018 8017 8019 6228
f 8019 8017 8020 6229
f 8022 8021 8023 6231
f 8023 8021 8024 6232
f 8026 8025 7664 6069
f 7664 8025 8027 6068
f 8029 8028 7768 6116
f 7768 8028 8030 5948
f 8030 8031 7466 5948
f 7466 8031 8032 5931
f 8034 8033 7463 5947
f 7463 8033 8035 5946
f 8037 8036 8038 6235
f 8038 8036 8039 6236
f 8041 8040 8042 6236
f 8042 8040 8043 6237
f 8045 8044 8046 5966
f 8046 8044 8047 6238
f 8049 8048 7676 6077
f 7676 8048 8050 6076
f 7866 8051 7680 6080
f 7680 8051 8052 6079
f 8054 8053 8055 6240
f 8055 8053 8056 6241
f 8058 8057 7535 5993
f 7535 8057 8059 5992
f 8061 8060 8062 6243
f 8062 8060 8063 5868
f 8065 8064 8066 6245
f 8066 8064 8067 5868
f 8069 8068 8070 6247
f 8070 8068 8071 6006
f 8073 8072 8074 6248
f 8074 8072 7570 6011
f 8076 8075 8077 6250
f 8077 8075 8078 6112
f 8080 8079 8081 6251
f 8081 8079 8082 6252
f 8084 8083 8085 6253
f 8085 8083 8086 6254
f 8088 8087 8089 6256
f 8089 8087 8090 6253
f 8092 8091 7748 6107
f 7748 8091 8093 6109
f 8095 8094 7178 5727
f 7178 8094 8096 5759
f 8098 8097 8099 6041
f 8099 8097 8100 6258
f 7795 8101 7653 6063
f 7653 8101 8102 6062
f 8104 8103 7637 6052
f 7637 8103 8105 6051
f 8107 8106 8108 6260
f 8108 8106 8109 5935
f 7873 8110 8111 6032
f 8111 8110 8112 6261
f 7747 8113 8114 6108
f 8114 8113 8115 6262
f 8117 8116 8118 6264
f 8118 8116 8119 6265
f 8121 8120 8049 6077
f 8049 8120 8122 6025
f 8129 8128 7572 6014
f 7572 8128 8130 6013
f 8132 8131 8133 6269
f 8133 8131 8134 5938
f 7744 8135 7687 6082
f 7687 8135 8136 6081
f 8138 8137 7710 6094
f 7710 8137 8139 6093
f 8141 8140 7888 6087
f 7888 8140 8142 6173
f 7381 8143 8144 5891
f 8144 8143 8145 5921
f 7338 8146 8147 5862
f 8147 8146 8148 6274
f 8150 8149 8151 6263
f 8151 8149 7750 6110
f 8153 8152 7213 5774
f 7213 8152 8154 5776
f 8156 8155 8157 6276
f 8157 8155 8158 6193
f 7786 8159 8160 6126
f 8160 8159 7783 6122
f 8162 8161 8163 6277
f 8163 8161 8164 6260
f 8166 8165 8167 6061
f 8167 8165 8168 6047
f 8170 8169 8171 5810
f 8171 8169 8172 6279
f 8174 8173 7929 6195
f 7929 8173 8175 6194
f 8177 8176 8178 5785
f 8178 8176 8179 5780
f 7373 8180 8181 5885
f 8181 8180 8182 6283
f 7479 8183 8184 5956
f 8184 8183 8185 6284
f 8187 8186 8188 5953
f 8188 8186 8189 6285
f 8191 8190 8192 6024
f 8192 8190 8193 6070
f 8196 8195 8197 6291
f 8197 8195 8198 6216
f 8201 8200 8202 6293
f 8202 8200 8203 5721
f 8208 8207 8209 6297
f 8209 8207 8210 6294
f 8212 8211 6806 5525
f 6806 8211 8213 5527
f 8215 8214 8216 6299
f 8216 8214 8217 6300
f 8219 8218 8215 6299
f 8215 8218 8220 6187
f 8222 8221 8223 6302
f 8224 8225 8226 6303
f 8229 8228 8230 5523
f 8230 8228 8231 5528
f 8231 8228 8232 6305
f 8234 8233 8235 6764
f 8235 8233 8236 6766
f 8236 8233 8237 6308
f 8239 8238 8240 6765
f 8240 8238 8241 6306
f 8241 8238 8242 6310
f 8244 8243 7898 5650
f 7898 8243 8245 5519
f 8245 8243 8246 6754
f 8248 8247 6801 5524
f 6801 8247 8249 5523
f 8249 8247 8250 6761
f 8252 8251 8253 6311
f 8253 8251 8230 5528
f 8230 8251 6800 5523
f 8255 8254 8256 6312
f 8256 8254 8257 6772
f 8257 8254 8258 6774
f 8260 8259 8261 5651
f 8261 8259 8262 6775
f 8262 8259 8263 6773
f 8265 8264 8266 6758
f 8266 8264 7917 6184
f 7917 8264 8267 6186
f 8269 8268 8270 6779
f 8270 8268 8271 6781
f 8271 8268 8272 6314
f 8274 8273 8275 6770
f 8275 8273 8276 6784
f 8276 8273 8277 6316
f 8279 8278 6804 5526
f 6804 8278 8280 5525
f 8280 8278 8252 6311
f 8282 8281 8283 6317
f 6805 8281 8284 5526
f 8286 8285 6982 5651
f 6982 8285 8287 5650
f 8287 8285 8288 6768
f 8290 8289 8291 6763
f 8291 8289 8292 6305
f 8292 8289 8293 6323
f 8295 8294 8296 6307
f 8296 8294 8297 6790
f 8297 8294 8298 6323
f 8300 8299 8301 6321
f 8301 8299 8302 6309
f 8302 8299 8303 6310
f 8305 8304 8306 6318
f 8306 8304 8307 5518
f 8307 8304 7328 5520
f 8309 8308 8310 5855
f 8310 8308 8311 5521
f 8311 8308 8312 6759
f 8314 8313 8315 6320
f 8315 8313 8316 6319
f 8316 8313 8317 6326
f 8319 8318 8320 6786
f 8320 8318 8321 6787
f 8321 8318 8322 6324
f 8324 8323 7914 6084
f 7914 8323 8325 6184
f 8325 8323 8326 6757
f 8328 8327 8329 6780
f 8329 8327 8330 6777
f 8330 8327 8331 6186
f 8336 8335 8337 6788
f 8337 8335 8338 6782
f 8340 8339 8341 6783
f 8341 8339 8342 6322
f 8342 8339 8282 6317
f 8277 8343 8284 6316
f 8284 8343 8279 5526
f 8279 8343 6802 5522
f 8345 8344 8346 6328
f 8346 8344 8347 5531
f 8347 8344 8348 6329
f 6828 8349 8350 5543
f 8350 8349 8348 6327
f 8348 8349 8351 6329
f 6829 8352 8351 5544
f 8351 8352 8353 6329
f 8353 8352 8354 6330
f 8356 8355 8357 6331
f 8357 8355 8358 5692
f 8358 8355 6824 5541
f 8360 8359 8361 5691
f 8361 8359 8362 5649
f 8362 8359 8363 6333
f 7042 8364 8365 5555
f 8365 8364 6826 5540
f 6826 8364 8366 5542
f 8368 8367 8369 6211
f 8369 8367 8366 5690
f 8366 8367 8370 5542
f 8372 8371 8373 5814
f 8373 8371 8374 6330
f 8374 8371 8375 5530
f 8354 8376 8373 6330
f 8373 8376 7973 5814
f 7973 8376 8377 6212
f 8379 8378 8361 5649
f 8361 8378 7046 5691
f 7046 8378 8380 5689
f 8382 8381 8383 6336
f 8383 8381 8384 6337
f 8384 8381 8362 6333
f 6840 8385 8386 5552
f 8386 8385 8387 5643
f 8387 8385 8388 6338
f 8390 8389 8391 5549
f 8391 8389 8392 6338
f 8392 8389 6869 5573
f 8394 8393 8377 5545
f 8377 8393 7972 6212
f 7318 8395 7881 5848
f 7881 8395 8396 6171
f 8396 8395 8397 6339
f 8399 8398 8400 5554
f 8400 8398 8401 5559
f 8401 8398 8402 5907
f 7405 8403 7403 5902
f 7403 8403 8404 5906
f 8404 8403 8405 5682
f 8400 8406 6841 5554
f 6841 8406 8407 5553
f 8407 8406 6849 5560
f 6848 8408 8409 5558
f 8409 8408 8410 6146
f 8410 8408 8401 5907
f 8409 8411 8412 5558
f 8412 8411 8413 6340
f 8415 8414 8416 5555
f 8416 8414 8417 6340
f 8417 8414 8418 6341
f 7044 8419 6853 5546
f 6853 8419 8420 5562
f 8420 8419 8421 6338
f 8421 8422 8391 6338
f 8391 8422 6838 5549
f 6838 8422 6858 5551
f 6817 8423 8424 5535
f 8424 8423 6834 5546
f 6834 8423 8425 5548
f 8402 8426 8405 5907
f 8405 8426 8427 5682
f 6818 8428 8429 5536
f 8429 8428 6822 5537
f 6822 8428 8430 5539
f 6833 8431 6856 5547
f 6856 8431 6837 5551
f 6837 8431 8432 5550
f 8434 8433 8435 5696
f 8435 8433 8436 6343
f 8436 8433 8437 5717
f 8440 8438 7052 5693
f 8442 8441 7050 5694
f 7050 8441 8443 5693
f 8443 8441 8350 6327
f 8445 8444 8446 6344
f 8435 8448 7053 5696
f 8451 8450 8452 6346
f 8452 8450 8453 5648
f 8453 8450 8454 6347
f 7051 8455 8456 5694
f 8456 8455 8451 6346
f 8451 8455 8457 6345
f 8459 8458 8460 6348
f 8460 8458 8461 6349
f 8461 8458 8462 5671
f 8465 8463 8255 6312
f 8467 8466 7009 5673
f 7009 8466 7059 5672
f 7059 8466 8468 5699
f 8470 8469 8471 6351
f 8471 8469 8436 5717
f 8436 8469 8472 6343
f 8474 8473 8475 5668
f 8475 8473 6881 5583
f 6881 8473 8476 5582
f 8478 8477 8479 5658
f 8481 8480 7064 5701
f 7064 8480 8482 5578
f 8482 8480 7066 5702
f 8485 8483 8486 6353
f 8486 8483 8475 5583
f 8488 8487 8489 5669
f 8489 8487 8490 5719
f 8490 8487 8485 6353
f 8492 8491 8493 5597
f 8496 8495 8497 6354
f 8497 8495 8498 6356
f 8501 8500 8492 5597
f 8492 8500 8496 6354
f 8496 8500 8502 6355
f 8504 8503 8505 5601
f 8508 8507 8509 5610
f 8509 8507 6907 5600
f 6907 8507 8510 5599
f 6915 8511 8512 5603
f 8512 8511 6923 5611
f 6923 8511 8508 5610
f 8514 8513 8515 6358
f 8515 8513 8516 6359
f 8516 8513 6911 5603
f 8518 8517 8519 6160
f 8519 8517 8514 6358
f 8514 8517 8520 5602
f 8522 8521 8523 5711
f 8523 8521 8520 6360
f 8520 8521 6913 5602
f 8525 8524 8526 6361
f 8526 8524 6916 5606
f 6916 8524 8510 5605
f 8528 8527 7071 5704
f 7071 8527 8529 5607
f 8529 8527 8530 6357
f 8532 8531 8533 6364
f 8533 8531 8530 6362
f 8530 8531 8534 6357
f 8536 8535 8534 6363
f 8534 8535 8502 6357
f 8502 8535 8537 6355
f 8537 8538 8499 6355
f 8540 8539 6975 5646
f 6975 8539 8541 5645
f 8541 8539 8542 6366
f 8544 8543 8545 6368
f 8545 8543 8528 5704
f 8528 8543 8533 6362
f 8547 8546 7075 5705
f 7075 8546 8542 5707
f 8542 8546 8548 6366
f 6991 8549 8550 5656
f 8550 8549 8551 6369
f 8554 8553 8555 5576
f 8555 8553 7089 5713
f 7089 8553 8556 5620
f 8558 8557 8559 5657
f 8559 8557 8560 6371
f 8560 8557 8561 6372
f 6939 8562 8561 5619
f 8561 8562 8563 6372
f 8563 8562 8556 6370
f 8565 8564 8566 6374
f 8566 8564 8567 6375
f 8567 8564 8568 6376
f 8572 8571 8573 6379
f 8573 8571 8574 6380
f 8574 8571 8575 6381
f 8578 8577 8579 6379
f 8579 8577 8580 6382
f 8584 8583 8575 6378
f 8575 8583 8585 6381
f 8585 8583 8586 6387
f 8591 8590 6955 5634
f 6955 8590 8592 5633
f 8592 8590 6953 5630
f 8594 8593 8591 5634
f 8591 8593 8595 5632
f 8595 8593 7074 5707
f 6972 8596 7031 5644
f 7031 8596 8597 5684
f 8597 8596 8598 5592
f 8600 8599 8601 6390
f 8601 8599 8602 6391
f 8602 8599 8603 5720
f 6966 8604 8605 5640
f 8605 8604 8600 6390
f 8600 8604 8606 6389
f 8608 8607 8609 5664
f 8609 8607 8610 6393
f 8610 8607 8611 6394
f 8613 8612 6974 5645
f 6974 8612 8614 5604
f 8614 8612 8526 5606
f 7083 8615 8522 5711
f 8522 8615 6976 5604
f 6976 8615 8616 5646
f 8618 8617 7090 5705
f 7090 8617 8619 5713
f 8619 8617 7093 5714
f 8621 8620 8382 6336
f 8382 8620 6979 5649
f 6979 8620 8452 5648
f 7100 8622 8471 5717
f 8471 8622 8623 6351
f 8625 8624 8626 6374
f 8626 8624 7319 5850
f 7319 8624 8627 5849
f 8629 8628 8630 5663
f 8630 8628 8631 5662
f 8631 8628 8632 6397
f 8611 8633 8634 6394
f 8634 8633 6968 5640
f 6968 8633 8635 5642
f 8638 8637 8639 6398
f 6924 8637 8640 5611
f 8643 8642 6943 5623
f 6943 8642 8644 5622
f 8644 8642 8563 6370
f 8619 8645 8555 5713
f 8555 8645 8646 5576
f 8646 8645 8647 6399
f 8649 8648 7107 5703
f 7107 8648 8650 5587
f 8650 8648 8651 5584
f 8559 8652 8653 5657
f 8653 8652 8654 5656
f 8654 8652 8655 6401
f 8657 8656 8658 6402
f 8658 8656 8659 6403
f 8661 8660 8658 6403
f 8658 8660 8662 6402
f 8662 8660 8663 5615
f 8665 8664 6999 5661
f 6999 8664 8630 5662
f 8630 8664 8666 5663
f 8668 8667 8669 6405
f 8669 8667 6967 5642
f 6967 8667 8670 5641
f 8672 8671 8673 6406
f 8673 8671 8603 6389
f 8629 8674 8675 6396
f 8675 8674 8609 6393
f 8609 8674 8666 5664
f 8677 8676 8647 5714
f 8647 8676 8678 6399
f 8678 8676 8675 6393
f 8631 8679 6998 5662
f 6998 8679 6957 5633
f 6957 8679 8680 5635
f 8474 8681 6994 5659
f 6994 8681 8478 5658
f 8489 8682 8683 5669
f 7020 8682 7106 5587
f 7056 8684 7110 5698
f 7110 8684 7014 5674
f 7014 8684 6870 5571
f 8467 8685 7017 5676
f 7017 8685 7109 5674
f 7109 8685 8686 5569
f 8688 8687 8689 6407
f 8689 8687 8690 6408
f 8690 8687 6860 5565
f 7085 8691 7022 5678
f 7022 8691 8692 5677
f 8692 8691 8693 6409
f 8695 8694 8696 5712
f 8696 8694 7113 5580
f 8698 8697 8696 5580
f 8696 8697 8693 5712
f 8693 8697 8699 6409
f 8568 8701 8700 6376
f 8702 8701 8703 6386
f 8705 8704 8706 6410
f 8706 8704 7026 5681
f 7026 8704 8707 5680
f 8709 8708 7098 5716
f 7098 8708 6810 5529
f 6810 8708 8346 5531
f 6808 8710 8711 5529
f 8711 8710 8712 5688
f 8712 8710 8375 6197
f 8347 8713 6809 5531
f 6809 8713 8374 5530
f 8374 8713 8353 6330
f 8303 8714 8715 6310
f 8715 8714 6813 5533
f 6813 8714 8716 5532
f 8711 8717 6814 5529
f 6814 8717 8718 5533
f 6816 8719 8720 5534
f 8720 8719 8357 5692
f 8357 8719 8721 6331
f 8358 8722 7047 5692
f 7047 8722 8360 5691
f 8360 8722 8723 6332
f 8380 8724 7039 5689
f 7039 8724 8725 5538
f 8725 8724 8726 6411
f 8728 8727 8729 6334
f 8729 8727 8363 6332
f 8363 8727 8384 6333
f 8394 8730 8368 6211
f 8368 8730 8728 6334
f 8728 8730 8731 6337
f 8729 8732 8370 6334
f 8370 8732 6825 5542
f 6825 8732 8723 5541
f 8383 8733 8734 6336
f 8734 8733 6830 5543
f 6830 8733 8731 5545
f 8415 8735 8736 5561
f 8736 8735 8356 6331
f 8356 8735 8365 5540
f 8407 8737 8388 5553
f 8388 8737 8420 6338
f 8420 8737 8738 5562
f 8740 8739 8725 6411
f 8725 8739 8741 5538
f 8741 8739 8390 5549
f 6852 8742 8418 5561
f 8418 8742 8743 6341
f 8743 8742 8738 5560
f 8745 8744 7897 6176
f 7897 8744 8746 5650
f 8746 8744 8396 6339
f 7032 8747 8748 5644
f 8748 8747 8399 5554
f 6842 8749 8748 5554
f 8748 8749 6971 5644
f 6971 8749 8386 5643
f 8413 8750 8416 6340
f 8416 8750 6846 5555
f 6846 8750 8751 5557
f 8743 8752 8417 6341
f 8417 8752 8412 6340
f 8412 8752 6850 5558
f 6820 8753 8754 5537
f 8754 8753 6836 5550
f 6836 8753 8741 5549
f 8424 8755 8721 5535
f 8721 8755 8736 6331
f 8736 8755 6854 5561
f 8757 8756 8427 5683
f 8427 8756 7027 5682
f 8720 8758 8430 5534
f 8430 8758 7038 5539
f 7038 8758 7048 5689
f 8425 8759 8432 5548
f 8432 8759 8754 5550
f 8754 8759 8429 5537
f 8447 8760 8761 6344
f 8761 8760 8762 5715
f 8762 8760 8470 6351
f 8445 8763 8317 6325
f 8317 8763 8764 6326
f 8764 8763 8761 5715
f 8726 8765 8766 6411
f 8766 8765 6862 5564
f 6862 8765 8767 5566
f 6978 8768 8769 5647
f 8769 8768 8770 6408
f 8770 8768 8453 6347
f 8772 8771 8770 6347
f 8770 8771 8773 6408
f 8773 8771 8774 5700
f 8776 8775 8454 6345
f 8454 8775 8772 6347
f 8772 8775 8460 6349
f 8776 8777 8778 6348
f 8465 8779 8780 6350
f 8780 8779 6983 5652
f 6983 8779 8260 5651
f 8782 8781 6901 5594
f 6901 8781 6865 5568
f 6865 8781 8783 5570
f 8785 8784 6970 5643
f 6970 8784 8782 5594
f 8785 8786 7057 5697
f 7057 8786 8392 5573
f 8392 8786 8387 6338
f 8788 8787 8766 5564
f 8766 8787 8740 6411
f 8740 8787 6868 5572
f 8686 8789 6866 5569
f 8774 8791 7060 5700
f 7060 8791 7008 5672
f 7008 8791 8461 5671
f 8456 8792 8442 5694
f 8442 8792 8734 5543
f 8734 8792 8621 6336
f 8434 8795 8796 6342
f 8796 8795 8440 5693
f 8440 8795 8794 5695
f 6873 8797 8798 5576
f 8798 8797 6878 5578
f 6878 8797 8799 5580
f 8798 8800 8801 5576
f 8801 8800 6882 5581
f 6882 8800 8802 5583
f 8486 8803 8804 6353
f 8804 8803 8482 5702
f 8482 8803 8802 5578
f 7067 8805 8804 5702
f 8804 8805 8490 6353
f 8490 8805 7105 5719
f 6962 8806 7068 5637
f 7068 8806 8649 5703
f 8649 8806 8807 6400
f 8807 8808 8651 6400
f 8651 8808 6886 5584
f 6886 8808 8809 5586
f 6884 8810 8650 5584
f 8650 8810 6890 5587
f 6890 8810 8811 5589
f 6889 8812 7019 5588
f 8814 8813 8815 6412
f 8815 8813 8811 5585
f 8811 8813 6892 5589
f 8815 8816 8817 6412
f 8817 8816 6898 5591
f 6898 8816 6885 5586
f 6896 8818 8819 5591
f 8819 8818 6902 5593
f 6902 8818 8598 5594
f 8822 8820 6903 5595
f 8519 8826 7853 6160
f 7853 8826 8587 6162
f 8529 8828 6987 5607
f 6987 8828 8829 5654
f 8829 8828 8501 5597
f 8829 8830 6986 5654
f 6986 8830 8506 5653
f 8506 8830 6905 5598
f 6908 8831 8832 5600
f 6917 8833 8614 5606
f 8614 8833 6912 5604
f 8525 8834 8835 5599
f 8835 8834 6921 5607
f 6921 8834 8836 5609
f 8827 8837 8825 6388
f 8638 8837 8515 6359
f 8509 8838 6925 5610
f 6925 8838 8824 5612
f 8840 8839 8536 6363
f 8842 8841 8532 6364
f 8532 8841 8840 6363
f 8840 8841 8843 6367
f 8661 8844 8544 6368
f 8544 8844 8842 6364
f 8842 8844 8845 6413
f 8847 8846 6932 5614
f 6932 8846 8662 5615
f 8662 8846 8848 6402
f 8541 8849 8850 5645
f 8850 8849 8847 5614
f 8847 8849 8851 6414
f 8613 8852 8836 6361
f 8836 8852 6929 5609
f 6929 8852 8850 5614
f 7073 8853 8618 5705
f 8618 8853 7002 5667
f 7002 8853 8854 5666
f 8856 8855 6934 5617
f 6934 8855 8548 5616
f 8548 8855 8851 6366
f 8657 8857 8858 5660
f 8858 8857 8856 5617
f 8856 8857 8848 6414
f 8860 8859 8861 6415
f 8861 8859 8659 5660
f 8659 8859 8845 6403
f 8860 8862 8843 6413
f 6940 8863 7088 5620
f 7088 8863 8547 5705
f 8547 8863 6936 5616
f 8865 8864 8558 5657
f 8558 8864 6938 5619
f 6938 8864 8866 5618
f 8868 8867 8866 6369
f 8866 8867 6935 5618
f 6935 8867 8858 5617
f 8551 8869 8868 6369
f 8868 8869 8552 5660
f 8871 8870 8872 6416
f 8872 8870 8646 6399
f 8646 8870 6872 5576
f 7006 8873 8801 5581
f 8801 8873 8554 5576
f 8554 8873 8644 6370
f 8875 8874 8654 6401
f 8654 8874 6990 5656
f 8567 8876 8877 6375
f 8879 8878 8626 5850
f 8626 8878 8565 6374
f 8565 8878 8880 6373
f 8882 8881 6949 5626
f 6949 8881 8569 5628
f 8569 8881 8883 6377
f 8883 8884 8885 6377
f 8885 8884 8566 6375
f 8566 8884 8625 6374
f 6948 8887 8888 5627
f 7034 8889 8890 5685
f 8892 8891 8581 6384
f 8894 8893 8895 6418
f 8895 8893 8892 6384
f 8892 8893 8890 5629
f 8579 8896 8572 6379
f 8572 8896 8897 6378
f 8899 8898 8573 6380
f 8573 8898 8578 6379
f 8578 8898 8895 6384
f 8897 8900 8584 6378
f 8584 8900 8702 6386
f 8589 8901 7035 5687
f 8904 8903 6989 5655
f 8904 8905 7078 5709
f 8907 8906 6947 5627
f 6947 8906 8908 5626
f 8908 8906 8780 5652
f 8907 8909 8464 6350
f 8540 8910 8595 5707
f 8595 8910 6960 5632
f 6960 8910 8616 5636
f 8912 8911 6956 5635
f 6956 8911 8594 5634
f 8594 8911 8854 5706
f 8632 8913 8914 6397
f 8914 8913 7092 5665
f 7092 8913 8677 5714
f 8916 8915 8610 6394
f 8610 8915 8678 6393
f 8678 8915 8872 6399
f 8918 8917 8634 5640
f 8634 8917 8916 6394
f 8916 8917 8871 6416
f 8920 8919 8605 6390
f 8605 8919 8918 5640
f 8918 8919 6874 5575
f 8922 8921 7086 5679
f 7086 8921 8695 5712
f 8695 8921 8481 5701
f 7117 8923 8922 5679
f 8922 8923 6964 5637
f 6964 8923 8707 5639
f 8925 8924 8705 6410
f 8705 8924 6963 5639
f 6963 8924 8809 5638
f 8597 8926 8927 5684
f 8927 8926 8925 6410
f 8925 8926 6897 5586
f 8601 8928 8920 6390
f 8920 8928 8799 5577
f 8799 8928 8698 5580
f 8762 8929 7096 5715
f 7096 8929 8623 5529
f 8796 8930 8931 6342
f 8931 8930 8345 6328
f 8345 8930 8443 6327
f 8767 8932 8933 5566
f 8933 8932 6980 5647
f 6980 8932 8379 5649
f 8322 8934 8716 6324
f 8716 8934 7095 5532
f 7095 8934 8764 5715
f 8931 8935 8437 6342
f 8437 8935 7099 5717
f 7099 8935 8709 5716
f 8397 8936 8937 6339
f 8937 8936 8882 5626
f 8882 8936 8627 6395
f 8908 8938 8937 5626
f 8937 8938 8746 6339
f 8746 8938 6984 5650
f 6900 8939 8821 5593
f 6909 8940 8504 5601
f 8504 8940 6988 5653
f 6988 8940 8835 5607
f 8512 8941 8516 5603
f 8516 8941 8640 6359
f 8479 8942 8943 5658
f 8943 8942 8875 6401
f 8875 8942 8641 5625
f 6944 8944 8643 5623
f 8643 8944 8560 6372
f 8560 8944 8945 6371
f 7070 8946 8947 5704
f 8947 8946 6927 5613
f 6927 8946 6920 5609
f 7103 8948 6959 5636
f 6959 8948 8949 5631
f 8949 8948 7901 6178
f 8814 8950 8951 5590
f 8951 8950 8822 5595
f 8822 8950 8952 5593
f 8819 8953 8817 5591
f 8817 8953 8952 6412
f 8865 8954 8550 6369
f 8550 8954 8653 5656
f 8945 8955 8655 6371
f 8655 8955 8943 6401
f 8943 8955 6993 5658
f 6931 8956 8947 5613
f 8947 8956 8545 5704
f 8545 8956 8663 6368
f 6951 8957 8958 5630
f 8958 8957 7906 6179
f 7906 8957 8949 6178
f 8592 8959 6997 5633
f 6997 8959 8960 5661
f 8960 8959 8958 6179
f 8962 8961 8635 6392
f 8635 8961 8669 5642
f 8964 8963 8670 6404
f 8670 8963 8606 5641
f 8606 8963 8673 6389
f 8914 8965 8680 6397
f 8680 8965 8912 5635
f 8912 8965 7001 5666
f 8476 8966 7005 5582
f 7005 8966 6945 5622
f 6945 8966 6995 5624
f 7010 8968 8790 5673
f 8788 8969 7013 5571
f 7013 8969 8970 5675
f 8970 8969 8688 6407
f 8933 8971 6861 5566
f 6861 8971 8690 5565
f 8690 8971 8769 6408
f 7111 8972 7055 5698
f 7055 8972 8783 5697
f 8783 8972 6864 5570
f 8773 8973 8689 6408
f 8689 8973 8974 6407
f 8974 8973 7061 5699
f 8970 8975 7016 5675
f 7016 8975 8468 5676
f 8468 8975 8974 5699
f 8692 8976 8977 5677
f 8977 8976 8602 5720
f 8602 8976 8699 6391
f 8880 8978 8703 6373
f 8703 8978 8586 6386
f 8586 8978 8979 6387
f 8981 8980 8977 5720
f 8977 8980 7024 5677
f 7024 8980 7116 5679
f 8983 8982 7028 5680
f 7028 8982 8404 5682
f 8404 8982 8984 5906
f 8927 8985 7030 5684
f 7030 8985 8757 5683
f 8757 8985 8706 5681
f 7192 8986 8987 5766
f 8987 8986 8988 6419
f 8988 8986 8989 6420
f 8991 8990 8992 6422
f 8992 8990 8993 6423
f 8993 8990 8994 6424
f 7181 8995 7136 5731
f 7136 8995 8997 5733
f 8999 8998 7125 5725
f 7125 8998 9000 5726
f 9000 8998 7580 6019
f 8999 9001 9002 6018
f 9002 9001 9003 6426
f 9003 9001 9004 5760
f 9006 9005 7186 5762
f 7186 9005 7134 5732
f 7134 9005 7180 5731
f 9008 9007 9009 6427
f 9009 9007 7135 5733
f 7135 9007 9010 5732
f 9012 9011 7132 5729
f 7132 9011 9013 5730
f 9013 9011 9014 6429
f 9006 9015 9003 5760
f 9003 9015 9016 6426
f 9016 9015 9017 6430
f 7139 9018 7668 5735
f 7668 9018 9020 6071
f 9022 9021 9023 6433
f 9023 9021 9024 6434
f 9024 9021 9025 6435
f 9027 9026 9028 6436
f 9028 9026 7194 5766
f 7194 9026 9029 5768
f 9028 9030 9031 6436
f 9031 9030 9032 6437
f 9032 9030 9033 5757
f 9033 9034 7173 5757
f 7173 9034 9035 5723
f 9035 9034 8987 6419
f 9037 9036 9023 6434
f 9023 9036 9038 6433
f 9038 9036 9039 6439
f 9041 9040 9037 6434
f 9037 9040 9042 6438
f 9042 9040 9043 6441
f 9045 9044 9014 6428
f 9014 9044 9046 6429
f 9046 9044 8993 6424
f 9048 9047 7121 5722
f 7121 9047 9049 5724
f 9049 9047 9022 6433
f 7188 9050 7184 5763
f 7184 9050 9017 5762
f 9017 9050 9051 6430
f 7143 9053 9054 5738
f 9054 9053 9055 6444
f 9055 9053 9056 6445
f 7201 9057 7198 5747
f 7198 9057 9058 5769
f 9058 9057 7166 5754
f 7202 9059 7165 5753
f 7165 9059 7205 5752
f 7205 9059 7174 5724
f 9061 9060 9062 6447
f 9062 9060 9063 5748
f 9063 9060 9064 6445
f 7161 9065 9066 5749
f 9069 9068 9070 6448
f 9062 9071 9072 6447
f 9072 9071 9073 5745
f 9073 9071 9074 6437
f 9079 9078 9080 5755
f 9085 9084 9042 6441
f 9042 9084 9039 6438
f 9039 9084 9086 6439
f 9088 9087 7169 5756
f 7169 9087 9079 5755
f 9079 9087 9086 6449
f 9049 9089 7204 5724
f 7204 9089 9088 5756
f 9088 9089 9038 6439
f 9063 9090 7158 5748
f 7158 9090 9091 5742
f 9091 9090 9056 5736
f 9035 9092 7119 5723
f 7119 9092 9093 5722
f 9093 9092 9094 6422
f 8988 9095 9094 6419
f 9094 9095 8991 6422
f 8991 9095 9096 6421
f 7185 9097 7190 5763
f 7190 9097 7177 5759
f 7177 9097 9010 5758
f 9008 9098 7176 5758
f 7176 9098 7129 5727
f 7129 9098 9099 5729
f 9101 9100 9009 5733
f 9009 9100 9102 6427
f 9102 9100 9024 6435
f 9102 9103 9099 6427
f 9099 9103 9012 5729
f 9012 9103 9104 6428
f 9091 9105 7150 5742
f 7150 9105 7147 5739
f 7147 9105 7141 5737
f 9101 9106 9041 6434
f 9041 9106 9107 6440
f 9004 9108 7195 5760
f 9048 9109 9110 6432
f 9110 9109 8992 6423
f 8992 9109 9093 6422
f 9025 9111 9104 6435
f 9104 9111 9045 6428
f 9045 9111 9110 6423
f 7145 9112 7149 5739
f 7149 9112 9029 5741
f 9029 9112 9113 5768
f 9000 9117 9116 5726
f 9116 9117 9020 6431
f 9020 9117 7869 6071
f 9085 9118 9081 6449
f 9120 9119 9067 5750
f 9067 9119 9052 6443
f 9064 9122 9055 6445
f 9055 9122 9123 6444
f 9123 9122 9124 6451
f 9032 9125 9073 6437
f 9073 9125 7156 5745
f 7156 9125 7200 5747
f 7154 9126 9077 5745
f 7163 9127 9128 5751
f 9128 9127 9069 6448
f 9069 9127 9129 5770
f 7159 9130 9074 5748
f 9074 9130 9031 6437
f 9031 9130 9027 6436
f 9121 9131 9132 6442
f 9123 9131 9133 6444
f 7167 9134 9083 5754
f 9082 9134 7171 5755
f 9136 9135 9137 6452
f 9137 9135 9138 6453
f 9138 9135 9139 6454
f 7215 9140 7937 5777
f 7937 9140 9141 6193
f 9141 9140 9142 5782
f 9144 9143 7771 6119
f 7771 9143 7909 6118
f 7909 9143 9145 6181
f 9144 9146 9147 6455
f 9147 9146 9148 6214
f 9148 9146 9149 6456
f 7776 9150 9151 5784
f 9151 9150 9152 6456
f 9152 9150 9153 6457
f 9155 9154 7220 5782
f 7220 9154 9156 5781
f 9156 9154 9157 6459
f 9159 9158 9142 5778
f 9142 9158 9155 5782
f 9155 9158 9160 6458
f 9162 9161 7216 5779
f 7216 9161 9159 5778
f 9159 9161 9163 6460
f 7940 9164 7212 5776
f 7212 9164 9165 5775
f 9165 9164 9166 6462
f 7307 9167 9168 5841
f 9168 9167 9157 6458
f 9157 9167 9169 6459
f 9171 9170 9172 6464
f 9172 9170 9173 6465
f 9173 9170 9174 6196
f 9176 9175 9177 6467
f 9177 9175 9178 6144
f 9178 9175 9179 6468
f 9181 9180 7946 6198
f 7946 9180 9182 6127
f 9182 9180 7953 6204
f 7227 9183 7943 5786
f 7943 9183 9184 6198
f 9184 9183 9185 5794
f 9187 9186 9188 6470
f 9188 9186 9189 6471
f 9189 9186 9190 6472
f 7950 9191 9192 6201
f 9192 9191 7954 6202
f 7954 9191 9193 6204
f 7280 9194 9195 5826
f 9195 9194 9193 6199
f 9193 9194 9196 6204
f 9198 9197 9199 6130
f 9199 9197 9200 6474
f 9200 9197 9201 6475
f 9203 9202 7248 5804
f 7248 9202 9204 5803
f 9204 9202 9205 6476
f 9207 9206 9208 6477
f 9208 9206 9209 5800
f 9209 9206 9210 6478
f 7260 9211 7252 5807
f 7252 9211 9212 5806
f 9212 9211 9213 6479
f 9215 9214 9216 6480
f 9216 9214 9217 6481
f 9217 9214 9218 6206
f 9220 9219 9221 5796
f 9221 9219 9218 5795
f 9218 9219 7957 6206
f 9223 9222 9224 6483
f 9224 9222 9217 6206
f 9217 9222 9225 6481
f 8171 9226 7256 5810
f 7256 9226 9227 5809
f 9227 9226 9228 6484
f 9230 9229 7958 6205
f 7958 9229 9224 6206
f 9224 9229 9231 6483
f 9233 9232 9152 6457
f 9152 9232 9148 6456
f 9148 9232 7987 6214
f 9235 9234 9236 6131
f 9236 9234 9237 6487
f 9237 9234 9238 6488
f 9187 9239 9240 6469
f 9240 9239 9241 6043
f 9241 9239 9242 6489
f 7284 9243 7966 5829
f 7966 9243 9244 5934
f 9244 9243 9245 6269
f 9247 9246 9238 6486
f 9238 9246 9248 6488
f 9248 9246 9249 6490
f 9251 9250 9252 6492
f 9252 9250 7275 5824
f 7275 9250 9253 5823
f 9255 9254 7288 5830
f 7288 9254 9256 5832
f 9256 9254 9257 6493
f 9259 9258 9260 6495
f 9260 9258 9261 6496
f 9261 9258 9262 6497
f 9264 9263 9265 6499
f 9265 9263 9266 6500
f 9266 9263 9267 6501
f 9269 9268 9267 6498
f 9267 9268 9270 6501
f 9270 9268 9271 6502
f 9266 9272 9273 6500
f 9273 9272 8019 6229
f 8019 9272 9274 6228
f 9276 9275 9277 5802
f 9277 9275 9278 6503
f 9278 9275 9279 6504
f 9235 9280 9247 6486
f 9247 9280 9281 5816
f 9281 9280 9282 5817
f 9284 9283 9285 6505
f 9285 9283 7974 6211
f 7978 9286 7290 5833
f 7290 9286 6845 5557
f 7961 9287 9288 6207
f 9288 9287 9230 6205
f 9230 9287 9289 6485
f 9291 9290 9292 6506
f 9292 9290 8879 5850
f 8879 9290 9293 6417
f 9295 9294 9296 6508
f 9296 9294 7310 5844
f 7310 9294 9297 5843
f 7314 9298 9299 5846
f 9299 9298 9300 6170
f 9300 9298 9301 6506
f 9303 9302 9304 6510
f 9304 9302 9305 6511
f 9305 9302 9306 6512
f 9308 9307 9303 6510
f 9303 9307 9309 6509
f 9312 9311 9313 6516
f 9313 9311 9314 6517
f 9314 9311 9315 6518
f 8574 9316 9317 6380
f 9317 9316 9312 6516
f 9312 9316 9318 6515
f 9304 9319 9320 6510
f 9320 9319 9321 6519
f 9321 9319 9322 6517
f 9324 9323 9325 6521
f 9325 9323 9326 6522
f 9326 9323 9327 6523
f 9329 9328 9330 6525
f 9330 9328 9324 6521
f 9324 9328 9331 6520
f 9326 9332 9333 6522
f 9333 9332 7323 5853
f 7323 9332 9334 5852
f 9318 9335 9336 6515
f 9336 9335 9337 6169
f 9337 9335 8585 6387
f 9315 9338 9339 6518
f 9339 9338 9340 6526
f 9340 9338 9336 6169
f 9342 9341 9343 6528
f 9343 9341 9344 6529
f 9344 9341 9345 6530
f 9349 9348 9350 6533
f 9350 9348 9351 6534
f 9353 9352 9354 6536
f 9354 9352 9355 6537
f 9355 9352 9356 6538
f 9358 9357 7692 6083
f 7692 9357 9359 6085
f 9359 9357 9360 6175
f 7330 9361 7694 5856
f 7694 9361 9358 6083
f 9358 9361 9362 6539
f 9364 9363 9365 6174
f 9365 9363 8745 6176
f 8745 9363 9366 6171
f 8181 9367 7996 5885
f 7996 9367 9368 6219
f 9368 9367 9369 6541
f 7995 9370 9371 6218
f 9371 9370 9372 5893
f 9372 9370 9373 6542
f 9375 9374 9376 6544
f 9376 9374 9377 6545
f 9377 9374 9378 5879
f 9380 9379 9381 6547
f 9381 9379 9375 6544
f 9375 9379 9382 6543
f 9384 9383 9385 6549
f 9385 9383 9386 6546
f 9386 9383 9387 6550
f 9389 9388 9390 6551
f 9390 9388 9391 6552
f 9391 9388 8023 6232
f 9393 9392 9394 6551
f 9394 9392 9395 5864
f 9395 9392 9396 6553
f 9381 9397 9396 6547
f 9396 9397 9398 6553
f 9398 9397 9399 6554
f 9376 9400 9399 6544
f 9399 9400 9401 6554
f 9401 9400 9402 6555
f 7346 9403 9404 5868
f 9404 9403 9405 6556
f 7350 9406 7347 5870
f 7347 9406 9407 5869
f 9407 9406 9408 6557
f 9410 9409 9411 6559
f 9411 9409 9412 6560
f 9412 9409 9413 6155
f 9415 9414 9416 6562
f 9416 9414 9417 6563
f 9417 9414 9418 6151
f 9420 9419 9421 6564
f 9421 9419 9415 6562
f 9415 9419 9422 6561
f 9424 9423 9425 6566
f 9425 9423 9384 6549
f 9384 9423 9426 6548
f 9428 9427 9390 6552
f 9390 9427 9429 6551
f 9429 9427 9425 6549
f 9431 9430 9432 5878
f 9432 9430 9386 6550
f 9386 9430 9382 6546
f 9434 9433 9435 6567
f 9435 9433 7371 5883
f 7371 9433 9436 5884
f 9438 9437 9439 5881
f 9439 9437 9440 6159
f 9440 9437 9441 6569
f 9443 9442 9444 6570
f 9444 9442 9445 6230
f 9445 9442 9440 6569
f 9447 9446 9448 6572
f 9448 9446 9444 6230
f 9444 9446 9449 6570
f 9451 9450 9452 6573
f 9452 9450 7424 5916
f 9454 9453 8016 6227
f 8016 9453 9455 5899
f 9455 9453 9456 6575
f 9458 9457 7420 5915
f 7420 9457 9459 5911
f 9459 9457 8018 6228
f 9461 9460 9462 6577
f 9462 9460 9463 6578
f 9463 9460 9464 6222
f 9466 9465 9467 6579
f 9467 9465 9464 6576
f 9464 9465 8002 6222
f 7728 9468 9469 6101
f 9469 9468 9470 6580
f 9472 9471 9473 6579
f 9473 9471 9474 6582
f 9474 9471 9475 6583
f 9477 9476 8022 6231
f 8022 9476 9478 6230
f 9478 9476 8147 6274
f 9445 9479 8024 6230
f 8024 9479 9480 6232
f 9480 9479 9441 6568
f 9482 9481 9395 6553
f 9395 9481 7714 5864
f 7714 9481 9483 6095
f 9485 9484 9398 6554
f 9398 9484 9482 6553
f 9482 9484 9486 6584
f 9488 9487 9401 6555
f 9401 9487 9485 6554
f 9485 9487 9489 6585
f 9491 9490 8027 6233
f 8027 9490 9492 6068
f 9492 9490 9493 6588
f 9495 9494 9496 6589
f 9496 9494 9497 6247
f 9497 9494 9498 6590
f 9500 9499 9501 6589
f 9501 9499 9502 6592
f 9502 9499 9503 6593
f 9505 9504 9506 6594
f 9506 9504 7438 5929
f 7438 9504 9498 5928
f 8069 9507 9508 6246
f 9508 9507 9505 6594
f 9505 9507 9497 6590
f 9510 9509 9511 6596
f 9511 9509 9512 6597
f 9512 9509 9513 6598
f 9515 9514 9513 6595
f 9513 9514 9516 6598
f 9516 9514 9517 6588
f 9519 9518 9517 6599
f 9517 9518 9492 6588
f 9492 9518 9520 6068
f 9522 9521 9519 6599
f 9519 9521 9523 6600
f 9523 9521 9524 6265
f 9526 9525 9510 6596
f 9510 9525 9527 6595
f 9527 9525 9528 6603
f 9530 9529 9508 6594
f 9508 9529 9531 6246
f 9531 9529 9532 6012
f 9534 9533 9506 5929
f 9506 9533 9530 6594
f 9530 9533 9535 6104
f 9502 9536 9537 6592
f 9537 9536 9538 6016
f 9538 9536 9539 5952
f 9541 9540 8032 6233
f 8032 9540 7442 5931
f 7442 9540 9542 5930
f 7458 9543 9544 5942
f 9544 9543 7456 5939
f 7456 9543 9545 5941
f 9547 9546 7443 5932
f 7443 9546 7468 5931
f 7468 9546 9548 5949
f 9550 9549 9551 6605
f 9551 9549 9552 6606
f 9552 9549 9273 6229
f 9554 9553 9555 5912
f 9555 9553 9556 6606
f 9556 9553 8077 6112
f 9555 9557 7417 5912
f 7417 9557 8020 5914
f 8020 9557 9552 6229
f 9559 9558 9560 6237
f 9560 9558 9561 6235
f 9561 9558 9562 6607
f 8038 9563 9560 6235
f 9560 9563 8042 6237
f 9565 9564 9566 6285
f 9566 9564 9567 6220
f 9569 9568 9570 6609
f 9570 9568 7497 5968
f 7489 9571 8047 5962
f 8047 9571 9572 6238
f 9572 9571 9573 6610
f 9575 9574 9576 5960
f 9576 9574 9573 5963
f 9573 9574 9577 6610
f 9579 9578 7485 5958
f 7485 9578 9575 5960
f 9575 9578 9580 6611
f 9582 9581 9583 6154
f 9583 9581 9584 6281
f 9584 9581 9569 6609
f 9586 9585 9587 6152
f 9587 9585 9588 6613
f 9588 9585 9589 6282
f 9591 9590 9592 6615
f 9592 9590 9593 5975
f 9593 9590 9594 5969
f 9596 9595 9597 6617
f 9597 9595 9598 6166
f 9598 9595 9599 6618
f 9598 9600 8052 6166
f 8052 9600 9601 6079
f 9601 9600 9602 6619
f 9604 9603 9605 6619
f 8056 9607 9608 6241
f 9608 9607 7533 5989
f 7533 9607 9609 5991
f 9611 9610 9612 6622
f 9612 9610 9609 6239
f 9609 9610 9613 5991
f 9615 9614 7519 5980
f 7519 9614 9616 5979
f 9616 9614 9617 6623
f 9611 9618 9619 6621
f 9619 9618 9620 6624
f 9620 9618 9621 5978
f 9623 9622 9616 6623
f 9616 9622 7518 5979
f 7518 9622 9620 5978
f 9625 9624 9626 6626
f 9626 9624 9623 6623
f 9623 9624 9627 6624
f 9617 9628 9626 6623
f 9626 9628 9629 6626
f 9629 9628 7524 5985
f 9631 9630 9632 6627
f 9632 9630 9633 5999
f 9633 9630 7528 5988
f 9635 9634 9636 6628
f 9636 9634 9637 6156
f 9637 9634 9638 6556
f 9640 9639 9641 6629
f 9641 9639 9642 6630
f 9642 9639 7355 5875
f 9644 9643 8067 6244
f 8067 9643 8059 5868
f 9646 9645 8065 6245
f 8065 9645 9647 6244
f 9647 9645 9648 6001
f 9650 9649 7550 6002
f 7550 9649 9647 6001
f 9647 9649 9644 6244
f 9648 9651 7549 6001
f 7549 9651 9652 6000
f 9652 9651 9653 6632
f 7845 9654 9655 6157
f 9655 9654 7374 5887
f 7374 9654 9656 5886
f 7382 9657 9658 5892
f 9658 9657 9659 6633
f 9659 9657 9372 6542
f 9661 9660 7561 6009
f 7561 9660 7558 6008
f 7558 9660 9662 6007
f 9664 9663 9665 6249
f 9665 9663 9666 6248
f 9666 9663 8012 5896
f 9554 9667 8076 6250
f 8076 9667 9664 6249
f 9664 9667 9668 6226
f 9670 9669 9671 6113
f 9671 9669 9672 6605
f 9672 9669 9673 6015
f 9675 9674 9676 6111
f 9676 9674 9677 6117
f 9679 9678 8086 6251
f 8086 9678 9680 6254
f 9682 9681 9683 6081
f 9683 9681 9684 6637
f 9684 9681 9685 6638
f 7545 9686 9687 5997
f 9687 9686 9685 6636
f 9685 9686 9688 6638
f 9690 9689 9691 6037
f 9691 9689 9680 6287
f 9680 9689 9692 6254
f 9694 9693 7609 6036
f 7609 9693 9695 6035
f 9695 9693 9016 6430
f 7650 9696 9697 6060
f 9697 9696 9698 6064
f 9698 9696 9699 6639
f 7623 9700 8102 6042
f 8102 9700 9701 6062
f 9701 9700 9241 6489
f 9703 9702 9704 6059
f 9704 9702 9705 6640
f 9705 9702 9706 6641
f 9708 9707 9709 6129
f 9709 9707 7642 6055
f 7642 9707 9710 6054
f 9712 9711 8105 6259
f 8105 9711 9713 6051
f 9713 9711 9714 6128
f 9714 9715 9716 6128
f 9716 9715 9705 6641
f 9718 9717 9716 6641
f 9716 9717 9719 6128
f 9719 9717 9720 6644
f 9722 9721 9723 6645
f 9723 9721 8108 5935
f 8108 9721 8163 6260
f 9725 9724 9726 6261
f 9726 9724 9727 6646
f 9727 9724 9728 6647
f 9730 9729 9731 6649
f 9731 9729 9732 6647
f 9732 9729 9733 6262
f 9735 9734 9736 6056
f 9736 9734 9737 6651
f 9737 9734 9738 6652
f 9740 9739 9741 6587
f 9741 9739 9503 6591
f 9503 9739 9742 6593
f 9682 9743 9744 6636
f 9744 9743 9653 6631
f 9653 9743 9745 6632
f 9747 9746 9748 6167
f 9748 9746 7618 6039
f 7618 9746 9749 6038
f 7658 9750 9751 6065
f 9751 9750 7746 6108
f 7746 9750 8092 6107
f 9753 9752 8115 6109
f 8115 9752 9732 6262
f 9732 9752 9727 6647
f 9520 9754 7663 6068
f 7663 9754 9755 6067
f 9755 9754 9756 6653
f 7751 9757 9758 6110
f 9758 9757 9759 6654
f 9759 9757 9760 6650
f 9523 9761 9756 6600
f 9756 9761 9762 6653
f 9762 9761 8119 6263
f 9764 9763 9765 6070
f 9765 9763 8124 5744
f 8124 9763 7672 6074
f 7679 9766 9768 6078
f 7684 9769 8121 6077
f 8121 9769 8127 6074
f 9771 9770 9675 6111
f 9675 9770 9772 6635
f 9774 9773 9775 5830
f 9775 9773 9776 6655
f 9776 9773 8130 6267
f 9255 9777 9778 6268
f 9778 9777 9779 6656
f 9779 9777 9775 6655
f 9781 9780 9449 6571
f 9449 9780 9782 6570
f 9782 9780 9783 6657
f 9785 9784 9786 6658
f 9786 9784 9787 6537
f 9787 9784 9782 6657
f 8150 9788 9789 6105
f 9789 9788 9790 6272
f 9790 9788 8117 6264
f 8136 9791 9792 6081
f 9792 9791 9789 6272
f 9794 9793 9792 6272
f 9792 9793 9745 6081
f 9796 9795 7782 6124
f 7782 9795 9797 6123
f 9797 9795 9798 6660
f 9800 9799 9801 6661
f 9801 9799 9802 6662
f 9802 9799 9215 6480
f 9804 9803 9205 5818
f 9205 9803 9805 6476
f 9805 9803 9801 6662
f 9807 9806 9808 5797
f 9808 9806 9809 6663
f 9809 9806 9802 6480
f 9359 9810 7691 6085
f 7691 9810 8324 6084
f 8324 9810 9811 5521
f 9815 9814 9816 6664
f 9816 9814 8253 5528
f 9818 9817 7924 5792
f 7924 9817 7702 6089
f 7702 9817 9819 5737
f 8138 9820 9821 6270
f 9821 9820 9822 6665
f 9822 9820 9823 6666
f 9825 9824 8139 6270
f 8139 9824 9826 6093
f 9826 9824 9827 6274
f 8141 9828 9829 6271
f 9829 9828 7699 6088
f 9462 9830 9831 6577
f 9831 9830 9832 6585
f 9834 9833 7565 5920
f 7565 9833 7733 6010
f 9836 9835 7732 6103
f 7732 9835 9837 6102
f 9532 9838 7568 6012
f 7568 9838 9839 6011
f 9661 9840 9841 6634
f 9841 9840 9842 6668
f 9842 9840 9843 6633
f 9845 9844 9846 6670
f 9846 9844 9528 6602
f 9528 9844 9847 6603
f 9849 9848 9850 6601
f 9850 9848 9851 6671
f 9851 9848 9852 6090
f 7543 9853 9854 5865
f 9854 9853 7707 6090
f 7707 9853 7738 6091
f 7661 9855 9856 6066
f 9856 9855 7665 6067
f 7665 9855 9857 6069
f 9859 9858 7688 6065
f 7688 9858 7743 6082
f 9861 9860 7657 6065
f 7657 9860 9862 6030
f 9864 9863 9832 6578
f 9832 9863 9486 6585
f 9486 9863 9865 6584
f 9539 9866 7725 5952
f 7725 9866 7431 5924
f 7431 9866 9742 5923
f 9538 9867 7578 6016
f 7578 9867 7762 6017
f 7762 9867 7472 5950
f 7432 9868 7765 5924
f 7765 9868 7467 5949
f 7467 9868 7767 5948
f 9545 9869 9870 5941
f 9870 9869 9871 5945
f 9871 9869 9872 6117
f 7390 9873 9874 5898
f 9874 9873 8202 5721
f 8202 9873 9875 6293
f 7395 9876 9877 5901
f 9877 9876 9878 6673
f 9878 9876 9879 6674
f 9881 9880 9284 6505
f 9284 9880 7263 5814
f 7263 9880 9289 5813
f 9883 9882 9884 6675
f 9884 9882 9885 6676
f 9885 9882 9223 6483
f 9887 9886 8154 6275
f 8154 9886 7939 5776
f 7939 9886 8712 6197
f 9889 9888 8241 6310
f 8241 9888 9890 6306
f 9892 9891 9893 6464
f 9893 9891 8298 6308
f 8298 9891 9894 6323
f 7223 9895 7772 5783
f 7772 9895 9149 6119
f 9149 9895 9151 6456
f 9897 9896 7239 5798
f 7239 9896 9807 5797
f 9807 9896 9805 6662
f 7949 9898 9899 6200
f 9899 9898 9900 6678
f 9900 9898 9901 6466
f 9903 9902 9804 5818
f 9804 9902 9904 6661
f 9904 9902 9905 6491
f 9907 9906 9147 6214
f 9147 9906 9908 6455
f 7948 9909 9910 6199
f 9910 9909 9911 6492
f 9911 9909 9912 6680
f 7785 9913 7791 6125
f 7791 9913 7228 5788
f 7228 9913 9914 5787
f 7272 9915 9916 5821
f 9916 9915 9917 6681
f 9917 9915 9918 6682
f 9749 9919 9920 6038
f 9920 9919 7127 5728
f 7127 9919 8095 5727
f 9922 9921 9113 5740
f 9113 9921 7193 5768
f 7193 9921 9923 5767
f 9925 9924 9926 6684
f 9926 9924 8994 6421
f 8994 9924 9927 6424
f 9917 9928 9927 6681
f 9927 9928 9046 6424
f 9046 9928 9929 6429
f 9013 9930 9931 5730
f 9931 9930 9932 6040
f 9932 9930 9929 6682
f 9934 9933 9935 6686
f 9935 9933 9936 6687
f 9936 9933 9937 6503
f 9939 9938 9934 6686
f 9934 9938 9940 6685
f 9940 9938 9941 6688
f 9943 9942 9237 6488
f 9237 9942 9944 6487
f 9944 9942 9945 6689
f 8168 9946 9947 6047
f 9947 9946 9948 6690
f 9948 9946 9949 6691
f 7639 9950 9951 6050
f 9951 9950 7643 6053
f 7643 9950 9952 6055
f 7631 9953 8167 6047
f 8167 9953 9699 6061
f 9699 9953 9954 6639
f 9956 9955 9957 6644
f 9957 9955 9944 6689
f 9944 9955 9958 6487
f 7298 9959 7799 5837
f 7799 9959 9282 6131
f 9282 9959 9960 5817
f 7243 9961 9208 5800
f 9208 9961 9962 6477
f 9962 9961 9963 6692
f 9965 9964 9966 5807
f 9966 9964 7255 5809
f 7255 9964 9967 5808
f 7259 9968 9969 5811
f 9969 9968 9227 6484
f 9227 9968 9966 5809
f 9971 9970 9972 6694
f 9972 9970 7286 5831
f 7286 9970 9774 5830
f 9974 9973 7807 6136
f 7807 9973 9975 6135
f 9975 9973 9972 5831
f 8179 9976 9977 5780
f 9977 9976 8156 6276
f 8156 9976 9978 5771
f 7283 9979 9980 5828
f 9980 9979 9981 6496
f 9981 9979 7810 6137
f 9983 9982 9984 6695
f 9984 9982 9261 6497
f 9261 9982 9980 6496
f 9986 9985 7814 5836
f 7814 9985 9987 6134
f 9987 9985 9984 6497
f 7804 9988 7815 6134
f 7815 9988 9989 5835
f 9989 9988 9990 6139
f 9963 9991 9992 6692
f 9992 9991 7257 5808
f 7257 9991 8170 5810
f 9994 9993 7981 6141
f 7981 9993 9995 6140
f 9995 9993 9996 6462
f 9162 9997 9996 6461
f 9996 9997 9165 6462
f 9165 9997 9998 5775
f 7211 9999 10000 5774
f 10000 9999 7217 5777
f 7217 9999 9998 5779
f 10002 10001 10003 6696
f 10003 10001 9233 6457
f 9233 10001 7817 6143
f 7778 10004 8178 5780
f 8178 10004 7775 5785
f 7775 10004 10005 6120
f 10007 10006 7460 5942
f 7460 10006 10008 5944
f 10008 10006 9776 6267
f 7413 10009 10010 5908
f 10010 10009 7419 5909
f 7419 10009 10011 5915
f 10013 10012 8751 6146
f 8751 10012 10014 5557
f 10016 10015 10017 5721
f 10017 10015 10018 6674
f 7385 10019 10020 5894
f 10020 10019 8015 5897
f 8015 10019 10021 6227
f 9874 10022 10023 5898
f 10023 10022 9879 5900
f 9879 10022 10017 6674
f 10025 10024 7496 5967
f 7496 10024 8045 5966
f 8045 10024 7488 5962
f 10027 10026 10028 6282
f 10028 10026 9591 6615
f 9591 10026 10029 6614
f 10031 10030 10032 5872
f 10032 10030 9656 5873
f 9656 10030 8182 5886
f 10034 10033 10035 6698
f 10035 10033 7358 5877
f 7358 10033 10036 5876
f 10038 10037 7828 6148
f 7828 10037 10039 6147
f 10039 10037 10035 5877
f 10041 10040 7830 6147
f 7830 10040 9436 6149
f 9436 10040 10042 5884
f 7494 10043 7837 5965
f 7837 10043 9582 6154
f 9582 10043 10025 5967
f 9583 10044 7836 6154
f 7836 10044 9589 6153
f 9589 10044 10027 6282
f 9413 10045 7840 6155
f 7840 10045 7531 5990
f 7531 10045 10046 5989
f 10048 10047 7841 6156
f 7841 10047 10049 6155
f 10049 10047 10050 6629
f 7525 10051 10052 5985
f 10052 10051 7527 5987
f 7527 10051 10053 5986
f 7991 10054 10055 5859
f 10055 10054 10056 6564
f 10058 10057 10059 6700
f 10059 10057 9416 6563
f 9416 10057 10060 6562
f 10062 10061 10063 6005
f 10063 10061 10064 6559
f 10064 10061 10059 6563
f 7482 10065 9579 5958
f 9579 10065 10066 6612
f 10066 10065 10067 6701
f 10069 10068 10070 6284
f 10070 10068 10071 6702
f 10071 10068 10072 6658
f 10069 10073 7849 6158
f 7849 10073 7475 5955
f 7475 10073 8185 5954
f 8189 10074 10075 6285
f 10075 10074 8041 6236
f 10077 10076 10078 6704
f 9356 10076 10079 6538
f 10081 10080 10082 6274
f 10082 10080 10083 6572
f 10083 10080 7859 6165
f 9691 10084 7615 6037
f 7615 10084 10085 6020
f 10085 10084 10086 6021
f 8193 10087 9764 6070
f 9764 10087 7671 6073
f 7671 10087 10088 6072
f 7675 10089 10090 6075
f 10090 10089 7681 6078
f 7681 10089 7865 6080
f 10090 10091 7683 6075
f 7581 10092 7871 6019
f 7871 10092 7584 6022
f 7584 10092 10085 6021
f 7588 10093 7870 6022
f 7870 10093 7667 6071
f 7667 10093 8192 6070
f 7607 10094 10095 6034
f 10095 10094 7611 6035
f 7611 10094 10096 6028
f 10099 10097 10100 6525
f 10102 10101 10103 6507
f 10103 10101 9330 6521
f 9330 10101 10099 6525
f 9297 10104 10105 5843
f 10105 10104 9325 6522
f 9325 10104 10103 6521
f 9327 10106 10107 6523
f 10107 10106 9344 6530
f 9344 10106 10108 6529
f 10110 10109 10111 6706
f 10111 10109 9333 5853
f 9333 10109 10105 6522
f 7322 10112 7878 5851
f 7878 10112 9340 6169
f 9340 10112 10113 6526
f 9293 10114 8979 6417
f 8979 10114 9337 6387
f 9337 10114 7877 6169
f 7316 10115 7884 5845
f 7884 10115 10116 6172
f 10116 10115 10117 6540
f 9296 10118 10119 6508
f 10119 10118 10120 6707
f 10120 10118 7885 6172
f 10122 10121 10123 6289
f 9362 10124 10125 6539
f 10125 10124 10126 6708
f 10126 10124 10127 6709
f 7036 10128 10129 5687
f 10129 10128 10130 6290
f 10130 10128 10131 6710
f 10130 10132 8198 6290
f 8198 10132 10133 6216
f 10133 10132 10134 6512
f 10138 10137 10139 6188
f 8196 10140 10129 6290
f 10129 10140 8588 5687
f 10142 10141 10143 6665
f 10143 10141 10144 6712
f 10144 10141 8003 6223
f 10146 10145 10147 6714
f 10147 10145 10148 6715
f 10148 10145 10149 6223
f 8004 10150 10148 6223
f 10148 10150 10151 6715
f 10151 10150 10152 6190
f 10154 10153 10146 6714
f 10146 10153 10155 6713
f 10155 10153 8665 5661
f 8668 10156 10157 6404
f 10157 10156 7921 6191
f 7921 10156 10158 6190
f 9825 10159 10160 6667
f 10160 10159 10161 5711
f 10161 10159 10162 6177
f 10164 10163 8523 6360
f 8523 10163 10160 5711
f 10160 10163 10165 6667
f 7696 10166 10167 6086
f 10167 10166 7912 6183
f 7912 10166 7690 6084
f 10169 10168 9133 6450
f 9133 10168 9054 6444
f 9054 10168 7703 5738
f 10171 10170 7718 6096
f 7718 10170 10172 6098
f 10172 10170 10138 6188
f 7721 10173 10174 6100
f 10174 10173 10175 6533
f 10175 10173 10172 6188
f 10177 10176 10178 6225
f 10178 10176 7922 6189
f 7922 10176 10179 6191
f 8981 10180 10016 5721
f 10016 10180 10181 6697
f 7115 10182 8983 5680
f 8983 10182 8203 6292
f 10184 10183 9145 6455
f 9145 10183 10185 6181
f 10187 10186 7908 6181
f 7908 10186 7162 5751
f 7162 10186 10188 5750
f 10190 10189 10191 6664
f 10191 10189 10192 6448
f 10192 10189 9137 6453
f 10194 10193 9978 6280
f 9978 10193 7209 5771
f 7209 10193 9139 5773
f 7933 10195 9173 6196
f 9173 10195 10196 6465
f 10196 10195 7930 6193
f 8718 10197 7934 5533
f 7934 10197 8174 6195
f 8174 10197 9887 6275
f 8157 10198 9977 6276
f 9977 10198 7221 5780
f 7221 10198 9141 5782
f 10194 10199 10200 6454
f 10200 10199 7225 5783
f 7225 10199 8177 5785
f 10202 10201 7773 6118
f 7773 10201 10200 5783
f 10200 10201 9138 6454
f 9156 10203 7779 5781
f 7779 10203 10204 6121
f 10204 10203 10205 6696
f 7941 10206 7264 5815
f 7264 10206 8372 5814
f 10208 10207 10209 6141
f 10209 10207 9160 6460
f 9160 10207 9168 6458
f 7984 10210 9169 5842
f 9169 10210 10205 6459
f 10205 10210 10002 6696
f 10212 10211 10213 5528
f 10213 10211 9136 6452
f 9136 10211 10214 5773
f 10216 10215 10214 6719
f 10214 10215 7208 5773
f 7208 10215 10217 5772
f 9892 10218 10217 6677
f 10217 10218 10219 5772
f 10219 10218 9172 6465
f 9889 10220 9174 6463
f 9174 10220 7932 6196
f 7932 10220 8715 5533
f 9163 10221 10209 6460
f 10209 10221 9994 6141
f 10223 10222 10185 6718
f 10185 10222 10187 6181
f 10187 10222 10224 6192
f 9178 10225 10226 6144
f 10226 10225 10227 6679
f 10227 10225 10228 6720
f 10230 10229 9176 6467
f 9176 10229 9900 6466
f 10232 10231 9192 6202
f 9192 10231 9901 6201
f 9901 10231 9179 6466
f 10234 10233 7952 6203
f 7952 10233 10232 6202
f 10232 10233 10228 6468
f 10223 10235 9181 6198
f 9181 10235 10234 6203
f 10234 10235 10236 6720
f 9796 10237 10238 6659
f 10238 10237 10239 5791
f 10239 10237 7787 6125
f 7792 10240 10239 6125
f 10239 10240 9196 5791
f 9196 10240 9182 6204
f 10242 10241 10243 6660
f 10243 10241 10244 6683
f 10244 10241 10245 6722
f 10247 10246 9798 6659
f 9798 10246 10242 6660
f 10242 10246 10248 6721
f 10247 10249 7303 5840
f 7303 10249 7233 5789
f 7233 10249 10238 5791
f 10251 10250 10252 6723
f 10252 10250 10245 6721
f 10245 10250 10253 6722
f 10255 10254 10251 6723
f 10251 10254 9925 6684
f 9925 10254 9916 6681
f 7925 10256 7237 5792
f 7237 10256 9184 5794
f 9184 10256 10224 6198
f 10258 10257 9800 6661
f 9800 10257 9221 5795
f 9221 10257 10259 5796
f 10261 10260 9808 6663
f 9808 10260 7241 5797
f 10263 10262 10264 6724
f 10264 10262 7245 5800
f 7245 10262 7240 5799
f 9897 10265 9204 6476
f 9204 10265 10266 5803
f 10266 10265 10263 6724
f 10268 10267 10266 6724
f 10266 10267 7247 5803
f 7247 10267 10269 5802
f 10264 10270 10268 6724
f 10268 10270 10271 6725
f 10271 10270 9209 6478
f 10273 10272 7253 5805
f 7253 10272 9965 5807
f 9965 10272 10274 6693
f 10261 10275 10276 5799
f 10276 10275 9228 6279
f 9228 10275 10277 6484
f 10279 10278 9216 6481
f 9216 10278 9809 6480
f 9809 10278 10277 6663
f 9884 10280 10281 6675
f 10281 10280 10282 6210
f 10282 10280 10283 6213
f 10285 10284 9213 5812
f 9213 10284 10286 6479
f 10286 10284 10281 6210
f 9881 10287 9231 6485
f 9231 10287 9885 6483
f 9885 10287 10288 6676
f 7261 10289 10285 5812
f 10285 10289 9883 6675
f 9883 10289 10290 6482
f 9969 10291 10290 5811
f 10290 10291 9225 6482
f 9225 10291 10279 6481
f 7960 10292 9166 5815
f 9166 10292 9995 6462
f 9995 10292 7980 6140
f 7249 10293 10294 5804
f 10294 10293 9249 5816
f 9249 10293 10295 6490
f 10294 10296 9203 5804
f 9203 10296 7269 5818
f 7269 10296 9281 5817
f 9708 10297 9941 6642
f 9941 10297 9945 6688
f 9945 10297 10298 6689
f 10300 10299 9278 6504
f 9278 10299 10301 6503
f 10301 10299 7964 5934
f 10303 10302 9188 6471
f 9188 10302 10304 6470
f 10304 10302 9200 6475
f 10306 10305 7277 5823
f 7277 10305 10307 5825
f 10307 10305 10303 6471
f 9911 10308 9251 6492
f 9251 10308 9904 6491
f 9904 10308 10258 6661
f 7146 10309 9922 5740
f 9922 10309 10243 6683
f 10243 10309 9819 6660
f 9257 10310 10311 6493
f 10311 10310 9245 5827
f 9245 10310 8132 6269
f 10313 10312 9256 6493
f 9256 10312 7295 5832
f 7295 10312 9986 5836
f 7282 10314 10311 5827
f 10311 10314 10313 6493
f 10313 10314 9983 6695
f 10300 10315 9981 6137
f 9981 10315 9260 6496
f 9260 10315 9279 6495
f 9265 10316 10317 6499
f 10317 10316 9971 6694
f 9971 10316 10318 6013
f 10320 10319 10014 6145
f 10014 10319 7292 5557
f 7292 10319 9271 5834
f 10322 10321 9269 6498
f 9269 10321 10323 5834
f 10323 10321 7969 6210
f 10325 10324 9264 6499
f 9264 10324 10322 6498
f 10322 10324 7968 6209
f 10327 10326 9974 6136
f 9974 10326 10317 6694
f 10317 10326 10325 6499
f 9975 10328 10329 6135
f 10329 10328 7296 5835
f 7296 10328 7287 5832
f 9989 10330 10329 5835
f 10329 10330 7806 6135
f 7806 10330 10273 5805
f 7251 10331 7808 5805
f 7808 10331 10327 6136
f 10327 10331 10332 6208
f 10282 10333 10323 6210
f 10323 10333 7291 5834
f 7291 10333 7977 5833
f 10332 10334 7970 6208
f 7970 10334 10286 6210
f 10286 10334 9212 6479
f 9274 10335 9459 6228
f 9459 10335 10336 5911
f 10336 10335 9270 6502
f 10338 10337 10320 6145
f 10320 10337 10336 6502
f 10336 10337 7410 5911
f 10340 10339 10269 6725
f 10269 10339 9276 5802
f 9276 10339 9259 6495
f 9189 10341 10307 6471
f 10307 10341 7304 5825
f 7304 10341 10342 5840
f 7800 10343 7300 5837
f 7300 10343 10344 5839
f 10344 10343 9199 6474
f 8369 10345 9285 6211
f 9285 10345 10288 6505
f 10288 10345 10346 6676
f 7041 10347 10346 5690
f 10346 10347 10283 6676
f 10283 10347 7976 6213
f 7956 10348 9288 6205
f 9288 10348 7982 6207
f 10208 10349 7306 5841
f 7306 10349 9220 5796
f 10230 10350 10351 6678
f 10351 10350 7308 5796
f 7308 10350 10352 5842
f 9177 10353 10352 6467
f 10352 10353 7985 5842
f 7988 10354 9907 6214
f 9907 10354 10226 6679
f 10356 10355 9301 5847
f 9301 10355 9291 6506
f 9291 10355 10357 6168
f 10356 10358 10110 6706
f 10110 10358 7312 5843
f 7312 10358 7315 5845
f 10360 10359 10361 6289
f 10361 10359 9295 6508
f 9295 10359 10102 6507
f 10360 10362 10098 6705
f 9300 10363 7882 6170
f 7882 10363 7320 5848
f 7320 10363 9292 5850
f 9305 10364 10365 6511
f 10365 10364 10366 6726
f 10366 10364 10134 6710
f 10368 10367 9320 6519
f 9320 10367 9308 6510
f 9308 10367 10369 6215
f 10371 10370 10369 6727
f 10373 10372 10371 6727
f 10371 10372 9310 6514
f 10376 10375 10368 6519
f 10368 10375 10373 6727
f 10373 10375 9342 6528
f 9314 10377 9321 6517
f 9321 10377 10376 6519
f 10376 10377 10378 6527
f 9322 10379 9313 6517
f 9313 10379 10380 6516
f 10380 10379 10365 6726
f 10380 10381 9317 6516
f 9317 10381 8899 6380
f 8899 10381 10382 6418
f 9329 10383 10384 6524
f 10378 10385 9345 6527
f 9345 10385 10386 6530
f 10386 10385 9339 6526
f 10374 10387 9347 6513
f 9347 10387 10388 6531
f 10388 10387 9343 6529
f 10390 10389 10391 6296
f 10393 10392 9787 6657
f 9787 10392 9354 6537
f 9354 10392 10394 6536
f 9783 10395 10393 6657
f 10133 10396 7989 6216
f 7327 10397 7891 5854
f 7891 10397 9811 6175
f 9811 10397 8310 5521
f 10399 10398 10400 6707
f 10400 10398 10401 6288
f 10401 10398 10402 6173
f 10399 10403 10126 6709
f 10126 10403 10404 6708
f 10404 10403 10120 6172
f 10404 10405 10406 6708
f 10406 10405 9364 6174
f 9364 10405 10116 6540
f 10408 10407 10409 6699
f 10409 10407 7336 5859
f 7336 10407 10410 5861
f 9393 10411 9380 6547
f 9380 10411 9385 6546
f 9385 10411 9429 6549
f 9389 10412 9477 6231
f 9477 10412 7340 5862
f 7340 10412 9394 5864
f 10414 10413 9368 6541
f 9368 10413 10415 6219
f 10415 10413 10416 6668
f 10418 10417 10419 6729
f 10419 10417 10414 6541
f 10414 10417 9845 6670
f 10418 10420 10421 6669
f 10421 10420 7344 5865
f 7344 10420 10422 5867
f 10419 10423 10422 6729
f 10422 10423 10424 5867
f 10424 10423 9369 6283
f 10031 10425 10424 6283
f 10424 10425 10426 5867
f 10426 10425 7352 5870
f 10428 10427 10429 6273
f 10429 10427 7348 5868
f 7348 10427 10426 5870
f 9404 10430 8062 5868
f 8062 10430 9638 6243
f 9407 10431 9405 5869
f 9405 10431 9637 6556
f 9637 10431 10048 6156
f 10433 10432 9641 6630
f 9641 10432 10049 6629
f 10049 10432 9412 6155
f 10058 10434 10408 6699
f 10408 10434 10435 6728
f 10435 10434 10062 6005
f 9417 10436 10064 6563
f 10064 10436 9410 6559
f 9410 10436 10437 6558
f 10439 10438 10056 6217
f 10056 10438 9420 6564
f 9420 10438 10038 6148
f 9432 10440 7359 5878
f 7359 10440 10039 5877
f 10039 10440 10441 6147
f 9387 10442 10441 6550
f 10441 10442 10041 6147
f 10041 10442 9426 6565
f 9431 10443 9378 6543
f 9378 10443 7364 5879
f 7364 10443 7360 5876
f 10445 10444 10446 6731
f 10446 10444 10447 6150
f 10447 10444 10448 6607
f 10450 10449 10448 6730
f 10448 10449 9561 6607
f 9561 10449 8037 6235
f 10452 10451 10453 6567
f 10453 10451 10450 6730
f 10450 10451 10454 6234
f 10456 10455 10445 6731
f 10445 10455 10453 6730
f 10453 10455 9434 6567
f 7998 10457 9435 5883
f 9435 10457 10452 6567
f 10452 10457 9567 6608
f 8000 10458 7848 5955
f 7848 10458 9439 6159
f 9439 10458 7368 5881
f 9478 10459 9448 6230
f 9448 10459 10082 6572
f 10461 10460 7994 6218
f 7994 10460 7375 5885
f 7375 10460 8006 5887
f 10463 10462 8008 6224
f 8008 10462 9470 5890
f 9470 10462 10464 6580
f 10177 10465 10466 6717
f 10466 10465 7379 5888
f 7379 10465 8010 5890
f 9402 10467 10468 6555
f 10468 10467 7383 5891
f 7383 10467 10469 5893
f 7377 10470 10471 5888
f 10471 10470 10472 6673
f 10472 10470 7735 5918
f 9451 10473 10472 5918
f 10472 10473 9877 6673
f 9877 10473 10474 5901
f 9452 10475 10476 6573
f 10476 10475 9666 5896
f 9666 10475 8073 6248
f 10474 10477 7394 5901
f 7394 10477 7387 5894
f 7387 10477 10476 5896
f 10479 10478 8013 6226
f 8013 10478 10021 5895
f 10021 10478 9454 6227
f 10481 10480 10482 6733
f 10482 10480 9456 6574
f 9456 10480 10483 6575
f 10481 10484 7401 5905
f 7401 10484 7399 5902
f 7399 10484 10485 5904
f 10485 10486 7821 5904
f 7821 10486 7415 5913
f 7415 10486 10487 5912
f 10482 10488 10487 6733
f 10487 10488 9668 5912
f 9668 10488 10479 6226
f 10490 10489 8984 6292
f 8984 10489 7402 5906
f 7402 10489 10483 5905
f 8201 10491 10490 6292
f 10490 10491 9455 6575
f 9455 10491 9875 5899
f 10493 10492 10494 6734
f 10494 10492 9463 6222
f 10496 10495 9473 6582
f 9473 10495 9466 6579
f 9466 10495 10497 6221
f 9469 10498 10499 6101
f 10499 10498 10496 6582
f 10496 10498 10464 6732
f 10152 10500 7920 6190
f 7920 10500 10501 6189
f 10501 10500 10497 6732
f 8009 10502 10463 6224
f 10463 10502 10501 6732
f 10501 10502 10178 6189
f 9377 10503 10469 6545
f 10469 10503 9371 5893
f 9371 10503 10461 6218
f 7727 10504 7428 5919
f 7428 10504 10505 5921
f 9474 10506 10499 6582
f 10499 10506 10505 6101
f 10505 10506 10507 5921
f 9461 10508 9467 6576
f 9467 10508 9472 6579
f 9472 10508 10509 6581
f 10511 10510 10493 6734
f 10493 10510 9864 6578
f 9864 10510 10512 6672
f 9823 10513 10512 6666
f 10512 10513 10514 6672
f 10514 10513 7711 6092
f 10516 10515 10468 5891
f 10468 10515 9488 6555
f 9488 10515 10517 6586
f 10519 10518 9741 6591
f 9741 10518 9493 6587
f 9493 10518 9516 6588
f 10521 10520 9500 6589
f 9500 10520 10519 6591
f 10519 10520 9512 6598
f 8070 10522 9496 6247
f 9496 10522 10521 6589
f 10521 10522 10523 6597
f 10525 10524 9501 6592
f 9501 10524 9495 6589
f 9495 10524 10526 5928
f 7430 10527 7769 5922
f 7769 10527 10528 6116
f 10528 10527 9740 6587
f 9491 10529 10528 6587
f 10528 10529 8029 6116
f 9537 10530 10525 6592
f 10525 10530 7436 5925
f 7436 10530 7576 5927
f 7434 10531 10526 5925
f 10526 10531 7440 5928
f 7557 10532 10523 6006
f 10523 10532 9511 6597
f 9511 10532 10533 6596
f 9527 10534 9515 6595
f 9515 10534 9522 6599
f 9522 10534 9849 6601
f 9662 10535 10533 6007
f 10533 10535 9526 6596
f 9526 10535 10536 6602
f 10538 10537 8034 5947
f 8034 10537 7444 5930
f 7444 10537 10539 5932
f 9542 10540 8035 5930
f 8035 10540 10541 5946
f 10541 10540 10542 5936
f 9723 10543 10544 6645
f 10544 10543 10545 6604
f 10545 10543 7448 5933
f 10545 10546 10542 6604
f 10542 10546 7452 5936
f 7452 10546 10547 5938
f 8134 10548 7451 5938
f 7451 10548 10549 5937
f 10549 10548 9778 6656
f 10551 10550 10549 6656
f 10549 10550 10552 5937
f 10552 10550 7454 5940
f 7573 10553 8129 6014
f 8129 10553 10008 6267
f 10008 10553 10554 5944
f 9544 10555 10007 5942
f 10007 10555 9779 6655
f 9779 10555 10551 6656
f 9677 10556 9871 6117
f 9871 10556 7464 5945
f 7464 10556 10538 5947
f 9772 10557 10539 6635
f 10539 10557 9547 5932
f 9547 10557 10558 6115
f 10318 10559 7574 6013
f 7574 10559 9672 6015
f 9672 10559 9550 6605
f 10454 10560 8039 6234
f 8039 10560 10075 6236
f 10075 10560 9565 6285
f 9566 10561 8188 6285
f 8188 10561 7476 5953
f 7476 10561 7999 5955
f 10563 10562 9576 5963
f 9576 10562 7486 5960
f 7486 10562 8043 5957
f 9559 10564 7492 5964
f 7492 10564 7490 5961
f 7490 10564 10563 5963
f 10566 10565 8046 6238
f 8046 10565 7498 5966
f 7498 10565 7505 5968
f 9570 10567 9584 6609
f 9584 10567 10568 6281
f 10568 10567 7506 5971
f 10029 10569 9594 6614
f 9594 10569 7502 5969
f 7502 10569 10568 5971
f 10447 10570 10571 6150
f 10571 10570 7493 5965
f 7493 10570 9562 5964
f 10573 10572 9588 6282
f 9588 10572 10574 6613
f 10573 10575 10576 6736
f 10576 10575 10577 6240
f 10577 10575 10028 6615
f 10579 10578 10577 6615
f 10577 10578 8054 6240
f 8054 10578 10580 6239
f 10582 10581 10583 6738
f 10583 10581 9592 5975
f 9592 10581 10579 6615
f 9599 10584 10585 6618
f 10585 10584 10582 6738
f 10582 10584 10586 6737
f 10588 10587 10585 6738
f 10585 10587 9602 6618
f 9602 10587 9604 6619
f 10588 10589 10590 6620
f 10590 10589 7510 5973
f 7510 10589 10583 5975
f 10592 10591 10586 6616
f 10586 10591 10580 6737
f 10580 10591 9612 6239
f 10592 10593 9621 6622
f 9621 10593 7520 5978
f 7520 10593 10594 5980
f 10596 10595 10597 6739
f 10597 10595 9596 6617
f 9596 10595 10594 6616
f 7867 10598 9597 6166
f 9597 10598 10599 6617
f 10599 10598 8050 6025
f 9601 10600 9767 6079
f 10602 10601 10590 5973
f 10590 10601 9606 6620
f 9606 10601 7521 5981
f 7515 10604 10605 5977
f 10605 10604 8204 6286
f 10602 10606 10603 5982
f 10607 10606 7512 5976
f 8055 10608 10576 6240
f 10576 10608 10574 6736
f 10574 10608 10609 6613
f 7523 10610 10611 5983
f 10611 10610 10596 6739
f 10596 10610 9615 5980
f 10613 10612 9613 6621
f 9613 10612 7532 5991
f 7532 10612 10614 5990
f 9627 10615 9619 6624
f 9619 10615 10613 6621
f 10613 10615 10616 6740
f 10618 10617 9632 5999
f 9632 10617 10619 6627
f 10619 10617 10620 6741
f 9635 10621 8061 6243
f 8061 10621 10620 6242
f 10620 10621 10622 6741
f 9608 10623 10609 6241
f 10609 10623 9587 6613
f 9587 10623 10624 6152
f 7540 10625 10626 5996
f 10626 10625 10428 6273
f 10428 10625 7343 5867
f 10628 10627 8063 6242
f 8063 10627 8066 5868
f 10628 10629 10630 6245
f 10630 10629 7547 5997
f 7547 10629 10618 5999
f 9744 10631 9687 6636
f 9687 10631 10630 5997
f 10630 10631 9646 6245
f 10633 10632 7551 6000
f 7551 10632 7705 6002
f 7705 10632 9851 6090
f 10633 10634 10635 6671
f 10635 10634 9794 6272
f 9794 10634 9652 6632
f 10410 10636 7825 5861
f 7825 10636 9655 5887
f 9655 10636 10637 6157
f 10637 10638 10639 6157
f 10639 10638 7555 6003
f 7555 10638 10435 6005
f 7559 10640 10641 6008
f 10641 10640 9531 6012
f 9531 10640 8071 6246
f 10641 10642 7563 6008
f 7563 10642 9834 5920
f 9834 10642 9836 6103
f 7569 10643 9837 6012
f 9837 10643 10644 6102
f 10644 10643 7422 5917
f 9556 10645 9551 6606
f 9551 10645 9671 6605
f 9671 10645 7754 6113
f 10647 10646 8078 6249
f 8078 10646 7753 6112
f 7753 10646 9535 6111
f 8074 10648 9665 6248
f 9665 10648 10647 6249
f 10647 10648 9839 6104
f 7589 10649 8191 6024
f 8191 10649 10650 6252
f 10650 10649 7586 6021
f 10086 10651 10650 6021
f 10650 10651 8081 6252
f 8081 10651 9679 6251
f 10088 10652 10653 6072
f 10653 10652 7592 6025
f 7592 10652 8082 5988
f 10655 10654 8080 6251
f 8080 10654 9633 5988
f 9633 10654 7546 5999
f 10657 10656 8084 6253
f 8084 10656 10655 6251
f 10655 10656 9688 5998
f 10659 10658 8085 6254
f 8085 10658 8089 6253
f 8089 10658 10660 6256
f 10662 10661 8090 6255
f 8090 10661 10657 6253
f 10657 10661 9684 6638
f 9692 10663 10664 6254
f 10664 10663 7596 6026
f 7596 10663 7610 6028
f 10664 10665 10659 6254
f 10659 10665 7600 6029
f 7600 10665 10666 6031
f 9753 10667 10668 6646
f 10668 10667 10666 6026
f 10666 10667 8093 6031
f 9726 10669 8111 6261
f 8111 10669 7603 6032
f 7603 10669 10668 6026
f 9747 10670 8096 6257
f 8096 10670 7605 5759
f 7605 10670 10671 6033
f 9694 10672 9002 6426
f 9002 10672 7616 6018
f 7616 10672 9690 6037
f 9918 10673 9932 6682
f 9932 10673 7619 6040
f 7619 10673 10674 6039
f 10676 10675 7273 5820
f 7273 10675 10674 5822
f 10674 10675 10677 6039
f 10676 10678 8099 6258
f 8099 10678 7624 6041
f 7624 10678 10679 6043
f 7627 10680 8100 6045
f 8100 10680 10681 6258
f 10681 10680 9725 6261
f 10683 10682 9701 6489
f 9701 10682 9706 6062
f 9706 10682 9718 6641
f 10685 10684 10686 6052
f 10686 10684 9949 6278
f 9949 10684 10687 6691
f 10685 10688 10689 6742
f 10689 10688 7635 6048
f 7635 10688 7638 6050
f 9935 10690 9939 6686
f 9939 10690 9710 6642
f 9710 10690 10691 6054
f 10301 10692 9936 6503
f 9936 10692 10693 6687
f 10693 10692 7447 5935
f 7641 10694 8109 6053
f 8109 10694 10693 5935
f 10693 10694 10691 6687
f 9722 10695 8162 6277
f 8162 10695 7633 6049
f 7633 10695 10696 6048
f 10696 10697 10698 6048
f 10698 10697 7647 6056
f 7647 10697 10699 6058
f 9736 10700 10698 6056
f 10698 10700 10689 6048
f 10689 10700 10701 6742
f 10701 10702 10687 6742
f 10687 10702 10703 6691
f 10703 10702 10704 6649
f 9948 10705 10706 6690
f 10706 10705 9731 6647
f 9731 10705 10703 6649
f 9947 10707 7630 6047
f 7630 10707 9728 6046
f 9728 10707 10706 6647
f 9737 10708 10704 6651
f 10704 10708 9730 6649
f 9730 10708 10709 6648
f 10681 10710 10677 6258
f 10677 10710 9748 6039
f 9748 10710 8112 6167
f 8104 10711 10712 6259
f 10712 10711 8166 6061
f 8166 10711 10686 6278
f 9712 10713 9704 6640
f 9704 10713 7651 6059
f 7651 10713 10712 6061
f 7649 10714 9703 6059
f 9703 10714 7655 6062
f 7655 10714 9697 6064
f 7686 10715 9861 6065
f 9861 10715 10662 6255
f 10662 10715 9683 6637
f 8114 10716 9751 6108
f 9751 10716 10717 6065
f 9733 10718 10717 6262
f 10717 10718 10719 6065
f 10719 10718 10709 6652
f 9760 10720 9738 6650
f 9738 10720 10719 6652
f 10719 10720 9859 6065
f 9759 10721 10722 6654
f 10722 10721 7660 6066
f 7660 10721 9735 6056
f 7138 10723 7152 5734
f 9765 10723 7669 6070
f 10653 10724 7673 6072
f 7673 10724 8122 6074
f 9534 10725 10726 6111
f 10726 10725 7439 5926
f 9244 10727 7446 5934
f 7446 10727 10547 5933
f 10547 10727 8133 5938
f 10729 10728 7235 5793
f 7235 10728 9818 5792
f 9818 10728 10730 6660
f 7781 10731 10732 6122
f 10732 10731 10730 6743
f 10730 10731 9797 6660
f 7695 10733 7332 5856
f 7332 10733 7700 5858
f 7700 10733 10734 6088
f 9816 10735 10190 6664
f 10190 10735 10213 6452
f 7537 10736 7739 5994
f 7739 10736 7706 6091
f 7706 10736 9650 6002
f 10494 10737 10511 6734
f 10511 10737 9822 6666
f 9822 10737 10142 6665
f 8518 10738 10164 6360
f 10164 10738 10739 6716
f 10739 10738 7851 6161
f 9842 10740 10415 6668
f 10415 10740 9373 6219
f 9373 10740 9659 6542
f 8210 10741 8206 6294
f 9813 10742 10743 6182
f 10743 10742 10744 6271
f 10744 10745 8142 6271
f 8142 10745 10401 6173
f 8145 10746 7427 5921
f 7427 10746 10747 5920
f 10421 10748 9847 6669
f 9847 10748 9852 6603
f 9852 10748 9854 6090
f 9790 10749 10750 6272
f 10750 10749 8118 6265
f 10752 10751 8058 5993
f 8058 10751 10429 5868
f 10429 10751 10626 6273
f 7646 10753 9857 6057
f 9857 10753 8026 6069
f 8026 10753 10754 6233
f 10660 10755 8088 6256
f 8088 10755 9862 6255
f 9862 10755 7598 6030
f 9826 10756 10757 6093
f 10757 10756 8148 5863
f 7423 10758 10759 5917
f 10759 10758 7729 5919
f 7729 10758 7736 5890
f 7566 10760 10759 5919
f 10759 10760 10644 5917
f 10644 10760 7731 6102
f 9658 10761 10747 5892
f 10747 10761 7562 5920
f 7562 10761 9843 6009
f 10416 10762 9841 6668
f 9841 10762 10536 6634
f 10536 10762 9846 6602
f 9524 10763 10750 6265
f 10750 10763 10635 6272
f 10635 10763 9850 6671
f 7536 10764 10752 5993
f 10752 10764 7539 5996
f 7539 10764 7740 5995
f 9758 10765 8151 6110
f 8151 10765 9762 6263
f 9762 10765 10766 6653
f 10722 10767 10766 6654
f 10766 10767 9755 6653
f 9755 10767 9856 6067
f 7709 10768 10769 6092
f 10769 10768 7713 6095
f 7713 10768 10757 5863
f 10514 10770 9865 6672
f 9865 10770 9483 6584
f 9483 10770 10769 6095
f 10509 10771 10772 6581
f 10772 10771 9489 6586
f 9489 10771 9831 6585
f 9475 10773 10774 6583
f 10774 10773 10517 6735
f 10517 10773 10772 6586
f 10507 10775 8144 5921
f 8144 10775 10516 5891
f 10516 10775 10774 6735
f 9676 10776 7755 6111
f 7755 10776 9670 6113
f 7450 10777 10541 5936
f 10541 10777 10778 5946
f 10778 10777 10552 5940
f 7758 10779 10726 5926
f 10726 10779 9771 6111
f 10558 10780 7760 6115
f 7760 10780 7577 6017
f 7577 10780 7757 5927
f 9548 10781 7764 5949
f 7764 10781 7470 5951
f 7470 10781 7761 5950
f 7455 10782 10778 5940
f 10778 10782 7462 5946
f 7462 10782 9870 5945
f 7459 10783 9872 5943
f 9872 10783 9673 6117
f 9673 10783 10554 6015
f 9171 10784 9890 6463
f 9890 10784 8237 6306
f 8237 10784 9893 6308
f 10216 10785 9894 6677
f 9894 10785 8292 6323
f 8292 10785 10786 6305
f 10212 10787 10786 6719
f 10786 10787 8231 6305
f 9908 10788 10184 6455
f 10184 10788 10236 6718
f 10236 10788 10227 6720
f 7207 10789 8158 5771
f 8158 10789 10196 6193
f 10196 10789 10219 6465
f 10344 10790 9905 5839
f 9905 10790 9253 6491
f 9253 10790 10306 5823
f 10729 10791 10732 6743
f 10732 10791 10792 6122
f 10792 10791 7236 5794
f 9899 10793 9912 6200
f 9912 10793 10259 6680
f 10259 10793 10351 5796
f 9195 10794 10795 5826
f 10795 10794 9252 5824
f 9252 10794 9910 6492
f 7276 10796 10795 5824
f 10795 10796 7279 5826
f 7279 10796 7789 5790
f 8160 10797 9914 6126
f 9914 10797 9185 5787
f 9185 10797 10792 5794
f 9190 10798 10799 6472
f 10799 10798 10255 6723
f 10255 10798 10800 5821
f 10342 10801 10248 5840
f 10248 10801 10252 6721
f 10252 10801 10799 6723
f 9240 10802 10800 6469
f 10800 10802 7271 5821
f 7271 10802 10679 5820
f 10244 10803 9923 6683
f 9923 10803 8989 5767
f 8989 10803 10804 6420
f 10253 10805 10804 6722
f 10804 10805 9096 6420
f 9096 10805 9926 6421
f 7131 10806 9920 5728
f 9920 10806 7620 6038
f 7620 10806 9931 6040
f 10295 10807 10808 6490
f 10808 10807 9937 6685
f 9937 10807 9277 6503
f 9248 10809 9943 6488
f 9943 10809 9940 6688
f 9940 10809 10808 6685
f 10811 10810 9720 6643
f 9720 10810 9956 6644
f 9956 10810 9201 6473
f 9242 10812 10683 6489
f 10683 10812 10811 6643
f 10811 10812 10304 6475
f 7267 10813 9903 5818
f 9903 10813 7299 5839
f 7299 10813 10814 5838
f 8164 10815 8107 6260
f 8107 10815 9951 6053
f 9951 10815 7634 6050
f 10817 10816 7654 6064
f 7654 10816 7796 6063
f 7796 10816 8098 6041
f 10814 10818 9960 5838
f 9960 10818 7268 5817
f 7626 10819 9954 6044
f 9954 10819 9698 6639
f 9698 10819 10817 6064
f 9709 10820 10821 6129
f 10821 10820 9713 6128
f 9713 10820 9952 6051
f 9719 10822 10821 6128
f 10821 10822 10298 6129
f 10298 10822 9957 6689
f 9198 10823 9958 6473
f 9958 10823 9236 6487
f 9236 10823 7798 6131
f 9541 10824 10544 6604
f 10544 10824 10699 6645
f 10699 10824 10754 6058
f 9262 10825 9987 6497
f 9987 10825 7803 6134
f 7803 10825 10826 6133
f 7802 10827 9210 6132
f 9210 10827 10828 6478
f 10826 10829 10828 6133
f 10828 10829 10271 6478
f 10271 10829 10340 6725
f 8172 10830 10276 6279
f 10276 10830 7244 5799
f 7936 10831 10000 5777
f 10000 10831 8153 5774
f 8153 10831 8175 6275
f 10274 10832 10833 6693
f 10833 10832 9207 6477
f 9207 10832 9990 6132
f 9962 10834 10833 6477
f 10833 10834 9967 6693
f 9967 10834 9992 5808
f 9153 10835 10003 6457
f 10003 10835 10204 6696
f 10204 10835 10005 6121
f 10011 10836 9458 5915
f 9458 10836 7822 5914
f 7822 10836 7398 5904
f 7406 10837 10838 5907
f 10838 10837 7409 5910
f 7409 10837 10010 5909
f 10338 10839 10838 5910
f 10838 10839 8410 5907
f 8410 10839 10013 6146
f 7389 10840 10020 5897
f 10020 10840 7393 5894
f 7393 10840 10023 5900
f 10036 10841 7363 5876
f 7363 10841 7826 5880
f 7826 10841 7335 5861
f 10843 10842 7366 5882
f 7366 10842 10844 5881
f 10844 10842 9428 6552
f 10844 10845 9438 5881
f 9438 10845 9480 6568
f 9480 10845 9391 6232
f 10053 10846 7591 5986
f 7591 10846 10847 6025
f 10847 10846 10611 6739
f 10847 10848 10599 6025
f 10599 10848 10597 6617
f 9424 10849 10042 6565
f 10042 10849 7370 5884
f 7370 10849 10843 5882
f 9422 10850 10851 6561
f 10851 10850 10456 6731
f 10456 10850 7829 6149
f 9418 10852 7832 6151
f 7832 10852 10446 6150
f 10446 10852 10851 6731
f 10571 10853 7834 6150
f 7834 10853 9586 6152
f 9586 10853 7838 6153
f 10437 10854 10046 6558
f 10046 10854 10624 5989
f 10624 10854 7833 6152
f 9408 10855 10050 6557
f 10050 10855 9640 6629
f 9640 10855 10856 5874
f 7351 10857 10856 5871
f 10856 10857 7354 5874
f 7354 10857 10032 5873
f 10614 10858 7842 5990
f 7842 10858 9636 6156
f 9636 10858 10859 6628
f 10616 10860 10859 6740
f 10859 10860 10622 6628
f 10622 10860 10861 6741
f 9625 10862 10861 6625
f 10861 10862 10619 6741
f 10619 10862 10863 6627
f 9629 10864 10863 6626
f 10863 10864 9631 6627
f 9631 10864 10052 5987
f 7992 10865 10439 6217
f 10439 10865 10034 6698
f 10409 10866 10060 6699
f 10060 10866 9421 6562
f 9421 10866 10055 6564
f 9411 10867 10063 6559
f 10063 10867 7554 6005
f 7554 10867 10868 6004
f 10433 10869 10868 6560
f 10868 10869 7553 6004
f 7553 10869 10870 6003
f 9642 10871 10870 6630
f 10870 10871 10639 6003
f 10639 10871 7844 6157
f 10390 10872 10873 6703
f 10873 10872 10874 6744
f 10874 10872 8208 6297
f 9355 10875 9786 6537
f 9786 10875 10071 6658
f 10071 10875 10876 6702
f 7847 10877 10072 6158
f 10072 10877 9785 6658
f 9785 10877 9443 6570
f 10066 10878 10879 6612
f 10879 10878 10874 6297
f 10874 10878 10880 6744
f 7478 10881 8187 5953
f 8187 10881 7483 5957
f 7483 10881 10882 5959
f 8184 10883 10882 5956
f 10882 10883 10067 5959
f 10067 10883 10884 6701
f 10070 10885 10884 6284
f 10884 10885 10880 6701
f 10880 10885 10886 6744
f 10876 10887 10886 6702
f 10886 10887 10873 6744
f 10873 10887 10079 6703
f 7852 10888 10889 6161
f 10889 10888 10171 6096
f 10165 10890 9827 6667
f 9827 10890 10891 6274
f 10891 10890 10892 6163
f 7858 10893 10891 6163
f 10891 10893 10081 6274
f 10739 10894 10892 6716
f 10892 10894 7856 6163
f 7856 10894 10889 6096
f 10896 10895 7855 6097
f 7855 10895 7860 6163
f 7860 10895 7862 6165
f 7717 10897 10896 6097
f 10896 10897 7722 6099
f 10174 10898 10899 6100
f 10899 10898 9781 6571
f 9781 10898 9350 6534
f 9447 10900 10899 6571
f 10899 10900 7863 6100
f 7863 10900 10083 6165
f 7509 10901 10902 5974
f 10902 10901 7500 5970
f 7500 10901 9593 5969
f 10605 10903 10904 5977
f 10904 10903 10607 5976
f 10607 10903 10905 5765
f 7513 10906 10904 5976
f 10904 10906 7516 5977
f 7516 10906 10902 5970
f 10096 10907 7595 6028
f 7595 10907 7874 6027
f 7874 10907 10671 6167
f 7613 10908 9051 5764
f 9051 10908 9695 6430
f 9695 10908 10095 6035
f 10910 10909 9346 6531
f 9331 10911 10108 6520
f 10108 10911 10388 6529
f 10388 10911 10910 6531
f 9334 10912 10113 5852
f 10113 10912 10386 6526
f 10386 10912 10107 6530
f 10357 10913 7876 6168
f 7876 10913 7324 5851
f 7324 10913 10111 5853
f 9299 10914 10117 5846
f 10117 10914 9366 6540
f 9366 10914 7880 6171
f 10361 10915 10122 6289
f 10122 10915 10400 6288
f 10400 10915 10119 6707
f 7331 10916 10127 5857
f 10127 10916 10402 6709
f 10402 10916 7887 6173
f 9360 10917 7890 6175
f 7890 10917 10406 6174
f 10406 10917 10125 6708
f 7326 10918 7894 5520
f 7894 10918 9365 6176
f 9365 10918 7892 6174
f 10366 10919 10382 6726
f 10382 10919 8894 6418
f 8894 10919 10131 5685
f 10175 10921 9349 6533
f 9349 10921 10920 6532
f 10923 10922 10143 6712
f 10143 10922 9821 6665
f 9821 10922 10162 6270
f 10925 10924 10149 6713
f 10149 10924 10144 6223
f 10144 10924 10926 6712
f 7082 10927 7102 5710
f 7102 10927 7900 5718
f 7900 10927 10161 6177
f 10926 10928 10923 6712
f 10923 10928 7902 6177
f 7902 10928 7905 6178
f 10155 10929 10925 6713
f 10925 10929 7904 6180
f 7904 10929 8960 6179
f 8672 10930 10931 5720
f 10931 10930 10466 5888
f 10466 10930 10932 6717
f 8964 10933 10932 6406
f 10932 10933 10179 6717
f 10179 10933 10157 6191
f 8962 10934 10158 6405
f 10158 10934 10151 6190
f 10151 10934 10935 6715
f 10147 10936 10154 6714
f 10154 10936 8608 5664
f 8608 10936 10935 6392
f 7926 10937 10188 6192
f 10188 10937 9120 5750
f 9120 10937 10169 6450
f 10192 10938 9128 6448
f 9128 10938 7910 5751
f 7910 10938 10202 6118
f 10191 10939 9815 6664
f 9815 10939 8280 6311
f 8280 10939 10940 5525
f 10942 10941 10943 6745
f 10943 10941 8331 6314
f 8331 10941 7916 6186
f 10734 10944 10945 6088
f 10945 10944 10946 6187
f 10946 10944 10167 6183
f 7918 10947 7913 6184
f 7913 10947 10946 6183
f 10946 10947 10948 6187
f 10931 10949 10950 5720
f 10950 10949 10471 6673
f 9878 10951 10950 6673
f 10950 10951 10181 5720
f 10181 10951 10018 6697
f 10953 10952 9572 6610
f 9572 10952 10954 6238
f 10879 10955 10956 6612
f 8222 10958 8199 6088
f 10960 10959 10961 6748
f 10942 10962 10963 6185
f 10963 10962 10960 6748
f 10960 10962 10964 6747
f 9070 10966 10967 6448
f 10967 10966 10957 6746
f 8216 10970 10972 6299
f 10974 10973 10975 6749
f 10978 10976 10979 6751
f 9580 10981 10982 6611
f 9829 10983 10984 6271
f 8220 10985 10945 6187
f 10945 10985 8227 6088
f 10974 10987 10963 6748
f 10963 10987 10948 6185
f 10948 10987 10988 6187
f 8212 10989 10968 6298
f 10967 10989 10940 6448
f 8217 10990 10991 6300
f 10991 10990 10988 6749
f 10991 10992 10971 6300
f 10978 10994 10995 6750
f 10995 10994 10993 6753
f 10993 10994 10996 6752
f 10998 10997 8205 6295
f 8205 10997 10980 6294
f 10998 10999 10996 6751
f 11002 11001 10977 6750
f 10995 11003 11002 6750
f 8334 11004 11005 6315
f 11005 11004 8341 6322
f 8341 11004 11006 6783
f 8270 11007 11008 6779
f 11008 11007 8275 6784
f 8275 11007 11009 6770
f 8325 11010 11011 6184
f 11011 11010 8329 6777
f 8329 11010 11012 6780
f 11012 11010 8250 6771
f 8250 11010 11013 6761
f 6797 11014 11015 6756
f 11015 11014 8290 6763
f 8290 11014 11016 6789
f 8312 11017 11018 6759
f 11018 11017 8296 6790
f 8296 11017 11019 6307
f 8306 11020 11021 6318
f 11021 11020 8235 6766
f 8235 11020 11022 6764
f 8246 11023 11024 6754
f 11024 11023 8239 6765
f 8239 11023 11025 6767
f 8288 11026 11027 6768
f 11027 11026 8301 6309
f 8301 11026 11028 6321
f 8262 11029 11030 6775
f 11030 11029 8320 6787
f 8320 11029 11031 6786
f 8315 11032 11033 6320
f 8257 11032 11034 6772
