# BrainViewer — regione: temporal
# generato da tools/split_lobes.py, non modificare a mano
o temporal
v -0.026001 0.514725 0.518280
v -0.018265 0.502579 0.527889
v -0.014496 0.483307 0.499746
v -0.012802 0.509155 0.192519
v -0.015335 0.495346 0.226935
v -0.016739 0.481873 0.199204
v -0.015335 0.531158 0.250819
v -0.016251 0.498703 0.274236
v -0.022430 0.494492 0.259866
v -0.016632 0.453476 0.292757
v -0.018036 0.462463 0.296559
v -0.014496 0.452454 0.320036
v -0.013367 0.486450 0.493846
v -0.014297 0.521225 0.495361
v -0.025162 0.517227 0.512989
v -0.011398 0.472031 0.360268
v -0.018723 0.492096 0.359977
v -0.008713 0.514023 0.440887
v -0.010681 0.545319 0.324072
v -0.009552 0.550491 0.312587
v -0.023605 0.515457 0.338266
v -0.016251 0.532043 0.355420
v -0.011536 0.469025 0.347217
v -0.014893 0.484161 0.324129
v -0.020813 0.486603 0.336305
v -0.018158 0.509125 0.310618
v -0.012283 0.536743 0.314248
v -0.024170 0.508743 0.326718
v -0.034393 0.441666 0.504796
v -0.022079 0.439636 0.491617
v -0.011688 0.445084 0.508343
v -0.117218 0.455231 0.278751
v -0.106247 0.442993 0.257533
v -0.094833 0.439423 0.244994
v -0.123672 0.521286 0.496444
v -0.154465 0.532669 0.462947
v -0.118286 0.504105 0.473347
v -0.089752 0.474609 0.458871
v -0.093109 0.479767 0.499229
v -0.107147 0.501251 0.406405
v -0.099350 0.478287 0.409135
v -0.216476 0.460983 0.313916
v -0.226990 0.460648 0.299871
v -0.201920 0.448776 0.288395
v -0.144562 0.437973 0.227850
v -0.133682 0.445236 0.251667
v -0.169815 0.442139 0.265501
v -0.199341 0.520126 0.395775
v -0.199982 0.548523 0.432837
v -0.220337 0.523087 0.410845
v -0.201599 0.469101 0.324775
v -0.202057 0.475113 0.335095
v -0.291977 0.522644 0.422649
v -0.302124 0.517136 0.415604
v -0.301147 0.506058 0.395215
v -0.122787 0.513321 0.430277
v -0.118118 0.503204 0.451555
v -0.145523 0.521408 0.443374
v -0.045227 0.440765 0.488762
v -0.056580 0.440399 0.461492
v -0.038223 0.432709 0.461240
v -0.192139 0.438873 0.237883
v -0.169495 0.448761 0.204883
v -0.158905 0.442001 0.205995
v -0.137772 0.450745 0.186059
v -0.125366 0.455658 0.182775
v -0.113312 0.449142 0.189939
v -0.361725 0.546799 0.376725
v -0.342636 0.525360 0.328817
v -0.349716 0.538513 0.310858
v -0.318146 0.506790 0.299023
v -0.133835 0.486176 0.348261
v -0.150558 0.483246 0.351090
v -0.149734 0.465820 0.309581
v -0.041138 0.553665 0.534028
v -0.394440 0.624405 0.147103
v -0.369629 0.622528 0.143354
v -0.365875 0.620529 0.149146
v -0.419846 0.633667 0.176308
v -0.420685 0.623917 0.145509
v -0.413391 0.643845 0.077902
v -0.389816 0.629898 0.107914
v -0.420059 0.629852 0.109101
v -0.447098 0.642166 0.114949
v -0.418320 0.657501 0.066274
v -0.039001 0.577850 0.218251
v -0.045700 0.555557 0.222200
v -0.059204 0.560181 0.255716
v -0.040878 0.552505 0.202017
v -0.264008 0.532745 0.292526
v -0.269791 0.541367 0.295368
v -0.261780 0.551056 0.306402
v -0.183380 0.488678 0.203888
v -0.220901 0.488342 0.222007
v -0.195007 0.501923 0.239491
v -0.259338 0.589249 0.325638
v -0.266068 0.598495 0.314348
v -0.252594 0.611191 0.332318
v -0.092804 0.553238 0.297162
v -0.076767 0.580276 0.291570
v -0.268890 0.725693 0.129780
v -0.232483 0.625412 0.353409
v -0.236938 0.655075 0.341135
v -0.362686 0.613541 0.173733
v -0.355408 0.623657 0.147506
v -0.314545 0.670685 0.160090
v -0.287186 0.684570 0.160451
v -0.278839 0.691254 0.178451
v -0.279404 0.698547 0.162828
v -0.344818 0.562195 0.300358
v -0.305817 0.560272 0.288682
v -0.302307 0.526459 0.286025
v -0.274002 0.563904 0.299002
v -0.275482 0.536438 0.291656
v -0.283600 0.644470 0.242624
v -0.314758 0.615189 0.235117
v -0.312378 0.627365 0.225174
v -0.304153 0.629944 0.191966
v -0.323914 0.616531 0.183028
v -0.275421 0.649689 0.252711
v -0.272324 0.658569 0.256907
v -0.275726 0.629440 0.287407
v -0.280289 0.615524 0.275698
v -0.215210 0.457108 0.221216
v -0.230698 0.459915 0.237417
v -0.227737 0.471313 0.214241
v -0.191162 0.461014 0.203690
v -0.164368 0.470749 0.191813
v -0.068527 0.469757 0.560993
v -0.064194 0.514664 0.601235
v -0.104050 0.513840 0.593704
v -0.021866 0.487091 0.340772
v -0.024994 0.507675 0.341316
v -0.070969 0.450516 0.462292
v -0.113983 0.507141 0.404020
v -0.107254 0.504929 0.416962
v -0.100983 0.468765 0.188480
v -0.079956 0.449173 0.217876
v -0.030334 0.486328 0.188933
v -0.026306 0.517776 0.179469
v -0.023285 0.492249 0.253322
v -0.011017 0.475906 0.490647
v -0.022736 0.541946 0.576897
v -0.018982 0.521194 0.571867
v -0.021179 0.530319 0.557524
v -0.241043 0.457947 0.279694
v -0.208344 0.447739 0.281126
v -0.231232 0.460434 0.294337
v -0.302765 0.513214 0.346610
v -0.295700 0.510422 0.353174
v -0.292618 0.542603 0.440567
v -0.288712 0.540909 0.434998
v -0.283661 0.544174 0.441289
v -0.194916 0.550949 0.444451
v -0.186966 0.548248 0.435998
v -0.105759 0.509384 0.554325
v -0.301056 0.587128 0.294721
v -0.291855 0.582687 0.299056
v -0.306030 0.581604 0.294259
v -0.287964 0.631485 0.247273
v -0.311676 0.608063 0.243490
v -0.312332 0.612320 0.238961
v -0.358093 0.617874 0.230562
v -0.359131 0.619247 0.226781
v -0.323486 0.662643 0.153932
v -0.321777 0.662109 0.162229
v -0.279007 0.689529 0.183341
v -0.272751 0.696167 0.184208
v -0.260757 0.497650 0.260008
v -0.260071 0.506485 0.269618
v -0.250488 0.499924 0.260154
v -0.174271 0.484314 0.194688
v -0.163925 0.490738 0.198407
v -0.059036 0.517029 0.187496
v -0.060944 0.524567 0.192209
v -0.049438 0.526459 0.188082
v -0.033798 0.585907 0.214606
v -0.005402 0.438507 0.425934
v -0.012558 0.436111 0.360235
v -0.009537 0.460632 0.354565
v -0.013412 0.541687 0.244467
v -0.112534 0.432953 0.233674
v -0.119675 0.436295 0.201579
v -0.130463 0.432861 0.213403
v -0.140457 0.437546 0.196519
v -0.172424 0.532211 0.437229
v -0.191910 0.469208 0.322290
v -0.155121 0.460236 0.297686
v -0.196533 0.445786 0.281013
v -0.205582 0.445114 0.276381
v -0.221542 0.447723 0.263375
v -0.121002 0.532547 0.506174
v -0.100052 0.501205 0.537624
v -0.261963 0.501358 0.392477
v -0.264465 0.524628 0.423940
v -0.281647 0.494904 0.369864
v -0.054596 0.437820 0.308481
v -0.061798 0.441788 0.313411
v -0.070206 0.444534 0.254992
v -0.018646 0.437317 0.466293
v -0.031174 0.438950 0.493335
v -0.065826 0.451294 0.217429
v -0.096283 0.442764 0.213224
v -0.018860 0.432358 0.293292
v -0.042542 0.435516 0.298832
v -0.043076 0.441696 0.257976
v -0.254471 0.573593 0.324604
v -0.255325 0.581604 0.327040
v -0.249100 0.585999 0.334550
v -0.236328 0.585037 0.345070
v -0.265610 0.707275 0.200657
v -0.272461 0.706421 0.173079
v -0.282318 0.704346 0.092609
v -0.292892 0.688461 0.093386
v -0.298889 0.694962 0.075848
v -0.317322 0.660095 0.092227
v -0.285187 0.690613 0.121716
v -0.297256 0.709869 0.066022
v -0.271652 0.725906 0.078211
v -0.284515 0.689163 0.141875
v -0.288864 0.686386 0.132614
v -0.274567 0.687042 0.191082
v -0.278580 0.651031 0.240989
v -0.305725 0.590866 0.276807
v -0.309998 0.598206 0.256161
v -0.013672 0.450409 0.325727
v -0.059555 0.486511 0.191694
v -0.044144 0.456314 0.218670
v -0.057770 0.442566 0.252689
v -0.257935 0.543686 0.442441
v -0.259003 0.540833 0.436525
v -0.355774 0.609680 0.236916
v -0.294189 0.680557 0.128713
v -0.364105 0.623306 0.137987
v -0.352448 0.629608 0.139019
v -0.468231 0.527283 -0.339966
v -0.479980 0.559753 -0.333783
v -0.394150 0.469482 -0.421975
v -0.400177 0.454788 -0.393630
v -0.388611 0.452377 -0.394339
v -0.377472 0.442963 -0.372586
v -0.379974 0.427124 -0.416152
v -0.384979 0.448044 -0.397638
v -0.389847 0.465332 -0.426484
v -0.321930 0.351547 -0.440711
v -0.317657 0.370331 -0.447004
v -0.302353 0.355728 -0.457211
v -0.303864 0.360153 -0.460985
v -0.318619 0.374039 -0.450478
v -0.324112 0.372772 -0.460746
v -0.350342 0.430603 -0.478238
v -0.127335 0.365738 -0.588163
v -0.037582 0.329025 -0.563350
v -0.040726 0.334320 -0.577387
v -0.032150 0.337051 -0.580486
v -0.294998 0.350372 -0.457308
v -0.280716 0.342987 -0.450891
v -0.307312 0.339890 -0.427679
v -0.085358 0.339661 -0.514936
v -0.044830 0.331085 -0.537898
v -0.061234 0.329437 -0.558549
v -0.246597 0.417068 -0.373722
v -0.250717 0.411987 -0.378263
v -0.243423 0.415359 -0.381933
v -0.111694 0.352402 -0.549807
v -0.117996 0.352478 -0.549443
v -0.370285 0.437256 -0.373541
v -0.257965 0.412262 -0.347094
v -0.233322 0.410522 -0.356781
v -0.433548 0.510254 -0.345769
v -0.296417 0.356049 -0.465591
v -0.254059 0.347549 -0.433744
v -0.264435 0.341415 -0.466318
v -0.348099 0.351074 -0.414628
v -0.344635 0.365753 -0.427258
v -0.310272 0.688644 -0.035119
v -0.306732 0.683624 -0.057713
v -0.289780 0.699936 -0.051814
v -0.420822 0.667267 0.009803
v -0.298218 0.703354 0.003970
v -0.308365 0.705643 -0.013913
v -0.285995 0.714417 -0.021669
v -0.275894 0.730026 -0.016924
v -0.280487 0.720917 0.009547
v -0.422134 0.650253 -0.172237
v -0.514282 0.634796 -0.156289
v -0.511765 0.653687 -0.168417
v -0.518448 0.638336 -0.196587
v -0.441681 0.434113 -0.192711
v -0.437363 0.429398 -0.171653
v -0.434387 0.431442 -0.144641
v -0.483261 0.499390 -0.147961
v -0.489761 0.504776 -0.173427
v -0.483551 0.483719 -0.157845
v -0.427750 0.364212 -0.203637
v -0.420746 0.371384 -0.171253
v -0.440918 0.373962 -0.193957
v -0.433334 0.426254 -0.140912
v -0.437531 0.422974 -0.170431
v -0.440247 0.409500 -0.153069
v -0.443466 0.393799 -0.186632
v -0.445541 0.378571 -0.191067
v -0.439545 0.385315 -0.165208
v -0.190170 0.468826 -0.186321
v -0.292587 0.413116 -0.231575
v -0.276947 0.408951 -0.220935
v -0.286499 0.412613 -0.204418
v -0.155029 0.456467 -0.173633
v -0.218765 0.422180 -0.179482
v -0.226898 0.413437 -0.157908
v -0.242477 0.402725 -0.153704
v -0.210892 0.423584 -0.147722
v -0.509552 0.622025 -0.275356
v -0.478683 0.498825 -0.295322
v -0.475143 0.478073 -0.280354
v -0.481262 0.492508 -0.251470
v -0.450333 0.494934 -0.318580
v -0.463776 0.479401 -0.305136
v -0.461151 0.495712 -0.319928
v -0.460632 0.451920 -0.274726
v -0.467300 0.472763 -0.297945
v -0.461655 0.464020 -0.302833
v -0.449799 0.444122 -0.307623
v -0.462448 0.471542 -0.304875
v -0.449615 0.473938 -0.327600
v -0.441238 0.444321 -0.331866
v -0.448120 0.491455 -0.319407
v -0.391846 0.417587 -0.331895
v -0.385086 0.427856 -0.340541
v -0.425552 0.367249 -0.236922
v -0.443268 0.388702 -0.235683
v -0.423706 0.384445 -0.276163
v -0.400726 0.378433 -0.316944
v -0.396576 0.370468 -0.316707
v -0.410812 0.400055 -0.307330
v -0.400635 0.394516 -0.320827
v -0.396439 0.378403 -0.327224
v -0.398117 0.393936 -0.327127
v -0.396317 0.396729 -0.343949
v -0.363220 0.348648 -0.348751
v -0.383591 0.370972 -0.369783
v -0.337875 0.343231 -0.389297
v -0.319275 0.372025 -0.293074
v -0.292374 0.387955 -0.290663
v -0.302231 0.389389 -0.274344
v -0.244293 0.408585 -0.338016
v -0.335876 0.362625 -0.284266
v -0.329590 0.368286 -0.275095
v -0.321243 0.368225 -0.248134
v -0.306183 0.410782 -0.257996
v -0.314240 0.392746 -0.264613
v -0.330795 0.367737 -0.285745
v -0.334534 0.365219 -0.314138
v -0.473938 0.540741 -0.216118
v -0.486115 0.527908 -0.202127
v -0.493408 0.548615 -0.208049
v -0.268753 0.571411 -0.173614
v -0.105652 0.479584 -0.120174
v -0.097366 0.481415 -0.145571
v -0.086182 0.491455 -0.134075
v -0.482513 0.524872 -0.221982
v -0.484528 0.525482 -0.209618
v -0.474838 0.533554 -0.214816
v -0.220352 0.410187 -0.351126
v -0.214264 0.412704 -0.362690
v -0.340515 0.360596 -0.322379
v -0.333893 0.360947 -0.326969
v -0.307800 0.411545 -0.251019
v -0.302734 0.414062 -0.255405
v -0.299210 0.411652 -0.236740
v -0.294418 0.412796 -0.245357
v -0.288269 0.411102 -0.195999
v -0.281967 0.413834 -0.197079
v -0.273743 0.416183 -0.181430
v -0.397003 0.420547 -0.326314
v -0.396454 0.415039 -0.322853
v -0.438370 0.424042 -0.178646
v -0.446732 0.379349 -0.198088
v -0.486267 0.521317 -0.204004
v -0.473022 0.539642 -0.220779
v -0.485565 0.537476 -0.237616
v -0.482040 0.527130 -0.228157
v -0.474869 0.604355 -0.288664
v -0.491608 0.604538 -0.284652
v -0.511703 0.590439 -0.247576
v -0.518692 0.607574 -0.244505
v -0.490875 0.662445 -0.142563
v -0.526108 0.586899 -0.116568
v -0.522079 0.581329 -0.136630
v -0.516037 0.561478 -0.116407
v -0.470917 0.544266 -0.124379
v -0.483276 0.539795 -0.101983
v -0.496506 0.545547 -0.106312
v -0.527832 0.608963 -0.087541
v -0.523392 0.611237 -0.065285
v -0.526932 0.625809 -0.082955
v -0.528778 0.610321 -0.123916
v -0.520386 0.591278 -0.149578
v -0.514755 0.576691 -0.152119
v -0.489532 0.490143 -0.133336
v -0.471146 0.539124 -0.116129
v -0.482864 0.526215 -0.106026
v -0.480789 0.535873 -0.101174
v -0.382965 0.346161 -0.093781
v -0.407974 0.349075 -0.097654
v -0.387924 0.355972 -0.160999
v -0.414032 0.346466 -0.050063
v -0.433487 0.360626 -0.102194
v -0.345230 0.350983 -0.103170
v -0.370789 0.347855 -0.091293
v -0.372391 0.346863 -0.104225
v -0.343948 0.361618 -0.081527
v -0.171265 0.425446 -0.087008
v -0.130005 0.443802 -0.091400
v -0.134552 0.431778 -0.062860
v -0.143250 0.412689 -0.011622
v -0.148911 0.419968 -0.041387
v -0.304642 0.378860 -0.093066
v -0.290344 0.373688 -0.097709
v -0.302979 0.372742 -0.075788
v -0.225418 0.408997 -0.107862
v -0.245193 0.385605 -0.071798
v -0.241501 0.399841 -0.117067
v -0.287613 0.366974 -0.067365
v -0.273590 0.371109 -0.085620
v -0.281998 0.366638 -0.047892
v -0.280197 0.403687 -0.159877
v -0.259598 0.404984 -0.165499
v -0.287292 0.399323 -0.162637
v -0.292511 0.385086 -0.133849
v -0.301926 0.367676 -0.146539
v -0.297256 0.393616 -0.200361
v -0.288132 0.613800 -0.130552
v -0.292831 0.610168 -0.101880
v -0.282532 0.547363 -0.121348
v -0.295578 0.596222 -0.076269
v -0.297318 0.559143 -0.052764
v -0.290680 0.521423 -0.073175
v -0.277649 0.461334 -0.031499
v -0.271271 0.453262 -0.035838
v -0.274765 0.452057 -0.051164
v -0.268372 0.463318 -0.082557
v -0.273499 0.460297 -0.087431
v -0.254837 0.485153 -0.124363
v -0.264236 0.468246 -0.079903
v -0.251068 0.488831 -0.080878
v -0.339493 0.653717 -0.109243
v -0.327896 0.656204 -0.104953
v -0.171783 0.505753 -0.080343
v -0.170090 0.500610 -0.054752
v -0.154495 0.503769 -0.063487
v -0.164719 0.495529 -0.036297
v -0.151398 0.493454 -0.022908
v -0.144348 0.499863 -0.042744
v -0.091400 0.487366 -0.071962
v -0.101593 0.501099 -0.083436
v -0.106598 0.503738 -0.081153
v -0.096924 0.492722 -0.087339
v -0.099747 0.489563 -0.096425
v -0.111618 0.481415 -0.102055
v -0.086197 0.507996 -0.113338
v -0.104279 0.506699 -0.089569
v -0.096649 0.494385 -0.095037
v -0.462814 0.679794 -0.089757
v -0.448029 0.677994 -0.121004
v -0.492325 0.675278 -0.118429
v -0.299881 0.580383 -0.039785
v -0.304749 0.557816 0.003375
v -0.303253 0.552032 0.000675
v -0.275940 0.462769 -0.087681
v -0.111282 0.479553 -0.097364
v -0.099701 0.487564 -0.091572
v -0.104416 0.471512 -0.091630
v -0.122742 0.510895 -0.098757
v -0.129593 0.510864 -0.096523
v -0.123856 0.508026 -0.089070
v -0.181885 0.464874 -0.127898
v -0.320450 0.382721 -0.077085
v -0.315994 0.385452 -0.072161
v -0.322632 0.383728 -0.068774
v -0.346451 0.362259 -0.071912
v -0.442993 0.427597 -0.094393
v -0.442657 0.421951 -0.091807
v -0.444153 0.431061 -0.078222
v -0.441788 0.428024 -0.074028
v -0.445007 0.431213 -0.072118
v -0.469864 0.535095 -0.126821
v -0.475433 0.581329 0.132630
v -0.456299 0.608383 0.125525
v -0.484131 0.581329 0.107051
v -0.506302 0.638336 0.031762
v -0.511765 0.639572 0.019093
v -0.515701 0.620087 0.019277
v -0.509323 0.563400 0.048139
v -0.502274 0.543274 0.080389
v -0.501556 0.550903 0.080523
v -0.489258 0.578674 0.089496
v -0.496689 0.551315 0.093091
v -0.482315 0.546906 0.130344
v -0.478806 0.555283 0.136705
v -0.478394 0.545654 0.140341
v -0.468903 0.547134 0.167375
v -0.461533 0.582275 0.167602
v -0.438354 0.581985 0.229996
v -0.447266 0.538986 0.232726
v -0.432327 0.576797 0.246460
v -0.433380 0.523911 0.263839
v -0.433685 0.496902 0.250764
v -0.419708 0.488464 0.255708
v -0.477570 0.535355 0.136195
v -0.470749 0.518005 0.140580
v -0.469574 0.520432 0.132443
v -0.498184 0.539337 0.091339
v -0.499802 0.535156 0.079576
v -0.492157 0.519775 0.079055
v -0.515717 0.580124 -0.010643
v -0.512466 0.584381 -0.024482
v -0.504272 0.559952 -0.010752
v -0.518372 0.610703 -0.050134
v -0.520615 0.626221 -0.053657
v -0.519119 0.586273 0.008055
v -0.524811 0.609253 -0.023099
v -0.480881 0.492035 -0.020228
v -0.484390 0.492477 -0.001762
v -0.465866 0.514130 0.004072
v -0.452438 0.423798 0.103683
v -0.456619 0.428070 0.100332
v -0.469955 0.431656 0.066120
v -0.454468 0.432281 0.109149
v -0.461914 0.447525 0.106110
v -0.478043 0.455170 0.070611
v -0.448151 0.448822 0.119812
v -0.448563 0.425140 0.114448
v -0.445297 0.411697 0.094517
v -0.436401 0.418045 0.167244
v -0.443466 0.433197 0.141667
v -0.441605 0.417786 0.130105
v -0.389557 0.352264 0.188696
v -0.398651 0.365585 0.205667
v -0.410675 0.368927 0.176207
v -0.398727 0.452347 0.225124
v -0.403061 0.459335 0.217109
v -0.420578 0.430923 0.216588
v -0.372467 0.343475 -0.044005
v -0.362579 0.343872 -0.018496
v -0.361328 0.342545 -0.007771
v -0.365875 0.385910 0.279373
v -0.358063 0.378174 0.287233
v -0.360870 0.399155 0.313109
v -0.382248 0.407303 0.273334
v -0.371521 0.402451 0.260883
v -0.373764 0.365112 0.232153
v -0.359695 0.363052 0.249166
v -0.373215 0.379700 0.244925
v -0.358551 0.374146 0.275517
v -0.338928 0.341110 0.234771
v -0.227310 0.311646 0.269853
v -0.250809 0.298065 0.234373
v -0.230927 0.296143 0.224847
v -0.288803 0.298096 0.192675
v -0.267212 0.289886 0.183836
v -0.345642 0.320282 0.153511
v -0.326843 0.323715 0.173875
v -0.323166 0.346100 0.177753
v -0.256973 0.337067 0.261287
v -0.250504 0.323013 0.273473
v -0.254547 0.341797 0.290524
v -0.332443 0.347824 0.173432
v -0.357269 0.341873 0.172563
v -0.352921 0.326172 0.151460
v -0.353455 0.311035 0.109722
v -0.320404 0.301834 0.151159
v -0.347916 0.315491 0.145934
v -0.327042 0.349503 0.299422
v -0.186218 0.363525 0.352083
v -0.167419 0.354019 0.331286
v -0.158005 0.353500 0.323555
v -0.173340 0.383286 0.357199
v -0.212067 0.397629 0.369585
v -0.166351 0.403229 0.357364
v -0.196976 0.421234 0.371084
v -0.208664 0.420502 0.372872
v -0.244934 0.433060 0.374299
v -0.218353 0.425919 0.373752
v -0.205612 0.428131 0.373585
v -0.248367 0.288132 0.174881
v -0.291977 0.293579 0.142807
v -0.153595 0.350647 0.310738
v -0.126755 0.345459 0.277149
v -0.146057 0.349854 0.272001
v -0.178268 0.397034 -0.001313
v -0.181961 0.403732 -0.022216
v -0.074493 0.471542 0.078671
v -0.063690 0.474533 0.110867
v -0.079025 0.444092 0.094248
v -0.065582 0.466156 0.138978
v -0.076218 0.451447 0.162482
v -0.085419 0.424057 0.118812
v -0.093094 0.411148 0.191721
v -0.094620 0.400482 0.190309
v -0.108047 0.378067 0.155536
v -0.097778 0.379013 0.202827
v -0.093887 0.407990 0.201366
v -0.149139 0.355347 0.116593
v -0.144226 0.372864 0.117207
v -0.130692 0.365845 0.136951
v -0.124222 0.372086 0.140404
v -0.138794 0.376831 0.119410
v -0.139923 0.334869 0.155745
v -0.138077 0.342102 0.150623
v -0.126755 0.364716 0.144080
v -0.253677 0.303345 0.125823
v -0.241409 0.317062 0.129637
v -0.244644 0.292618 0.159214
v -0.240250 0.290588 0.164363
v -0.235657 0.315643 0.131209
v -0.217880 0.298508 0.140942
v -0.260223 0.365845 -0.000601
v -0.266525 0.361313 0.013326
v -0.291534 0.380035 0.012761
v -0.246887 0.360260 0.008294
v -0.169434 0.311478 0.238449
v -0.163116 0.325516 0.265134
v -0.173889 0.316055 0.275822
v -0.235962 0.288498 0.173281
v -0.164001 0.309891 0.151736
v -0.184082 0.290237 0.177918
v -0.147476 0.328934 0.151677
v -0.159256 0.331390 0.126946
v -0.143921 0.335587 0.148246
v -0.165344 0.327866 0.138182
v -0.246368 0.330627 0.118139
v -0.199371 0.323624 0.103975
v -0.187500 0.332901 0.094006
v -0.167221 0.324188 0.141751
v -0.109528 0.345230 0.216802
v -0.136322 0.317657 0.196198
v -0.122543 0.339096 0.181173
v -0.341782 0.361847 -0.016069
v -0.356400 0.347168 -0.014824
v -0.344193 0.356155 -0.035494
v -0.225662 0.469284 0.178153
v -0.246979 0.482681 0.189476
v -0.224930 0.477295 0.190742
v -0.189117 0.491547 0.004824
v -0.206863 0.492416 0.024736
v -0.211090 0.487061 0.040740
v -0.184753 0.500427 -0.019544
v -0.195831 0.497406 -0.017771
v -0.183899 0.493256 -0.003039
v -0.112961 0.498840 0.025433
v -0.109421 0.495453 0.024265
v -0.114029 0.496490 0.015135
v -0.116684 0.505768 0.170196
v -0.161911 0.482086 0.187164
v -0.131256 0.477493 0.191216
v -0.120636 0.515961 0.059546
v -0.111374 0.527847 0.059138
v -0.129379 0.512619 0.027654
v -0.174347 0.469223 0.089299
v -0.174332 0.450363 0.112671
v -0.150406 0.477585 0.096509
v -0.110886 0.517075 0.122439
v -0.108765 0.521652 0.105408
v -0.122009 0.511230 0.075589
v -0.305206 0.626221 -0.016090
v -0.304337 0.607819 -0.025212
v -0.316238 0.633789 -0.035051
v -0.494385 0.663681 -0.016592
v -0.471619 0.670059 -0.022735
v -0.488525 0.670883 -0.036486
v -0.443832 0.670700 -0.031878
v -0.458374 0.678711 -0.041875
v -0.374695 0.641403 0.071087
v -0.354492 0.643906 0.081504
v -0.361420 0.653458 0.042235
v -0.368301 0.630951 0.123854
v -0.352081 0.623993 0.143011
v -0.490723 0.625916 0.065525
v -0.471603 0.606003 0.088017
v -0.460098 0.611389 0.088609
v -0.424850 0.615372 0.084291
v -0.439758 0.630539 0.074507
v -0.443222 0.613052 0.159403
v -0.417480 0.625793 0.140580
v -0.410065 0.628952 0.128286
v -0.407761 0.627563 0.140773
v -0.398743 0.623978 0.169579
v -0.380585 0.622299 0.149368
v -0.378464 0.623901 0.140855
v -0.398697 0.630432 0.128328
v -0.371735 0.621490 0.148441
v -0.361679 0.616730 0.171239
v -0.335907 0.580139 0.170680
v -0.352997 0.573380 0.191401
v -0.341721 0.563751 0.167550
v -0.364319 0.602158 0.228289
v -0.354828 0.586578 0.240369
v -0.357117 0.585556 0.216206
v -0.364380 0.606354 0.219666
v -0.357895 0.590088 0.209924
v -0.345169 0.601654 0.188174
v -0.356125 0.579086 0.198540
v -0.298203 0.512177 0.224512
v -0.290024 0.503937 0.257731
v -0.295197 0.490295 0.231774
v -0.292435 0.481613 0.204102
v -0.275192 0.494064 0.182475
v -0.300308 0.517441 0.151198
v -0.263306 0.485367 0.240261
v -0.289978 0.485977 0.234981
v -0.284729 0.499191 0.255751
v -0.284760 0.501831 0.264838
v -0.294571 0.506134 0.286201
v -0.255814 0.482620 0.258186
v -0.231033 0.472168 0.225370
v -0.258072 0.477463 0.216385
v -0.192139 0.455231 0.243267
v -0.191940 0.454697 0.265381
v -0.182999 0.448242 0.261389
v -0.217438 0.463074 0.237176
v -0.223419 0.463852 0.245909
v -0.211502 0.461334 0.264376
v -0.245804 0.464127 0.273304
v -0.243042 0.473587 0.287340
v -0.248383 0.465881 0.268789
v -0.226700 0.465942 0.239457
v -0.275391 0.477737 0.295195
v -0.285339 0.482071 0.303074
v -0.278336 0.490997 0.319122
v -0.308090 0.503510 0.337539
v -0.305832 0.493484 0.322289
v -0.315796 0.517776 0.306962
v -0.160126 0.455551 0.252461
v -0.177902 0.448441 0.258488
v -0.157181 0.447235 0.287714
v -0.312988 0.536850 0.202440
v -0.304840 0.518250 0.177669
v -0.099777 0.490204 0.034472
v -0.105438 0.497070 0.030316
v -0.091080 0.500320 0.041748
v -0.379517 0.334991 0.120106
v -0.395721 0.353256 0.152128
v -0.400040 0.364349 0.132287
v -0.168900 0.491486 0.008788
v -0.173553 0.488159 0.019073
v -0.165558 0.483261 0.181650
v -0.312286 0.543365 0.117747
v -0.308334 0.538391 0.112313
v -0.197327 0.469818 0.180203
v -0.173904 0.473450 0.170638
v -0.133057 0.499588 0.147231
v -0.176773 0.469604 0.151547
v -0.238037 0.471985 0.030404
v -0.243484 0.475510 0.004661
v -0.261810 0.449661 0.020839
v -0.149017 0.494202 0.024612
v -0.147522 0.493774 0.036160
v -0.131332 0.496582 0.100187
v -0.124268 0.503983 0.100578
v -0.127792 0.501740 0.093567
v -0.141693 0.485428 0.095160
v -0.148453 0.477570 0.102897
v -0.337570 0.657272 -0.032529
v -0.338028 0.657730 -0.041362
v -0.346436 0.660233 -0.035231
v -0.327530 0.555695 0.127350
v -0.328735 0.564224 0.127003
v -0.355118 0.572723 0.199561
v -0.298462 0.484909 0.207121
v -0.291092 0.478180 0.215284
v -0.224747 0.471588 0.218195
v -0.219177 0.468750 0.223785
v -0.283264 0.480881 0.294909
v -0.313324 0.505020 0.349163
v -0.306702 0.497345 0.357968
v -0.299744 0.498642 0.351175
v -0.305588 0.519547 0.165765
v -0.187225 0.455582 0.237255
v -0.194305 0.457703 0.234775
v -0.189850 0.463531 0.220674
v -0.178482 0.462509 0.221542
v -0.185272 0.465775 0.214195
v -0.156357 0.470322 0.200493
v -0.150909 0.465530 0.206714
v -0.144867 0.467361 0.200097
v -0.367691 0.616943 0.179982
v -0.359711 0.613373 0.180645
v -0.102432 0.487686 0.030812
v -0.103058 0.474380 0.035402
v -0.101791 0.481613 0.018282
v -0.102158 0.469681 0.042176
v -0.104172 0.464813 0.039026
v -0.327744 0.384430 -0.021577
v -0.321991 0.386490 -0.019932
v -0.325607 0.383682 -0.015787
v -0.299133 0.378815 0.013647
v -0.297226 0.382263 0.006911
v -0.243912 0.379639 -0.025286
v -0.242950 0.382172 -0.034310
v -0.233582 0.387161 -0.034517
v -0.243393 0.333557 0.113134
v -0.238220 0.329712 0.121102
v -0.235962 0.321915 0.125842
v -0.337738 0.360596 -0.009235
v -0.164062 0.348862 0.322828
v -0.255417 0.403015 0.351193
v -0.262390 0.408173 0.349702
v -0.266220 0.402710 0.348799
v -0.378830 0.434113 0.314955
v -0.375793 0.439056 0.324481
v -0.384338 0.442429 0.313575
v -0.335175 0.347641 0.191879
v -0.357925 0.347626 0.204416
v -0.322372 0.350983 0.183969
v -0.264526 0.339508 0.254615
v -0.263184 0.334702 0.247559
v -0.409943 0.400970 0.055435
v -0.402420 0.384262 0.091742
v -0.398911 0.381546 0.089392
v -0.398697 0.377533 0.103374
v -0.459213 0.528656 -0.013383
v -0.460342 0.524857 -0.009288
v -0.460083 0.532166 -0.007733
v -0.441040 0.499359 0.116454
v -0.437973 0.494751 0.117769
v -0.439270 0.498032 0.120962
v -0.424515 0.474945 0.146335
v -0.426163 0.480225 0.150425
v -0.435730 0.490738 0.131208
v -0.413422 0.480469 0.247915
v -0.422791 0.472427 0.216882
v -0.402222 0.466919 0.221583
v -0.405273 0.381592 0.219296
v -0.413177 0.486038 0.263735
v -0.430496 0.475571 0.136508
v -0.461868 0.604828 0.096049
v -0.396530 0.616516 0.068110
v -0.393188 0.619110 0.058372
v -0.400406 0.616333 0.062228
v -0.414001 0.632690 -0.025920
v -0.404678 0.632996 -0.033733
v -0.411118 0.635895 -0.037828
v -0.215591 0.486099 0.036271
v -0.202209 0.439529 0.112362
v -0.211914 0.439896 0.105873
v -0.210342 0.436752 0.112840
v -0.210159 0.492905 0.020739
v -0.204575 0.493576 0.013892
v -0.217880 0.485992 0.032453
v -0.196152 0.485199 0.053193
v -0.189911 0.484650 0.056898
v -0.180023 0.444336 0.120180
v -0.183609 0.444336 0.114517
v -0.255356 0.416199 -0.201125
v -0.490494 0.523209 -0.252922
v -0.491302 0.546219 -0.277932
v -0.487549 0.521179 -0.284593
v -0.473022 0.454300 -0.204047
v -0.486008 0.486572 -0.204537
v -0.482437 0.490265 -0.235464
v -0.384720 0.403763 -0.374481
v -0.327423 0.350372 -0.345201
v -0.347733 0.348618 -0.335093
v -0.315948 0.358170 -0.328816
v -0.305252 0.351334 -0.369583
v -0.248672 0.405167 -0.273180
v -0.242264 0.404907 -0.310692
v -0.483551 0.500702 -0.234349
v -0.483871 0.500839 -0.242290
v -0.478592 0.482697 -0.241456
v -0.521912 0.630157 -0.058526
v -0.520798 0.634933 -0.053540
v -0.522675 0.598251 -0.159004
v -0.470291 0.452225 -0.152882
v -0.489929 0.460587 -0.030103
v -0.487228 0.461945 -0.078923
v -0.485184 0.456528 -0.070489
v -0.465408 0.429550 -0.055194
v -0.463867 0.412384 -0.027612
v -0.479492 0.433823 -0.032284
v -0.453247 0.383270 -0.083860
v -0.450562 0.385376 -0.110781
v -0.374802 0.346909 -0.082475
v -0.193039 0.428192 -0.087071
v -0.172073 0.444046 -0.106584
v -0.255020 0.379410 -0.043719
v -0.285431 0.371262 -0.016758
v -0.219559 0.405914 -0.057985
v -0.223282 0.396149 -0.026729
v -0.364120 0.661316 -0.031897
v -0.486710 0.516647 -0.118456
v -0.111862 0.494812 -0.014505
v -0.523605 0.637329 -0.023149
v -0.498718 0.528198 0.042960
v -0.447647 0.398666 0.008315
v -0.463730 0.408569 0.012697
v -0.481003 0.439560 0.020428
v -0.489319 0.474701 -0.010180
v -0.197449 0.309875 0.268452
v -0.211060 0.291336 0.211244
v -0.186935 0.299332 0.231996
v -0.305115 0.313690 0.198351
v -0.319778 0.393173 0.345078
v -0.325058 0.413208 0.347713
v -0.352036 0.422592 0.337239
v -0.224487 0.332230 0.309512
v -0.194992 0.331055 0.314389
v -0.209915 0.347931 0.337164
v -0.237595 0.391937 0.360080
v -0.239349 0.357178 0.346227
v -0.103317 0.405258 0.267873
v -0.111237 0.429337 0.272488
v -0.129395 0.417038 0.317823
v -0.156784 0.386414 0.043178
v -0.175690 0.391312 0.018305
v -0.134033 0.378754 0.108982
v -0.222015 0.320618 0.122431
v -0.224182 0.336884 0.062803
v -0.274750 0.372559 -0.003937
v -0.243896 0.373703 -0.014451
v -0.170166 0.483521 0.062761
v -0.151932 0.488281 0.069220
v -0.362061 0.659271 0.000548
v -0.322052 0.651901 -0.004777
v -0.383484 0.636230 0.075265
v -0.316727 0.542358 0.143840
v -0.339493 0.557892 0.168454
v -0.309692 0.528000 0.166903
v -0.338699 0.569046 0.213865
v -0.370026 0.607925 0.227761
v -0.305542 0.484894 0.377725
v -0.156921 0.446091 0.300996
v -0.163803 0.447113 0.293784
v -0.176208 0.452545 0.306677
v -0.149994 0.445953 0.294242
v -0.129974 0.445877 0.283122
v -0.234772 0.437851 0.086978
v -0.096466 0.417892 0.197886
v -0.247513 0.288040 0.164976
v -0.252518 0.344254 0.301733
v -0.260468 0.344620 0.294854
v -0.463272 0.534164 -0.014018
v -0.478897 0.498032 -0.026153
v -0.390228 0.489899 0.347983
v -0.407669 0.500732 0.316013
v -0.409988 0.480194 0.283876
v -0.498062 0.645569 0.025127
v -0.501297 0.649185 0.014797
v -0.509171 0.646057 0.018947
v -0.019135 0.583679 0.209485
v -0.010544 0.564560 0.215615
v -0.010132 0.540649 0.202227
v -0.021866 0.550278 0.190030
v -0.013031 0.522919 0.225830
v -0.018906 0.476685 0.246864
v -0.015762 0.530228 0.240348
v -0.017654 0.465805 0.299110
v -0.014740 0.472992 0.307961
v -0.005600 0.460266 0.434621
v -0.005508 0.441147 0.470531
v -0.005585 0.457260 0.478433
v -0.007660 0.463135 0.503473
v -0.032669 0.519424 0.591688
v -0.028183 0.470078 0.552701
v -0.016907 0.488846 0.541075
v -0.023148 0.544861 0.503173
v -0.038651 0.547424 0.525516
v -0.039291 0.556046 0.525836
v -0.023956 0.551239 0.503703
v -0.019424 0.541275 0.439876
v -0.012604 0.560211 0.436354
v -0.032547 0.566589 0.574971
v -0.061630 0.543900 0.610734
v -0.036911 0.548004 0.599030
v -0.031860 0.434616 0.368989
v -0.020782 0.433411 0.424808
v -0.059708 0.449051 0.496665
v -0.076080 0.450592 0.419880
v -0.112732 0.471832 0.354315
v -0.079468 0.448563 0.373699
v -0.084473 0.444290 0.313193
v -0.112503 0.458313 0.313544
v -0.107285 0.435745 0.216012
v -0.140335 0.505661 0.402908
v -0.126221 0.515381 0.425839
v -0.123627 0.534515 0.511444
v -0.161392 0.548325 0.478395
v -0.158997 0.547333 0.473313
v -0.198761 0.493393 0.359821
v -0.213333 0.494980 0.370975
v -0.231201 0.482132 0.357566
v -0.246124 0.475555 0.340159
v -0.257690 0.481201 0.327312
v -0.310303 0.497330 0.322351
v -0.277405 0.473755 0.303685
v -0.262680 0.480850 0.321279
v -0.327072 0.513779 0.345891
v -0.338135 0.521957 0.386943
v -0.320862 0.517578 0.391109
v -0.314240 0.529785 0.424039
v -0.257980 0.469238 0.266315
v -0.124130 0.471725 0.182491
v -0.075867 0.444992 0.252086
v -0.066284 0.442978 0.313884
v -0.046051 0.436554 0.373796
v -0.058105 0.442535 0.373785
v -0.040604 0.432068 0.425602
v -0.058258 0.439758 0.424760
v -0.376282 0.568817 0.351334
v -0.356201 0.598938 0.256268
v -0.347687 0.590134 0.284627
v -0.364044 0.618027 0.213238
v -0.360138 0.655167 0.069065
v -0.354263 0.639618 0.096128
v -0.393158 0.648987 0.231041
v -0.376678 0.588333 0.343710
v -0.116684 0.497879 0.185827
v -0.145737 0.510223 0.234534
v -0.115692 0.507828 0.206326
v -0.092270 0.530609 0.248271
v -0.070557 0.528915 0.214004
v -0.220306 0.523407 0.293672
v -0.170959 0.527390 0.295585
v -0.125259 0.537247 0.300226
v -0.262573 0.650024 0.298098
v -0.262604 0.683838 0.257418
v -0.273926 0.674820 0.227316
v -0.239563 0.689819 0.308083
v -0.190826 0.602264 0.370867
v -0.163208 0.560684 0.344978
v -0.196899 0.555710 0.340837
v -0.218063 0.591232 0.356383
v -0.213181 0.686325 0.349375
v -0.208221 0.646606 0.369248
v -0.176361 0.662338 0.377280
v -0.137344 0.622345 0.371900
v -0.162628 0.613586 0.377687
v -0.366989 0.665176 0.011562
v -0.367447 0.663010 0.032293
v -0.419876 0.659164 0.040360
v -0.332504 0.685013 0.052219
v -0.328232 0.675888 0.032864
v -0.370193 0.670059 0.052180
v -0.327225 0.671036 0.068660
v -0.332458 0.684280 0.058169
v -0.369110 0.668808 0.058109
v -0.310272 0.648209 0.169426
v -0.280045 0.658295 0.213518
v -0.318298 0.654495 0.122561
v -0.340668 0.587906 0.301555
v -0.340561 0.584061 0.304257
v -0.266083 0.486115 0.257573
v -0.280243 0.503906 0.279912
v -0.271225 0.524948 0.286746
v -0.225662 0.482925 0.217252
v -0.115234 0.490509 0.180986
v -0.036530 0.552399 0.196162
v -0.288162 0.483810 0.286042
v -0.020676 0.455093 0.229013
v -0.013626 0.458267 0.326402
v -0.010071 0.568604 0.247480
v -0.129166 0.484467 0.347652
v -0.032623 0.560745 0.574925
v -0.189270 0.478165 0.338114
v -0.314682 0.515182 0.391787
v -0.308990 0.527573 0.419970
v -0.277023 0.643234 0.252923
v -0.416504 0.660156 0.060005
v -0.091217 0.608566 0.328225
v -0.061493 0.454193 0.520365
v -0.178635 0.514450 0.400297
v -0.178543 0.495239 0.366616
v -0.192307 0.493744 0.359241
v -0.193588 0.519043 0.394757
v -0.050644 0.588486 0.249970
v -0.108917 0.585403 0.339093
v -0.131958 0.568237 0.343232
v -0.235886 0.559204 0.330168
v -0.326019 0.676529 0.016926
v -0.294830 0.698074 0.024248
v -0.329330 0.626633 0.161136
v -0.451080 0.513641 -0.346103
v -0.436874 0.512955 -0.342559
v -0.484818 0.586166 -0.315742
v -0.477768 0.595215 -0.300035
v -0.472305 0.602631 -0.291330
v -0.426025 0.507004 -0.389413
v -0.415359 0.475769 -0.396583
v -0.430283 0.453339 -0.356405
v -0.437958 0.485367 -0.352679
v -0.329102 0.410629 -0.495138
v -0.328217 0.384735 -0.472733
v -0.356323 0.406403 -0.455870
v -0.300415 0.367111 -0.485685
v -0.272583 0.354431 -0.493322
v -0.240784 0.344788 -0.509161
v -0.130066 0.340363 -0.546898
v -0.158005 0.334366 -0.542171
v -0.361221 0.415863 -0.404632
v -0.370865 0.368591 -0.395412
v -0.368713 0.388275 -0.402206
v -0.359665 0.410294 -0.402232
v -0.341064 0.387909 -0.428961
v -0.352112 0.394394 -0.442218
v -0.376968 0.434708 -0.439840
v -0.342468 0.392624 -0.431916
v -0.057953 0.340439 -0.585018
v -0.088043 0.353638 -0.588545
v -0.089996 0.339096 -0.551662
v -0.230652 0.333694 -0.486284
v -0.152679 0.326981 -0.520807
v -0.189804 0.328247 -0.507872
v -0.196503 0.335663 -0.528042
v -0.125778 0.336121 -0.522028
v -0.115326 0.347534 -0.522190
v -0.151016 0.332245 -0.502515
v -0.179214 0.334320 -0.487332
v -0.130753 0.353836 -0.494635
v -0.136246 0.343399 -0.495494
v -0.166611 0.349594 -0.474465
v -0.203217 0.359665 -0.446910
v -0.216461 0.341049 -0.462605
v -0.255798 0.377747 -0.380001
v -0.270676 0.380875 -0.352406
v -0.279465 0.351868 -0.400441
v -0.235321 0.370880 -0.411816
v -0.232666 0.393723 -0.407846
v -0.159851 0.363922 -0.474051
v -0.196884 0.376007 -0.444607
v -0.209015 0.401093 -0.395572
v -0.215103 0.415085 -0.379035
v -0.228424 0.398651 -0.405732
v -0.156296 0.367493 -0.471363
v -0.146454 0.369690 -0.459025
v -0.180206 0.383484 -0.429384
v -0.192886 0.380112 -0.441779
v -0.215347 0.416840 -0.373262
v -0.126923 0.355896 -0.493196
v -0.115433 0.354828 -0.487768
v -0.109406 0.348465 -0.521004
v -0.068985 0.370819 -0.605556
v -0.045914 0.350006 -0.595619
v -0.410889 0.435013 -0.348815
v -0.390747 0.428726 -0.338287
v -0.263062 0.407837 -0.348536
v -0.365738 0.680908 -0.042950
v -0.410995 0.678101 -0.068439
v -0.360916 0.674530 -0.064173
v -0.328934 0.678329 -0.059162
v -0.331818 0.683899 -0.035563
v -0.363205 0.678436 -0.114724
v -0.503555 0.683792 -0.231894
v -0.504959 0.686966 -0.199867
v -0.487579 0.699921 -0.173671
v -0.333160 0.697479 -0.015068
v -0.328049 0.686707 -0.001450
v -0.412766 0.683823 -0.017861
v -0.367203 0.680405 -0.010655
v -0.368362 0.693878 -0.022284
v -0.363739 0.673752 -0.094360
v -0.326492 0.677399 -0.091913
v -0.514694 0.642990 -0.234838
v -0.522491 0.598190 -0.209540
v -0.521194 0.570145 -0.174780
v -0.504852 0.547012 -0.168042
v -0.501404 0.559845 -0.141555
v -0.516006 0.575104 -0.212150
v -0.447220 0.412872 -0.236314
v -0.449234 0.407227 -0.206026
v -0.441315 0.429138 -0.198271
v -0.438278 0.432724 -0.235889
v -0.446579 0.383835 -0.208515
v -0.402252 0.352356 -0.241494
v -0.399139 0.350418 -0.209458
v -0.374268 0.347153 -0.245970
v -0.366592 0.346283 -0.212447
v -0.340881 0.354843 -0.247899
v -0.331512 0.352142 -0.204376
v -0.356491 0.351135 -0.169687
v -0.444611 0.397263 -0.193234
v -0.308823 0.370041 -0.200646
v -0.193115 0.465683 -0.182236
v -0.197266 0.445801 -0.182193
v -0.268219 0.403381 -0.273877
v -0.253601 0.408020 -0.226472
v -0.307220 0.392975 -0.240359
v -0.171204 0.455170 -0.155365
v -0.137146 0.464050 -0.135254
v -0.127701 0.466675 -0.156942
v -0.242813 0.414413 -0.181355
v -0.193405 0.441528 -0.138086
v -0.483932 0.561539 -0.263934
v -0.475708 0.571426 -0.253264
v -0.495041 0.574921 -0.249151
v -0.467804 0.455124 -0.239157
v -0.453430 0.441727 -0.237313
v -0.456039 0.439011 -0.198261
v -0.428879 0.428574 -0.305693
v -0.443146 0.434921 -0.275851
v -0.418243 0.427322 -0.325678
v -0.409424 0.423645 -0.303623
v -0.426727 0.431122 -0.274066
v -0.429977 0.408066 -0.275665
v -0.424622 0.426620 -0.273506
v -0.406906 0.418930 -0.302999
v -0.388214 0.365356 -0.329016
v -0.371475 0.350479 -0.319057
v -0.352158 0.352646 -0.284665
v -0.376495 0.350952 -0.281539
v -0.353027 0.350220 -0.318193
v -0.281235 0.383652 -0.324098
v -0.273544 0.405930 -0.321102
v -0.269424 0.409454 -0.319239
v -0.254852 0.405289 -0.314484
v -0.284210 0.408997 -0.285883
v -0.288132 0.406372 -0.287929
v -0.487610 0.507385 -0.208430
v -0.202942 0.536560 -0.143020
v -0.195648 0.547882 -0.130469
v -0.147171 0.532852 -0.124777
v -0.133774 0.522461 -0.127234
v -0.127136 0.521271 -0.125336
v -0.106461 0.522324 -0.114121
v -0.207611 0.532669 -0.147869
v -0.171524 0.538330 -0.130446
v -0.164581 0.535645 -0.129894
v -0.186127 0.548370 -0.126566
v -0.256577 0.508408 -0.193416
v -0.252197 0.503876 -0.193955
v -0.237167 0.502884 -0.184523
v -0.232071 0.506180 -0.178443
v -0.315674 0.392654 -0.258904
v -0.439438 0.437515 -0.236368
v -0.481888 0.533463 -0.159032
v -0.479645 0.526169 -0.160022
v -0.504242 0.671127 -0.080024
v -0.520126 0.651169 -0.086648
v -0.518921 0.649780 -0.050105
v -0.510605 0.665054 -0.046536
v -0.518143 0.646698 -0.126357
v -0.519745 0.561111 -0.078334
v -0.526062 0.587967 -0.080985
v -0.504440 0.545319 -0.073042
v -0.513916 0.559464 -0.037371
v -0.496078 0.543381 -0.033869
v -0.522446 0.584351 -0.049640
v -0.496841 0.483749 -0.083770
v -0.482025 0.455414 -0.090549
v -0.459534 0.432983 -0.102672
v -0.452484 0.437500 -0.151220
v -0.463501 0.437973 -0.084389
v -0.488922 0.500031 -0.045115
v -0.473404 0.524506 -0.035415
v -0.482788 0.527634 -0.069952
v -0.494385 0.506577 -0.075682
v -0.480591 0.450790 -0.075913
v -0.464508 0.438217 -0.076428
v -0.326401 0.353439 -0.157027
v -0.451752 0.405716 -0.107386
v -0.322250 0.383682 -0.040005
v -0.446274 0.420380 -0.059807
v -0.455948 0.404449 -0.079834
v -0.442184 0.368881 -0.045374
v -0.448318 0.390640 -0.040730
v -0.136810 0.469727 -0.115189
v -0.130188 0.455185 -0.102631
v -0.135895 0.467926 -0.109926
v -0.104980 0.459656 -0.081880
v -0.092987 0.472168 -0.067875
v -0.178879 0.414368 -0.051586
v -0.211792 0.421097 -0.095507
v -0.206711 0.437408 -0.088102
v -0.306519 0.372009 -0.039860
v -0.204315 0.408783 -0.021175
v -0.217834 0.414642 -0.020668
v -0.213272 0.425140 -0.053611
v -0.200058 0.419067 -0.054148
v -0.260696 0.387482 -0.122635
v -0.277023 0.386154 -0.130997
v -0.272705 0.509583 -0.128786
v -0.261566 0.537292 -0.178456
v -0.299896 0.534607 -0.006770
v -0.292084 0.498672 -0.020123
v -0.299744 0.637756 -0.095950
v -0.301514 0.628006 -0.065650
v -0.188324 0.528992 -0.104096
v -0.176239 0.520782 -0.107780
v -0.209244 0.520660 -0.108421
v -0.210159 0.510468 -0.076603
v -0.197449 0.513824 -0.076016
v -0.197021 0.529099 -0.104686
v -0.233963 0.509155 -0.117340
v -0.215836 0.517441 -0.110478
v -0.221939 0.524231 -0.160146
v -0.235611 0.502426 -0.078541
v -0.217285 0.508514 -0.076909
v -0.176346 0.501480 -0.053203
v -0.178162 0.507263 -0.081608
v -0.188995 0.512894 -0.077311
v -0.186920 0.506378 -0.050126
v -0.268341 0.476425 -0.135153
v -0.270569 0.499680 -0.131450
v -0.280045 0.477722 -0.082551
v -0.259766 0.528183 -0.182097
v -0.280594 0.470078 -0.028017
v -0.282440 0.486389 -0.080035
v -0.247437 0.483490 -0.036750
v -0.193008 0.506912 -0.048595
v -0.204208 0.503799 -0.045796
v -0.162201 0.501190 -0.006593
v -0.155121 0.494034 -0.016870
v -0.170883 0.495911 -0.032538
v -0.179733 0.500809 -0.024185
v -0.341431 0.646286 -0.121731
v -0.350754 0.645966 -0.112082
v -0.311966 0.651642 -0.100604
v -0.323807 0.655533 -0.066769
v -0.376663 0.645187 -0.075265
v -0.364639 0.656143 -0.070690
v -0.432373 0.665848 -0.150289
v -0.419891 0.676193 -0.104266
v -0.348129 0.660568 -0.068974
v -0.315704 0.633224 -0.042631
v -0.307251 0.565826 0.007427
v -0.303711 0.602112 -0.030622
v -0.421219 0.669250 -0.057288
v -0.440140 0.680878 -0.072650
v -0.169266 0.518890 -0.107085
v -0.149582 0.518448 -0.100130
v -0.135818 0.504944 -0.063931
v -0.126572 0.499786 -0.037506
v -0.116104 0.500305 -0.053995
v -0.130875 0.495178 -0.009825
v -0.096771 0.482468 -0.039337
v -0.476379 0.677795 -0.057055
v -0.211380 0.501892 -0.043643
v -0.259308 0.480347 -0.130444
v -0.308975 0.377686 -0.095932
v -0.448120 0.424988 -0.056556
v -0.484558 0.534271 -0.069446
v -0.357071 0.646851 -0.115084
v -0.391251 0.539673 0.318512
v -0.416321 0.533844 0.296062
v -0.425491 0.511032 0.285568
v -0.401413 0.577209 0.283975
v -0.422485 0.557129 0.276638
v -0.421112 0.609863 0.224257
v -0.411972 0.600677 0.248260
v -0.432922 0.612213 0.193653
v -0.447922 0.583908 0.202175
v -0.504272 0.595810 0.059609
v -0.492798 0.580780 0.081433
v -0.456940 0.541901 0.201457
v -0.443802 0.487579 0.223332
v -0.502808 0.543488 0.006041
v -0.456055 0.496155 0.190741
v -0.435623 0.476822 0.184070
v -0.446793 0.490723 0.154231
v -0.465591 0.512222 0.161426
v -0.420609 0.470169 0.183710
v -0.452179 0.499405 0.134529
v -0.454987 0.509048 0.125850
v -0.478195 0.507965 0.071135
v -0.465317 0.508835 0.106795
v -0.477295 0.517044 0.107883
v -0.484894 0.527252 0.006732
v -0.483093 0.512863 0.036968
v -0.466217 0.519958 0.008015
v -0.486465 0.542267 -0.009045
v -0.457138 0.510895 0.120912
v -0.449142 0.498322 0.103745
v -0.474960 0.531708 -0.033753
v -0.487595 0.544449 -0.015628
v -0.504272 0.560043 -0.017879
v -0.513168 0.583725 -0.031021
v -0.518997 0.611969 -0.043026
v -0.520905 0.629974 -0.046061
v -0.484711 0.465332 0.029809
v -0.493759 0.479080 -0.045343
v -0.476730 0.473312 0.071273
v -0.482147 0.483810 0.034200
v -0.457443 0.411926 0.057068
v -0.437668 0.400345 0.050055
v -0.431961 0.399658 0.074398
v -0.420303 0.383118 0.104759
v -0.420654 0.464615 0.182929
v -0.441879 0.450272 0.147428
v -0.435349 0.442978 0.178640
v -0.421188 0.384628 0.150280
v -0.378799 0.343094 0.164703
v -0.422974 0.401276 0.202622
v -0.401764 0.400452 0.232837
v -0.390030 0.422073 0.241637
v -0.437271 0.486877 0.127277
v -0.448013 0.491669 0.104592
v -0.457306 0.470016 0.114311
v -0.463882 0.493271 0.068820
v -0.443039 0.450806 0.127497
v -0.444397 0.410522 -0.030013
v -0.380325 0.329300 0.030737
v -0.408005 0.350998 0.046888
v -0.421860 0.354095 0.004184
v -0.394333 0.339951 -0.004204
v -0.293030 0.334305 0.046656
v -0.311493 0.319626 0.050072
v -0.329391 0.333618 0.018250
v -0.313232 0.347916 0.012412
v -0.365753 0.319519 0.067404
v -0.353745 0.328094 0.022129
v -0.337326 0.312378 0.057150
v -0.393066 0.344711 0.083946
v -0.418198 0.370590 0.050076
v -0.399841 0.365906 0.090593
v -0.397980 0.461807 0.230679
v -0.406784 0.454620 0.258136
v -0.358154 0.473419 0.371642
v -0.343338 0.499069 0.368830
v -0.368759 0.514008 0.355427
v -0.383240 0.421234 0.297426
v -0.296478 0.340744 0.212799
v -0.312012 0.336670 0.219893
v -0.396149 0.433044 0.284314
v -0.401642 0.446365 0.286674
v -0.395523 0.428757 0.265091
v -0.389114 0.426987 0.247173
v -0.288391 0.340546 0.302415
v -0.326248 0.340256 0.267751
v -0.292023 0.332748 0.261330
v -0.258163 0.416122 0.361070
v -0.287201 0.422028 0.365432
v -0.294174 0.412262 0.352936
v -0.279907 0.441330 0.378396
v -0.321381 0.301956 0.095561
v -0.262482 0.310776 0.245259
v -0.243149 0.344086 0.321019
v -0.262405 0.347122 0.319310
v -0.294586 0.336929 0.209907
v -0.293930 0.308472 0.084308
v -0.401642 0.461563 0.299329
v -0.317398 0.454025 0.379532
v -0.354752 0.431213 0.341922
v -0.326248 0.420059 0.351252
v -0.325134 0.432938 0.365961
v -0.359299 0.447754 0.357844
v -0.294907 0.380646 0.350219
v -0.326065 0.372726 0.328771
v -0.294998 0.360519 0.335247
v -0.138885 0.369339 0.325706
v -0.131897 0.393509 0.323830
v -0.270233 0.359299 0.342655
v -0.270432 0.380234 0.354615
v -0.277451 0.321930 0.082096
v -0.270294 0.294556 0.128410
v -0.103867 0.382645 0.268147
v -0.111252 0.357361 0.272310
v -0.177658 0.337311 0.318850
v -0.161285 0.346146 0.310309
v -0.199722 0.399689 0.002232
v -0.192627 0.393387 0.022588
v -0.206802 0.397415 0.027659
v -0.211807 0.405380 0.005933
v -0.133514 0.403397 0.031668
v -0.117279 0.431519 -0.003486
v -0.099823 0.454559 0.018150
v -0.112793 0.422562 0.047038
v -0.119125 0.418655 0.026295
v -0.122940 0.401779 0.060512
v -0.138596 0.385681 0.073253
v -0.165756 0.383347 0.089135
v -0.188309 0.390274 0.062997
v -0.175461 0.388046 0.057456
v -0.155121 0.380676 0.083563
v -0.111404 0.443268 0.051434
v -0.109177 0.444366 0.056754
v -0.101776 0.427872 0.070571
v -0.088318 0.468689 0.053460
v -0.087296 0.430023 0.180418
v -0.096039 0.399155 0.139056
v -0.112152 0.443634 0.203635
v -0.108948 0.438400 0.225093
v -0.101120 0.460953 0.190994
v -0.110321 0.446793 0.198513
v -0.305984 0.375214 -0.022225
v -0.198792 0.366928 0.056081
v -0.175430 0.356476 0.086717
v -0.222443 0.386414 0.003704
v -0.215103 0.377426 0.027328
v -0.241364 0.350830 0.033766
v -0.215088 0.403595 0.005877
v -0.168930 0.379684 0.089637
v -0.107101 0.406204 0.084006
v -0.312805 0.378586 -0.002850
v -0.322281 0.362381 -0.002952
v -0.267944 0.341232 0.083541
v -0.283829 0.356461 0.047845
v -0.209900 0.318466 0.125152
v -0.247223 0.336609 0.072770
v -0.227112 0.325119 0.102770
v -0.263748 0.350128 0.042557
v -0.307251 0.380508 -0.004786
v -0.263046 0.343704 0.082060
v -0.279114 0.358948 0.047286
v -0.278900 0.373871 -0.007395
v -0.140259 0.326126 0.219733
v -0.126358 0.339035 0.230957
v -0.146927 0.334061 0.231680
v -0.206345 0.322098 0.119943
v -0.219925 0.322647 0.117334
v -0.269226 0.454681 0.023238
v -0.261032 0.449280 0.051303
v -0.253784 0.443253 0.049106
v -0.216080 0.447372 0.122776
v -0.180679 0.461487 0.128602
v -0.271973 0.464615 0.096523
v -0.289566 0.499207 0.132392
v -0.263184 0.480087 0.158864
v -0.253586 0.456619 0.123861
v -0.283813 0.473969 0.066572
v -0.301987 0.519714 0.102118
v -0.256760 0.448822 0.077178
v -0.265900 0.454437 0.053746
v -0.244843 0.446533 0.100657
v -0.307510 0.554184 0.065003
v -0.304123 0.534531 0.057054
v -0.296112 0.514938 0.145094
v -0.270309 0.493729 0.175404
v -0.194824 0.474930 0.189687
v -0.206085 0.466446 0.082500
v -0.226776 0.465729 0.063272
v -0.221497 0.488251 0.023764
v -0.232559 0.467422 0.043556
v -0.179413 0.482544 0.059490
v -0.142960 0.504547 0.006009
v -0.134262 0.496353 -0.002998
v -0.088669 0.479385 0.172136
v -0.070969 0.496643 0.144570
v -0.093445 0.522446 0.144128
v -0.100266 0.525406 0.141093
v -0.122314 0.509140 0.164404
v -0.244812 0.440323 0.060691
v -0.229141 0.466995 0.049979
v -0.240311 0.444214 0.064696
v -0.242950 0.437012 0.070356
v -0.146362 0.485336 0.110414
v -0.143280 0.489761 0.117479
v -0.180222 0.465622 0.134507
v -0.302933 0.614548 0.023592
v -0.307129 0.574722 0.010875
v -0.383698 0.653610 -0.031261
v -0.389450 0.649933 0.002852
v -0.403046 0.634171 -0.001747
v -0.403198 0.630722 0.030133
v -0.409851 0.634018 -0.000923
v -0.431839 0.650070 0.005745
v -0.423233 0.646210 0.035676
v -0.316101 0.645935 0.035533
v -0.454788 0.645447 0.046074
v -0.419022 0.634094 0.060227
v -0.310226 0.559875 0.066594
v -0.318512 0.568726 0.067498
v -0.310089 0.608032 0.074940
v -0.320953 0.590561 0.132148
v -0.318634 0.576736 0.068357
v -0.319107 0.633820 0.081353
v -0.328949 0.612793 0.140384
v -0.389557 0.620209 0.205942
v -0.387924 0.610672 0.237514
v -0.325485 0.551300 0.187276
v -0.326874 0.556595 0.235387
v -0.377853 0.589157 0.267880
v -0.361938 0.554016 0.304675
v -0.336792 0.546539 0.275592
v -0.313187 0.534378 0.260817
v -0.341568 0.528687 0.337295
v -0.255920 0.477493 0.208900
v -0.250580 0.483627 0.195363
v -0.300751 0.489761 0.324407
v -0.299637 0.497742 0.339308
v -0.236115 0.463562 0.371329
v -0.237564 0.484482 0.347291
v -0.273819 0.493607 0.349957
v -0.269226 0.472382 0.376173
v -0.242462 0.482010 0.316818
v -0.203705 0.463257 0.313358
v -0.197144 0.459824 0.345209
v -0.167892 0.445282 0.332233
v -0.196976 0.441879 0.367684
v -0.158875 0.421127 0.348975
v -0.142975 0.440140 0.313056
v -0.130905 0.456085 0.237488
v -0.192841 0.474762 0.196300
v -0.514267 0.657837 -0.017205
v -0.361435 0.323471 0.141898
v -0.154404 0.312973 0.223518
v -0.384506 0.463654 0.337227
v -0.202545 0.495712 -0.014701
v -0.136414 0.503586 0.069005
v -0.144882 0.496948 0.036761
v -0.084137 0.530228 0.116545
v -0.092041 0.532791 0.114929
v -0.165070 0.500748 -0.001706
v -0.145996 0.504349 0.010476
v -0.089661 0.530640 0.086027
v -0.106369 0.526199 0.055292
v -0.096954 0.532486 0.086850
v -0.224731 0.477768 0.197463
v -0.224152 0.490402 -0.002585
v -0.145782 0.492157 0.070165
v -0.218994 0.450089 0.128063
v -0.241318 0.442978 0.095577
v -0.252365 0.444153 0.072831
v -0.273727 0.461411 0.025374
v -0.152298 0.346725 0.271387
v -0.241730 0.412750 0.363750
v -0.242737 0.406479 0.361292
v -0.295334 0.405426 0.350427
v -0.441925 0.406784 -0.032175
v -0.464172 0.499557 0.068761
v -0.469833 0.505371 0.037837
v -0.469589 0.500259 0.037210
v -0.471420 0.521362 0.125903
v -0.481186 0.536728 0.126068
v -0.369476 0.397537 0.256211
v -0.444046 0.458374 0.124908
v -0.379333 0.638397 0.061433
v -0.422134 0.614227 0.089778
v -0.466553 0.656082 -0.000971
v -0.469772 0.658981 -0.007677
v -0.183350 0.467087 0.087806
v -0.197861 0.466873 0.086511
v -0.247314 0.435822 0.067153
v -0.403015 0.363434 -0.277833
v -0.393814 0.371368 -0.329709
v -0.231384 0.407364 -0.332323
v -0.473389 0.442596 -0.108426
v -0.321609 0.361450 -0.099693
v -0.111511 0.446045 -0.053741
v -0.095367 0.462341 -0.042506
v -0.288086 0.388153 -0.132300
v -0.231506 0.496170 -0.037713
v -0.373398 0.659637 -0.125167
v -0.398575 0.667130 -0.088190
v -0.382401 0.646729 -0.078218
v -0.439713 0.653793 -0.021478
v -0.429199 0.399933 0.006471
v -0.433624 0.399033 0.118736
v -0.433044 0.372849 0.004447
v -0.426880 0.395767 0.005605
v -0.120255 0.387497 0.098996
v -0.074860 0.501663 0.076941
v -0.066177 0.502350 0.113823
v -0.161362 0.297729 0.207432
v -0.238037 0.436234 0.089277
v -0.291626 0.487640 0.034768
v -0.223557 0.454041 0.145289
v -0.125183 0.512543 0.024422
v -0.438293 0.650223 -0.014623
v -0.453781 0.653473 0.014483
v -0.385208 0.645538 0.035733
v -0.397064 0.630707 0.030167
v -0.420166 0.623840 0.107348
v -0.018387 0.495987 0.511437
v -0.022903 0.511520 0.524379
v -0.016098 0.491379 0.511611
v -0.019211 0.496048 0.506824
v -0.013504 0.494598 0.204781
v -0.012589 0.503693 0.208111
v -0.015030 0.485687 0.212088
v -0.014511 0.495422 0.192620
v -0.018021 0.511581 0.254190
v -0.015472 0.516861 0.262481
v -0.019318 0.495377 0.264577
v -0.019821 0.513657 0.249779
v -0.015594 0.454697 0.309870
v -0.017288 0.459351 0.294727
v -0.015762 0.456558 0.311965
v -0.015350 0.450897 0.309381
v -0.016159 0.502945 0.500927
v -0.012390 0.502502 0.492189
v -0.020325 0.520065 0.507740
v -0.018448 0.498291 0.503052
v -0.011429 0.496933 0.394228
v -0.014786 0.482224 0.362268
v -0.014297 0.505905 0.395863
v -0.009003 0.491287 0.400728
v -0.007614 0.571182 0.355906
v -0.008591 0.552872 0.323832
v -0.007767 0.574600 0.355960
v -0.008514 0.567230 0.361666
v -0.016754 0.527344 0.326671
v -0.017365 0.527298 0.322907
v -0.013672 0.537323 0.339736
v -0.019836 0.522339 0.346475
v -0.014542 0.477448 0.338773
v -0.012436 0.474701 0.336066
v -0.017899 0.486542 0.331018
v -0.015884 0.476135 0.343403
v -0.017410 0.522507 0.316988
v -0.015228 0.524979 0.313445
v -0.017639 0.525406 0.319575
v -0.021057 0.508072 0.320577
v -0.019775 0.440765 0.501552
v -0.025650 0.439819 0.497259
v -0.015472 0.440765 0.497141
v -0.024368 0.444092 0.511904
v -0.104462 0.446915 0.261471
v -0.110062 0.448563 0.266545
v -0.101303 0.441513 0.253663
v -0.103439 0.447586 0.266078
v -0.135986 0.522308 0.475635
v -0.139847 0.529419 0.479611
v -0.137680 0.519913 0.467162
v -0.121658 0.512894 0.487699
v -0.101181 0.485626 0.476402
v -0.089951 0.474670 0.482077
v -0.105728 0.492416 0.488058
v -0.103592 0.488449 0.467758
v -0.097672 0.485733 0.429555
v -0.097656 0.488846 0.432631
v -0.104965 0.490494 0.406292
v -0.093018 0.475693 0.433973
v -0.213150 0.453735 0.295903
v -0.223770 0.460205 0.305730
v -0.213516 0.452850 0.290666
v -0.208176 0.453964 0.299562
v -0.150482 0.441315 0.248477
v -0.138016 0.440842 0.238779
v -0.149933 0.445282 0.260789
v -0.157852 0.439056 0.243791
v -0.201309 0.533722 0.415337
v -0.196381 0.535065 0.414339
v -0.210297 0.537598 0.423874
v -0.206039 0.521744 0.402204
v -0.207199 0.466721 0.322673
v -0.206558 0.464035 0.317809
v -0.200241 0.471939 0.329207
v -0.211334 0.467850 0.325874
v -0.300232 0.512894 0.410441
v -0.298004 0.519714 0.420381
v -0.303925 0.511459 0.407255
v -0.295578 0.513062 0.409295
v -0.129730 0.513702 0.442440
v -0.118698 0.506851 0.440077
v -0.132736 0.513992 0.450074
v -0.133926 0.517792 0.438107
v -0.047012 0.437180 0.472178
v -0.052628 0.441025 0.476593
v -0.047852 0.435455 0.460444
v -0.040482 0.436096 0.475615
v -0.176193 0.439240 0.220156
v -0.181305 0.442184 0.219936
v -0.164734 0.445389 0.205401
v -0.173874 0.438080 0.224848
v -0.125351 0.449799 0.184415
v -0.132477 0.453842 0.183149
v -0.119476 0.452805 0.184004
v -0.126068 0.447510 0.187038
v -0.368805 0.566223 0.399527
v -0.335907 0.520401 0.307975
v -0.348160 0.531952 0.319732
v -0.333664 0.523483 0.301113
v -0.331009 0.514923 0.313148
v -0.144882 0.474884 0.327720
v -0.138397 0.485077 0.350682
v -0.152008 0.473175 0.327236
v -0.142914 0.474838 0.324615
v -0.032425 0.565781 0.534415
v -0.378265 0.622772 0.146630
v -0.379684 0.623505 0.142672
v -0.365692 0.621857 0.144997
v -0.380615 0.622620 0.151117
v -0.413040 0.626404 0.159074
v -0.404633 0.626770 0.162268
v -0.421921 0.627655 0.160634
v -0.408997 0.623779 0.145431
v -0.409058 0.634033 0.094238
v -0.399292 0.637283 0.088904
v -0.406586 0.628922 0.108503
v -0.419479 0.636108 0.092614
v -0.446564 0.645248 0.102894
v -0.431992 0.663437 0.068427
v -0.046204 0.566330 0.233418
v -0.041153 0.567596 0.221129
v -0.052216 0.556030 0.237074
v -0.046967 0.570892 0.236182
v -0.039139 0.564362 0.212093
v -0.037918 0.566833 0.208194
v -0.042465 0.553314 0.210070
v -0.266190 0.543716 0.300058
v -0.268753 0.537460 0.294825
v -0.267105 0.546143 0.300093
v -0.260101 0.543091 0.302326
v -0.199265 0.491089 0.216939
v -0.200836 0.486801 0.208631
v -0.211838 0.495178 0.232397
v -0.186310 0.495056 0.219305
v -0.256256 0.597916 0.327901
v -0.262039 0.591858 0.322544
v -0.259384 0.606003 0.322424
v -0.253815 0.597931 0.330978
v -0.072876 0.562729 0.279704
v -0.077179 0.552933 0.276749
v -0.083832 0.565613 0.295271
v -0.066162 0.573151 0.273479
v -0.242798 0.630402 0.343049
v -0.242188 0.617462 0.344341
v -0.246124 0.636841 0.335324
v -0.234848 0.641235 0.349606
v -0.360641 0.615723 0.158470
v -0.367615 0.617157 0.160201
v -0.360291 0.620132 0.148117
v -0.355713 0.615967 0.160134
v -0.296692 0.679688 0.168027
v -0.300903 0.676926 0.159670
v -0.283691 0.686905 0.169914
v -0.298279 0.679657 0.171247
v -0.279480 0.691727 0.168876
v -0.281754 0.691696 0.160789
v -0.277664 0.695892 0.171583
v -0.320297 0.549088 0.289366
v -0.324585 0.561859 0.291701
v -0.303940 0.544785 0.286816
v -0.325012 0.542328 0.291525
v -0.272522 0.549545 0.294973
v -0.271484 0.550674 0.296220
v -0.271286 0.538864 0.293364
v -0.276886 0.548752 0.293447
v -0.297928 0.631744 0.237031
v -0.295410 0.630234 0.239358
v -0.314240 0.621780 0.232025
v -0.296234 0.637146 0.236203
v -0.313065 0.621536 0.201700
v -0.305832 0.627975 0.208870
v -0.321640 0.619278 0.202927
v -0.313354 0.621307 0.185524
v -0.275772 0.643112 0.269134
v -0.274033 0.652420 0.256460
v -0.274002 0.645676 0.273995
v -0.276764 0.639374 0.268537
v -0.271500 0.609985 0.298831
v -0.273605 0.604431 0.297328
v -0.276443 0.621765 0.283648
v -0.269287 0.613083 0.304782
v -0.227051 0.463364 0.221622
v -0.222519 0.457108 0.229336
v -0.233932 0.466522 0.227356
v -0.222397 0.464096 0.215818
v -0.211151 0.463455 0.209807
v -0.202637 0.457703 0.212127
v -0.207214 0.466309 0.206053
v -0.171753 0.460144 0.197552
v -0.178772 0.453812 0.204350
v -0.180161 0.466019 0.197647
v -0.164993 0.459030 0.196535
v -0.161606 0.456497 0.196969
v -0.158783 0.455750 0.195757
v -0.079422 0.496353 0.588460
v -0.064926 0.492340 0.584860
v -0.082489 0.513870 0.601009
v -0.087143 0.492508 0.580520
v -0.017258 0.478683 0.348691
v -0.021118 0.487366 0.344873
v -0.016891 0.476822 0.346824
v -0.023499 0.495483 0.339918
v -0.022156 0.501785 0.353616
v -0.024506 0.496887 0.335710
v -0.107895 0.508041 0.407677
v -0.111023 0.505219 0.399437
v -0.105118 0.503510 0.414318
v -0.110199 0.509338 0.410263
v -0.026138 0.508057 0.329376
v -0.023987 0.512924 0.327037
v -0.025299 0.512817 0.344141
v -0.025833 0.505096 0.330359
v -0.015076 0.488800 0.510611
v -0.012650 0.477966 0.496547
v -0.014542 0.487137 0.512142
v -0.018188 0.531631 0.570751
v -0.020126 0.532730 0.577422
v -0.017700 0.523712 0.564462
v -0.021652 0.538162 0.566621
v -0.222137 0.453156 0.283227
v -0.221573 0.451248 0.279160
v -0.216782 0.452652 0.286094
v -0.236755 0.459518 0.289161
v -0.288376 0.544357 0.437981
v -0.292114 0.542358 0.435678
v -0.284882 0.543915 0.438004
v -0.287689 0.544418 0.440799
v -0.190659 0.552551 0.436198
v -0.201157 0.551193 0.438710
v -0.191376 0.548157 0.430377
v -0.186752 0.552368 0.441621
v -0.300674 0.585312 0.294157
v -0.294403 0.586212 0.298524
v -0.298523 0.581177 0.294022
v -0.306107 0.585373 0.294768
v -0.297104 0.622223 0.242650
v -0.295319 0.620880 0.246456
v -0.312057 0.610275 0.240580
v -0.296127 0.624954 0.241679
v -0.335495 0.613007 0.231442
v -0.358124 0.618942 0.228941
v -0.335312 0.614136 0.229935
v -0.335236 0.612198 0.232544
v -0.323776 0.665054 0.160730
v -0.318863 0.668320 0.156144
v -0.317368 0.668686 0.164122
v -0.328232 0.659393 0.158492
v -0.273132 0.694168 0.184514
v -0.279587 0.690140 0.181756
v -0.274094 0.695618 0.181201
v -0.272552 0.694260 0.185750
v -0.260132 0.497849 0.261563
v -0.261932 0.502258 0.265810
v -0.256287 0.503342 0.267243
v -0.256210 0.495743 0.255397
v -0.174805 0.486588 0.195601
v -0.182297 0.485687 0.198055
v -0.173874 0.490356 0.202656
v -0.166977 0.487030 0.193084
v -0.056549 0.523544 0.189614
v -0.064423 0.519547 0.188599
v -0.053940 0.527557 0.190630
v -0.052170 0.522415 0.187389
v -0.036499 0.585129 0.215972
v -0.036331 0.580673 0.213200
v -0.039612 0.582520 0.221992
v -0.006668 0.442902 0.389243
v -0.008652 0.436417 0.394371
v -0.009552 0.444656 0.357828
v -0.006332 0.448273 0.394362
v -0.103561 0.437363 0.247212
v -0.102585 0.435196 0.236024
v -0.108734 0.438828 0.250523
v -0.131027 0.433899 0.201887
v -0.124344 0.433197 0.207737
v -0.137451 0.434036 0.204319
v -0.129868 0.436569 0.196705
v -0.173447 0.467285 0.314376
v -0.175400 0.464600 0.310129
v -0.151260 0.462860 0.303775
v -0.171661 0.468918 0.318357
v -0.196625 0.457748 0.303775
v -0.198654 0.458420 0.305569
v -0.197433 0.447540 0.286422
v -0.192001 0.457596 0.302389
v -0.211121 0.445419 0.271999
v -0.201035 0.444183 0.277594
v -0.214355 0.446548 0.272576
v -0.207962 0.444397 0.269310
v -0.111130 0.517212 0.519821
v -0.122986 0.528381 0.501781
v -0.110474 0.510590 0.516700
v -0.109055 0.518448 0.525058
v -0.102417 0.506866 0.575443
v -0.248459 0.517197 0.412087
v -0.239624 0.511047 0.401487
v -0.241455 0.526718 0.421441
v -0.265625 0.513412 0.410266
v -0.284470 0.498978 0.386494
v -0.294189 0.500854 0.381069
v -0.272141 0.494247 0.379051
v -0.283920 0.503525 0.394915
v -0.064713 0.441879 0.282333
v -0.058670 0.439804 0.311820
v -0.066910 0.443192 0.281631
v -0.062210 0.440781 0.278683
v -0.023315 0.438614 0.482664
v -0.018570 0.439072 0.481027
v -0.026581 0.439056 0.492062
v -0.026093 0.438004 0.481244
v -0.084457 0.457520 0.203330
v -0.073059 0.450287 0.217097
v -0.091339 0.457245 0.201231
v -0.080460 0.460739 0.201588
v -0.036011 0.435989 0.278926
v -0.030807 0.432922 0.299977
v -0.042953 0.438248 0.276301
v -0.031906 0.437286 0.268595
v -0.252686 0.579712 0.329663
v -0.255493 0.577545 0.325458
v -0.251511 0.586090 0.332259
v -0.250214 0.578415 0.331321
v -0.245926 0.594162 0.338863
v -0.242813 0.598282 0.342029
v -0.243210 0.584457 0.339742
v -0.250427 0.596573 0.334592
v -0.269058 0.715576 0.162641
v -0.264557 0.722122 0.162838
v -0.269363 0.707657 0.183233
v -0.271225 0.715256 0.153388
v -0.290024 0.697159 0.085377
v -0.286484 0.696640 0.093708
v -0.296829 0.690231 0.083131
v -0.288589 0.702240 0.081995
v -0.299255 0.677170 0.101365
v -0.304230 0.675247 0.090616
v -0.289658 0.688171 0.105859
v -0.301697 0.672958 0.106405
v -0.280594 0.722290 0.069221
v -0.281830 0.722427 0.066216
v -0.283569 0.717621 0.072667
v -0.287796 0.686325 0.137991
v -0.271790 0.693436 0.187740
v -0.278198 0.687592 0.185232
v -0.271255 0.695557 0.188401
v -0.294510 0.639771 0.236142
v -0.281540 0.648239 0.241800
v -0.294205 0.639618 0.231316
v -0.295105 0.600540 0.268769
v -0.309036 0.593384 0.265492
v -0.293243 0.606964 0.263369
v -0.289856 0.600098 0.278928
v -0.273636 0.655243 0.251206
v -0.275253 0.652878 0.246347
v -0.274033 0.656754 0.247360
v -0.262299 0.572998 0.315141
v -0.262192 0.568771 0.313409
v -0.265427 0.575165 0.313662
v -0.039948 0.520309 0.182302
v -0.037933 0.523941 0.182887
v -0.040298 0.516022 0.182806
v -0.197037 0.469513 0.201577
v -0.197617 0.473053 0.201390
v -0.015961 0.444016 0.305317
v -0.016998 0.444077 0.288411
v -0.015961 0.441895 0.307772
v -0.015808 0.441727 0.309987
v -0.013718 0.452011 0.326209
v -0.015350 0.442642 0.313084
v -0.013962 0.446320 0.321989
v -0.012085 0.455353 0.336489
v -0.013580 0.444199 0.323997
v -0.014236 0.526947 0.312281
v -0.010284 0.541565 0.312434
v -0.014252 0.526215 0.304973
v -0.043533 0.474808 0.199404
v -0.042908 0.488846 0.189313
v -0.035507 0.470367 0.202382
v -0.054825 0.470963 0.202516
v -0.048233 0.439178 0.272904
v -0.051300 0.442825 0.253054
v -0.052048 0.438919 0.275086
v -0.228714 0.546982 0.437374
v -0.258438 0.543304 0.438765
v -0.228897 0.544601 0.435076
v -0.229034 0.547150 0.439878
v -0.333099 0.606873 0.237786
v -0.334152 0.604767 0.240062
v -0.334534 0.608337 0.236240
v -0.359482 0.622406 0.143238
v -0.361465 0.624359 0.135819
v -0.354370 0.627762 0.145758
v -0.359924 0.622101 0.143501
v -0.475128 0.539261 -0.335229
v -0.465088 0.538223 -0.351190
v -0.385345 0.448929 -0.385676
v -0.392960 0.453629 -0.395495
v -0.380707 0.447205 -0.383318
v -0.387543 0.446793 -0.380073
v -0.394623 0.459793 -0.407058
v -0.398361 0.464844 -0.411172
v -0.391953 0.460022 -0.408450
v -0.387390 0.448532 -0.413250
v -0.382935 0.438782 -0.404062
v -0.389008 0.456772 -0.411537
v -0.386688 0.448166 -0.421515
v -0.311218 0.358704 -0.451031
v -0.319717 0.362732 -0.445072
v -0.308136 0.362503 -0.453764
v -0.309357 0.352356 -0.450118
v -0.312943 0.366928 -0.458760
v -0.309036 0.365616 -0.456694
v -0.322510 0.374100 -0.454500
v -0.312576 0.365143 -0.461468
v -0.386520 0.466919 -0.435905
v -0.035339 0.331924 -0.572959
v -0.039948 0.331207 -0.571343
v -0.037064 0.335541 -0.579624
v -0.032700 0.332458 -0.571739
v -0.296707 0.342987 -0.445716
v -0.288010 0.346115 -0.456293
v -0.292252 0.341278 -0.438929
v -0.302048 0.344818 -0.444927
v -0.065338 0.333939 -0.527695
v -0.047455 0.327606 -0.552881
v -0.039322 0.329025 -0.550896
v -0.055817 0.328934 -0.546410
v -0.049606 0.328156 -0.561521
v -0.249893 0.417709 -0.378484
v -0.251694 0.416870 -0.374256
v -0.248093 0.414993 -0.382337
v -0.245010 0.417831 -0.378048
v -0.121338 0.359299 -0.567565
v -0.117233 0.357773 -0.568900
v -0.115616 0.354279 -0.549408
v -0.123047 0.357895 -0.567317
v -0.247559 0.413574 -0.360203
v -0.253632 0.414810 -0.361681
v -0.239609 0.414078 -0.366017
v -0.246185 0.411621 -0.353090
v -0.429794 0.515656 -0.363237
v -0.311310 0.363953 -0.462761
v -0.300995 0.357834 -0.462989
v -0.311417 0.364914 -0.465109
v -0.264954 0.343048 -0.449450
v -0.270279 0.343979 -0.440978
v -0.272354 0.342590 -0.458371
v -0.255951 0.342178 -0.451864
v -0.337387 0.352448 -0.430459
v -0.347946 0.357361 -0.422011
v -0.333160 0.358582 -0.435656
v -0.334686 0.348175 -0.426926
v -0.302322 0.687988 -0.046955
v -0.309341 0.684189 -0.045483
v -0.298477 0.689331 -0.057424
v -0.300262 0.693024 -0.040942
v -0.436707 0.680161 -0.000927
v -0.294952 0.710449 -0.010445
v -0.304901 0.705246 -0.005042
v -0.295731 0.710220 -0.019035
v -0.289429 0.711929 -0.008278
v -0.282867 0.713623 -0.034461
v -0.280777 0.720398 -0.020216
v -0.287643 0.707718 -0.035636
v -0.278824 0.725021 -0.003031
v -0.437485 0.666718 -0.166633
v -0.519119 0.639496 -0.175073
v -0.516541 0.643829 -0.162781
v -0.518219 0.649307 -0.181248
v -0.518295 0.630386 -0.177722
v -0.436493 0.431870 -0.168334
v -0.438934 0.431412 -0.179832
v -0.434784 0.430389 -0.160127
v -0.438400 0.433212 -0.168993
v -0.488113 0.495346 -0.162534
v -0.486420 0.502853 -0.159708
v -0.488647 0.494492 -0.169675
v -0.484924 0.490479 -0.152541
v -0.429764 0.370499 -0.189965
v -0.420563 0.366470 -0.188892
v -0.431946 0.374146 -0.185046
v -0.435867 0.369949 -0.197661
v -0.435379 0.421890 -0.157226
v -0.434097 0.426682 -0.157228
v -0.438278 0.414978 -0.165441
v -0.436584 0.419144 -0.145679
v -0.443375 0.383896 -0.182561
v -0.445404 0.384216 -0.190446
v -0.441208 0.380310 -0.180807
v -0.441788 0.390869 -0.178331
v -0.186722 0.463501 -0.186009
v -0.287277 0.412277 -0.217878
v -0.284744 0.410660 -0.229766
v -0.283096 0.411285 -0.210159
v -0.290421 0.413132 -0.217442
v -0.229492 0.411697 -0.165266
v -0.222000 0.417679 -0.169270
v -0.235199 0.406952 -0.155190
v -0.231720 0.411209 -0.166596
v -0.216248 0.421082 -0.164513
v -0.219086 0.418167 -0.153410
v -0.210617 0.425583 -0.164199
v -0.480469 0.491226 -0.271058
v -0.478516 0.488144 -0.284702
v -0.478348 0.484329 -0.265717
v -0.481750 0.496719 -0.270457
v -0.459320 0.487289 -0.312407
v -0.457672 0.485519 -0.309965
v -0.463867 0.486755 -0.310706
v -0.454437 0.495468 -0.321023
v -0.472870 0.473480 -0.266119
v -0.467941 0.464508 -0.279111
v -0.471191 0.470459 -0.260269
v -0.458145 0.456802 -0.303917
v -0.464355 0.467850 -0.300085
v -0.456238 0.454926 -0.307062
v -0.459137 0.457092 -0.300898
v -0.452042 0.460632 -0.321766
v -0.455856 0.471710 -0.316401
v -0.446350 0.459610 -0.332013
v -0.452560 0.456284 -0.318569
v -0.454956 0.479904 -0.314606
v -0.448959 0.485031 -0.323503
v -0.455948 0.482498 -0.310501
v -0.379990 0.430817 -0.350511
v -0.388107 0.424255 -0.335552
v -0.378738 0.432983 -0.352279
v -0.381271 0.427338 -0.352510
v -0.432739 0.380402 -0.249988
v -0.435730 0.377045 -0.235026
v -0.436447 0.389130 -0.253791
v -0.424942 0.374329 -0.254897
v -0.411026 0.379547 -0.299036
v -0.400253 0.374603 -0.315740
v -0.410538 0.377853 -0.297194
v -0.412567 0.382935 -0.298281
v -0.403732 0.388840 -0.316816
v -0.407288 0.388657 -0.311052
v -0.404831 0.397522 -0.315658
v -0.400040 0.384949 -0.320583
v -0.397827 0.387939 -0.331447
v -0.397766 0.384521 -0.326193
v -0.398071 0.395599 -0.332946
v -0.396439 0.384979 -0.336526
v -0.396561 0.403793 -0.332127
v -0.396210 0.404922 -0.328020
v -0.393204 0.409790 -0.340169
v -0.361359 0.351990 -0.371919
v -0.373871 0.358093 -0.360060
v -0.361221 0.354416 -0.381381
v -0.349136 0.345932 -0.368895
v -0.304871 0.380966 -0.284888
v -0.304199 0.378601 -0.292832
v -0.297028 0.389572 -0.280051
v -0.310074 0.380127 -0.281560
v -0.245071 0.410492 -0.348117
v -0.251953 0.410324 -0.340868
v -0.238159 0.409332 -0.347199
v -0.327545 0.365524 -0.265676
v -0.332596 0.364304 -0.278451
v -0.325150 0.368851 -0.263244
v -0.329926 0.363892 -0.265759
v -0.305954 0.399185 -0.263618
v -0.302094 0.400818 -0.266313
v -0.310089 0.403198 -0.258860
v -0.308487 0.390549 -0.269189
v -0.331070 0.367050 -0.300989
v -0.325424 0.371140 -0.288056
v -0.334030 0.365372 -0.302463
v -0.328766 0.367004 -0.305719
v -0.483322 0.537094 -0.208848
v -0.480194 0.533127 -0.209501
v -0.488693 0.536423 -0.200747
v -0.482315 0.545074 -0.215256
v -0.275848 0.597183 -0.163828
v -0.095642 0.483032 -0.132455
v -0.102859 0.478851 -0.134340
v -0.089355 0.486572 -0.141239
v -0.094772 0.485825 -0.125791
v -0.480499 0.528687 -0.214824
v -0.483643 0.526077 -0.214968
v -0.479584 0.529678 -0.211762
v -0.478180 0.530792 -0.218242
v -0.222275 0.410049 -0.358223
v -0.226974 0.409195 -0.353614
v -0.224533 0.411453 -0.361833
v -0.215561 0.411438 -0.357460
v -0.333847 0.364212 -0.283203
v -0.334656 0.364090 -0.289029
v -0.330811 0.368378 -0.280096
v -0.337662 0.363831 -0.323329
v -0.337555 0.363876 -0.318214
v -0.337845 0.360672 -0.327624
v -0.334213 0.364120 -0.320329
v -0.307556 0.414612 -0.252459
v -0.308914 0.411819 -0.253444
v -0.304703 0.414062 -0.257264
v -0.306198 0.414536 -0.250485
v -0.297256 0.413940 -0.238326
v -0.299057 0.413910 -0.240838
v -0.292236 0.412537 -0.240592
v -0.296143 0.413544 -0.232668
v -0.280991 0.415710 -0.188609
v -0.285355 0.413589 -0.194220
v -0.277710 0.416336 -0.189561
v -0.281525 0.414322 -0.185480
v -0.393997 0.418243 -0.327326
v -0.393219 0.419662 -0.328731
v -0.394455 0.414764 -0.326718
v -0.395859 0.418747 -0.324006
v -0.437347 0.427612 -0.172916
v -0.437820 0.428696 -0.175952
v -0.438049 0.422852 -0.175491
v -0.436676 0.428009 -0.168682
v -0.446823 0.375961 -0.196067
v -0.447006 0.378403 -0.195664
v -0.444916 0.375092 -0.197990
v -0.443680 0.376007 -0.191469
v -0.484955 0.524536 -0.214272
v -0.486404 0.523209 -0.208450
v -0.484863 0.521088 -0.216750
v -0.479858 0.535507 -0.225881
v -0.479248 0.540665 -0.229471
v -0.484192 0.530304 -0.231869
v -0.477554 0.533768 -0.222253
v -0.482407 0.602402 -0.286464
v -0.514801 0.606216 -0.258866
v -0.510941 0.603134 -0.262068
v -0.516541 0.597275 -0.246338
v -0.515961 0.615143 -0.258983
v -0.471329 0.537079 -0.214775
v -0.471298 0.542160 -0.219571
v -0.472839 0.535538 -0.216413
v -0.473404 0.535507 -0.213365
v -0.487061 0.523376 -0.206077
v -0.485016 0.525955 -0.207193
v -0.486206 0.524033 -0.199470
v -0.509125 0.651733 -0.152222
v -0.505615 0.651505 -0.145297
v -0.499481 0.656647 -0.154635
v -0.522705 0.575150 -0.123788
v -0.524933 0.585129 -0.128655
v -0.519730 0.571442 -0.128327
v -0.522736 0.574036 -0.114290
v -0.481476 0.543167 -0.113037
v -0.476410 0.542160 -0.113283
v -0.489365 0.541855 -0.102843
v -0.484879 0.546082 -0.117163
v -0.526413 0.615540 -0.078438
v -0.525909 0.608521 -0.074822
v -0.525406 0.619049 -0.074075
v -0.528046 0.616501 -0.087967
v -0.529236 0.614807 -0.102065
v -0.528320 0.621216 -0.105002
v -0.529129 0.608551 -0.104154
v -0.518768 0.584091 -0.147717
v -0.517593 0.583618 -0.154177
v -0.517532 0.578629 -0.143256
v -0.521683 0.588196 -0.143684
v -0.485901 0.489197 -0.146065
v -0.484833 0.483673 -0.146369
v -0.485458 0.497192 -0.140224
v -0.475723 0.536942 -0.110098
v -0.476395 0.534164 -0.111780
v -0.481476 0.532074 -0.100831
v -0.475189 0.538849 -0.111108
v -0.391846 0.350983 -0.123601
v -0.395020 0.347031 -0.093919
v -0.399963 0.353714 -0.129997
v -0.382874 0.351151 -0.130137
v -0.420670 0.349060 -0.077556
v -0.427170 0.353226 -0.074174
v -0.419708 0.353149 -0.102427
v -0.410583 0.346176 -0.071147
v -0.361862 0.347565 -0.096984
v -0.360123 0.348755 -0.095326
v -0.374847 0.345978 -0.093292
v -0.359177 0.348160 -0.106169
v -0.356873 0.352158 -0.090553
v -0.345596 0.355240 -0.090508
v -0.360580 0.353333 -0.086123
v -0.147156 0.432404 -0.084337
v -0.150833 0.434753 -0.092309
v -0.130859 0.438995 -0.080564
v -0.153503 0.427444 -0.075649
v -0.137909 0.422409 -0.037879
v -0.146011 0.416946 -0.028920
v -0.142609 0.424911 -0.051070
v -0.134247 0.424362 -0.036583
v -0.299774 0.373703 -0.089185
v -0.297241 0.376053 -0.097672
v -0.295731 0.371597 -0.086479
v -0.304886 0.375900 -0.084829
v -0.238953 0.396423 -0.095307
v -0.234283 0.398071 -0.088598
v -0.246033 0.391327 -0.095258
v -0.233017 0.405014 -0.113946
v -0.280197 0.366226 -0.067679
v -0.282425 0.367294 -0.074949
v -0.275284 0.368286 -0.066313
v -0.287018 0.365829 -0.058241
v -0.271805 0.409363 -0.168917
v -0.277878 0.410751 -0.171319
v -0.265289 0.411972 -0.175129
v -0.271744 0.403824 -0.161705
v -0.291580 0.384933 -0.147835
v -0.288208 0.392532 -0.147645
v -0.296432 0.376923 -0.136433
v -0.293411 0.383514 -0.156631
v -0.289856 0.402664 -0.183101
v -0.292328 0.395294 -0.179363
v -0.293274 0.402863 -0.199759
v -0.286514 0.407089 -0.179078
v -0.287628 0.585892 -0.118062
v -0.291000 0.613358 -0.115711
v -0.288666 0.577057 -0.107845
v -0.284531 0.582245 -0.129599
v -0.294662 0.561157 -0.070314
v -0.296616 0.581009 -0.065723
v -0.294708 0.539856 -0.060268
v -0.293045 0.562027 -0.078637
v -0.276291 0.454163 -0.036788
v -0.275299 0.454330 -0.027401
v -0.274109 0.451721 -0.044455
v -0.277008 0.456940 -0.043280
v -0.272995 0.455521 -0.066432
v -0.271652 0.455811 -0.062636
v -0.270935 0.461823 -0.085607
v -0.274490 0.454376 -0.066211
v -0.258316 0.479919 -0.098411
v -0.261322 0.475082 -0.102285
v -0.258453 0.477646 -0.078922
v -0.253357 0.487656 -0.102982
v -0.327057 0.653992 -0.117238
v -0.329407 0.652344 -0.119770
v -0.334503 0.655884 -0.106773
v -0.321609 0.653610 -0.117327
v -0.167358 0.502731 -0.066511
v -0.172119 0.502716 -0.067434
v -0.163055 0.501282 -0.056624
v -0.164246 0.505234 -0.074187
v -0.154480 0.495743 -0.033148
v -0.159683 0.493805 -0.028805
v -0.147171 0.496124 -0.030628
v -0.156067 0.497467 -0.039508
v -0.096970 0.496323 -0.077463
v -0.096298 0.495499 -0.078143
v -0.102905 0.502625 -0.082595
v -0.098206 0.495773 -0.073346
v -0.095901 0.494293 -0.080444
v -0.094360 0.489227 -0.081153
v -0.099274 0.497467 -0.085542
v -0.104446 0.484207 -0.105304
v -0.104141 0.486526 -0.097820
v -0.110886 0.479446 -0.110706
v -0.102325 0.485092 -0.106471
v -0.093338 0.503571 -0.098545
v -0.094681 0.507751 -0.100420
v -0.098587 0.500763 -0.091088
v -0.091278 0.499496 -0.104465
v -0.469147 0.679489 -0.111666
v -0.454773 0.679794 -0.105433
v -0.468338 0.677719 -0.123355
v -0.478088 0.678955 -0.101999
v -0.301636 0.564682 -0.021744
v -0.301987 0.568680 -0.021613
v -0.304016 0.555084 0.002334
v -0.301056 0.562317 -0.024141
v -0.275284 0.454239 -0.066607
v -0.274826 0.460007 -0.088237
v -0.276260 0.456467 -0.065102
v -0.103745 0.480804 -0.093309
v -0.104187 0.484787 -0.093930
v -0.100510 0.480988 -0.090422
v -0.109253 0.475098 -0.095891
v -0.125076 0.509491 -0.095238
v -0.126266 0.511108 -0.100209
v -0.126923 0.508759 -0.091270
v -0.121964 0.508972 -0.093667
v -0.318390 0.387115 -0.073554
v -0.316696 0.385986 -0.076236
v -0.318710 0.387100 -0.068847
v -0.322159 0.383881 -0.074039
v -0.441162 0.430664 -0.074455
v -0.441040 0.429657 -0.076593
v -0.441757 0.429718 -0.071659
v -0.444260 0.431885 -0.075423
v -0.466599 0.542023 -0.121430
v -0.468826 0.542023 -0.119005
v -0.467361 0.541122 -0.127191
v -0.470184 0.537933 -0.119413
v -0.472122 0.593887 0.121901
v -0.465530 0.597534 0.133213
v -0.471909 0.595978 0.115076
v -0.480438 0.582550 0.117906
v -0.512421 0.631882 0.023320
v -0.509216 0.639908 0.026142
v -0.514114 0.631927 0.017707
v -0.510925 0.628662 0.029081
v -0.506149 0.553558 0.065748
v -0.505630 0.550659 0.063486
v -0.502426 0.545349 0.080832
v -0.505554 0.558060 0.065979
v -0.493668 0.565948 0.093480
v -0.495743 0.562576 0.088451
v -0.492065 0.565048 0.099360
v -0.486633 0.580719 0.097549
v -0.478088 0.564972 0.134600
v -0.480301 0.550476 0.134783
v -0.476318 0.567169 0.138184
v -0.480225 0.563217 0.129952
v -0.470215 0.561386 0.158010
v -0.473679 0.546631 0.153297
v -0.465271 0.565063 0.170278
v -0.470688 0.565750 0.153563
v -0.442184 0.562546 0.236051
v -0.444611 0.561584 0.230039
v -0.440414 0.558319 0.241933
v -0.435150 0.581223 0.237957
v -0.428070 0.504013 0.260534
v -0.434830 0.508255 0.255948
v -0.427551 0.491943 0.254289
v -0.425812 0.505539 0.263049
v -0.476044 0.530289 0.138680
v -0.478912 0.539261 0.137067
v -0.475266 0.527924 0.138108
v -0.475220 0.530670 0.142148
v -0.474335 0.526596 0.136634
v -0.474716 0.529007 0.134538
v -0.469406 0.517929 0.135599
v -0.497101 0.528519 0.081988
v -0.499603 0.536438 0.086107
v -0.497208 0.527466 0.077294
v -0.495224 0.529709 0.087383
v -0.510162 0.573151 -0.014938
v -0.514130 0.582764 -0.018627
v -0.508621 0.572235 -0.017451
v -0.510223 0.568314 -0.008456
v -0.520737 0.618317 -0.056839
v -0.519684 0.620514 -0.052723
v -0.522049 0.620712 -0.060545
v -0.520370 0.609573 -0.055505
v -0.522476 0.594376 -0.010657
v -0.517654 0.580780 -0.002518
v -0.523865 0.602478 -0.008595
v -0.521286 0.595062 -0.018164
v -0.475601 0.503067 -0.006645
v -0.482681 0.494003 -0.012233
v -0.475677 0.503296 0.002560
v -0.471741 0.506516 -0.009190
v -0.461517 0.428253 0.087362
v -0.453613 0.425964 0.105482
v -0.463181 0.430908 0.086313
v -0.460449 0.426224 0.085840
v -0.467590 0.444809 0.092227
v -0.459030 0.439407 0.106626
v -0.470703 0.451920 0.090261
v -0.467194 0.442200 0.089082
v -0.453232 0.441360 0.114310
v -0.454453 0.448105 0.115006
v -0.449707 0.439941 0.116790
v -0.447723 0.418503 0.104505
v -0.449677 0.423203 0.110662
v -0.450150 0.418823 0.098154
v -0.446304 0.416794 0.106455
v -0.440994 0.422150 0.147396
v -0.441132 0.427460 0.154599
v -0.443085 0.426117 0.135261
v -0.438583 0.415787 0.147039
v -0.402206 0.361053 0.189244
v -0.393478 0.358047 0.198847
v -0.407181 0.368347 0.192123
v -0.400558 0.358017 0.180864
v -0.409988 0.446304 0.220821
v -0.399796 0.457825 0.222336
v -0.412766 0.447449 0.215980
v -0.408768 0.441238 0.223035
v -0.366394 0.342972 -0.025967
v -0.364548 0.343979 -0.027527
v -0.362534 0.343430 -0.014551
v -0.371704 0.342636 -0.026208
v -0.363113 0.390381 0.297328
v -0.363388 0.382965 0.283761
v -0.358139 0.386200 0.300490
v -0.365952 0.393692 0.296056
v -0.372299 0.395798 0.270112
v -0.373947 0.396408 0.277893
v -0.377182 0.404572 0.265110
v -0.367294 0.392242 0.268853
v -0.366791 0.368042 0.244410
v -0.363129 0.361465 0.240255
v -0.365311 0.371933 0.250019
v -0.374588 0.372757 0.239541
v -0.351669 0.357376 0.252755
v -0.359299 0.369232 0.260423
v -0.350937 0.351562 0.240932
v -0.348465 0.355606 0.255193
v -0.233612 0.302475 0.248360
v -0.238312 0.304962 0.255035
v -0.239716 0.296783 0.229827
v -0.226028 0.302963 0.247943
v -0.266357 0.293915 0.208179
v -0.270676 0.297668 0.215067
v -0.278641 0.292908 0.187341
v -0.256744 0.292374 0.208732
v -0.335220 0.330353 0.164236
v -0.336258 0.320618 0.163459
v -0.324951 0.332657 0.175496
v -0.337326 0.333984 0.162392
v -0.254379 0.335495 0.276033
v -0.254868 0.329025 0.265394
v -0.253036 0.333496 0.283302
v -0.255890 0.340454 0.276299
v -0.346039 0.338165 0.164127
v -0.343399 0.345062 0.172610
v -0.356735 0.333221 0.159346
v -0.341675 0.336777 0.162081
v -0.341888 0.308258 0.134779
v -0.335526 0.304749 0.130077
v -0.333649 0.308441 0.150934
v -0.353760 0.313812 0.127277
v -0.343872 0.361893 0.290841
v -0.357819 0.374893 0.282192
v -0.342224 0.359344 0.288656
v -0.343826 0.364838 0.295390
v -0.173691 0.358063 0.340230
v -0.174881 0.356567 0.339579
v -0.164154 0.353760 0.328600
v -0.170898 0.360367 0.340901
v -0.195969 0.385239 0.365176
v -0.179321 0.374527 0.356027
v -0.194641 0.393326 0.366839
v -0.204010 0.381607 0.363266
v -0.185165 0.413422 0.366124
v -0.184280 0.413666 0.365889
v -0.202072 0.423370 0.373003
v -0.186676 0.410416 0.366290
v -0.227234 0.430099 0.375229
v -0.230484 0.427979 0.373835
v -0.213013 0.428772 0.375362
v -0.226471 0.433655 0.374969
v -0.271378 0.289597 0.162150
v -0.257065 0.288773 0.180453
v -0.280853 0.290985 0.163227
v -0.269745 0.290085 0.156630
v -0.140381 0.347610 0.299445
v -0.154785 0.350769 0.316962
v -0.140762 0.347778 0.296887
v -0.138031 0.349548 0.300105
v -0.143402 0.349258 0.292124
v -0.151031 0.351501 0.295130
v -0.136581 0.347168 0.272272
v -0.165878 0.404251 -0.012282
v -0.181961 0.400665 -0.012801
v -0.163834 0.407028 -0.018617
v -0.160995 0.402802 -0.003064
v -0.070038 0.463364 0.095369
v -0.067657 0.474915 0.094717
v -0.069565 0.458176 0.105201
v -0.077133 0.456223 0.084325
v -0.074631 0.444641 0.139705
v -0.070023 0.460648 0.152031
v -0.079559 0.435562 0.144008
v -0.073334 0.445999 0.128679
v -0.099213 0.393600 0.175107
v -0.093948 0.404663 0.189326
v -0.099457 0.391190 0.176296
v -0.097900 0.396133 0.172936
v -0.094452 0.392853 0.197570
v -0.095703 0.390869 0.193215
v -0.092972 0.403915 0.195548
v -0.095062 0.392715 0.206487
v -0.138611 0.365692 0.125032
v -0.146912 0.365387 0.115333
v -0.135284 0.370621 0.128150
v -0.138916 0.359299 0.128407
v -0.124207 0.375671 0.137322
v -0.117737 0.374512 0.145609
v -0.130234 0.374115 0.131935
v -0.123947 0.376907 0.135328
v -0.133743 0.351227 0.147958
v -0.139267 0.338593 0.152589
v -0.133881 0.351715 0.147137
v -0.131058 0.351868 0.151042
v -0.245255 0.301254 0.143467
v -0.246170 0.309189 0.130383
v -0.242676 0.303192 0.146721
v -0.248856 0.295151 0.146037
v -0.234131 0.300888 0.146182
v -0.238647 0.302841 0.148046
v -0.229050 0.307343 0.134736
v -0.231781 0.294495 0.151530
v -0.275879 0.371292 0.007510
v -0.263931 0.363785 0.005562
v -0.279251 0.370026 0.014194
v -0.276627 0.373154 0.005380
v -0.256790 0.360077 0.006169
v -0.256790 0.357376 0.012842
v -0.252609 0.361404 0.002492
v -0.169220 0.314438 0.256733
v -0.164871 0.319763 0.253094
v -0.166611 0.321838 0.272182
v -0.174561 0.310272 0.254212
v -0.231415 0.292099 0.154504
v -0.239594 0.288483 0.167230
v -0.226624 0.291504 0.159225
v -0.189789 0.296631 0.153452
v -0.191345 0.303635 0.143548
v -0.173218 0.297684 0.165376
v -0.200790 0.292053 0.160356
v -0.152206 0.321198 0.151593
v -0.153824 0.320740 0.150508
v -0.144501 0.330170 0.153518
v -0.149734 0.321152 0.156344
v -0.152283 0.330704 0.141404
v -0.148102 0.335464 0.139200
v -0.152466 0.330566 0.145087
v -0.163147 0.328354 0.133849
v -0.246597 0.316299 0.124498
v -0.250992 0.317947 0.118876
v -0.243149 0.324036 0.123816
v -0.176590 0.327362 0.112531
v -0.178253 0.325821 0.117834
v -0.192291 0.327103 0.098547
v -0.171082 0.332230 0.110749
v -0.155930 0.322021 0.148630
v -0.168594 0.317230 0.144031
v -0.153702 0.327515 0.147984
v -0.120117 0.332642 0.200130
v -0.121582 0.331055 0.206874
v -0.129959 0.326355 0.187322
v -0.114044 0.343170 0.196494
v -0.348206 0.352921 -0.019930
v -0.350128 0.352768 -0.014124
v -0.352081 0.349625 -0.023920
v -0.341293 0.360062 -0.023610
v -0.235428 0.477142 0.188143
v -0.240601 0.477402 0.184746
v -0.237167 0.480042 0.191321
v -0.224792 0.473877 0.186412
v -0.200912 0.490738 0.021611
v -0.197662 0.492020 0.015121
v -0.208221 0.490540 0.030773
v -0.198273 0.489777 0.023647
v -0.188400 0.496277 -0.011443
v -0.191559 0.498993 -0.019918
v -0.190353 0.494797 -0.008741
v -0.183319 0.496445 -0.009245
v -0.111481 0.496979 0.025630
v -0.111176 0.497208 0.026763
v -0.111267 0.496567 0.020094
v -0.114471 0.496933 0.020978
v -0.137207 0.491196 0.181678
v -0.140457 0.495239 0.178492
v -0.145462 0.481506 0.188198
v -0.122665 0.491089 0.181022
v -0.121017 0.518341 0.048667
v -0.115051 0.522095 0.063345
v -0.119766 0.521378 0.042585
v -0.125778 0.512589 0.046534
v -0.166565 0.463821 0.101959
v -0.175323 0.458191 0.102582
v -0.162857 0.462250 0.106706
v -0.163071 0.473389 0.092113
v -0.115051 0.516159 0.099927
v -0.109314 0.520523 0.113418
v -0.113937 0.518158 0.093278
v -0.115524 0.514603 0.100210
v -0.307541 0.623260 -0.029900
v -0.303513 0.613922 -0.020303
v -0.309097 0.621918 -0.033286
v -0.311279 0.631958 -0.028087
v -0.484009 0.669128 -0.025727
v -0.484467 0.665665 -0.016985
v -0.479477 0.671585 -0.030243
v -0.492279 0.667862 -0.028018
v -0.457779 0.674301 -0.029373
v -0.456497 0.670471 -0.025051
v -0.449753 0.676315 -0.037066
v -0.465744 0.675262 -0.031767
v -0.363922 0.648621 0.060373
v -0.367615 0.643326 0.076607
v -0.354263 0.649902 0.058762
v -0.369156 0.648178 0.054875
v -0.356110 0.634964 0.112628
v -0.363602 0.637436 0.103816
v -0.358887 0.628571 0.131162
v -0.349548 0.634125 0.111603
v -0.479523 0.617737 0.079532
v -0.482483 0.614471 0.078662
v -0.467316 0.609604 0.089054
v -0.475784 0.620972 0.076949
v -0.441818 0.617783 0.085872
v -0.441544 0.612411 0.089128
v -0.430527 0.622345 0.080825
v -0.452347 0.622101 0.081235
v -0.428131 0.621094 0.147773
v -0.428513 0.620895 0.148532
v -0.413528 0.627594 0.137104
v -0.429764 0.620605 0.144484
v -0.394180 0.625946 0.149526
v -0.404602 0.625534 0.154671
v -0.387405 0.623825 0.159787
v -0.393097 0.625854 0.142820
v -0.383774 0.628098 0.133053
v -0.372437 0.626617 0.134967
v -0.383133 0.631409 0.123315
v -0.389526 0.626556 0.137308
v -0.363190 0.620529 0.156295
v -0.363159 0.622604 0.147344
v -0.368164 0.619690 0.158988
v -0.355194 0.618378 0.160823
v -0.345261 0.571350 0.180237
v -0.345062 0.577164 0.183468
v -0.348907 0.568008 0.182557
v -0.337814 0.570648 0.167211
v -0.359848 0.593491 0.227345
v -0.360550 0.596649 0.232398
v -0.353958 0.585678 0.227508
v -0.361832 0.595627 0.222876
v -0.355377 0.600021 0.208379
v -0.360703 0.598022 0.216848
v -0.352463 0.594986 0.202127
v -0.355835 0.604675 0.205767
v -0.352585 0.589523 0.198979
v -0.357086 0.583237 0.203967
v -0.349731 0.587891 0.193199
v -0.293045 0.500549 0.239693
v -0.294006 0.507629 0.245351
v -0.292130 0.496429 0.244792
v -0.296051 0.499603 0.224908
v -0.291336 0.497375 0.179003
v -0.283157 0.488083 0.192825
v -0.287277 0.503937 0.168095
v -0.297226 0.498383 0.179397
v -0.281311 0.491425 0.245574
v -0.278656 0.485809 0.236429
v -0.288284 0.493347 0.246712
v -0.275253 0.493332 0.250772
v -0.276825 0.496384 0.270283
v -0.288376 0.503357 0.275069
v -0.273865 0.492142 0.274218
v -0.271790 0.493668 0.261422
v -0.248337 0.478317 0.226732
v -0.245178 0.478104 0.233218
v -0.242996 0.475189 0.219866
v -0.260834 0.480728 0.226235
v -0.189728 0.452545 0.252052
v -0.193100 0.455093 0.251872
v -0.186386 0.451035 0.263935
v -0.187927 0.451233 0.249285
v -0.215988 0.462036 0.249955
v -0.219330 0.463043 0.240289
v -0.218979 0.463440 0.254632
v -0.213440 0.461380 0.248947
v -0.234802 0.466553 0.265289
v -0.233170 0.462967 0.257851
v -0.245407 0.468369 0.279317
v -0.231964 0.468307 0.265458
v -0.239014 0.468597 0.253631
v -0.235214 0.464005 0.253941
v -0.239029 0.472870 0.246714
v -0.251770 0.473572 0.265035
v -0.258118 0.471313 0.286929
v -0.261475 0.469666 0.284732
v -0.261337 0.476913 0.294798
v -0.280609 0.485168 0.306394
v -0.281540 0.480331 0.298646
v -0.283859 0.486755 0.310670
v -0.275650 0.484619 0.306246
v -0.310333 0.505569 0.322462
v -0.307877 0.498642 0.331980
v -0.308548 0.502975 0.314411
v -0.313248 0.511353 0.324915
v -0.165924 0.449448 0.270244
v -0.170975 0.452042 0.255643
v -0.169159 0.447037 0.274530
v -0.156204 0.451340 0.270725
v -0.303879 0.521469 0.197803
v -0.305771 0.525803 0.213166
v -0.301086 0.513397 0.198352
v -0.309006 0.529037 0.187319
v -0.098053 0.497147 0.034529
v -0.102600 0.494858 0.031822
v -0.098709 0.498688 0.034189
v -0.094910 0.493164 0.037390
v -0.390503 0.348312 0.134727
v -0.386444 0.343246 0.137662
v -0.399109 0.358566 0.145186
v -0.390182 0.349380 0.125296
v -0.198868 0.468918 0.176593
v -0.208450 0.468964 0.180131
v -0.187531 0.470016 0.176974
v -0.200058 0.467941 0.172881
v -0.154068 0.483856 0.156219
v -0.153015 0.484451 0.148630
v -0.176178 0.471420 0.161019
v -0.149567 0.487808 0.160880
v -0.249283 0.463806 0.021507
v -0.240204 0.474365 0.019362
v -0.253937 0.461945 0.009971
v -0.249832 0.459351 0.029372
v -0.126343 0.501465 0.098804
v -0.128189 0.499939 0.100740
v -0.124863 0.503662 0.095399
v -0.128952 0.498779 0.098154
v -0.144409 0.481293 0.097697
v -0.144974 0.482391 0.094177
v -0.149139 0.475967 0.101025
v -0.142609 0.483673 0.098802
v -0.134460 0.492554 0.097331
v -0.135345 0.493347 0.093861
v -0.136261 0.490845 0.098792
v -0.339386 0.659622 -0.038620
v -0.336029 0.656418 -0.038820
v -0.343079 0.660004 -0.038065
v -0.343918 0.659912 -0.033727
v -0.357788 0.573837 0.198509
v -0.355743 0.571732 0.194869
v -0.354584 0.576813 0.195030
v -0.358109 0.575546 0.200833
v -0.296860 0.477570 0.211924
v -0.296677 0.478668 0.215071
v -0.291397 0.477264 0.211658
v -0.297974 0.483536 0.203747
v -0.287750 0.504028 0.261220
v -0.288422 0.501556 0.256983
v -0.289108 0.504639 0.264808
v -0.283112 0.500946 0.260092
v -0.225647 0.470871 0.222755
v -0.229797 0.471832 0.221159
v -0.224960 0.469894 0.224912
v -0.220016 0.469894 0.221504
v -0.221146 0.463760 0.236830
v -0.221725 0.464691 0.234800
v -0.224487 0.463486 0.241499
v -0.282242 0.478897 0.295645
v -0.277435 0.476486 0.292206
v -0.286133 0.480606 0.299743
v -0.305222 0.500977 0.349823
v -0.310135 0.500153 0.354530
v -0.303741 0.498154 0.354334
v -0.304916 0.501602 0.348256
v -0.301788 0.500504 0.188501
v -0.304581 0.515854 0.172185
v -0.301102 0.500381 0.193104
v -0.301422 0.500305 0.186378
v -0.190491 0.455704 0.237226
v -0.189499 0.456757 0.234273
v -0.195007 0.456650 0.239599
v -0.189087 0.454453 0.240104
v -0.183090 0.463593 0.217906
v -0.184006 0.462494 0.220595
v -0.179199 0.464249 0.215812
v -0.188980 0.464661 0.217966
v -0.154129 0.468933 0.201850
v -0.158157 0.468201 0.204054
v -0.147934 0.465927 0.202030
v -0.151093 0.470108 0.200090
v -0.363983 0.616821 0.175681
v -0.365875 0.617645 0.171806
v -0.362869 0.614716 0.182093
v -0.360962 0.614975 0.176884
v -0.377045 0.621811 0.145077
v -0.375458 0.621124 0.149331
v -0.373260 0.622696 0.143238
v -0.381104 0.622894 0.143631
v -0.125549 0.369797 0.140663
v -0.127304 0.370728 0.137878
v -0.122986 0.370789 0.142921
v -0.128479 0.364746 0.141583
v -0.102509 0.480804 0.030486
v -0.102341 0.480713 0.033875
v -0.102295 0.476410 0.029088
v -0.102615 0.485779 0.027268
v -0.104675 0.489685 0.026267
v -0.105179 0.492264 0.028778
v -0.105179 0.489380 0.016828
v -0.103363 0.470673 0.039142
v -0.102921 0.473434 0.038441
v -0.104584 0.466644 0.041926
v -0.102890 0.470398 0.035720
v -0.325714 0.388107 -0.019395
v -0.325256 0.388016 -0.022165
v -0.323395 0.387115 -0.016989
v -0.327896 0.384628 -0.018378
v -0.297546 0.384171 0.011406
v -0.299606 0.383713 0.009321
v -0.295151 0.382538 0.009357
v -0.295486 0.380875 0.016556
v -0.238205 0.382523 -0.031252
v -0.243988 0.380692 -0.027825
v -0.236740 0.385117 -0.037338
v -0.237000 0.383011 -0.029240
v -0.242599 0.332993 0.120281
v -0.246323 0.334808 0.115174
v -0.238983 0.331329 0.118830
v -0.242279 0.331207 0.121426
v -0.238693 0.319946 0.127420
v -0.239410 0.321823 0.126321
v -0.235596 0.320129 0.126885
v -0.239471 0.315659 0.132692
v -0.161240 0.351898 0.324451
v -0.165482 0.351700 0.327427
v -0.160873 0.351654 0.323833
v -0.260010 0.406281 0.347609
v -0.257050 0.405655 0.349767
v -0.265549 0.407059 0.347705
v -0.259064 0.402390 0.349616
v -0.377625 0.435577 0.318590
v -0.374634 0.434448 0.321337
v -0.380707 0.440948 0.318720
v -0.382172 0.438309 0.313512
v -0.350784 0.346222 0.187960
v -0.346527 0.346497 0.181808
v -0.344055 0.346481 0.198360
v -0.360092 0.345139 0.187016
v -0.323944 0.352737 0.178355
v -0.327744 0.348297 0.173911
v -0.319778 0.351044 0.182621
v -0.328781 0.351791 0.178426
v -0.258774 0.339142 0.253861
v -0.263641 0.339218 0.247967
v -0.257843 0.334564 0.254873
v -0.258453 0.340134 0.259811
v -0.397858 0.381577 0.094158
v -0.399094 0.384323 0.089254
v -0.397537 0.378418 0.098503
v -0.399994 0.380081 0.099439
v -0.456619 0.531448 -0.009226
v -0.459335 0.526657 -0.011565
v -0.457748 0.529724 -0.006823
v -0.456665 0.532104 -0.009615
v -0.437134 0.497086 0.117949
v -0.438141 0.496796 0.116094
v -0.436691 0.495850 0.119768
v -0.439728 0.499252 0.118751
v -0.480865 0.545425 0.135503
v -0.478378 0.552094 0.139126
v -0.480774 0.544403 0.135530
v -0.428574 0.484604 0.138634
v -0.423126 0.478333 0.149629
v -0.431152 0.485947 0.139450
v -0.428879 0.484467 0.137817
v -0.411438 0.473526 0.232763
v -0.418503 0.476456 0.234051
v -0.412018 0.469147 0.218225
v -0.407074 0.474365 0.238066
v -0.391357 0.369507 0.222064
v -0.390320 0.373688 0.227356
v -0.403641 0.373611 0.211576
v -0.385605 0.363998 0.218747
v -0.413803 0.484772 0.258333
v -0.416855 0.490250 0.261467
v -0.417328 0.483353 0.251274
v -0.411560 0.482208 0.254154
v -0.463303 0.606552 0.093057
v -0.467667 0.602829 0.092235
v -0.457550 0.607468 0.092884
v -0.395569 0.613525 0.062933
v -0.392899 0.616959 0.063471
v -0.396103 0.615662 0.058184
v -0.399094 0.613281 0.066822
v -0.410446 0.629684 -0.032379
v -0.409729 0.629929 -0.028264
v -0.406006 0.631729 -0.038835
v -0.414444 0.632599 -0.030562
v -0.211212 0.490128 0.033598
v -0.211121 0.490311 0.030807
v -0.215286 0.486053 0.039835
v -0.207932 0.436050 0.113285
v -0.206985 0.440170 0.109532
v -0.212433 0.435822 0.109992
v -0.204010 0.436722 0.114843
v -0.205627 0.493896 0.020482
v -0.208603 0.492950 0.022874
v -0.202988 0.493607 0.018721
v -0.208389 0.493530 0.017369
v -0.211960 0.490036 0.029753
v -0.216583 0.485840 0.034303
v -0.212433 0.490372 0.028159
v -0.183487 0.487656 0.036224
v -0.185913 0.487961 0.033605
v -0.192719 0.485092 0.055758
v -0.181793 0.487320 0.036949
v -0.179138 0.442261 0.119429
v -0.174332 0.447266 0.117146
v -0.179352 0.445709 0.114749
v -0.182892 0.441040 0.119312
v -0.281723 0.411194 -0.206767
v -0.284988 0.412735 -0.199385
v -0.278046 0.411285 -0.207362
v -0.270386 0.416718 -0.193613
v -0.269608 0.414795 -0.200314
v -0.264175 0.416809 -0.189928
v -0.491730 0.527878 -0.269061
v -0.492096 0.533798 -0.262359
v -0.490509 0.536270 -0.284186
v -0.490005 0.520096 -0.265894
v -0.481049 0.475525 -0.216850
v -0.480591 0.470459 -0.201880
v -0.484879 0.488968 -0.221535
v -0.478119 0.471268 -0.221704
v -0.391205 0.391434 -0.363208
v -0.390701 0.403717 -0.359607
v -0.386642 0.388535 -0.374151
v -0.392487 0.384979 -0.356320
v -0.344711 0.347641 -0.344164
v -0.338531 0.349167 -0.340307
v -0.354797 0.346893 -0.340191
v -0.341949 0.347427 -0.350959
v -0.314484 0.351273 -0.350477
v -0.320755 0.353012 -0.339326
v -0.319550 0.348984 -0.358515
v -0.307983 0.355225 -0.348937
v -0.247223 0.403732 -0.293697
v -0.286682 0.412872 -0.196619
v -0.288406 0.412689 -0.202054
v -0.466248 0.473343 -0.300244
v -0.467239 0.477615 -0.301408
v -0.463470 0.476105 -0.303225
v -0.466263 0.472504 -0.299706
v -0.483063 0.495529 -0.240948
v -0.483765 0.495636 -0.235401
v -0.483093 0.500122 -0.239006
v -0.482971 0.495102 -0.241613
v -0.523834 0.629761 -0.066886
v -0.524033 0.627808 -0.067677
v -0.521072 0.632050 -0.054716
v -0.523438 0.632782 -0.067474
v -0.524857 0.601410 -0.141479
v -0.525009 0.607742 -0.140818
v -0.521759 0.592697 -0.153501
v -0.524658 0.599365 -0.138903
v -0.479370 0.471436 -0.148708
v -0.477158 0.467804 -0.159225
v -0.479614 0.467682 -0.140980
v -0.487778 0.458969 -0.056839
v -0.489227 0.461777 -0.057623
v -0.485138 0.457794 -0.076977
v -0.486923 0.456299 -0.054667
v -0.470657 0.424622 -0.041268
v -0.464676 0.421600 -0.044034
v -0.472763 0.422363 -0.026948
v -0.473312 0.431702 -0.047881
v -0.447937 0.375122 -0.097723
v -0.454102 0.386017 -0.095885
v -0.443436 0.373260 -0.110471
v -0.444534 0.370468 -0.088765
v -0.376526 0.343903 -0.067233
v -0.379623 0.344955 -0.084819
v -0.372223 0.345596 -0.065187
v -0.381287 0.344070 -0.066977
v -0.181320 0.431900 -0.097442
v -0.185181 0.424576 -0.086748
v -0.185379 0.436966 -0.100101
v -0.171249 0.434738 -0.099312
v -0.309586 0.379745 -0.080575
v -0.310715 0.379318 -0.072091
v -0.311447 0.382065 -0.082074
v -0.270996 0.372665 -0.034660
v -0.266708 0.375412 -0.029402
v -0.283142 0.368591 -0.031018
v -0.266586 0.373413 -0.047384
v -0.244354 0.383041 -0.051368
v -0.248444 0.381454 -0.038659
v -0.250931 0.380798 -0.057487
v -0.240799 0.385071 -0.052123
v -0.224152 0.396805 -0.041245
v -0.219772 0.403580 -0.042164
v -0.228973 0.390625 -0.031369
v -0.227524 0.394806 -0.046300
v -0.353210 0.660934 -0.035049
v -0.354813 0.660950 -0.031107
v -0.351593 0.660950 -0.039091
v -0.101364 0.485809 -0.106356
v -0.097977 0.491089 -0.095500
v -0.099197 0.487488 -0.108500
v -0.489044 0.510681 -0.119226
v -0.486954 0.520248 -0.112702
v -0.489853 0.506775 -0.124529
v -0.488159 0.509048 -0.116538
v -0.111801 0.496277 0.004150
v -0.113983 0.496414 0.000124
v -0.109650 0.494232 0.001274
v -0.518082 0.634048 0.002800
v -0.520813 0.626755 -0.002458
v -0.517441 0.639999 0.000151
v -0.487747 0.568436 0.109257
v -0.487137 0.563858 0.112471
v -0.497879 0.526825 0.065557
v -0.494827 0.520798 0.059072
v -0.500214 0.533096 0.062634
v -0.459763 0.404022 -0.008016
v -0.454956 0.403336 -0.011517
v -0.455795 0.401230 0.010695
v -0.465790 0.410339 -0.008175
v -0.484573 0.443497 -0.007812
v -0.486389 0.450623 -0.001436
v -0.485306 0.446121 -0.029573
v -0.480377 0.434372 -0.004158
v -0.487167 0.476547 -0.022627
v -0.489441 0.467026 -0.015253
v -0.486526 0.482300 -0.018713
v -0.486694 0.477127 -0.026442
v -0.200577 0.299561 0.239209
v -0.206299 0.300140 0.241321
v -0.196976 0.294586 0.222013
v -0.192474 0.303864 0.249422
v -0.327377 0.315948 0.174082
v -0.318069 0.319275 0.184162
v -0.327713 0.315445 0.173981
v -0.328171 0.315140 0.173317
v -0.347351 0.317276 0.151428
v -0.326111 0.313278 0.172694
v -0.332993 0.410538 0.344608
v -0.320877 0.403549 0.347524
v -0.338715 0.419022 0.344250
v -0.335785 0.406555 0.341325
v -0.208069 0.335068 0.320774
v -0.207947 0.329651 0.310694
v -0.198898 0.339142 0.327722
v -0.216797 0.338287 0.324183
v -0.226822 0.366302 0.349806
v -0.238846 0.372482 0.354276
v -0.224991 0.352142 0.341738
v -0.220779 0.370117 0.351018
v -0.184311 0.414291 0.365983
v -0.201233 0.424545 0.372915
v -0.182846 0.416138 0.365407
v -0.114075 0.416595 0.292110
v -0.105484 0.417252 0.268093
v -0.119202 0.424347 0.296532
v -0.114807 0.408676 0.296027
v -0.168549 0.389847 0.020932
v -0.167831 0.388428 0.029332
v -0.177536 0.393372 0.009006
v -0.165085 0.391907 0.019521
v -0.124344 0.377441 0.130770
v -0.138000 0.377747 0.113503
v -0.120407 0.379135 0.129232
v -0.116592 0.373489 0.147799
v -0.118332 0.368362 0.150900
v -0.228439 0.320602 0.124593
v -0.228546 0.321808 0.123771
v -0.227234 0.318253 0.125632
v -0.208084 0.329498 0.082048
v -0.205750 0.335052 0.076521
v -0.214600 0.328369 0.082819
v -0.277603 0.373169 0.003464
v -0.285614 0.376190 0.004438
v -0.267899 0.370010 -0.003315
v -0.249298 0.364700 -0.003554
v -0.252228 0.368454 -0.008707
v -0.243896 0.368149 -0.004570
v -0.157059 0.489304 0.050252
v -0.161118 0.485611 0.067299
v -0.151047 0.491150 0.048396
v -0.162033 0.488495 0.043328
v -0.196869 0.492783 0.012733
v -0.197723 0.492966 0.007732
v -0.110260 0.497360 0.027632
v -0.107849 0.498001 0.029091
v -0.108231 0.496170 0.028545
v -0.341110 0.658478 -0.012658
v -0.340332 0.657394 0.000877
v -0.328781 0.654388 -0.020172
v -0.350418 0.659882 -0.016893
v -0.427948 0.621017 0.148766
v -0.413239 0.627518 0.138269
v -0.426422 0.620850 0.153361
v -0.353592 0.609879 0.181711
v -0.354630 0.609314 0.186610
v -0.350998 0.610565 0.177277
v -0.330826 0.553345 0.148987
v -0.324005 0.550156 0.137154
v -0.334595 0.556274 0.149203
v -0.327957 0.549911 0.156403
v -0.309082 0.534088 0.135547
v -0.306686 0.531113 0.132844
v -0.314255 0.542175 0.130802
v -0.308716 0.531525 0.143805
v -0.311172 0.532516 0.154323
v -0.307144 0.524200 0.163248
v -0.310593 0.531967 0.152703
v -0.313965 0.535568 0.157199
v -0.350266 0.576248 0.210731
v -0.346390 0.571030 0.205328
v -0.356293 0.578918 0.207797
v -0.347076 0.576920 0.217803
v -0.361450 0.598465 0.233673
v -0.365845 0.604950 0.229831
v -0.364334 0.598877 0.236560
v -0.292068 0.505661 0.275303
v -0.293930 0.508286 0.271135
v -0.198669 0.457230 0.254172
v -0.199722 0.457779 0.267358
v -0.201904 0.458267 0.250764
v -0.227707 0.467575 0.266545
v -0.226562 0.468338 0.279573
v -0.303650 0.492889 0.365665
v -0.308594 0.493484 0.367269
v -0.298767 0.491486 0.366331
v -0.166443 0.449295 0.303308
v -0.159958 0.446793 0.298797
v -0.169846 0.449753 0.298437
v -0.164871 0.448654 0.306453
v -0.142075 0.472916 0.196687
v -0.136871 0.470688 0.196700
v -0.143890 0.473907 0.195519
v -0.142334 0.446487 0.289708
v -0.153503 0.446243 0.293925
v -0.141373 0.445953 0.292023
v -0.141983 0.448090 0.283167
v -0.192078 0.439087 0.117254
v -0.192871 0.442368 0.113014
v -0.192657 0.438965 0.117639
v -0.223633 0.435593 0.100302
v -0.223221 0.439590 0.096288
v -0.224075 0.435532 0.100438
v -0.092499 0.409485 0.195416
v -0.094498 0.414536 0.195894
v -0.095093 0.414169 0.198585
v -0.092224 0.408936 0.194960
v -0.100586 0.499222 0.033205
v -0.102646 0.502869 0.034561
v -0.243256 0.287552 0.169488
v -0.246292 0.288666 0.163500
v -0.242493 0.291702 0.163890
v -0.243042 0.287369 0.170267
v -0.360855 0.343811 -0.011003
v -0.360138 0.344711 -0.016150
v -0.358185 0.345993 -0.010899
v -0.252563 0.333649 0.286922
v -0.253906 0.342834 0.296360
v -0.248993 0.332077 0.287807
v -0.457138 0.532700 -0.010284
v -0.461411 0.534317 -0.010395
v -0.458908 0.532166 -0.013600
v -0.467941 0.513275 -0.017739
v -0.469437 0.513260 -0.020594
v -0.468445 0.512253 -0.016106
v -0.404236 0.489594 0.316237
v -0.398514 0.498657 0.333456
v -0.408875 0.490356 0.302395
v -0.402084 0.484940 0.316359
v -0.500702 0.539536 0.086994
v -0.501556 0.540283 0.079206
v -0.500763 0.540634 0.087174
v -0.506409 0.644669 0.024573
v -0.500977 0.646713 0.020375
v -0.507263 0.647461 0.017835
v -0.506531 0.644257 0.025283
v -0.014816 0.561722 0.201046
v -0.010132 0.555420 0.208622
v -0.015030 0.546494 0.192605
v -0.020798 0.566391 0.199506
v -0.013809 0.571579 0.212570
v -0.015732 0.530334 0.186339
v -0.016876 0.513916 0.183419
v -0.023483 0.533432 0.183322
v -0.011505 0.524582 0.195269
v -0.018692 0.498627 0.184826
v -0.021942 0.482956 0.191990
v -0.027313 0.501953 0.182042
v -0.011551 0.516830 0.210546
v -0.011032 0.529480 0.214836
v -0.014236 0.511246 0.227912
v -0.019791 0.489670 0.241565
v -0.017593 0.484955 0.233935
v -0.019577 0.496597 0.240956
v -0.021194 0.483597 0.252617
v -0.017853 0.510681 0.240009
v -0.014297 0.526688 0.233166
v -0.019775 0.513504 0.245190
v -0.018738 0.481003 0.280398
v -0.020981 0.478134 0.277939
v -0.016098 0.484177 0.288528
v -0.016144 0.468826 0.303232
v -0.006378 0.452469 0.399647
v -0.004654 0.446930 0.432446
v -0.007019 0.462158 0.400641
v -0.004135 0.446655 0.456909
v -0.005203 0.439377 0.452082
v -0.005341 0.459488 0.459345
v -0.004395 0.447586 0.474768
v -0.005264 0.447998 0.490483
v -0.008087 0.454147 0.507246
v -0.006912 0.442535 0.489110
v -0.005692 0.457214 0.491062
v -0.023209 0.498001 0.567999
v -0.031219 0.493881 0.574611
v -0.020020 0.478394 0.547464
v -0.018661 0.505112 0.558967
v -0.023956 0.520203 0.582344
v -0.027100 0.535660 0.514814
v -0.031281 0.546295 0.518399
v -0.032928 0.534775 0.520883
v -0.019073 0.535751 0.499860
v -0.027878 0.529251 0.537154
v -0.033432 0.533401 0.527699
v -0.030212 0.540588 0.547133
v -0.020569 0.518829 0.545288
v -0.029877 0.561081 0.516795
v -0.035202 0.564255 0.521965
v -0.032059 0.553940 0.518956
v -0.022018 0.557281 0.501750
v -0.017792 0.554031 0.474981
v -0.020172 0.548843 0.476959
v -0.016861 0.547058 0.436791
v -0.015259 0.563141 0.473049
v -0.018906 0.532333 0.388145
v -0.021820 0.528305 0.387409
v -0.014725 0.541321 0.386359
v -0.020615 0.496445 0.325030
v -0.023651 0.497009 0.330876
v -0.017471 0.494446 0.314821
v -0.015442 0.535553 0.475239
v -0.010971 0.522095 0.474317
v -0.015152 0.529846 0.439318
v -0.019547 0.543671 0.476989
v -0.018646 0.516251 0.392034
v -0.021835 0.523819 0.388584
v -0.030334 0.567932 0.551564
v -0.035767 0.562042 0.554374
v -0.050110 0.556259 0.604891
v -0.048111 0.546860 0.606493
v -0.039124 0.556747 0.597233
v -0.026306 0.432861 0.330567
v -0.016708 0.433578 0.327158
v -0.021317 0.433853 0.364199
v -0.036789 0.434570 0.335292
v -0.015503 0.434097 0.395616
v -0.011963 0.434525 0.425871
v -0.025681 0.433777 0.398964
v -0.070526 0.455368 0.479255
v -0.064026 0.448700 0.482444
v -0.072266 0.458969 0.484932
v -0.079041 0.460129 0.459805
v -0.094971 0.463852 0.386691
v -0.088943 0.463989 0.413512
v -0.107300 0.477127 0.380931
v -0.096313 0.459763 0.364656
v -0.078049 0.450089 0.397305
v -0.094788 0.454422 0.344035
v -0.081085 0.446381 0.346127
v -0.113327 0.464218 0.332814
v -0.096634 0.450424 0.313845
v -0.116165 0.444427 0.256450
v -0.122177 0.439713 0.242895
v -0.127335 0.450760 0.266066
v -0.128311 0.437073 0.232261
v -0.136246 0.435318 0.219273
v -0.122314 0.432541 0.223295
v -0.143921 0.435989 0.208161
v -0.152496 0.437759 0.217415
v -0.149384 0.440948 0.199411
v -0.127747 0.442169 0.191414
v -0.140747 0.444763 0.190434
v -0.116104 0.441772 0.195791
v -0.100616 0.436493 0.226043
v -0.108795 0.433334 0.223026
v -0.102081 0.438690 0.214899
v -0.093689 0.440079 0.226583
v -0.107895 0.501068 0.506129
v -0.095840 0.488556 0.519808
v -0.136353 0.516953 0.459051
v -0.119553 0.503784 0.461311
v -0.151215 0.526489 0.453955
v -0.131592 0.513367 0.422613
v -0.143448 0.514633 0.423673
v -0.126236 0.505661 0.403353
v -0.120300 0.512421 0.418033
v -0.134842 0.517792 0.432677
v -0.161224 0.530533 0.448482
v -0.160919 0.526123 0.438625
v -0.166870 0.535828 0.450441
v -0.179764 0.456680 0.297861
v -0.186676 0.445343 0.276795
v -0.162354 0.452576 0.285197
v -0.198639 0.441376 0.261869
v -0.208649 0.442963 0.252196
v -0.183212 0.438583 0.251573
v -0.112625 0.522095 0.531227
v -0.109207 0.519302 0.530140
v -0.101578 0.505615 0.549896
v -0.120956 0.534317 0.508936
v -0.141449 0.543152 0.494696
v -0.177887 0.550552 0.459809
v -0.231415 0.546844 0.446117
v -0.140533 0.536758 0.484743
v -0.158218 0.541779 0.468753
v -0.139450 0.541946 0.489552
v -0.172134 0.544312 0.453078
v -0.180695 0.540237 0.436562
v -0.174622 0.549744 0.455410
v -0.210526 0.482132 0.350494
v -0.205536 0.492767 0.363810
v -0.220642 0.487854 0.364020
v -0.216095 0.476944 0.343960
v -0.200378 0.483307 0.346562
v -0.092728 0.494354 0.570330
v -0.085968 0.483688 0.552496
v -0.206650 0.508224 0.385242
v -0.199493 0.506256 0.377464
v -0.215729 0.505997 0.387267
v -0.282562 0.511642 0.407794
v -0.281113 0.523529 0.423704
v -0.230392 0.501328 0.385876
v -0.245789 0.491714 0.375281
v -0.236847 0.467941 0.318138
v -0.230194 0.467606 0.326015
v -0.253220 0.478241 0.332841
v -0.241196 0.469528 0.312961
v -0.288300 0.491714 0.325499
v -0.304611 0.503265 0.332893
v -0.294998 0.485504 0.313704
v -0.269562 0.476913 0.313889
v -0.282257 0.497253 0.333160
v -0.314438 0.508209 0.337670
v -0.316605 0.513947 0.349212
v -0.320724 0.506348 0.331947
v -0.321762 0.516251 0.366715
v -0.333679 0.518494 0.364007
v -0.314316 0.516632 0.369318
v -0.328140 0.518234 0.389912
v -0.321548 0.528503 0.432039
v -0.304138 0.536530 0.433902
v -0.350143 0.538757 0.414412
v -0.349640 0.532059 0.382221
v -0.337997 0.526688 0.415063
v -0.238342 0.458420 0.258251
v -0.227066 0.453232 0.249516
v -0.231964 0.453232 0.269050
v -0.251587 0.463135 0.272468
v -0.243179 0.464249 0.250648
v -0.215240 0.448013 0.241749
v -0.205078 0.447433 0.230047
v -0.191284 0.448715 0.217369
v -0.140030 0.464478 0.184688
v -0.125336 0.462265 0.182311
v -0.148804 0.460007 0.187897
v -0.141815 0.472916 0.185543
v -0.079407 0.442047 0.278235
v -0.088821 0.442245 0.278387
v -0.083252 0.442383 0.249097
v -0.071381 0.443710 0.280739
v -0.073959 0.442627 0.313299
v -0.057632 0.439682 0.276600
v -0.064514 0.443359 0.252191
v -0.049515 0.436569 0.305518
v -0.054398 0.439468 0.344104
v -0.049530 0.437057 0.341329
v -0.051758 0.439178 0.375762
v -0.058075 0.441818 0.345937
v -0.048935 0.434830 0.445375
v -0.038605 0.431503 0.445007
v -0.058228 0.439835 0.444321
v -0.049713 0.435226 0.425865
v -0.152634 0.452698 0.192603
v -0.115570 0.460556 0.183784
v -0.113678 0.470062 0.183134
v -0.107422 0.458084 0.189483
v -0.071121 0.467316 0.200332
v -0.079926 0.480103 0.190398
v -0.057373 0.453918 0.218193
v -0.361038 0.544846 0.338608
v -0.353378 0.535416 0.348771
v -0.370346 0.558548 0.361026
v -0.364624 0.552872 0.328036
v -0.097183 0.453476 0.199964
v -0.102875 0.446411 0.200798
v -0.088974 0.447083 0.214209
v -0.085037 0.443787 0.229826
v -0.078568 0.446396 0.231892
v -0.046402 0.490921 0.579393
v -0.046753 0.516632 0.597838
v -0.045044 0.467773 0.557541
v -0.007172 0.463181 0.490896
v -0.007690 0.468399 0.480706
v -0.009216 0.469849 0.499632
v -0.374512 0.603424 0.282226
v -0.378006 0.609512 0.264987
v -0.352631 0.593887 0.270566
v -0.368179 0.598480 0.297419
v -0.380035 0.617035 0.251954
v -0.378754 0.623108 0.241240
v -0.358292 0.605072 0.245685
v -0.390182 0.623596 0.194478
v -0.390213 0.622360 0.177244
v -0.363953 0.615723 0.196063
v -0.388672 0.626694 0.212349
v -0.406479 0.625168 0.126518
v -0.420090 0.625214 0.127244
v -0.393661 0.625900 0.128035
v -0.381271 0.642059 0.082924
v -0.385284 0.649277 0.071773
v -0.356888 0.647171 0.080264
v -0.372681 0.634674 0.099097
v -0.400620 0.645538 0.225186
v -0.432404 0.628860 0.127321
v -0.433395 0.633484 0.111282
v -0.431976 0.627502 0.144127
v -0.378448 0.578476 0.346415
v -0.142792 0.497757 0.202425
v -0.144058 0.492203 0.191022
v -0.157547 0.498901 0.213431
v -0.129288 0.507248 0.215513
v -0.119278 0.501740 0.195402
v -0.171707 0.499741 0.222682
v -0.173630 0.506744 0.240695
v -0.104034 0.518066 0.223110
v -0.079575 0.529800 0.229073
v -0.096359 0.515686 0.208838
v -0.116638 0.520355 0.242629
v -0.247589 0.518265 0.284175
v -0.244339 0.529373 0.296173
v -0.237259 0.510712 0.275026
v -0.260239 0.516922 0.279340
v -0.225372 0.503113 0.256606
v -0.205612 0.510803 0.265584
v -0.238297 0.494003 0.242624
v -0.131073 0.524277 0.268548
v -0.157104 0.518448 0.266120
v -0.146927 0.531235 0.297598
v -0.107788 0.532364 0.273144
v -0.089890 0.541763 0.274664
v -0.106995 0.543991 0.299234
v -0.074539 0.542953 0.253023
v -0.264999 0.620560 0.310041
v -0.258575 0.632355 0.315431
v -0.269867 0.637161 0.294018
v -0.269974 0.654053 0.276997
v -0.268799 0.669785 0.257225
v -0.263138 0.667709 0.279259
v -0.269211 0.684525 0.233759
v -0.271454 0.687256 0.219091
v -0.262863 0.698044 0.231402
v -0.273376 0.669556 0.239773
v -0.251984 0.687775 0.282710
v -0.251770 0.703796 0.258681
v -0.252060 0.669189 0.303175
v -0.251740 0.717636 0.230489
v -0.252731 0.728439 0.198208
v -0.193069 0.576965 0.357575
v -0.178131 0.580231 0.361129
v -0.179382 0.557617 0.343495
v -0.207657 0.572739 0.351946
v -0.204941 0.596741 0.364107
v -0.224121 0.655136 0.356168
v -0.226181 0.672028 0.345766
v -0.211609 0.667358 0.361357
v -0.221054 0.636200 0.362141
v -0.226883 0.690231 0.330501
v -0.238708 0.671829 0.326764
v -0.157196 0.644028 0.379671
v -0.149750 0.618225 0.376011
v -0.171524 0.638672 0.381387
v -0.194809 0.678513 0.365413
v -0.192642 0.655731 0.374643
v -0.186707 0.632904 0.378730
v -0.200943 0.624985 0.373119
v -0.176346 0.608261 0.375658
v -0.395599 0.660217 0.024075
v -0.367386 0.662369 0.022116
v -0.394470 0.659454 0.035681
v -0.419907 0.661514 0.026557
v -0.393082 0.663986 0.010792
v -0.330566 0.680283 0.043153
v -0.348114 0.672470 0.042104
v -0.368607 0.666504 0.043179
v -0.346436 0.667969 0.031223
v -0.350204 0.676819 0.051098
v -0.338745 0.653809 0.079033
v -0.323441 0.664154 0.078288
v -0.336761 0.647339 0.093686
v -0.342163 0.661987 0.068045
v -0.309036 0.677338 0.080289
v -0.312469 0.683167 0.071318
v -0.285248 0.711105 0.077570
v -0.299377 0.701813 0.070379
v -0.277863 0.715439 0.085078
v -0.366821 0.629654 0.114930
v -0.353790 0.633026 0.116502
v -0.374954 0.626526 0.123500
v -0.314926 0.689865 0.065104
v -0.330566 0.678467 0.062071
v -0.347000 0.670135 0.060792
v -0.364731 0.662994 0.062026
v -0.349869 0.675919 0.056971
v -0.290543 0.656845 0.189204
v -0.305710 0.638733 0.178600
v -0.292984 0.666641 0.180253
v -0.278015 0.671707 0.201139
v -0.291336 0.644073 0.202123
v -0.282440 0.692764 0.152936
v -0.282181 0.695297 0.145231
v -0.279282 0.702133 0.153390
v -0.287445 0.685608 0.151163
v -0.321716 0.656113 0.139346
v -0.309052 0.671448 0.141809
v -0.336212 0.646927 0.148524
v -0.332291 0.643326 0.131045
v -0.306137 0.666077 0.125969
v -0.323532 0.586273 0.288065
v -0.321930 0.585800 0.294830
v -0.343918 0.588669 0.295070
v -0.326126 0.587601 0.278131
v -0.302551 0.589325 0.287742
v -0.323746 0.572968 0.294510
v -0.343948 0.576233 0.303599
v -0.321991 0.581528 0.297053
v -0.305649 0.572220 0.291599
v -0.270813 0.507767 0.275253
v -0.264023 0.493729 0.258204
v -0.274033 0.495224 0.271902
v -0.275635 0.515671 0.282958
v -0.267532 0.512863 0.276361
v -0.249435 0.484131 0.237016
v -0.226837 0.478699 0.216133
v -0.250717 0.478546 0.237496
v -0.245987 0.488174 0.237614
v -0.198303 0.477356 0.202014
v -0.170212 0.479233 0.193174
v -0.200821 0.481979 0.203866
v -0.143509 0.481415 0.185906
v -0.123291 0.480743 0.181697
v -0.145081 0.486618 0.186323
v -0.282608 0.597488 0.293825
v -0.280640 0.591782 0.304537
v -0.291901 0.616714 0.255476
v -0.283295 0.626495 0.259002
v -0.310760 0.604065 0.248934
v -0.275528 0.660904 0.235963
v -0.280533 0.652176 0.227649
v -0.275925 0.668472 0.222531
v -0.273895 0.579422 0.310117
v -0.284988 0.574799 0.298750
v -0.275742 0.584717 0.312001
v -0.257645 0.586456 0.326499
v -0.034348 0.534012 0.185599
v -0.043060 0.537003 0.190734
v -0.029922 0.551559 0.192157
v -0.041641 0.504349 0.184457
v -0.060577 0.502502 0.187271
v -0.297501 0.502747 0.286303
v -0.311386 0.515610 0.290252
v -0.289810 0.512268 0.283789
v -0.285629 0.492859 0.281203
v -0.301834 0.493790 0.292554
v -0.078018 0.539810 0.611604
v -0.273849 0.712601 0.149829
v -0.275894 0.704132 0.165596
v -0.292480 0.570221 0.292588
v -0.290192 0.560577 0.291026
v -0.012970 0.439911 0.329098
v -0.017868 0.452957 0.260872
v -0.020630 0.443359 0.256257
v -0.017914 0.464859 0.236829
v -0.018219 0.464249 0.268592
v -0.016708 0.474670 0.220133
v -0.019287 0.467758 0.210433
v -0.013153 0.462601 0.326553
v -0.012451 0.466492 0.329083
v -0.011963 0.459778 0.336678
v -0.015060 0.459595 0.316506
v -0.011841 0.542618 0.276755
v -0.014145 0.538574 0.251070
v -0.011993 0.547424 0.277140
v -0.012421 0.537643 0.278821
v -0.009171 0.565689 0.227049
v -0.105606 0.496109 0.438742
v -0.104111 0.490387 0.453230
v -0.112991 0.508026 0.423024
v -0.099854 0.491852 0.435479
v -0.141769 0.474884 0.323817
v -0.138596 0.473221 0.323508
v -0.131638 0.486343 0.347433
v -0.116013 0.512054 0.417165
v -0.124588 0.515518 0.426395
v -0.027878 0.439346 0.495757
v -0.032837 0.439484 0.497952
v -0.038818 0.440262 0.495560
v -0.037369 0.439285 0.490862
v -0.041229 0.441483 0.498524
v -0.011688 0.458282 0.339604
v -0.013794 0.456421 0.325989
v -0.014893 0.537140 0.242122
v -0.016281 0.531097 0.243412
v -0.014038 0.537170 0.236435
v -0.009003 0.546341 0.312871
v -0.011276 0.540909 0.315092
v -0.032822 0.550720 0.519716
v -0.040604 0.552444 0.527043
v -0.024582 0.548569 0.504426
v -0.022858 0.526550 0.386975
v -0.024750 0.497330 0.333529
v -0.021957 0.486816 0.338727
v -0.007065 0.481720 0.459145
v -0.006607 0.484482 0.438198
v -0.008820 0.495621 0.468078
v -0.017609 0.510910 0.551882
v -0.016586 0.496918 0.535292
v -0.043396 0.553146 0.530104
v -0.041962 0.556503 0.528893
v -0.041382 0.548264 0.528732
v -0.033966 0.564270 0.574885
v -0.034363 0.562500 0.586929
v -0.037552 0.559769 0.555744
v -0.035980 0.556763 0.556161
v -0.037308 0.564819 0.524352
v -0.196793 0.474258 0.331998
v -0.198578 0.469360 0.324180
v -0.188385 0.474182 0.331223
v -0.196609 0.477371 0.336604
v -0.214310 0.452530 0.287982
v -0.228729 0.460770 0.296985
v -0.203186 0.446579 0.282631
v -0.279587 0.499008 0.336411
v -0.277863 0.497437 0.339776
v -0.298203 0.513062 0.350323
v -0.259766 0.482162 0.324592
v -0.317047 0.522293 0.408163
v -0.314453 0.520416 0.407868
v -0.311066 0.529831 0.420891
v -0.320587 0.522766 0.409905
v -0.317490 0.517044 0.391642
v -0.301254 0.537033 0.430026
v -0.300079 0.534805 0.428701
v -0.252365 0.596512 0.332601
v -0.276505 0.588196 0.311705
v -0.321365 0.585022 0.297478
v -0.339462 0.587128 0.304031
v -0.276688 0.651199 0.244510
v -0.276245 0.647339 0.251201
v -0.277695 0.646179 0.248181
v -0.294586 0.628647 0.240826
v -0.284149 0.638031 0.246870
v -0.312393 0.614532 0.237505
v -0.289688 0.685867 0.130257
v -0.289719 0.683807 0.121814
v -0.304230 0.677155 0.143134
v -0.302689 0.677933 0.145246
v -0.298386 0.679489 0.173190
v -0.298233 0.677292 0.174080
v -0.341019 0.643539 0.152175
v -0.339111 0.642075 0.153425
v -0.333130 0.686401 0.056058
v -0.350861 0.678055 0.054896
v -0.370682 0.670990 0.055996
v -0.431259 0.664154 0.067119
v -0.432205 0.664246 0.063716
v -0.415787 0.660065 0.063637
v -0.107422 0.440857 0.203630
v -0.111832 0.435883 0.209459
v -0.270401 0.534317 0.292532
v -0.268860 0.529053 0.288557
v -0.274170 0.530151 0.290384
v -0.265472 0.515579 0.277282
v -0.145370 0.489288 0.186918
v -0.115906 0.495636 0.182189
v -0.036667 0.568268 0.206162
v -0.033875 0.568680 0.204441
v -0.039520 0.552475 0.198409
v -0.078537 0.609543 0.306929
v -0.027344 0.466568 0.205890
v -0.029633 0.452911 0.225045
v -0.009491 0.552551 0.224082
v -0.010727 0.555191 0.246978
v -0.011002 0.542282 0.220961
v -0.011581 0.535782 0.220630
v -0.019806 0.471573 0.272295
v -0.021347 0.475006 0.275295
v -0.014297 0.464630 0.527580
v -0.021317 0.455521 0.531206
v -0.012405 0.474472 0.521635
v -0.007431 0.480408 0.409346
v -0.009125 0.468033 0.367913
v -0.011017 0.555786 0.376685
v -0.012680 0.560120 0.277246
v -0.013947 0.571167 0.307493
v -0.013748 0.574326 0.274613
v -0.026093 0.535645 0.588612
v -0.034821 0.536423 0.598649
v -0.028030 0.545624 0.588420
v -0.047394 0.533646 0.605480
v -0.062683 0.531235 0.608834
v -0.010590 0.436188 0.447838
v -0.010468 0.438431 0.467057
v -0.018387 0.434784 0.445868
v -0.081543 0.474258 0.531587
v -0.077805 0.466415 0.511821
v -0.066193 0.460602 0.537662
v -0.075806 0.462845 0.494223
v -0.059326 0.450851 0.507834
v -0.098740 0.447067 0.282168
v -0.113159 0.455887 0.294586
v -0.105896 0.490921 0.461715
v -0.114136 0.488113 0.379044
v -0.123505 0.479721 0.348938
v -0.118103 0.494644 0.376674
v -0.159546 0.517853 0.420522
v -0.176132 0.524597 0.419690
v -0.159744 0.509293 0.401684
v -0.161026 0.498886 0.380266
v -0.142746 0.495392 0.378728
v -0.180130 0.503326 0.380314
v -0.166992 0.489380 0.360274
v -0.175064 0.483932 0.349043
v -0.189880 0.484283 0.346684
v -0.170441 0.478958 0.341027
v -0.186035 0.493698 0.361379
v -0.165741 0.473145 0.328444
v -0.203171 0.458435 0.307136
v -0.221146 0.449554 0.275023
v -0.204849 0.445572 0.278507
v -0.144516 0.451859 0.275118
v -0.135254 0.458038 0.288883
v -0.129715 0.469101 0.323704
v -0.129684 0.462357 0.310048
v -0.127502 0.459778 0.299467
v -0.274841 0.543304 0.442401
v -0.189651 0.505630 0.379009
v -0.188873 0.517883 0.397856
v -0.193710 0.505539 0.375844
v -0.230957 0.537857 0.429636
v -0.260956 0.534439 0.432176
v -0.279419 0.533356 0.432262
v -0.289963 0.532425 0.430325
v -0.277130 0.540207 0.436358
v -0.222183 0.471222 0.334780
v -0.239258 0.477463 0.348988
v -0.257339 0.486374 0.365503
v -0.265167 0.485962 0.355797
v -0.298569 0.529251 0.426493
v -0.304947 0.521881 0.418537
v -0.309509 0.515732 0.407322
v -0.309189 0.510513 0.391892
v -0.301819 0.508011 0.373338
v -0.290192 0.502808 0.360122
v -0.308060 0.514221 0.371516
v -0.274368 0.492706 0.347558
v -0.253204 0.467209 0.301325
v -0.260300 0.465698 0.292249
v -0.246246 0.469299 0.307383
v -0.328705 0.523026 0.414333
v -0.345078 0.526489 0.358140
v -0.336014 0.518723 0.338271
v -0.326508 0.509842 0.321768
v -0.314484 0.498718 0.310676
v -0.299973 0.486786 0.302914
v -0.284561 0.476700 0.294262
v -0.268173 0.469131 0.284756
v -0.273331 0.475525 0.277894
v -0.058609 0.444672 0.481392
v -0.064056 0.444778 0.462557
v -0.051773 0.444046 0.496134
v -0.069885 0.443451 0.346912
v -0.062317 0.443100 0.346695
v -0.067261 0.444000 0.376867
v -0.068024 0.446289 0.232458
v -0.060318 0.445999 0.233797
v -0.073883 0.446838 0.232472
v -0.032166 0.436707 0.478325
v -0.028259 0.434036 0.462431
v -0.027756 0.432449 0.445020
v -0.030487 0.432022 0.425277
v -0.050201 0.437012 0.403744
v -0.042938 0.434250 0.402403
v -0.057861 0.440887 0.402772
v -0.167236 0.437988 0.235178
v -0.066177 0.443787 0.401450
v -0.066452 0.443726 0.423073
v -0.376053 0.577682 0.387908
v -0.186325 0.531357 0.418354
v -0.191345 0.534332 0.415361
v -0.028625 0.441818 0.251593
v -0.042679 0.446152 0.240153
v -0.080994 0.528198 0.608273
v -0.037811 0.453384 0.534609
v -0.048538 0.452637 0.532658
v -0.053711 0.452240 0.531036
v -0.048203 0.446762 0.515886
v -0.047729 0.444534 0.507075
v -0.129547 0.496368 0.378895
v -0.123062 0.497299 0.376807
v -0.365143 0.562714 0.321938
v -0.364395 0.574127 0.320798
v -0.348785 0.549210 0.305110
v -0.360657 0.584137 0.320028
v -0.354370 0.591919 0.317421
v -0.370193 0.598282 0.339775
v -0.362213 0.596893 0.308313
v -0.354874 0.595505 0.314158
v -0.385941 0.631149 0.222761
v -0.362076 0.619385 0.222547
v -0.379593 0.632523 0.227965
v -0.387482 0.622467 0.163783
v -0.382172 0.625198 0.131368
v -0.366577 0.622772 0.140373
v -0.387817 0.656204 0.065150
v -0.414536 0.651932 0.070302
v -0.392273 0.661545 0.061481
v -0.393539 0.661148 0.046351
v -0.393906 0.663284 0.055524
v -0.418198 0.659241 0.051695
v -0.438782 0.666855 0.030630
v -0.437515 0.663727 0.045129
v -0.431549 0.638931 0.095641
v -0.432953 0.645248 0.085028
v -0.434586 0.663330 0.056075
v -0.434616 0.651947 0.077863
v -0.047104 0.575714 0.238625
v -0.044678 0.588791 0.237586
v -0.053040 0.577469 0.252341
v -0.050156 0.540894 0.206612
v -0.065643 0.526871 0.201680
v -0.054703 0.542435 0.219311
v -0.048233 0.538788 0.197413
v -0.091675 0.512405 0.196538
v -0.087952 0.509781 0.187873
v -0.063370 0.542923 0.235138
v -0.084656 0.595901 0.311126
v -0.098846 0.597366 0.333477
v -0.071075 0.596786 0.288020
v -0.091888 0.581329 0.314946
v -0.100037 0.567886 0.316791
v -0.111923 0.557358 0.319906
v -0.119614 0.575455 0.341672
v -0.126785 0.550751 0.322572
v -0.144287 0.546295 0.323997
v -0.146637 0.563751 0.344524
v -0.162323 0.541595 0.321630
v -0.183960 0.539978 0.320896
v -0.205093 0.540161 0.318752
v -0.225937 0.541214 0.314892
v -0.214798 0.555832 0.336248
v -0.194199 0.525635 0.295079
v -0.242996 0.541245 0.308527
v -0.250046 0.554276 0.316488
v -0.256912 0.563004 0.316407
v -0.248245 0.568100 0.327701
v -0.265793 0.557938 0.305080
v -0.243103 0.574966 0.336150
v -0.233627 0.572083 0.341241
v -0.237167 0.604324 0.347609
v -0.226639 0.609238 0.356278
v -0.227966 0.587112 0.350099
v -0.219681 0.569244 0.346085
v -0.162140 0.584091 0.363175
v -0.149002 0.588455 0.363710
v -0.137085 0.593430 0.362361
v -0.124908 0.600235 0.358731
v -0.113312 0.607880 0.352321
v -0.125702 0.626709 0.366513
v -0.181778 0.514771 0.266224
v -0.060776 0.588516 0.268830
v -0.249710 0.651093 0.321153
v -0.213730 0.617264 0.365740
v -0.345901 0.666809 0.022115
v -0.326538 0.674896 0.024825
v -0.345291 0.669266 0.013704
v -0.307983 0.687027 0.029328
v -0.293091 0.700134 0.034698
v -0.308762 0.686646 0.020352
v -0.285141 0.709595 0.030124
v -0.284882 0.694794 0.104871
v -0.304398 0.667831 0.112657
v -0.318405 0.654541 0.110531
v -0.337067 0.641296 0.115137
v -0.315842 0.627686 0.172033
v -0.326477 0.620468 0.168198
v -0.322250 0.634552 0.162194
v -0.342239 0.616791 0.164236
v -0.340851 0.613602 0.179778
v -0.340286 0.625717 0.155085
v -0.333679 0.638718 0.155418
v -0.316925 0.655304 0.164293
v -0.299011 0.678955 0.149454
v -0.297440 0.671997 0.175013
v -0.276108 0.699158 0.173542
v -0.272888 0.700516 0.181412
v -0.269852 0.701691 0.190265
v -0.269852 0.695801 0.198515
v -0.273071 0.682236 0.210016
v -0.293518 0.639023 0.217586
v -0.335999 0.617111 0.226504
v -0.338623 0.618607 0.217852
v -0.335175 0.600525 0.245060
v -0.332748 0.595383 0.253460
v -0.330429 0.590958 0.265255
v -0.288986 0.545990 0.289270
v -0.286316 0.530930 0.287638
v -0.283127 0.520264 0.285352
v -0.113510 0.478226 0.181615
v -0.104431 0.483429 0.182781
v -0.269394 0.551270 0.299056
v -0.339172 0.616165 0.201210
v -0.277252 0.634598 0.267759
v -0.277679 0.633484 0.262462
v -0.027023 0.585175 0.211926
v -0.027847 0.568314 0.201374
v -0.083527 0.494797 0.185658
v -0.085693 0.503998 0.184330
v -0.329453 0.533112 0.295223
v -0.275101 0.483551 0.273491
v -0.263519 0.477371 0.260749
v -0.248367 0.472046 0.242333
v -0.012314 0.471298 0.329803
v -0.010147 0.465546 0.347575
v -0.014191 0.479126 0.314328
v -0.015869 0.490005 0.298641
v -0.016174 0.503952 0.290864
v -0.014206 0.523987 0.283000
v -0.052597 0.446808 0.235023
v -0.044022 0.435684 0.338541
v -0.039658 0.435242 0.372140
v -0.034439 0.433380 0.402221
v -0.011765 0.440140 0.486225
v -0.066467 0.444382 0.442978
v -0.074600 0.451157 0.440990
v -0.085114 0.463623 0.436191
v -0.120148 0.497253 0.376066
v -0.135300 0.519119 0.436086
v -0.097931 0.490402 0.433651
v -0.076080 0.447113 0.232831
v -0.072906 0.445618 0.253071
v -0.068176 0.443939 0.281486
v -0.063278 0.442780 0.313933
v -0.059586 0.442780 0.346275
v -0.009613 0.463989 0.353700
v -0.011459 0.467438 0.351442
v -0.015762 0.457886 0.312916
v -0.018219 0.464142 0.297461
v -0.021790 0.476639 0.276733
v -0.023514 0.493958 0.257721
v -0.020386 0.514511 0.247570
v -0.017654 0.526810 0.321050
v -0.020950 0.546768 0.477954
v -0.016541 0.475952 0.345572
v -0.030502 0.554047 0.587007
v -0.028091 0.552307 0.575065
v -0.009949 0.505859 0.477407
v -0.011246 0.482437 0.487639
v -0.030777 0.549225 0.558362
v -0.013153 0.482391 0.516397
v -0.011810 0.474777 0.491587
v -0.013840 0.480927 0.495124
v -0.035172 0.534790 0.523815
v -0.026932 0.516068 0.515511
v -0.019348 0.496384 0.504509
v -0.198441 0.444199 0.280256
v -0.243271 0.470016 0.310300
v -0.311050 0.516510 0.370671
v -0.276138 0.542908 0.438580
v -0.193893 0.535355 0.414098
v -0.196136 0.519501 0.393655
v -0.196091 0.505554 0.374823
v -0.195465 0.493652 0.358463
v -0.195984 0.483902 0.345393
v -0.175949 0.551788 0.456756
v -0.159790 0.549454 0.475433
v -0.139603 0.543991 0.491781
v -0.352203 0.594604 0.316084
v -0.378616 0.628754 0.235427
v -0.377670 0.631638 0.232386
v -0.358551 0.615387 0.233035
v -0.279144 0.633087 0.258803
v -0.335785 0.610397 0.234232
v -0.377335 0.632736 0.230526
v -0.360718 0.621796 0.143983
v -0.393967 0.663651 0.059431
v -0.117264 0.432571 0.215760
v -0.243866 0.490265 0.238029
v -0.224625 0.485199 0.218112
v -0.201492 0.484421 0.205143
v -0.086517 0.508011 0.184446
v -0.046753 0.538071 0.193390
v -0.437271 0.526230 -0.356657
v -0.446350 0.526672 -0.357714
v -0.430893 0.526718 -0.354692
v -0.442780 0.512634 -0.344920
v -0.482025 0.591629 -0.307299
v -0.474411 0.599075 -0.294605
v -0.428757 0.477188 -0.373382
v -0.421509 0.492203 -0.394185
v -0.423111 0.462997 -0.375117
v -0.435776 0.469009 -0.355683
v -0.432068 0.493332 -0.369756
v -0.408569 0.489258 -0.416533
v -0.432007 0.505600 -0.365439
v -0.436844 0.498383 -0.348591
v -0.341827 0.406204 -0.475305
v -0.328659 0.396774 -0.483986
v -0.342697 0.395096 -0.464725
v -0.354202 0.417084 -0.466580
v -0.340561 0.419006 -0.486334
v -0.315079 0.387970 -0.492259
v -0.301895 0.381226 -0.499433
v -0.313919 0.375122 -0.480037
v -0.316467 0.403229 -0.503681
v -0.287735 0.375458 -0.505049
v -0.274246 0.369843 -0.509528
v -0.286407 0.360184 -0.489296
v -0.260452 0.364105 -0.515537
v -0.243378 0.357590 -0.523348
v -0.258057 0.349487 -0.500191
v -0.147324 0.340546 -0.554405
v -0.133789 0.344116 -0.557119
v -0.142563 0.336273 -0.545133
v -0.161621 0.340073 -0.552331
v -0.373734 0.432343 -0.395498
v -0.369537 0.419601 -0.408795
v -0.366165 0.428772 -0.390393
v -0.376816 0.442383 -0.386617
v -0.360245 0.367172 -0.411033
v -0.361969 0.359406 -0.402779
v -0.371918 0.377182 -0.398401
v -0.357071 0.376480 -0.415727
v -0.353790 0.387695 -0.416908
v -0.363953 0.400635 -0.402572
v -0.351334 0.398254 -0.416366
v -0.342407 0.377625 -0.428858
v -0.342194 0.388153 -0.457679
v -0.355545 0.398941 -0.448011
v -0.327118 0.377563 -0.465444
v -0.338760 0.383545 -0.452607
v -0.369247 0.412735 -0.435554
v -0.379883 0.429825 -0.428508
v -0.368637 0.418945 -0.445457
v -0.366486 0.408829 -0.428830
v -0.361252 0.406982 -0.422555
v -0.347351 0.393112 -0.436353
v -0.353378 0.403961 -0.418795
v -0.334198 0.382492 -0.447017
v -0.330322 0.382843 -0.442350
v -0.050842 0.331818 -0.571700
v -0.047104 0.336456 -0.581049
v -0.061935 0.334305 -0.572689
v -0.105972 0.352692 -0.571511
v -0.090927 0.345367 -0.571680
v -0.102478 0.346375 -0.550665
v -0.105286 0.361343 -0.588951
v -0.126175 0.353424 -0.565258
v -0.122314 0.347305 -0.549175
v -0.329773 0.343018 -0.417986
v -0.344315 0.346359 -0.403802
v -0.316986 0.343887 -0.433453
v -0.320709 0.340515 -0.408469
v -0.253677 0.340759 -0.487368
v -0.236603 0.336853 -0.497344
v -0.247818 0.337570 -0.475102
v -0.268494 0.345535 -0.480007
v -0.172882 0.329102 -0.526240
v -0.154984 0.329468 -0.531478
v -0.170410 0.326614 -0.515847
v -0.193604 0.330582 -0.517900
v -0.175888 0.333954 -0.536147
v -0.138870 0.332321 -0.533861
v -0.126846 0.337097 -0.534996
v -0.137085 0.330658 -0.522248
v -0.119431 0.343323 -0.535522
v -0.114929 0.348740 -0.535220
v -0.118973 0.342346 -0.522326
v -0.070984 0.332672 -0.537373
v -0.075638 0.333450 -0.554457
v -0.087494 0.337402 -0.533659
v -0.167435 0.327957 -0.505692
v -0.150284 0.328598 -0.510876
v -0.161926 0.332336 -0.496822
v -0.185272 0.329712 -0.497212
v -0.123093 0.344894 -0.508742
v -0.132828 0.349396 -0.494511
v -0.128204 0.339127 -0.508645
v -0.120773 0.349640 -0.508146
v -0.136246 0.333313 -0.510981
v -0.142410 0.336685 -0.499491
v -0.191086 0.345413 -0.466932
v -0.184814 0.354202 -0.461821
v -0.209442 0.349808 -0.452998
v -0.197861 0.337387 -0.475782
v -0.172653 0.341431 -0.479323
v -0.277481 0.363876 -0.374010
v -0.263916 0.379593 -0.366023
v -0.285873 0.364960 -0.360369
v -0.292160 0.351929 -0.386263
v -0.266144 0.363144 -0.388384
v -0.244568 0.390854 -0.390956
v -0.233200 0.383972 -0.408049
v -0.243484 0.402908 -0.392179
v -0.251755 0.395203 -0.377549
v -0.246872 0.374939 -0.395015
v -0.180466 0.362869 -0.460512
v -0.162689 0.357697 -0.473383
v -0.177750 0.369431 -0.460734
v -0.199387 0.369156 -0.444674
v -0.200424 0.416824 -0.378462
v -0.214493 0.409256 -0.385165
v -0.229858 0.409119 -0.388107
v -0.231232 0.415115 -0.380448
v -0.238693 0.408325 -0.391507
v -0.220947 0.399643 -0.400696
v -0.169693 0.374069 -0.452310
v -0.152390 0.367905 -0.465759
v -0.163345 0.376419 -0.444697
v -0.187851 0.381134 -0.436302
v -0.174011 0.373306 -0.457891
v -0.155685 0.382080 -0.437093
v -0.170944 0.388885 -0.422405
v -0.139008 0.374954 -0.452265
v -0.201584 0.417221 -0.368912
v -0.201660 0.415985 -0.363269
v -0.215256 0.414993 -0.368629
v -0.200928 0.418701 -0.372969
v -0.147247 0.353531 -0.483245
v -0.144196 0.358688 -0.484189
v -0.149979 0.346481 -0.484748
v -0.136871 0.361450 -0.477671
v -0.140594 0.361603 -0.482029
v -0.121979 0.354401 -0.491557
v -0.130478 0.362305 -0.473553
v -0.214890 0.387787 -0.425685
v -0.216278 0.384598 -0.426002
v -0.195312 0.379028 -0.444094
v -0.212219 0.388962 -0.423357
v -0.231689 0.397629 -0.407626
v -0.119110 0.351654 -0.507606
v -0.113113 0.349548 -0.521921
v -0.115784 0.351013 -0.506957
v -0.129318 0.355865 -0.494209
v -0.391708 0.467529 -0.423059
v -0.328888 0.382416 -0.440050
v -0.329300 0.378891 -0.438917
v -0.340729 0.391907 -0.429720
v -0.317139 0.373413 -0.448400
v -0.363495 0.426971 -0.388688
v -0.358322 0.413986 -0.402760
v -0.365601 0.423660 -0.387908
v -0.428192 0.526474 -0.354365
v -0.434341 0.512604 -0.342016
v -0.066483 0.353699 -0.596195
v -0.072388 0.346680 -0.587500
v -0.080521 0.362671 -0.599312
v -0.057159 0.359909 -0.600805
v -0.052826 0.345566 -0.592134
v -0.484055 0.574890 -0.324058
v -0.455490 0.531357 -0.356038
v -0.460098 0.518646 -0.343655
v -0.415527 0.451569 -0.373081
v -0.408966 0.463882 -0.396159
v -0.405624 0.444519 -0.370129
v -0.421478 0.442047 -0.353395
v -0.403244 0.474869 -0.415342
v -0.369507 0.441483 -0.453776
v -0.380280 0.454483 -0.441697
v -0.364578 0.427216 -0.456808
v -0.223160 0.350281 -0.531087
v -0.198853 0.342819 -0.539310
v -0.219742 0.339951 -0.518635
v -0.178635 0.339905 -0.546443
v -0.393234 0.440277 -0.364598
v -0.399948 0.431213 -0.343601
v -0.382812 0.436157 -0.355378
v -0.371826 0.413788 -0.387442
v -0.378067 0.420120 -0.373410
v -0.377808 0.398605 -0.388216
v -0.380814 0.385437 -0.385520
v -0.376129 0.369781 -0.385497
v -0.330826 0.369888 -0.437802
v -0.311584 0.367493 -0.471263
v -0.297836 0.359390 -0.474391
v -0.384857 0.450043 -0.430614
v -0.029266 0.331360 -0.560035
v -0.038559 0.342941 -0.589382
v -0.048950 0.367950 -0.604467
v -0.058624 0.379105 -0.609579
v -0.076523 0.339478 -0.572690
v -0.307266 0.346786 -0.445168
v -0.299103 0.352371 -0.457491
v -0.280319 0.346039 -0.462461
v -0.291916 0.352478 -0.462742
v -0.280640 0.348068 -0.467323
v -0.282730 0.351501 -0.476099
v -0.216339 0.333481 -0.507805
v -0.210892 0.330643 -0.497572
v -0.099442 0.343307 -0.533594
v -0.101151 0.344330 -0.518906
v -0.108414 0.349014 -0.534596
v -0.031570 0.331451 -0.549378
v -0.307373 0.343628 -0.398711
v -0.294312 0.343689 -0.413195
v -0.320801 0.344498 -0.381570
v -0.281479 0.343979 -0.427581
v -0.267273 0.350800 -0.415599
v -0.205154 0.332199 -0.486376
v -0.223907 0.335464 -0.473915
v -0.155655 0.338989 -0.489445
v -0.227692 0.354645 -0.436318
v -0.220688 0.365723 -0.429356
v -0.242767 0.358521 -0.420177
v -0.234863 0.345108 -0.447641
v -0.255371 0.361252 -0.403861
v -0.258057 0.396820 -0.364243
v -0.257172 0.409805 -0.363312
v -0.264389 0.396393 -0.349545
v -0.218048 0.377151 -0.425946
v -0.230438 0.414688 -0.369191
v -0.231506 0.416748 -0.374328
v -0.206528 0.390198 -0.417562
v -0.196960 0.392075 -0.411590
v -0.108307 0.347839 -0.506125
v -0.101166 0.347748 -0.500750
v -0.107086 0.360199 -0.480644
v -0.122314 0.367233 -0.467514
v -0.186203 0.396454 -0.406527
v -0.241699 0.339523 -0.460135
v -0.256287 0.414658 -0.362532
v -0.261932 0.412216 -0.347822
v -0.231583 0.417267 -0.376945
v -0.215286 0.417236 -0.375895
v -0.200638 0.418930 -0.375484
v -0.242340 0.407425 -0.392710
v -0.176193 0.372345 -0.460248
v -0.158264 0.366684 -0.473742
v -0.142517 0.361038 -0.483979
v -0.112411 0.350723 -0.535000
v -0.296936 0.355011 -0.462355
v -0.300461 0.357651 -0.460212
v -0.307358 0.364395 -0.455363
v -0.350632 0.402359 -0.416866
v -0.390305 0.459869 -0.410089
v -0.386429 0.451569 -0.394791
v -0.378601 0.446228 -0.383210
v -0.373596 0.441223 -0.370521
v -0.378815 0.434235 -0.352592
v -0.387177 0.427338 -0.336735
v -0.043793 0.340210 -0.586924
v -0.096878 0.373825 -0.602802
v -0.361191 0.355515 -0.391438
v -0.386993 0.677673 -0.056046
v -0.389328 0.682877 -0.046481
v -0.384933 0.674973 -0.066352
v -0.362900 0.676590 -0.052805
v -0.344604 0.677887 -0.048722
v -0.330322 0.679962 -0.046355
v -0.346832 0.681747 -0.038865
v -0.342789 0.676056 -0.061601
v -0.318329 0.681778 -0.045619
v -0.320099 0.686005 -0.033811
v -0.316986 0.680374 -0.058187
v -0.506393 0.683762 -0.214694
v -0.500137 0.693176 -0.186390
v -0.408920 0.676468 -0.081728
v -0.320847 0.695175 -0.022417
v -0.333145 0.692047 -0.024617
v -0.309875 0.698120 -0.024212
v -0.320099 0.701309 -0.012921
v -0.284439 0.716949 -0.005231
v -0.287613 0.711975 0.007488
v -0.287354 0.709518 0.018953
v -0.297180 0.699265 0.014866
v -0.280624 0.718857 0.021849
v -0.310806 0.688797 0.011467
v -0.326935 0.680542 0.007541
v -0.312805 0.693619 0.002703
v -0.391769 0.670792 -0.002404
v -0.414459 0.674576 -0.005856
v -0.390915 0.680450 -0.014422
v -0.367081 0.671646 -0.000240
v -0.392258 0.691162 -0.021725
v -0.368134 0.689423 -0.016599
v -0.412308 0.694366 -0.025284
v -0.391144 0.696487 -0.027452
v -0.384201 0.675034 -0.106181
v -0.385193 0.673615 -0.094967
v -0.363907 0.675537 -0.105738
v -0.315628 0.679642 -0.073903
v -0.327438 0.677277 -0.076005
v -0.384369 0.673630 -0.079629
v -0.361755 0.673508 -0.079288
v -0.297333 0.702682 -0.030572
v -0.431824 0.683853 -0.010760
v -0.348770 0.689453 -0.027974
v -0.367493 0.688812 -0.031950
v -0.349075 0.694519 -0.018124
v -0.390076 0.691254 -0.036381
v -0.346268 0.674667 0.003246
v -0.346268 0.682266 -0.006081
v -0.347290 0.690201 -0.011762
v -0.330597 0.693878 -0.007990
v -0.316299 0.698990 -0.004539
v -0.342453 0.674988 -0.078918
v -0.343567 0.675140 -0.093725
v -0.510010 0.663773 -0.232023
v -0.511948 0.646667 -0.254708
v -0.472382 0.667084 -0.170271
v -0.500061 0.672623 -0.173687
v -0.472412 0.655060 -0.169683
v -0.520615 0.613312 -0.182496
v -0.519516 0.616302 -0.158658
v -0.521530 0.615677 -0.204342
v -0.522766 0.597336 -0.184881
v -0.512634 0.561996 -0.160169
v -0.517990 0.572235 -0.162655
v -0.514740 0.557602 -0.173409
v -0.502792 0.553345 -0.153659
v -0.510132 0.568161 -0.147564
v -0.510742 0.557800 -0.191516
v -0.506195 0.562241 -0.210154
v -0.501038 0.545898 -0.186649
v -0.519531 0.571487 -0.192034
v -0.520905 0.580750 -0.162271
v -0.523270 0.582718 -0.170197
v -0.445068 0.423691 -0.217078
v -0.449738 0.411362 -0.219252
v -0.445145 0.419571 -0.201750
v -0.440887 0.431946 -0.215812
v -0.442932 0.424301 -0.235915
v -0.437195 0.374268 -0.220274
v -0.426529 0.364014 -0.220327
v -0.438736 0.373032 -0.207971
v -0.446030 0.386627 -0.220257
v -0.415054 0.356018 -0.222237
v -0.401566 0.349930 -0.225577
v -0.412949 0.356308 -0.206324
v -0.414566 0.359009 -0.239086
v -0.386887 0.346390 -0.227568
v -0.370850 0.345947 -0.229283
v -0.383698 0.347137 -0.211822
v -0.389145 0.348221 -0.243920
v -0.351288 0.348770 -0.228450
v -0.335602 0.353531 -0.226524
v -0.347992 0.347839 -0.208976
v -0.356552 0.349899 -0.247065
v -0.377304 0.350510 -0.192499
v -0.359711 0.349045 -0.193836
v -0.371414 0.352753 -0.169177
v -0.392654 0.353806 -0.189745
v -0.448471 0.392151 -0.201213
v -0.446335 0.381287 -0.202010
v -0.446579 0.386902 -0.197001
v -0.446915 0.402145 -0.197760
v -0.449936 0.395615 -0.208144
v -0.434982 0.377426 -0.179997
v -0.431976 0.377457 -0.164188
v -0.323273 0.360550 -0.224104
v -0.329346 0.360825 -0.246928
v -0.314331 0.369919 -0.224226
v -0.318375 0.359940 -0.201670
v -0.193726 0.457245 -0.181568
v -0.262924 0.404373 -0.245992
v -0.271194 0.405365 -0.247128
v -0.258301 0.402573 -0.272331
v -0.251907 0.406082 -0.247650
v -0.265381 0.407288 -0.224031
v -0.297714 0.403214 -0.219666
v -0.302231 0.393097 -0.221950
v -0.302673 0.403473 -0.237619
v -0.294403 0.410263 -0.217930
v -0.172333 0.453995 -0.178463
v -0.164124 0.454193 -0.164500
v -0.179535 0.455566 -0.172163
v -0.150970 0.457703 -0.153537
v -0.155960 0.458313 -0.143573
v -0.142960 0.460403 -0.164251
v -0.133347 0.464172 -0.145588
v -0.121689 0.471161 -0.170641
v -0.267853 0.411407 -0.209167
v -0.255188 0.411972 -0.212743
v -0.241577 0.417633 -0.207065
v -0.257492 0.414230 -0.183283
v -0.247406 0.415924 -0.189511
v -0.248642 0.410950 -0.174508
v -0.200851 0.434402 -0.162386
v -0.201050 0.431915 -0.142941
v -0.205826 0.434708 -0.182539
v -0.192657 0.444946 -0.159700
v -0.520462 0.619171 -0.222402
v -0.520966 0.601700 -0.228556
v -0.516861 0.639999 -0.216595
v -0.518219 0.623672 -0.239418
v -0.485443 0.571548 -0.289454
v -0.488129 0.564819 -0.297291
v -0.488708 0.554581 -0.271044
v -0.480637 0.577286 -0.282032
v -0.487350 0.553864 -0.304674
v -0.484238 0.539795 -0.310401
v -0.475357 0.484039 -0.291668
v -0.470688 0.473419 -0.290696
v -0.473206 0.486191 -0.297412
v -0.466995 0.507645 -0.324945
v -0.456741 0.504059 -0.332210
v -0.469482 0.497757 -0.311989
v -0.473572 0.514877 -0.320388
v -0.448486 0.503311 -0.332695
v -0.443329 0.503265 -0.330038
v -0.476639 0.582001 -0.276217
v -0.478729 0.566742 -0.257722
v -0.473770 0.586288 -0.273293
v -0.483932 0.587173 -0.269630
v -0.484589 0.572388 -0.250782
v -0.494583 0.588745 -0.267541
v -0.475891 0.587982 -0.271235
v -0.475449 0.466873 -0.227173
v -0.470245 0.453751 -0.221921
v -0.480621 0.486664 -0.237983
v -0.474075 0.469650 -0.240477
v -0.463486 0.445541 -0.219172
v -0.455780 0.440887 -0.218176
v -0.464081 0.443787 -0.199870
v -0.460846 0.446396 -0.238119
v -0.445145 0.437027 -0.293283
v -0.439255 0.434433 -0.307550
v -0.435928 0.431259 -0.292248
v -0.451248 0.440521 -0.276345
v -0.453766 0.445877 -0.293042
v -0.425598 0.436264 -0.339871
v -0.414948 0.429672 -0.335297
v -0.429535 0.433731 -0.329764
v -0.435226 0.447235 -0.343411
v -0.442520 0.491760 -0.334834
v -0.440948 0.499634 -0.330881
v -0.443726 0.478958 -0.339174
v -0.425507 0.428284 -0.291367
v -0.417709 0.425293 -0.304562
v -0.417862 0.427063 -0.289889
v -0.433960 0.432220 -0.275151
v -0.418259 0.414383 -0.291108
v -0.427780 0.418579 -0.274397
v -0.415512 0.422485 -0.289380
v -0.409485 0.410873 -0.304619
v -0.419510 0.403610 -0.293701
v -0.436920 0.422012 -0.255106
v -0.432617 0.430435 -0.255300
v -0.440033 0.411407 -0.255667
v -0.439484 0.399948 -0.255219
v -0.428284 0.396591 -0.276402
v -0.447235 0.400894 -0.236135
v -0.378113 0.356125 -0.330509
v -0.390884 0.367004 -0.323933
v -0.379868 0.358856 -0.337262
v -0.368423 0.349335 -0.333290
v -0.383102 0.358322 -0.318146
v -0.360352 0.350403 -0.263673
v -0.346985 0.354187 -0.266504
v -0.376175 0.349258 -0.263081
v -0.363602 0.350174 -0.282817
v -0.363907 0.349335 -0.300957
v -0.361786 0.348206 -0.318634
v -0.353607 0.351486 -0.302515
v -0.374710 0.351242 -0.300901
v -0.360428 0.347183 -0.332311
v -0.352264 0.348740 -0.328613
v -0.293869 0.365509 -0.344960
v -0.297256 0.369690 -0.326677
v -0.276505 0.381851 -0.339108
v -0.300995 0.374130 -0.309095
v -0.316727 0.366226 -0.309592
v -0.286728 0.385696 -0.307039
v -0.269470 0.396469 -0.336628
v -0.268143 0.406662 -0.335117
v -0.274826 0.396484 -0.322511
v -0.269012 0.406128 -0.299487
v -0.262772 0.407593 -0.316843
v -0.260559 0.403641 -0.296841
v -0.276993 0.406448 -0.282263
v -0.276077 0.408585 -0.302956
v -0.257629 0.409241 -0.330761
v -0.249695 0.407120 -0.327747
v -0.264084 0.410660 -0.333159
v -0.203445 0.415619 -0.355602
v -0.253387 0.402618 -0.294210
v -0.248337 0.403870 -0.312910
v -0.316162 0.380768 -0.276601
v -0.321777 0.380127 -0.273647
v -0.326782 0.356049 -0.333416
v -0.326965 0.359619 -0.324697
v -0.331024 0.355515 -0.335321
v -0.346909 0.352875 -0.326928
v -0.343185 0.353683 -0.330823
v -0.346054 0.355225 -0.318954
v -0.344925 0.356750 -0.303531
v -0.342636 0.357590 -0.284907
v -0.339294 0.361542 -0.304277
v -0.297043 0.402252 -0.273092
v -0.288635 0.398651 -0.288672
v -0.297394 0.409073 -0.271248
v -0.503967 0.569046 -0.227811
v -0.504150 0.581757 -0.248090
v -0.493927 0.561523 -0.228947
v -0.513245 0.580856 -0.230360
v -0.486313 0.497757 -0.221299
v -0.487946 0.498154 -0.206291
v -0.485367 0.503983 -0.223812
v -0.200211 0.550583 -0.153278
v -0.199844 0.542206 -0.137393
v -0.196381 0.555801 -0.142682
v -0.202560 0.545456 -0.160315
v -0.137466 0.535370 -0.136792
v -0.146118 0.539688 -0.137094
v -0.139221 0.527573 -0.125593
v -0.130783 0.530014 -0.136495
v -0.114731 0.530365 -0.128762
v -0.118118 0.522751 -0.119629
v -0.102478 0.529816 -0.124243
v -0.124313 0.528732 -0.134224
v -0.080093 0.515228 -0.126998
v -0.084320 0.499146 -0.124149
v -0.203918 0.543274 -0.163528
v -0.206100 0.541779 -0.166114
v -0.204681 0.534164 -0.145582
v -0.167084 0.543274 -0.143731
v -0.170517 0.545456 -0.143078
v -0.168243 0.536240 -0.130977
v -0.163498 0.542542 -0.142628
v -0.192383 0.557449 -0.137795
v -0.191483 0.549942 -0.127109
v -0.186661 0.555740 -0.137563
v -0.255371 0.504654 -0.195354
v -0.234055 0.503052 -0.181960
v -0.128281 0.527847 -0.135960
v -0.131119 0.520676 -0.127445
v -0.187302 0.468781 -0.154944
v -0.186111 0.467209 -0.156248
v -0.187958 0.465668 -0.154984
v -0.192245 0.468964 -0.182703
v -0.323944 0.379547 -0.271564
v -0.323227 0.378891 -0.267663
v -0.316467 0.393082 -0.262074
v -0.292465 0.412994 -0.217468
v -0.279114 0.408936 -0.304438
v -0.280136 0.405533 -0.305097
v -0.272369 0.409592 -0.320350
v -0.287277 0.409393 -0.287403
v -0.399918 0.420044 -0.315406
v -0.402847 0.421432 -0.315870
v -0.400497 0.416550 -0.314634
v -0.406342 0.422348 -0.302936
v -0.439865 0.435455 -0.215459
v -0.442108 0.436691 -0.215884
v -0.437057 0.436279 -0.236046
v -0.440445 0.433044 -0.197056
v -0.396683 0.405243 -0.325365
v -0.398666 0.405884 -0.321735
v -0.398682 0.393463 -0.323880
v -0.442978 0.415009 -0.190946
v -0.441193 0.411530 -0.185622
v -0.439911 0.426285 -0.185902
v -0.433945 0.429092 -0.157331
v -0.432571 0.429413 -0.139276
v -0.440796 0.409836 -0.182919
v -0.443939 0.395157 -0.190586
v -0.440781 0.407944 -0.179742
v -0.446030 0.384689 -0.194352
v -0.469330 0.489029 -0.305632
v -0.456757 0.484039 -0.309085
v -0.448410 0.494141 -0.317883
v -0.518661 0.589996 -0.230637
v -0.521072 0.586029 -0.211442
v -0.471985 0.604553 -0.289950
v -0.472977 0.588257 -0.272374
v -0.472534 0.554871 -0.233542
v -0.474045 0.554092 -0.235603
v -0.475266 0.555862 -0.232811
v -0.479080 0.531082 -0.210254
v -0.472076 0.536331 -0.139711
v -0.476288 0.539505 -0.141265
v -0.478180 0.530457 -0.157935
v -0.473679 0.530762 -0.142139
v -0.482620 0.494278 -0.242370
v -0.483994 0.499191 -0.247560
v -0.479263 0.486649 -0.245650
v -0.514984 0.660812 -0.067284
v -0.513763 0.662491 -0.085567
v -0.519257 0.651337 -0.067580
v -0.516251 0.658081 -0.048734
v -0.507812 0.668289 -0.063228
v -0.511307 0.663467 -0.106719
v -0.508698 0.661865 -0.123773
v -0.519699 0.649948 -0.107881
v -0.499893 0.673370 -0.099214
v -0.506714 0.655273 -0.136876
v -0.515625 0.639938 -0.140842
v -0.489487 0.668335 -0.132842
v -0.525253 0.634155 -0.108395
v -0.524353 0.638336 -0.087006
v -0.524582 0.629074 -0.126136
v -0.522141 0.640976 -0.068760
v -0.520386 0.641693 -0.051719
v -0.493576 0.552414 -0.123893
v -0.506577 0.560822 -0.129548
v -0.487122 0.551453 -0.134033
v -0.505310 0.551697 -0.110924
v -0.523544 0.574463 -0.098624
v -0.523743 0.573914 -0.079447
v -0.526489 0.588135 -0.099711
v -0.518768 0.561096 -0.097737
v -0.511581 0.551941 -0.095410
v -0.502945 0.545486 -0.091114
v -0.513214 0.552139 -0.075937
v -0.510757 0.551453 -0.053666
v -0.517776 0.559982 -0.056471
v -0.501465 0.544327 -0.052333
v -0.506165 0.550674 -0.034748
v -0.522110 0.571228 -0.059457
v -0.524902 0.585770 -0.063625
v -0.519302 0.570984 -0.042663
v -0.525101 0.594543 -0.134550
v -0.527847 0.598068 -0.120156
v -0.481827 0.514328 -0.128830
v -0.481232 0.523666 -0.119905
v -0.477249 0.516846 -0.137673
v -0.491364 0.477463 -0.105150
v -0.493744 0.488892 -0.107694
v -0.486481 0.470825 -0.112934
v -0.485870 0.462051 -0.089938
v -0.492462 0.472351 -0.083442
v -0.445923 0.431580 -0.120870
v -0.438721 0.429138 -0.116414
v -0.450317 0.429962 -0.098634
v -0.455338 0.434753 -0.125064
v -0.442993 0.434067 -0.146869
v -0.452744 0.431610 -0.086852
v -0.444382 0.428986 -0.083080
v -0.452820 0.433655 -0.081322
v -0.462387 0.435211 -0.090258
v -0.485291 0.515594 -0.054771
v -0.480469 0.513687 -0.039850
v -0.479004 0.525421 -0.051877
v -0.488495 0.518021 -0.071310
v -0.493179 0.501984 -0.059212
v -0.484772 0.449615 -0.050826
v -0.483688 0.454391 -0.074895
v -0.480850 0.443848 -0.056147
v -0.475601 0.439606 -0.060432
v -0.465607 0.435242 -0.066595
v -0.474152 0.444733 -0.076265
v -0.487396 0.522858 -0.085068
v -0.489761 0.515274 -0.092390
v -0.483582 0.531189 -0.086378
v -0.313721 0.359756 -0.177320
v -0.326767 0.352844 -0.181747
v -0.304321 0.369034 -0.174473
v -0.314072 0.358368 -0.151153
v -0.446686 0.395889 -0.135264
v -0.445663 0.406860 -0.130712
v -0.441452 0.397903 -0.158629
v -0.444061 0.385193 -0.135971
v -0.453049 0.396057 -0.110281
v -0.332962 0.371552 -0.054937
v -0.323532 0.382812 -0.055603
v -0.332520 0.370880 -0.038774
v -0.345413 0.359695 -0.056442
v -0.332672 0.373840 -0.069385
v -0.448257 0.418121 -0.075631
v -0.444519 0.424652 -0.068464
v -0.442886 0.424606 -0.079673
v -0.450104 0.414246 -0.084350
v -0.450867 0.413162 -0.068235
v -0.453476 0.387863 -0.063133
v -0.448929 0.376694 -0.066564
v -0.447647 0.380127 -0.043352
v -0.453491 0.397964 -0.061032
v -0.456680 0.393585 -0.081249
v -0.342224 0.349533 -0.188931
v -0.341339 0.351166 -0.164516
v -0.158997 0.462585 -0.131733
v -0.137909 0.466751 -0.124215
v -0.158356 0.466873 -0.122284
v -0.175659 0.460648 -0.143343
v -0.156021 0.458572 -0.113098
v -0.152206 0.449402 -0.106560
v -0.176239 0.454224 -0.113437
v -0.157745 0.465485 -0.117085
v -0.133408 0.462158 -0.106916
v -0.114395 0.457153 -0.093986
v -0.115585 0.462326 -0.097743
v -0.104233 0.465225 -0.087842
v -0.115372 0.451904 -0.087764
v -0.129929 0.448929 -0.098055
v -0.096115 0.473694 -0.079693
v -0.096695 0.467865 -0.074714
v -0.096146 0.478516 -0.081796
v -0.091095 0.478531 -0.068750
v -0.158707 0.422440 -0.062731
v -0.176208 0.419220 -0.069056
v -0.161331 0.417160 -0.045858
v -0.207062 0.425247 -0.122955
v -0.201523 0.432358 -0.116606
v -0.217865 0.413940 -0.101276
v -0.216522 0.417969 -0.128571
v -0.198654 0.442368 -0.111569
v -0.196320 0.448883 -0.107013
v -0.209183 0.430908 -0.091028
v -0.189728 0.452713 -0.133168
v -0.298035 0.368378 -0.055343
v -0.295761 0.367798 -0.041850
v -0.305710 0.372147 -0.056357
v -0.294403 0.368500 -0.069379
v -0.264679 0.373810 -0.062733
v -0.260178 0.377686 -0.079803
v -0.210114 0.418427 -0.037016
v -0.211853 0.413162 -0.021416
v -0.215683 0.419647 -0.037828
v -0.207703 0.423859 -0.053681
v -0.202881 0.414017 -0.036851
v -0.288635 0.369156 -0.080977
v -0.282333 0.371948 -0.094148
v -0.260834 0.394272 -0.144451
v -0.269516 0.385696 -0.127278
v -0.267990 0.395279 -0.148851
v -0.249847 0.402451 -0.157980
v -0.252167 0.395294 -0.139318
v -0.270767 0.535156 -0.149835
v -0.276703 0.522278 -0.125585
v -0.267303 0.523361 -0.153216
v -0.263977 0.548035 -0.176097
v -0.274796 0.555344 -0.148117
v -0.295334 0.525970 -0.041583
v -0.296738 0.517822 -0.012918
v -0.291504 0.506409 -0.047346
v -0.298279 0.543488 -0.033514
v -0.294250 0.628815 -0.112499
v -0.296066 0.628174 -0.097621
v -0.291779 0.630112 -0.128176
v -0.297913 0.637650 -0.110839
v -0.296997 0.625015 -0.084013
v -0.297348 0.614761 -0.072010
v -0.294296 0.604385 -0.088412
v -0.300964 0.635391 -0.081060
v -0.300018 0.555908 -0.028577
v -0.301971 0.545731 -0.002425
v -0.298691 0.572556 -0.046976
v -0.180130 0.534775 -0.117603
v -0.182083 0.525070 -0.106023
v -0.173798 0.529724 -0.119160
v -0.178406 0.543503 -0.128526
v -0.187012 0.539108 -0.115826
v -0.204239 0.518127 -0.091787
v -0.210602 0.514969 -0.092319
v -0.204071 0.512283 -0.076347
v -0.197632 0.520584 -0.090440
v -0.203415 0.524979 -0.106804
v -0.201675 0.533142 -0.122515
v -0.205994 0.528030 -0.125661
v -0.196182 0.538620 -0.118137
v -0.219543 0.521545 -0.133086
v -0.223892 0.514862 -0.113196
v -0.211731 0.524368 -0.129035
v -0.214355 0.529709 -0.152699
v -0.228882 0.515503 -0.138520
v -0.226105 0.509933 -0.095194
v -0.225922 0.506165 -0.077240
v -0.217667 0.512390 -0.093442
v -0.236099 0.505081 -0.098450
v -0.246140 0.496307 -0.104238
v -0.244415 0.498337 -0.123344
v -0.243896 0.496735 -0.080898
v -0.182587 0.506287 -0.065544
v -0.177551 0.503845 -0.067047
v -0.183350 0.510117 -0.079588
v -0.188324 0.508972 -0.063894
v -0.181656 0.503952 -0.051567
v -0.274597 0.479477 -0.110106
v -0.269699 0.489029 -0.133937
v -0.276138 0.488022 -0.107203
v -0.278015 0.470398 -0.085423
v -0.273361 0.469589 -0.110760
v -0.264130 0.502289 -0.160781
v -0.258224 0.518066 -0.187920
v -0.265289 0.513550 -0.156552
v -0.263062 0.492874 -0.164358
v -0.286758 0.489365 -0.051456
v -0.285919 0.482010 -0.024990
v -0.282730 0.477234 -0.054594
v -0.285797 0.498657 -0.077262
v -0.238235 0.504105 -0.146049
v -0.228104 0.514496 -0.170143
v -0.244064 0.495377 -0.152729
v -0.259125 0.472855 -0.056455
v -0.267502 0.460709 -0.058087
v -0.259201 0.467987 -0.035600
v -0.249146 0.487045 -0.058509
v -0.195190 0.502167 -0.032680
v -0.198746 0.505402 -0.047223
v -0.200348 0.500519 -0.030765
v -0.189819 0.503662 -0.034336
v -0.167953 0.497528 -0.018932
v -0.158615 0.497665 -0.011652
v -0.164108 0.494400 -0.024091
v -0.175415 0.498444 -0.028152
v -0.171829 0.500397 -0.014359
v -0.344543 0.645752 -0.123072
v -0.333939 0.649673 -0.120578
v -0.344772 0.645691 -0.118890
v -0.344788 0.649902 -0.111061
v -0.302322 0.644440 -0.112031
v -0.305313 0.645844 -0.097124
v -0.308914 0.646240 -0.079726
v -0.317673 0.654007 -0.083008
v -0.312195 0.645294 -0.066185
v -0.357986 0.650818 -0.093552
v -0.362259 0.646545 -0.096056
v -0.371887 0.650192 -0.072447
v -0.352081 0.655350 -0.091510
v -0.421570 0.672836 -0.129827
v -0.438477 0.673111 -0.136393
v -0.432373 0.677612 -0.113806
v -0.408463 0.671448 -0.120764
v -0.413223 0.665680 -0.144902
v -0.346512 0.660919 -0.050717
v -0.331589 0.656326 -0.052445
v -0.336868 0.660019 -0.067513
v -0.357895 0.661224 -0.050092
v -0.318695 0.645569 -0.053625
v -0.309387 0.630569 -0.052142
v -0.325485 0.646606 -0.043552
v -0.302689 0.577606 -0.020556
v -0.306000 0.562469 0.005226
v -0.301727 0.594376 -0.036246
v -0.303833 0.581772 -0.015401
v -0.440155 0.677719 -0.050494
v -0.430008 0.677795 -0.065391
v -0.449570 0.680664 -0.056552
v -0.431763 0.669952 -0.043797
v -0.158844 0.527130 -0.115734
v -0.160339 0.519104 -0.103412
v -0.148102 0.525574 -0.113166
v -0.156677 0.535004 -0.126993
v -0.166946 0.527344 -0.118583
v -0.142532 0.509933 -0.081877
v -0.134491 0.508026 -0.080488
v -0.139221 0.515015 -0.098166
v -0.151749 0.510910 -0.082823
v -0.144638 0.505066 -0.065260
v -0.127670 0.502747 -0.051945
v -0.120209 0.499695 -0.044863
v -0.125717 0.503845 -0.059900
v -0.131592 0.502609 -0.050830
v -0.144547 0.502625 -0.055112
v -0.149979 0.501205 -0.051285
v -0.139877 0.502594 -0.052641
v -0.119720 0.496689 -0.007874
v -0.128754 0.497009 -0.020584
v -0.121048 0.495987 0.003620
v -0.117249 0.496628 -0.025768
v -0.110184 0.493454 -0.037541
v -0.105545 0.492661 -0.048396
v -0.105087 0.489609 -0.026681
v -0.092865 0.492218 -0.114616
v -0.496384 0.672699 -0.057161
v -0.483093 0.674606 -0.045938
v -0.490540 0.675735 -0.069651
v -0.500488 0.669006 -0.042703
v -0.208298 0.525803 -0.127193
v -0.212173 0.518768 -0.109264
v -0.210800 0.506165 -0.060769
v -0.215057 0.505051 -0.059981
v -0.207108 0.502975 -0.045019
v -0.207840 0.506912 -0.061103
v -0.213303 0.509583 -0.076742
v -0.162155 0.493271 -0.026587
v -0.153381 0.492691 -0.019472
v -0.168518 0.494980 -0.034610
v -0.174835 0.511703 -0.095887
v -0.177734 0.513168 -0.095277
v -0.175354 0.506119 -0.082333
v -0.170639 0.511368 -0.093656
v -0.173264 0.519089 -0.108336
v -0.191849 0.540771 -0.116280
v -0.192657 0.530441 -0.103768
v -0.192017 0.510178 -0.063568
v -0.195831 0.509796 -0.062436
v -0.189896 0.507324 -0.049484
v -0.193085 0.514084 -0.076338
v -0.246780 0.491943 -0.155490
v -0.249283 0.491287 -0.157765
v -0.257202 0.481735 -0.128979
v -0.281067 0.472137 -0.055969
v -0.280121 0.469055 -0.057522
v -0.281021 0.481232 -0.081277
v -0.278458 0.465073 -0.029369
v -0.272705 0.466049 -0.110511
v -0.271286 0.466766 -0.110055
v -0.104736 0.505173 -0.084856
v -0.103378 0.503647 -0.085838
v -0.107376 0.506027 -0.086203
v -0.097137 0.492172 -0.091225
v -0.099152 0.490402 -0.092505
v -0.097641 0.494446 -0.090065
v -0.097122 0.489410 -0.089069
v -0.100403 0.499252 -0.087922
v -0.157806 0.468063 -0.118652
v -0.136490 0.470276 -0.111526
v -0.103745 0.488220 -0.007241
v -0.098938 0.480438 -0.009897
v -0.379913 0.345367 -0.091290
v -0.378601 0.346725 -0.103706
v -0.375015 0.347443 -0.089072
v -0.282730 0.410629 -0.177314
v -0.284271 0.403275 -0.160865
v -0.312668 0.382660 -0.083027
v -0.316193 0.379593 -0.083707
v -0.306427 0.380432 -0.095114
v -0.332336 0.374481 -0.075206
v -0.346497 0.363052 -0.078078
v -0.330307 0.373520 -0.078210
v -0.362335 0.353668 -0.083679
v -0.362244 0.352966 -0.077421
v -0.483734 0.456512 -0.084084
v -0.480774 0.453201 -0.083801
v -0.436005 0.427567 -0.115050
v -0.437119 0.424316 -0.117273
v -0.440262 0.426071 -0.092916
v -0.443634 0.427521 -0.065700
v -0.446884 0.429184 -0.065911
v -0.445114 0.423523 -0.056690
v -0.453033 0.434464 -0.078098
v -0.453796 0.433945 -0.074482
v -0.464005 0.439041 -0.081077
v -0.474442 0.540894 -0.112956
v -0.480804 0.538177 -0.101643
v -0.482727 0.534882 -0.086734
v -0.485733 0.536926 -0.086638
v -0.481186 0.531754 -0.069292
v -0.349503 0.644440 -0.119202
v -0.353760 0.644653 -0.112972
v -0.351776 0.646698 -0.123298
v -0.469711 0.656525 -0.161150
v -0.431778 0.656174 -0.163191
v -0.462219 0.665695 -0.147408
v -0.411255 0.519363 0.308169
v -0.407028 0.535767 0.306099
v -0.422073 0.523010 0.292878
v -0.416824 0.506683 0.301728
v -0.399979 0.518738 0.322851
v -0.407242 0.552536 0.297825
v -0.412323 0.568329 0.282602
v -0.418900 0.543747 0.289004
v -0.395645 0.560471 0.300644
v -0.426117 0.596954 0.238210
v -0.430923 0.598389 0.228662
v -0.422592 0.591003 0.248909
v -0.416153 0.607010 0.235467
v -0.436264 0.599808 0.215331
v -0.442307 0.600098 0.199729
v -0.442612 0.583130 0.217533
v -0.426788 0.611679 0.209579
v -0.448227 0.599716 0.183595
v -0.454208 0.598969 0.166485
v -0.453903 0.584061 0.186025
v -0.438843 0.611816 0.177289
v -0.459946 0.598557 0.148650
v -0.466751 0.585220 0.150505
v -0.449432 0.610443 0.143559
v -0.473083 0.596008 0.105083
v -0.477036 0.593277 0.093760
v -0.458481 0.606689 0.108399
v -0.488480 0.604477 0.076949
v -0.499191 0.611877 0.063370
v -0.497681 0.586807 0.072993
v -0.481613 0.595932 0.084873
v -0.513321 0.592773 0.034762
v -0.508163 0.580185 0.053102
v -0.510315 0.606720 0.040876
v -0.518600 0.603973 0.014185
v -0.513824 0.575317 0.027719
v -0.503387 0.568588 0.068477
v -0.498978 0.563828 0.080256
v -0.459167 0.564957 0.186493
v -0.453079 0.564194 0.203148
v -0.462814 0.544891 0.184626
v -0.448120 0.562668 0.218662
v -0.452209 0.538940 0.216726
v -0.426682 0.533478 0.281365
v -0.430038 0.543182 0.269986
v -0.429688 0.519028 0.274730
v -0.416504 0.497742 0.291008
v -0.412109 0.493423 0.292131
v -0.421738 0.499634 0.276108
v -0.442413 0.509613 0.241574
v -0.448441 0.510681 0.226442
v -0.439407 0.492828 0.240045
v -0.440704 0.531570 0.248469
v -0.511292 0.564636 -0.000124
v -0.503525 0.551254 -0.003236
v -0.511307 0.561661 0.008265
v -0.427032 0.479630 0.233093
v -0.430771 0.483627 0.238368
v -0.434387 0.477707 0.217454
v -0.440842 0.478958 0.201813
v -0.450531 0.491226 0.205779
v -0.446960 0.483643 0.186482
v -0.428543 0.472687 0.200637
v -0.452881 0.491806 0.171397
v -0.442001 0.483887 0.167831
v -0.461197 0.504333 0.175845
v -0.457535 0.499725 0.157696
v -0.432114 0.479065 0.164424
v -0.424164 0.474884 0.165323
v -0.426376 0.472717 0.183442
v -0.435074 0.484283 0.151703
v -0.446045 0.500183 0.126287
v -0.453842 0.504578 0.129079
v -0.446396 0.503204 0.122982
v -0.438965 0.495651 0.124726
v -0.443222 0.494507 0.132380
v -0.461533 0.509720 0.132734
v -0.462723 0.514084 0.129310
v -0.461304 0.506638 0.138037
v -0.479202 0.512634 0.091905
v -0.485413 0.512878 0.073028
v -0.471909 0.507919 0.090413
v -0.472763 0.513733 0.108427
v -0.483627 0.518127 0.096956
v -0.493103 0.525421 0.020746
v -0.494247 0.533081 0.005929
v -0.484131 0.519333 0.020548
v -0.491028 0.518906 0.038018
v -0.501083 0.535995 0.021447
v -0.474106 0.531494 -0.002810
v -0.474533 0.523163 0.007206
v -0.485870 0.535858 -0.003073
v -0.473267 0.536545 -0.008246
v -0.463776 0.527145 -0.001545
v -0.451675 0.504227 0.114012
v -0.448334 0.504761 0.118248
v -0.460449 0.510101 0.116189
v -0.456421 0.503220 0.105209
v -0.444092 0.498856 0.112438
v -0.490570 0.537857 -0.051536
v -0.493744 0.539093 -0.070517
v -0.480774 0.532425 -0.050793
v -0.484329 0.536774 -0.033622
v -0.477737 0.537186 -0.021499
v -0.491028 0.543747 -0.022233
v -0.468262 0.532730 -0.021577
v -0.474319 0.538406 -0.014738
v -0.501617 0.551132 -0.023108
v -0.508820 0.559708 -0.025183
v -0.497391 0.551468 -0.016087
v -0.514343 0.571106 -0.031021
v -0.517609 0.583542 -0.038441
v -0.509415 0.571060 -0.023112
v -0.519241 0.596390 -0.047095
v -0.523300 0.597260 -0.057262
v -0.516129 0.597504 -0.041257
v -0.518906 0.597214 -0.026896
v -0.522369 0.611908 -0.034620
v -0.516174 0.598526 -0.034492
v -0.523666 0.624008 -0.036313
v -0.522903 0.633209 -0.037681
v -0.520538 0.622513 -0.045629
v -0.525177 0.622360 -0.023661
v -0.473877 0.422745 -0.003528
v -0.472351 0.421844 0.017388
v -0.487305 0.458740 0.004584
v -0.487823 0.469223 0.008044
v -0.483688 0.453598 0.027214
v -0.486832 0.486099 -0.014361
v -0.488602 0.482651 -0.005658
v -0.488281 0.477936 -0.031361
v -0.492111 0.470535 -0.041081
v -0.479279 0.494385 -0.023214
v -0.488510 0.484161 -0.034936
v -0.489258 0.489044 -0.038280
v -0.493408 0.488251 -0.047240
v -0.483658 0.499008 -0.034369
v -0.473785 0.513519 -0.027497
v -0.466385 0.525574 -0.022882
v -0.482956 0.470337 0.050210
v -0.482468 0.461075 0.049029
v -0.479065 0.465012 0.070471
v -0.480652 0.478043 0.052391
v -0.484680 0.475021 0.031852
v -0.480316 0.448944 0.047071
v -0.476166 0.435379 0.043071
v -0.475449 0.444229 0.065409
v -0.469437 0.420914 0.036536
v -0.461166 0.409729 0.034837
v -0.464706 0.421310 0.060050
v -0.452164 0.402390 0.033329
v -0.441498 0.398636 0.030801
v -0.448761 0.404694 0.053560
v -0.425034 0.401321 0.059686
v -0.424423 0.400864 0.049756
v -0.420502 0.399734 0.067178
v -0.435837 0.401550 0.063432
v -0.415680 0.392441 0.080726
v -0.405869 0.393143 0.076734
v -0.410858 0.382294 0.098347
v -0.426819 0.392456 0.088382
v -0.431580 0.460037 0.162403
v -0.423874 0.469116 0.164305
v -0.433640 0.462021 0.148714
v -0.439545 0.447418 0.161486
v -0.427826 0.455231 0.181317
v -0.419540 0.450516 0.202139
v -0.411713 0.461426 0.202538
v -0.428665 0.437134 0.198252
v -0.408630 0.367874 0.154179
v -0.403900 0.361053 0.163443
v -0.416672 0.377914 0.163849
v -0.411880 0.373550 0.142379
v -0.396179 0.354279 0.171445
v -0.384964 0.348434 0.177671
v -0.388260 0.347549 0.158659
v -0.413101 0.379700 0.199016
v -0.418686 0.386002 0.189686
v -0.415771 0.391708 0.211679
v -0.416168 0.404373 0.220376
v -0.412552 0.415298 0.225637
v -0.424286 0.415268 0.210565
v -0.405014 0.390686 0.226487
v -0.404373 0.428940 0.229290
v -0.395981 0.438766 0.232537
v -0.395874 0.412430 0.237758
v -0.446564 0.484467 0.117676
v -0.438858 0.490906 0.121649
v -0.442230 0.492523 0.113646
v -0.453293 0.482391 0.108448
v -0.445511 0.479202 0.123053
v -0.462570 0.481750 0.090796
v -0.470398 0.483719 0.070468
v -0.468262 0.470642 0.093310
v -0.456253 0.491821 0.087891
v -0.444565 0.444519 0.137084
v -0.444107 0.440598 0.145982
v -0.442459 0.451797 0.137194
v -0.444351 0.440399 0.132620
v -0.435562 0.461166 0.139903
v -0.433426 0.463913 0.136683
v -0.455795 0.419464 -0.044479
v -0.447571 0.418152 -0.044459
v -0.452896 0.411041 -0.030052
v -0.456085 0.427185 -0.057136
v -0.401794 0.342163 0.022570
v -0.395630 0.339188 0.041124
v -0.414444 0.351913 0.026667
v -0.409424 0.345795 0.000644
v -0.388596 0.335312 0.014992
v -0.378143 0.335251 0.008069
v -0.372131 0.334305 0.011520
v -0.379837 0.339584 -0.008060
v -0.309036 0.332016 0.032125
v -0.301025 0.325760 0.047822
v -0.319672 0.326538 0.033782
v -0.320572 0.339005 0.016004
v -0.301941 0.341293 0.029674
v -0.358795 0.319931 0.043219
v -0.373322 0.324387 0.050162
v -0.365982 0.326767 0.027434
v -0.346100 0.320068 0.038725
v -0.351074 0.313568 0.061691
v -0.374390 0.326492 0.092138
v -0.368210 0.322357 0.110300
v -0.385712 0.339676 0.101849
v -0.380997 0.331207 0.075571
v -0.360031 0.315247 0.086594
v -0.407471 0.381134 0.069140
v -0.403305 0.389801 0.073505
v -0.414627 0.385040 0.051574
v -0.408585 0.368912 0.069821
v -0.399902 0.374481 0.090941
v -0.347244 0.335464 0.008510
v -0.342575 0.339478 0.004704
v -0.340530 0.329910 0.020287
v -0.357941 0.334991 0.008089
v -0.367172 0.332947 0.013806
v -0.407120 0.469971 0.251195
v -0.410934 0.481857 0.270506
v -0.405487 0.473572 0.244545
v -0.402924 0.458313 0.243839
v -0.409698 0.466904 0.264547
v -0.410767 0.490677 0.292593
v -0.368958 0.493607 0.365962
v -0.352829 0.487228 0.372582
v -0.356796 0.505737 0.363615
v -0.380234 0.502792 0.355675
v -0.374359 0.482040 0.363669
v -0.369064 0.420380 0.318191
v -0.380859 0.428238 0.307648
v -0.372620 0.411591 0.306070
v -0.356598 0.411758 0.327055
v -0.366943 0.428482 0.325788
v -0.355194 0.351074 0.229281
v -0.365677 0.354904 0.220098
v -0.346085 0.343964 0.218680
v -0.315384 0.344620 0.199351
v -0.328568 0.349167 0.186916
v -0.311005 0.346069 0.195899
v -0.302246 0.338715 0.215997
v -0.323532 0.342911 0.204176
v -0.403000 0.441681 0.270394
v -0.399124 0.439285 0.285487
v -0.406647 0.451035 0.271609
v -0.401886 0.442047 0.259031
v -0.397018 0.431168 0.275791
v -0.398239 0.444656 0.245658
v -0.394455 0.444244 0.237634
v -0.392120 0.427902 0.254444
v -0.390701 0.421646 0.280149
v -0.391266 0.428513 0.290732
v -0.388977 0.417404 0.269308
v -0.383728 0.413269 0.285201
v -0.306519 0.336288 0.283082
v -0.307358 0.342728 0.301568
v -0.323898 0.342346 0.284027
v -0.308563 0.333511 0.264399
v -0.289398 0.335434 0.281641
v -0.275696 0.413437 0.356051
v -0.271271 0.418793 0.362984
v -0.291214 0.416260 0.358432
v -0.277847 0.410172 0.351217
v -0.262146 0.411392 0.354684
v -0.267502 0.426651 0.370582
v -0.263351 0.437302 0.375995
v -0.283981 0.430115 0.372807
v -0.252167 0.423798 0.368641
v -0.183289 0.307068 0.253323
v -0.178238 0.304031 0.236249
v -0.184586 0.312408 0.273011
v -0.208481 0.321381 0.294040
v -0.224472 0.322922 0.291586
v -0.211578 0.311264 0.270945
v -0.195023 0.321182 0.294748
v -0.292007 0.294113 0.167636
v -0.307709 0.297134 0.146841
v -0.305649 0.299805 0.171337
v -0.324738 0.300949 0.123414
v -0.337204 0.304581 0.101809
v -0.309418 0.298004 0.117530
v -0.276291 0.303040 0.220171
v -0.257553 0.303665 0.241993
v -0.279388 0.311249 0.225225
v -0.297623 0.305145 0.196596
v -0.244858 0.308701 0.259319
v -0.240128 0.317062 0.273704
v -0.253189 0.314087 0.259654
v -0.252060 0.345673 0.313748
v -0.252136 0.346909 0.322587
v -0.259064 0.345779 0.310528
v -0.247101 0.343887 0.311408
v -0.312897 0.330490 0.189276
v -0.297104 0.326279 0.207521
v -0.309708 0.341705 0.192636
v -0.256638 0.321747 0.257874
v -0.263474 0.322418 0.247078
v -0.315781 0.308609 0.071286
v -0.329895 0.306458 0.076105
v -0.324036 0.314728 0.053333
v -0.303314 0.314072 0.066350
v -0.306625 0.303757 0.089319
v -0.341522 0.347748 0.178421
v -0.287079 0.335861 0.237567
v -0.280045 0.338745 0.233292
v -0.277130 0.335876 0.258264
v -0.299973 0.333191 0.240286
v -0.408813 0.461624 0.275708
v -0.403534 0.454712 0.289422
v -0.406860 0.471130 0.291117
v -0.332443 0.477997 0.378106
v -0.338348 0.463684 0.376989
v -0.311356 0.469101 0.381375
v -0.326492 0.490967 0.374814
v -0.342804 0.431808 0.354884
v -0.341171 0.425674 0.347826
v -0.326248 0.425568 0.357956
v -0.343323 0.440170 0.363268
v -0.357346 0.438248 0.348994
v -0.308655 0.373871 0.341481
v -0.306747 0.384933 0.347783
v -0.322968 0.383377 0.338659
v -0.309692 0.364517 0.332401
v -0.295364 0.369904 0.344908
v -0.308624 0.420776 0.359598
v -0.310471 0.415680 0.353075
v -0.305893 0.426880 0.366633
v -0.149475 0.385468 0.342810
v -0.154938 0.375549 0.343787
v -0.134033 0.380951 0.325075
v -0.146790 0.396866 0.341633
v -0.168289 0.392639 0.356564
v -0.212357 0.374496 0.356118
v -0.199173 0.357117 0.346106
v -0.223984 0.395706 0.365688
v -0.253693 0.351700 0.335973
v -0.240555 0.348343 0.334439
v -0.254669 0.359451 0.346338
v -0.266907 0.351730 0.331025
v -0.257080 0.392548 0.355700
v -0.268265 0.392242 0.352777
v -0.255035 0.384674 0.357398
v -0.250153 0.399124 0.355503
v -0.273224 0.305847 0.103637
v -0.266129 0.312576 0.103657
v -0.262024 0.297363 0.126008
v -0.282562 0.301331 0.105847
v -0.284576 0.314377 0.082051
v -0.115463 0.398972 0.298068
v -0.130447 0.404510 0.322125
v -0.116302 0.388016 0.298624
v -0.102798 0.394165 0.267421
v -0.118439 0.375244 0.299655
v -0.123245 0.363174 0.301000
v -0.106522 0.369537 0.269749
v -0.170532 0.330048 0.300628
v -0.176178 0.324661 0.296952
v -0.166840 0.332031 0.295678
v -0.163559 0.345596 0.317050
v -0.171249 0.342224 0.320248
v -0.204605 0.399124 0.015333
v -0.196854 0.396225 0.011480
v -0.200165 0.396011 0.026494
v -0.209106 0.401550 0.017331
v -0.207047 0.402832 0.004644
v -0.154724 0.398102 0.015304
v -0.144897 0.394165 0.036995
v -0.139053 0.407196 0.012188
v -0.109833 0.433640 0.022627
v -0.107117 0.442047 0.006014
v -0.106766 0.438568 0.033175
v -0.115417 0.420349 0.035116
v -0.117966 0.424637 0.014709
v -0.121948 0.409531 0.043014
v -0.128677 0.401581 0.047447
v -0.124603 0.411713 0.028465
v -0.117538 0.410629 0.054169
v -0.137573 0.392746 0.052969
v -0.146988 0.385803 0.060225
v -0.130264 0.392868 0.066969
v -0.172958 0.386261 0.074273
v -0.177582 0.388000 0.075771
v -0.183197 0.390518 0.060061
v -0.165527 0.384201 0.071506
v -0.161606 0.381866 0.087045
v -0.150543 0.379227 0.099862
v -0.153259 0.379745 0.102923
v -0.145233 0.379089 0.094935
v -0.110428 0.428757 0.059113
v -0.112061 0.442505 0.055787
v -0.107025 0.436264 0.061783
v -0.109711 0.421082 0.060908
v -0.111542 0.434067 0.050850
v -0.086563 0.449768 0.072085
v -0.089935 0.434235 0.082767
v -0.093933 0.448486 0.062737
v -0.081604 0.469513 0.064216
v -0.084244 0.424637 0.152077
v -0.089020 0.413223 0.161568
v -0.091415 0.410065 0.129134
v -0.082047 0.440704 0.172298
v -0.101685 0.365646 0.237946
v -0.106934 0.352768 0.243623
v -0.102966 0.361786 0.210466
v -0.098587 0.379562 0.234774
v -0.101929 0.428894 0.206217
v -0.111496 0.442474 0.211390
v -0.100754 0.423996 0.215744
v -0.101151 0.428192 0.200644
v -0.095825 0.436722 0.193515
v -0.091537 0.446121 0.188903
v -0.106720 0.452560 0.195923
v -0.098892 0.430466 0.196151
v -0.091629 0.419968 0.185534
v -0.100708 0.469574 0.027174
v -0.101959 0.460007 0.032291
v -0.098907 0.469498 0.015012
v -0.293671 0.368698 -0.029725
v -0.306183 0.373260 -0.028399
v -0.297897 0.372467 -0.019094
v -0.199417 0.346039 0.071524
v -0.211105 0.351562 0.056783
v -0.188309 0.360916 0.071041
v -0.181808 0.343231 0.089278
v -0.231430 0.367279 0.018065
v -0.233215 0.372665 0.005892
v -0.219833 0.381790 0.015670
v -0.227112 0.362717 0.029635
v -0.244858 0.355942 0.021492
v -0.219177 0.402130 -0.010200
v -0.217163 0.396896 0.004320
v -0.223526 0.391510 -0.010482
v -0.219543 0.407547 -0.025150
v -0.217758 0.409042 -0.007932
v -0.214050 0.392639 0.016468
v -0.209198 0.389038 0.028382
v -0.211975 0.399734 0.017632
v -0.182693 0.374542 0.073174
v -0.171463 0.369629 0.087533
v -0.192795 0.380386 0.058477
v -0.180405 0.384750 0.075716
v -0.159210 0.366623 0.101657
v -0.161987 0.354416 0.102216
v -0.156265 0.375809 0.103794
v -0.142120 0.348114 0.134334
v -0.136780 0.350510 0.142546
v -0.152695 0.343460 0.121604
v -0.192444 0.393356 0.042448
v -0.198181 0.392838 0.044430
v -0.185013 0.390854 0.039536
v -0.210541 0.408035 -0.007734
v -0.215088 0.410706 -0.007332
v -0.203003 0.404068 -0.008443
v -0.092606 0.422638 0.092298
v -0.082077 0.433487 0.104863
v -0.096893 0.412018 0.099700
v -0.103424 0.415955 0.077802
v -0.333237 0.371872 -0.027147
v -0.326416 0.383301 -0.028884
v -0.333817 0.373978 -0.019128
v -0.325546 0.373367 -0.009851
v -0.318268 0.369919 -0.003504
v -0.329025 0.362396 -0.006953
v -0.331299 0.374176 -0.013535
v -0.319916 0.381256 -0.010218
v -0.311218 0.365707 0.004972
v -0.304474 0.362671 0.014411
v -0.318207 0.356400 0.002519
v -0.306244 0.377930 0.004742
v -0.280090 0.339539 0.064118
v -0.271759 0.332077 0.083016
v -0.285706 0.328629 0.063434
v -0.287537 0.346527 0.046690
v -0.276352 0.348190 0.065510
v -0.224365 0.311966 0.128521
v -0.218521 0.318542 0.122630
v -0.212875 0.310471 0.130509
v -0.223526 0.328140 0.085264
v -0.236984 0.334946 0.067106
v -0.215378 0.323410 0.100694
v -0.236176 0.330048 0.088998
v -0.256790 0.352936 0.025325
v -0.253647 0.347656 0.038619
v -0.267105 0.356750 0.026463
v -0.306061 0.377975 -0.013737
v -0.298874 0.376129 -0.008148
v -0.314423 0.382828 -0.011976
v -0.313278 0.380188 -0.020457
v -0.246048 0.334167 0.094975
v -0.252533 0.337891 0.099600
v -0.256348 0.340271 0.078339
v -0.236374 0.329239 0.107911
v -0.278870 0.365082 0.026200
v -0.272888 0.355103 0.045155
v -0.286346 0.369888 0.029224
v -0.294830 0.376923 -0.002419
v -0.290894 0.377457 0.001551
v -0.301590 0.381073 0.001948
v -0.281113 0.373444 -0.011231
v -0.136276 0.334579 0.225372
v -0.131882 0.333206 0.221678
v -0.135590 0.338165 0.232857
v -0.142944 0.329941 0.224492
v -0.213043 0.321732 0.108831
v -0.202042 0.322357 0.114141
v -0.214737 0.321396 0.116484
v -0.221512 0.322983 0.111260
v -0.191849 0.312607 0.136572
v -0.189621 0.320709 0.132763
v -0.134796 0.343079 0.251206
v -0.144196 0.343918 0.249907
v -0.123459 0.342957 0.250057
v -0.113861 0.345795 0.247024
v -0.118149 0.349594 0.274022
v -0.117462 0.340439 0.226200
v -0.336105 0.345779 0.001800
v -0.347183 0.350632 -0.007347
v -0.328201 0.351532 0.000782
v -0.271912 0.452576 -0.004658
v -0.267334 0.450043 0.021351
v -0.267380 0.451981 -0.007368
v -0.273636 0.457733 -0.002071
v -0.263000 0.447739 0.037924
v -0.258652 0.445389 0.049767
v -0.258041 0.447098 0.037059
v -0.265121 0.451935 0.039611
v -0.196457 0.447586 0.124830
v -0.194443 0.440933 0.119753
v -0.212601 0.442764 0.118389
v -0.199020 0.453140 0.129211
v -0.179932 0.454544 0.124186
v -0.272415 0.475845 0.129208
v -0.281769 0.482254 0.114801
v -0.277954 0.489243 0.146529
v -0.258926 0.468460 0.142012
v -0.264114 0.460678 0.110948
v -0.289139 0.489792 0.099421
v -0.293991 0.497314 0.084880
v -0.297440 0.509705 0.118052
v -0.278610 0.468964 0.081483
v -0.269394 0.457596 0.071673
v -0.263458 0.454407 0.084642
v -0.261581 0.451401 0.065742
v -0.274002 0.461075 0.057414
v -0.257492 0.452194 0.098069
v -0.248978 0.449966 0.109685
v -0.251907 0.447235 0.088626
v -0.304413 0.545898 0.030246
v -0.306503 0.547562 0.062510
v -0.302353 0.534180 0.026105
v -0.305511 0.552338 0.032621
v -0.307465 0.542114 0.088578
v -0.306320 0.532379 0.109812
v -0.304199 0.529175 0.082478
v -0.308960 0.548523 0.091156
v -0.302048 0.521393 0.126672
v -0.293869 0.509506 0.141504
v -0.304169 0.526932 0.129511
v -0.281342 0.498123 0.157038
v -0.266785 0.488251 0.169523
v -0.283905 0.503479 0.161476
v -0.182755 0.473434 0.181491
v -0.166916 0.479706 0.176256
v -0.196091 0.471710 0.184288
v -0.181381 0.476929 0.186796
v -0.210541 0.477188 0.063165
v -0.202240 0.477631 0.069150
v -0.203308 0.485413 0.047833
v -0.218445 0.478058 0.053918
v -0.215622 0.466370 0.074213
v -0.226852 0.478973 0.035237
v -0.228973 0.481506 0.027832
v -0.235596 0.469101 0.038260
v -0.224304 0.478088 0.038401
v -0.219650 0.486893 0.029802
v -0.162231 0.480194 0.081419
v -0.151108 0.483917 0.084311
v -0.173462 0.477310 0.077179
v -0.167252 0.487640 0.036875
v -0.161926 0.490036 0.022017
v -0.174408 0.486328 0.038143
v -0.175110 0.482635 0.059861
v -0.179611 0.486435 0.039879
v -0.185165 0.483444 0.058885
v -0.148407 0.498672 -0.005610
v -0.138382 0.500320 0.001484
v -0.144836 0.494873 -0.010895
v -0.152420 0.502502 -0.000290
v -0.090881 0.503021 0.158604
v -0.101013 0.494354 0.170960
v -0.079330 0.488876 0.159069
v -0.082352 0.511108 0.144655
v -0.102188 0.515305 0.157026
v -0.112991 0.515381 0.146690
v -0.104904 0.522079 0.134700
v -0.118546 0.510483 0.135988
v -0.125900 0.505966 0.157377
v -0.108780 0.518646 0.153365
v -0.241623 0.451065 0.052550
v -0.248642 0.441223 0.055523
v -0.237991 0.452316 0.056089
v -0.230713 0.466492 0.047029
v -0.244064 0.453888 0.046170
v -0.236313 0.448608 0.070665
v -0.242020 0.439911 0.067083
v -0.240829 0.438324 0.075386
v -0.230957 0.451080 0.076357
v -0.235580 0.452911 0.064093
v -0.220367 0.451477 0.086640
v -0.209595 0.451889 0.095781
v -0.163361 0.466751 0.116727
v -0.162399 0.473267 0.120599
v -0.147385 0.481476 0.106827
v -0.162201 0.462738 0.111856
v -0.125534 0.504044 0.122686
v -0.137512 0.495117 0.130033
v -0.118439 0.509827 0.112392
v -0.131393 0.498367 0.109858
v -0.153824 0.483322 0.137128
v -0.177917 0.467926 0.142099
v -0.159836 0.478210 0.127155
v -0.302856 0.598526 -0.001659
v -0.302658 0.619171 0.002476
v -0.304459 0.591675 0.016669
v -0.304092 0.588257 -0.009645
v -0.319016 0.644730 -0.024651
v -0.310959 0.640381 -0.010523
v -0.325577 0.646439 -0.034738
v -0.356689 0.660767 -0.020854
v -0.367065 0.660324 -0.014924
v -0.377991 0.657379 -0.011689
v -0.388092 0.651871 -0.013846
v -0.378235 0.655777 0.004023
v -0.374405 0.658936 -0.030505
v -0.397232 0.642792 -0.017194
v -0.404739 0.633896 -0.017565
v -0.397583 0.641617 0.000119
v -0.394165 0.643723 -0.032670
v -0.473587 0.675323 -0.037183
v -0.466400 0.678986 -0.048260
v -0.415558 0.641388 0.016366
v -0.406540 0.633575 0.014243
v -0.419281 0.641769 0.001696
v -0.427505 0.649063 0.020345
v -0.411560 0.638504 0.032114
v -0.338196 0.655334 0.019257
v -0.317795 0.649292 0.014549
v -0.361038 0.656464 0.021307
v -0.336472 0.652298 0.038759
v -0.465042 0.629349 0.070104
v -0.473984 0.636612 0.057529
v -0.447296 0.638138 0.062619
v -0.432877 0.642334 0.055532
v -0.427353 0.634247 0.067267
v -0.420120 0.640533 0.050500
v -0.436401 0.647903 0.040981
v -0.306778 0.636627 0.008595
v -0.305801 0.632950 0.029939
v -0.318405 0.558685 0.097388
v -0.319641 0.551056 0.118114
v -0.312378 0.553925 0.093977
v -0.314590 0.564331 0.067685
v -0.323257 0.563538 0.098087
v -0.318893 0.584305 0.100999
v -0.315094 0.599823 0.104450
v -0.324203 0.576157 0.128498
v -0.323685 0.571304 0.099077
v -0.313889 0.590637 0.070610
v -0.316376 0.613251 0.107982
v -0.323395 0.623505 0.110495
v -0.322784 0.603058 0.136827
v -0.311234 0.622665 0.078630
v -0.391129 0.635208 0.100200
v -0.403214 0.631287 0.124808
v -0.387024 0.635651 0.100956
v -0.379410 0.639084 0.075806
v -0.394043 0.634384 0.100070
v -0.418289 0.623871 0.072783
v -0.411148 0.616119 0.074931
v -0.410248 0.626511 0.061768
v -0.421997 0.620590 0.165889
v -0.416153 0.620163 0.182016
v -0.410980 0.619278 0.198023
v -0.406616 0.617233 0.214893
v -0.394424 0.622421 0.186728
v -0.402649 0.614227 0.227746
v -0.399841 0.607452 0.243413
v -0.390717 0.616699 0.223122
v -0.382507 0.615524 0.222346
v -0.378510 0.615433 0.214899
v -0.377930 0.609573 0.233136
v -0.358948 0.609024 0.199154
v -0.365891 0.612167 0.201519
v -0.344131 0.612686 0.164586
v -0.335999 0.605942 0.164575
v -0.339355 0.619781 0.141666
v -0.344925 0.584625 0.186105
v -0.337830 0.590576 0.176674
v -0.319092 0.547379 0.128932
v -0.308533 0.529480 0.150468
v -0.303741 0.517441 0.160749
v -0.314209 0.536484 0.182941
v -0.319473 0.545746 0.195109
v -0.307770 0.524933 0.171570
v -0.317017 0.538986 0.175475
v -0.324890 0.554459 0.211884
v -0.332336 0.563965 0.224530
v -0.318390 0.545654 0.220749
v -0.332108 0.560913 0.202158
v -0.396027 0.597168 0.261401
v -0.406998 0.590622 0.265695
v -0.389816 0.584732 0.278279
v -0.383850 0.601486 0.252683
v -0.382736 0.568008 0.295647
v -0.375595 0.549942 0.314588
v -0.370316 0.571777 0.285761
v -0.335052 0.559494 0.252898
v -0.346207 0.565445 0.259205
v -0.324966 0.541901 0.268261
v -0.320740 0.546738 0.247371
v -0.339371 0.569672 0.240335
v -0.342773 0.574570 0.229247
v -0.366898 0.534775 0.334593
v -0.354919 0.523438 0.348953
v -0.352585 0.540100 0.323228
v -0.379425 0.525711 0.339246
v -0.315430 0.527054 0.282802
v -0.305679 0.521774 0.274431
v -0.326477 0.531769 0.291428
v -0.306732 0.512558 0.295654
v -0.299606 0.502167 0.202824
v -0.297333 0.487076 0.217837
v -0.272446 0.483154 0.199738
v -0.275024 0.478729 0.207510
v -0.253738 0.480453 0.202443
v -0.263657 0.487732 0.191099
v -0.204620 0.467300 0.219525
v -0.205276 0.468597 0.216154
v -0.204391 0.466171 0.221896
v -0.292252 0.489792 0.320748
v -0.294388 0.485840 0.314379
v -0.301544 0.493652 0.332096
v -0.289886 0.494629 0.330082
v -0.300735 0.497360 0.305317
v -0.287766 0.491852 0.292367
v -0.297150 0.487930 0.309462
v -0.339890 0.513504 0.354979
v -0.329514 0.504486 0.360254
v -0.328354 0.517151 0.344366
v -0.254303 0.482941 0.362352
v -0.235779 0.476624 0.360967
v -0.256989 0.490814 0.348431
v -0.270554 0.485382 0.365128
v -0.252930 0.468811 0.373479
v -0.286331 0.496689 0.337642
v -0.298279 0.499420 0.344151
v -0.287415 0.495575 0.351145
v -0.275406 0.494659 0.334892
v -0.262360 0.482697 0.305347
v -0.243362 0.477936 0.302317
v -0.261322 0.487747 0.318202
v -0.195404 0.457870 0.289390
v -0.185623 0.454117 0.286055
v -0.207657 0.462494 0.291446
v -0.189606 0.457245 0.310668
v -0.185577 0.455933 0.327440
v -0.181320 0.450729 0.340121
v -0.172607 0.450851 0.321258
v -0.200089 0.463120 0.330980
v -0.177094 0.439331 0.352319
v -0.176620 0.429565 0.360126
v -0.162384 0.433533 0.342157
v -0.195740 0.451431 0.358254
v -0.177765 0.450272 0.283372
v -0.173111 0.447235 0.279066
v -0.125198 0.432587 0.298722
v -0.118942 0.438797 0.277060
v -0.133377 0.441376 0.299214
v -0.136505 0.430298 0.317407
v -0.116867 0.444473 0.253333
v -0.119476 0.449768 0.231251
v -0.127594 0.450668 0.259207
v -0.108215 0.433762 0.246518
v -0.127594 0.455276 0.214178
v -0.130356 0.456543 0.205328
v -0.140518 0.460983 0.220118
v -0.124207 0.463715 0.197049
v -0.115280 0.472046 0.191022
v -0.128830 0.459305 0.199785
v -0.174988 0.472137 0.200228
v -0.189636 0.470718 0.204839
v -0.170700 0.467972 0.206827
v -0.161652 0.474869 0.195025
v -0.178802 0.476654 0.192821
v -0.140701 0.444733 0.298257
v -0.152786 0.445526 0.297136
v -0.149734 0.444580 0.306794
v -0.154541 0.461594 0.228376
v -0.164719 0.464783 0.215251
v -0.167999 0.459396 0.235635
v -0.145325 0.457474 0.245391
v -0.310822 0.534271 0.231647
v -0.304367 0.524216 0.244761
v -0.506271 0.655731 -0.001166
v -0.498856 0.655945 0.000272
v -0.505203 0.662003 -0.017124
v -0.512421 0.651901 0.000909
v -0.504211 0.665817 -0.030437
v -0.513474 0.661835 -0.031953
v -0.378021 0.337006 0.143360
v -0.369995 0.333389 0.151865
v -0.369141 0.327301 0.131562
v -0.157364 0.319290 0.229199
v -0.162964 0.310211 0.228079
v -0.151520 0.322098 0.226449
v -0.158203 0.323410 0.235353
v -0.370712 0.445786 0.340331
v -0.372925 0.456802 0.349875
v -0.380600 0.451065 0.330170
v -0.367004 0.435944 0.333029
v -0.191971 0.494049 -0.007288
v -0.195984 0.493591 -0.004974
v -0.184860 0.491928 -0.000268
v -0.198273 0.496597 -0.016609
v -0.177872 0.490128 0.005904
v -0.181885 0.489548 0.012226
v -0.169998 0.489532 0.011352
v -0.176956 0.492004 0.002683
v -0.137650 0.502167 0.049909
v -0.131210 0.506622 0.068830
v -0.135193 0.503265 0.047047
v -0.145264 0.496246 0.031408
v -0.141373 0.500290 0.050318
v -0.091400 0.531433 0.130504
v -0.097931 0.526367 0.143586
v -0.087189 0.527405 0.130719
v -0.088013 0.534576 0.116849
v -0.094406 0.530289 0.128199
v -0.154190 0.503677 0.002279
v -0.155319 0.502014 0.004764
v -0.144928 0.505859 0.008263
v -0.163925 0.502319 -0.004159
v -0.100403 0.533539 0.073092
v -0.097183 0.529327 0.070733
v -0.109528 0.529739 0.057358
v -0.102753 0.531723 0.073688
v -0.092957 0.535065 0.087929
v -0.142227 0.496643 0.176785
v -0.120483 0.510010 0.167304
v -0.143372 0.495789 0.173959
v -0.164551 0.484436 0.184232
v -0.180511 0.478119 0.189484
v -0.194153 0.476059 0.192479
v -0.209671 0.476562 0.193308
v -0.210022 0.475342 0.190636
v -0.224945 0.478607 0.193187
v -0.208954 0.475479 0.197645
v -0.305389 0.529449 0.131185
v -0.309464 0.541122 0.113842
v -0.297440 0.517365 0.146993
v -0.309921 0.551514 0.092447
v -0.308319 0.557388 0.065995
v -0.260361 0.489105 0.187324
v -0.257690 0.486801 0.184374
v -0.272018 0.495819 0.178194
v -0.249313 0.484558 0.192035
v -0.231674 0.482880 0.015752
v -0.234695 0.484299 0.000558
v -0.223953 0.488800 0.012608
v -0.146545 0.485825 0.085151
v -0.143661 0.488892 0.084974
v -0.148056 0.489716 0.069994
v -0.161926 0.461319 0.109432
v -0.123611 0.506775 0.086662
v -0.125061 0.506638 0.084595
v -0.121628 0.508453 0.090095
v -0.133865 0.495758 0.104924
v -0.136139 0.493073 0.103958
v -0.145477 0.487411 0.112395
v -0.161942 0.475967 0.122856
v -0.180969 0.464340 0.131028
v -0.200134 0.455460 0.131611
v -0.200485 0.456268 0.134830
v -0.217728 0.449341 0.125083
v -0.249283 0.444885 0.084982
v -0.247986 0.442993 0.083447
v -0.253830 0.446213 0.074198
v -0.242706 0.444763 0.097118
v -0.274658 0.460434 -0.000895
v -0.277420 0.465118 0.000396
v -0.270401 0.457184 0.024170
v -0.327759 0.646988 -0.039155
v -0.317841 0.634232 -0.038420
v -0.309509 0.621094 -0.035458
v -0.307922 0.618668 -0.039262
v -0.304474 0.605209 -0.027799
v -0.304352 0.583954 -0.012992
v -0.307846 0.567993 0.008523
v -0.313629 0.567719 0.036325
v -0.312515 0.574097 0.037392
v -0.320007 0.571136 0.067484
v -0.312668 0.565506 0.036390
v -0.325073 0.566071 0.098348
v -0.330017 0.559387 0.126452
v -0.362488 0.596878 0.220570
v -0.359634 0.587845 0.213274
v -0.365463 0.604340 0.226090
v -0.305634 0.521133 0.166815
v -0.296005 0.481506 0.223099
v -0.294327 0.486618 0.234284
v -0.290512 0.480972 0.223665
v -0.291199 0.494537 0.246819
v -0.275848 0.477188 0.211058
v -0.275894 0.478088 0.215170
v -0.256882 0.476440 0.212074
v -0.240845 0.474167 0.216529
v -0.239822 0.474945 0.213100
v -0.223267 0.467239 0.229899
v -0.228806 0.469894 0.232637
v -0.217773 0.466003 0.229016
v -0.263626 0.469589 0.283612
v -0.265823 0.473282 0.281920
v -0.246628 0.463028 0.270673
v -0.186508 0.450867 0.247612
v -0.181015 0.447281 0.260007
v -0.183380 0.452148 0.245639
v -0.130844 0.457397 0.201544
v -0.111938 0.444443 0.200208
v -0.407730 0.629852 0.133867
v -0.403229 0.628922 0.135588
v -0.392120 0.625946 0.139651
v -0.211029 0.402313 0.017687
v -0.213898 0.406021 0.006377
v -0.154678 0.379379 0.104283
v -0.142563 0.375961 0.117855
v -0.167542 0.383408 0.090165
v -0.132874 0.372879 0.130052
v -0.104752 0.493576 0.030247
v -0.101883 0.488739 0.032766
v -0.101837 0.480652 0.036007
v -0.099396 0.481369 0.037991
v -0.108780 0.456223 0.048758
v -0.106506 0.454819 0.051287
v -0.108612 0.453400 0.046241
v -0.141983 0.333633 0.153419
v -0.145279 0.332199 0.151305
v -0.140106 0.338501 0.151048
v -0.243057 0.287186 0.171528
v -0.249893 0.287918 0.166192
v -0.240250 0.287842 0.179211
v -0.323868 0.387207 -0.028995
v -0.321548 0.385422 -0.028974
v -0.304199 0.382233 0.004089
v -0.310516 0.381714 -0.003135
v -0.288925 0.377411 0.003814
v -0.277588 0.373718 -0.005150
v -0.289627 0.371368 0.030193
v -0.291901 0.367447 0.029735
v -0.281906 0.360001 0.048107
v -0.229675 0.326340 0.114658
v -0.229202 0.326065 0.119189
v -0.188461 0.323944 0.130786
v -0.186859 0.324600 0.128426
v -0.166428 0.327103 0.140309
v -0.208359 0.321564 0.122626
v -0.240982 0.303711 0.148178
v -0.125687 0.331116 0.213430
v -0.137054 0.321243 0.210535
v -0.147720 0.344193 0.249814
v -0.149902 0.350510 0.271945
v -0.150345 0.340530 0.249558
v -0.154343 0.351913 0.296066
v -0.158646 0.351242 0.315290
v -0.156754 0.347961 0.294210
v -0.236221 0.421982 0.369562
v -0.248795 0.413193 0.361585
v -0.230652 0.418320 0.368711
v -0.254517 0.408783 0.355886
v -0.252914 0.405899 0.354854
v -0.244217 0.408890 0.361571
v -0.228378 0.416031 0.368264
v -0.227448 0.413681 0.368411
v -0.213913 0.424301 0.373673
v -0.278717 0.408142 0.349244
v -0.279358 0.403809 0.349529
v -0.295319 0.410004 0.350649
v -0.311264 0.413086 0.350354
v -0.326370 0.417343 0.348397
v -0.310593 0.408768 0.349800
v -0.340637 0.422745 0.344803
v -0.353928 0.428024 0.338697
v -0.366211 0.431961 0.329214
v -0.238693 0.327881 0.290093
v -0.239304 0.336334 0.302752
v -0.354935 0.318710 0.143675
v -0.357025 0.318741 0.137958
v -0.350662 0.323196 0.148979
v -0.358078 0.322769 0.146916
v -0.339081 0.335785 0.161625
v -0.309143 0.346024 0.194204
v -0.294159 0.340958 0.211206
v -0.409378 0.465881 0.202771
v -0.400085 0.464142 0.217618
v -0.411530 0.467239 0.202878
v -0.418472 0.468521 0.183644
v -0.444473 0.417068 -0.044814
v -0.445633 0.414062 -0.047917
v -0.441147 0.409760 -0.030369
v -0.464478 0.530396 -0.021460
v -0.471436 0.529053 -0.033850
v -0.519409 0.621628 -0.050052
v -0.520187 0.628494 -0.050069
v -0.517792 0.611542 -0.047104
v -0.466309 0.499496 0.052691
v -0.468491 0.501526 0.052922
v -0.467712 0.503525 0.037884
v -0.468262 0.495697 0.052835
v -0.461914 0.497375 0.068341
v -0.454330 0.496140 0.086979
v -0.456711 0.498520 0.087572
v -0.446472 0.495728 0.103300
v -0.446869 0.504578 0.120776
v -0.455704 0.510849 0.123640
v -0.463425 0.515823 0.126994
v -0.469925 0.521622 0.130142
v -0.464767 0.515839 0.123974
v -0.475250 0.530472 0.132586
v -0.478806 0.538513 0.134404
v -0.477509 0.529480 0.125492
v -0.436447 0.493576 0.123590
v -0.434540 0.489883 0.129343
v -0.421417 0.472794 0.165322
v -0.399399 0.477539 0.317377
v -0.387817 0.476227 0.343006
v -0.395309 0.466003 0.317739
v -0.396515 0.462631 0.223107
v -0.395447 0.457352 0.226208
v -0.398941 0.466705 0.227828
v -0.393219 0.443253 0.234232
v -0.388107 0.426025 0.243823
v -0.364899 0.389893 0.268132
v -0.369247 0.400955 0.258703
v -0.364273 0.386795 0.265492
v -0.363586 0.382233 0.275875
v -0.444656 0.452652 0.123692
v -0.445419 0.448807 0.122479
v -0.441605 0.456100 0.126829
v -0.447754 0.453583 0.121237
v -0.450912 0.425552 0.112485
v -0.450165 0.429138 0.114467
v -0.455460 0.429230 0.104977
v -0.433258 0.465485 0.134740
v -0.435394 0.467896 0.132567
v -0.426712 0.476395 0.140450
v -0.375732 0.640442 0.066923
v -0.375259 0.642349 0.062222
v -0.378769 0.636963 0.066269
v -0.507080 0.643494 0.026287
v -0.500580 0.642883 0.031622
v -0.510529 0.643921 0.018723
v -0.496979 0.561859 0.085476
v -0.499695 0.548157 0.086659
v -0.490662 0.578369 0.085524
v -0.478897 0.592682 0.088731
v -0.441757 0.610138 0.091333
v -0.441742 0.610641 0.095648
v -0.422699 0.612823 0.086422
v -0.408401 0.613464 0.076549
v -0.406387 0.616226 0.078753
v -0.486588 0.652344 0.008443
v -0.482376 0.651535 0.012794
v -0.468811 0.657028 -0.004753
v -0.487854 0.653931 0.005202
v -0.235748 0.454163 0.059187
v -0.228317 0.467453 0.054487
v -0.242310 0.441483 0.063193
v -0.178619 0.476212 0.075371
v -0.182236 0.476242 0.074781
v -0.179504 0.467499 0.088158
v -0.204681 0.452255 0.099348
v -0.200607 0.452560 0.100475
v -0.201569 0.466705 0.085724
v -0.222595 0.478043 0.040509
v -0.221695 0.478195 0.043127
v -0.244675 0.436539 0.065358
v -0.247177 0.435913 0.063187
v -0.244812 0.435043 0.069080
v -0.344101 0.676971 -0.104938
v -0.344330 0.680084 -0.113931
v -0.510376 0.669724 -0.183520
v -0.512253 0.664261 -0.198090
v -0.512665 0.662247 -0.213262
v -0.487976 0.545715 -0.145835
v -0.492188 0.538986 -0.162311
v -0.523132 0.584976 -0.186803
v -0.488419 0.495041 -0.184691
v -0.484818 0.483841 -0.181483
v -0.489456 0.506851 -0.189347
v -0.478699 0.468185 -0.180349
v -0.470520 0.452240 -0.178828
v -0.462341 0.443222 -0.177690
v -0.453735 0.438385 -0.175540
v -0.461304 0.442047 -0.153129
v -0.444534 0.435135 -0.171046
v -0.447861 0.436188 -0.195584
v -0.479416 0.517410 -0.149521
v -0.484879 0.516724 -0.166554
v -0.447784 0.438156 -0.216832
v -0.445526 0.439011 -0.236823
v -0.450165 0.399261 -0.220189
v -0.406326 0.359589 -0.188175
v -0.405182 0.362534 -0.166257
v -0.440109 0.372604 -0.202089
v -0.440353 0.403122 -0.173470
v -0.307739 0.381226 -0.223987
v -0.302155 0.381729 -0.200055
v -0.313522 0.380203 -0.243513
v -0.183777 0.461792 -0.161318
v -0.107285 0.477493 -0.164293
v -0.111374 0.474197 -0.150687
v -0.115906 0.472122 -0.138970
v -0.120499 0.471237 -0.128236
v -0.235336 0.418655 -0.194518
v -0.232819 0.416458 -0.180731
v -0.237335 0.410751 -0.169008
v -0.188950 0.457245 -0.156610
v -0.503723 0.596115 -0.265648
v -0.500427 0.613144 -0.281860
v -0.515610 0.629517 -0.255836
v -0.486191 0.518463 -0.238683
v -0.489105 0.529877 -0.244627
v -0.487350 0.512161 -0.247446
v -0.483826 0.514313 -0.235351
v -0.489975 0.541504 -0.256173
v -0.485397 0.548019 -0.248494
v -0.487534 0.511490 -0.260683
v -0.485504 0.506912 -0.265775
v -0.483627 0.502884 -0.271816
v -0.482986 0.512009 -0.292401
v -0.479294 0.527222 -0.316792
v -0.483261 0.557449 -0.230783
v -0.470398 0.466370 -0.253794
v -0.463684 0.452942 -0.256836
v -0.462067 0.458054 -0.292034
v -0.452560 0.452515 -0.315035
v -0.462326 0.466522 -0.303818
v -0.444077 0.441650 -0.320232
v -0.441406 0.463425 -0.342552
v -0.456406 0.444000 -0.257884
v -0.449036 0.439011 -0.257207
v -0.434402 0.433563 -0.319942
v -0.422882 0.427155 -0.316483
v -0.440750 0.436356 -0.256973
v -0.434113 0.435120 -0.256085
v -0.410873 0.423340 -0.315730
v -0.407120 0.423523 -0.324965
v -0.405212 0.426208 -0.332667
v -0.395370 0.423859 -0.330728
v -0.384949 0.418701 -0.356730
v -0.415421 0.366531 -0.257687
v -0.413940 0.372604 -0.275933
v -0.403488 0.357910 -0.259176
v -0.415680 0.390991 -0.297221
v -0.408752 0.374008 -0.293243
v -0.399551 0.366745 -0.297706
v -0.402679 0.408356 -0.314969
v -0.393219 0.379379 -0.347241
v -0.389435 0.371109 -0.347761
v -0.395111 0.374435 -0.329767
v -0.390732 0.352173 -0.261712
v -0.390198 0.355896 -0.279966
v -0.387619 0.358307 -0.300310
v -0.382690 0.363068 -0.347150
v -0.391724 0.368713 -0.329108
v -0.334778 0.345856 -0.364544
v -0.281052 0.396759 -0.306342
v -0.287384 0.409531 -0.265122
v -0.282318 0.408112 -0.257625
v -0.298386 0.413391 -0.250980
v -0.294022 0.411438 -0.268750
v -0.225647 0.408859 -0.342079
v -0.236954 0.406097 -0.322765
v -0.243332 0.405533 -0.326086
v -0.238083 0.407059 -0.335924
v -0.336487 0.359482 -0.266506
v -0.325699 0.364182 -0.311996
v -0.336594 0.353134 -0.335767
v -0.307556 0.403458 -0.248353
v -0.310791 0.403824 -0.253645
v -0.304413 0.411148 -0.246016
v -0.312454 0.392319 -0.252552
v -0.486496 0.517136 -0.182940
v -0.483780 0.523087 -0.181291
v -0.486481 0.515152 -0.205940
v -0.491974 0.536316 -0.181663
v -0.485458 0.529831 -0.180818
v -0.244492 0.503479 -0.190047
v -0.210968 0.538727 -0.171411
v -0.177902 0.550674 -0.140703
v -0.155640 0.541702 -0.139726
v -0.089371 0.523849 -0.123779
v -0.094696 0.517487 -0.113329
v -0.278702 0.407410 -0.247407
v -0.260513 0.532639 -0.179733
v -0.232666 0.408234 -0.345403
v -0.320328 0.377808 -0.259533
v -0.336349 0.363922 -0.304205
v -0.311707 0.404114 -0.256375
v -0.302704 0.414185 -0.245718
v -0.296844 0.411713 -0.270327
v -0.266968 0.410599 -0.334305
v -0.439331 0.430679 -0.183944
v -0.396210 0.372864 -0.322593
v -0.396957 0.376343 -0.322820
v -0.395706 0.371552 -0.322506
v -0.395187 0.370819 -0.322409
v -0.391510 0.422562 -0.330292
v -0.414932 0.425919 -0.289118
v -0.423950 0.430023 -0.273463
v -0.431534 0.433975 -0.255588
v -0.398285 0.383530 -0.323140
v -0.466156 0.471710 -0.299418
v -0.441025 0.502731 -0.329337
v -0.484589 0.511703 -0.223408
v -0.483292 0.511719 -0.229725
v -0.478607 0.551575 -0.239808
v -0.483109 0.526337 -0.180808
v -0.482956 0.512344 -0.233042
v -0.481400 0.525330 -0.225860
v -0.477127 0.532364 -0.220302
v -0.522049 0.622284 -0.141060
v -0.514221 0.569458 -0.135223
v -0.493591 0.540375 -0.086892
v -0.525665 0.597534 -0.067927
v -0.527252 0.599319 -0.084155
v -0.528259 0.599518 -0.102678
v -0.523834 0.623627 -0.067257
v -0.521225 0.629303 -0.055377
v -0.480896 0.527832 -0.114386
v -0.480072 0.459869 -0.122928
v -0.472412 0.445877 -0.125669
v -0.478271 0.448090 -0.099631
v -0.464249 0.438599 -0.126745
v -0.468582 0.436752 -0.103882
v -0.472183 0.440918 -0.091217
v -0.473373 0.444916 -0.085979
v -0.496887 0.489548 -0.061607
v -0.496613 0.479401 -0.062384
v -0.497147 0.495102 -0.081200
v -0.492752 0.468719 -0.060781
v -0.455536 0.432022 -0.067742
v -0.372650 0.350800 -0.139210
v -0.363586 0.349579 -0.135950
v -0.411682 0.359207 -0.136002
v -0.425217 0.366165 -0.137074
v -0.436264 0.374451 -0.135681
v -0.451462 0.411530 -0.091536
v -0.447235 0.414520 -0.101917
v -0.455444 0.404343 -0.093361
v -0.456421 0.395859 -0.094849
v -0.437485 0.362885 -0.070679
v -0.430267 0.356903 -0.047058
v -0.394821 0.344574 -0.066589
v -0.392365 0.343185 -0.045650
v -0.360626 0.350876 -0.061520
v -0.358200 0.348587 -0.041954
v -0.441391 0.416870 -0.123729
v -0.450317 0.407120 -0.056330
v -0.445480 0.399689 -0.036566
v -0.351181 0.349899 -0.133005
v -0.334457 0.352264 -0.129319
v -0.321609 0.356369 -0.125045
v -0.311508 0.362885 -0.120604
v -0.330475 0.355591 -0.103297
v -0.336273 0.357101 -0.091429
v -0.331665 0.362274 -0.087213
v -0.121979 0.472839 -0.117674
v -0.121887 0.475143 -0.108289
v -0.153610 0.440063 -0.099536
v -0.118042 0.446030 -0.076666
v -0.107849 0.453156 -0.071264
v -0.121811 0.438751 -0.058438
v -0.099228 0.460709 -0.065364
v -0.093063 0.468536 -0.059521
v -0.101990 0.453873 -0.047433
v -0.091202 0.475861 -0.056005
v -0.093552 0.471649 -0.039284
v -0.093689 0.484558 -0.057753
v -0.096359 0.469589 -0.010504
v -0.097549 0.458496 -0.013582
v -0.104294 0.448364 -0.018423
v -0.114868 0.438721 -0.028081
v -0.125900 0.430008 -0.033212
v -0.128250 0.422058 -0.008599
v -0.162933 0.411514 -0.030308
v -0.181015 0.408707 -0.035438
v -0.188095 0.419586 -0.071236
v -0.191147 0.415436 -0.053795
v -0.197311 0.423035 -0.071412
v -0.194107 0.410156 -0.036663
v -0.195145 0.405029 -0.022179
v -0.242203 0.401443 -0.139656
v -0.234085 0.407516 -0.139483
v -0.250732 0.393250 -0.119423
v -0.225708 0.412491 -0.135505
v -0.191330 0.446045 -0.104021
v -0.200836 0.434830 -0.087466
v -0.255798 0.384689 -0.097939
v -0.266968 0.379364 -0.104676
v -0.276276 0.377823 -0.109915
v -0.284454 0.378708 -0.112962
v -0.291962 0.380417 -0.112341
v -0.296005 0.382294 -0.112930
v -0.283203 0.387421 -0.132388
v -0.312393 0.378281 -0.056502
v -0.317825 0.384567 -0.056237
v -0.314682 0.378586 -0.039794
v -0.233337 0.391266 -0.053407
v -0.230743 0.396057 -0.065956
v -0.217896 0.412964 -0.040470
v -0.215591 0.418274 -0.055996
v -0.213745 0.423569 -0.072676
v -0.217407 0.412796 -0.076539
v -0.211319 0.430328 -0.070454
v -0.226959 0.402512 -0.080849
v -0.205460 0.428558 -0.071068
v -0.274506 0.396774 -0.150908
v -0.282837 0.395935 -0.147840
v -0.297165 0.381653 -0.173809
v -0.304535 0.371689 -0.117639
v -0.314560 0.369949 -0.097305
v -0.300247 0.379761 -0.114761
v -0.325012 0.370972 -0.084212
v -0.262497 0.376816 -0.024755
v -0.260742 0.376724 -0.020079
v -0.118835 0.468079 -0.101004
v -0.121216 0.473221 -0.103078
v -0.279236 0.584167 -0.146924
v -0.284256 0.617828 -0.146325
v -0.290543 0.564621 -0.092698
v -0.286575 0.531693 -0.097496
v -0.297867 0.594681 -0.060558
v -0.299683 0.604416 -0.054586
v -0.183304 0.516891 -0.093447
v -0.189026 0.519958 -0.091013
v -0.241638 0.495087 -0.058804
v -0.239365 0.491714 -0.036798
v -0.234131 0.499390 -0.057762
v -0.224594 0.502518 -0.058001
v -0.220993 0.499527 -0.040412
v -0.202301 0.508362 -0.061707
v -0.278305 0.462952 -0.061206
v -0.281982 0.509979 -0.102067
v -0.278397 0.497238 -0.104674
v -0.268082 0.469040 -0.108074
v -0.263245 0.478104 -0.133452
v -0.264938 0.471298 -0.105326
v -0.254562 0.490753 -0.162787
v -0.260132 0.489471 -0.164863
v -0.217316 0.496292 -0.024013
v -0.228592 0.492599 -0.019693
v -0.212387 0.493881 -0.010324
v -0.207458 0.498611 -0.028023
v -0.180054 0.501144 -0.038616
v -0.174652 0.498596 -0.041854
v -0.184509 0.503265 -0.036382
v -0.320068 0.654984 -0.102772
v -0.328537 0.658020 -0.084682
v -0.337769 0.658752 -0.087749
v -0.345932 0.657898 -0.089543
v -0.357178 0.659424 -0.069696
v -0.376205 0.655396 -0.101560
v -0.385941 0.663788 -0.106783
v -0.389557 0.656052 -0.081635
v -0.368271 0.647690 -0.098705
v -0.364029 0.653442 -0.120067
v -0.408600 0.673264 -0.095684
v -0.410583 0.656052 -0.157332
v -0.355835 0.653290 -0.133788
v -0.441696 0.680084 -0.097967
v -0.430298 0.679352 -0.088593
v -0.450500 0.680984 -0.080670
v -0.419693 0.676331 -0.080361
v -0.410355 0.668259 -0.071462
v -0.402954 0.652618 -0.061212
v -0.396942 0.641510 -0.057157
v -0.414749 0.653000 -0.047743
v -0.386261 0.646149 -0.050115
v -0.375900 0.655090 -0.050010
v -0.391632 0.639786 -0.053748
v -0.367126 0.659683 -0.049839
v -0.303345 0.612198 -0.047567
v -0.458344 0.680786 -0.063996
v -0.469757 0.679337 -0.072909
v -0.425369 0.655838 -0.037315
v -0.425217 0.645111 -0.029202
v -0.440292 0.661545 -0.026658
v -0.161163 0.511002 -0.086866
v -0.138306 0.520187 -0.112353
v -0.132385 0.516205 -0.113172
v -0.117554 0.515778 -0.107309
v -0.115051 0.509979 -0.094896
v -0.107162 0.514999 -0.102508
v -0.125626 0.515228 -0.111600
v -0.121109 0.505203 -0.072585
v -0.111359 0.501694 -0.067385
v -0.116516 0.506622 -0.084925
v -0.128540 0.506561 -0.077456
v -0.135132 0.502167 -0.049146
v -0.135529 0.499847 -0.039207
v -0.158661 0.499329 -0.047004
v -0.167801 0.497986 -0.044537
v -0.138229 0.496490 -0.026479
v -0.141388 0.494080 -0.017417
v -0.101700 0.494217 -0.061791
v -0.096436 0.482758 -0.084297
v -0.098404 0.512970 -0.103764
v -0.484970 0.677750 -0.086777
v -0.461151 0.672485 -0.136337
v -0.491821 0.503159 -0.104646
v -0.213806 0.513565 -0.092673
v -0.203125 0.499680 -0.029742
v -0.171890 0.497635 -0.043303
v -0.173508 0.500519 -0.053932
v -0.174789 0.502869 -0.067640
v -0.170670 0.527725 -0.119617
v -0.193222 0.521118 -0.089977
v -0.187027 0.504074 -0.035246
v -0.182114 0.501663 -0.022358
v -0.270813 0.456100 -0.059433
v -0.266861 0.464417 -0.080742
v -0.263107 0.472763 -0.103990
v -0.276932 0.491928 -0.105887
v -0.271118 0.504288 -0.130239
v -0.265915 0.518356 -0.154752
v -0.262253 0.489609 -0.165970
v -0.129379 0.514969 -0.113245
v -0.131210 0.507278 -0.080138
v -0.114594 0.507568 -0.089916
v -0.104141 0.486755 -0.094736
v -0.111908 0.481567 -0.098516
v -0.121964 0.475403 -0.104476
v -0.286362 0.395355 -0.147197
v -0.290451 0.388107 -0.132640
v -0.298065 0.382690 -0.113508
v -0.319962 0.386642 -0.056378
v -0.441315 0.427429 -0.081284
v -0.473709 0.446335 -0.082921
v -0.394119 0.637772 -0.055473
v -0.379089 0.643570 -0.076680
v -0.364639 0.645126 -0.097384
v -0.417389 0.581665 0.265057
v -0.427490 0.568726 0.260754
v -0.506577 0.619766 0.045631
v -0.498810 0.633087 0.046693
v -0.516678 0.646423 -0.002406
v -0.519745 0.649918 -0.019794
v -0.518875 0.654007 -0.033175
v -0.521072 0.645828 -0.036875
v -0.521545 0.640076 -0.040454
v -0.520569 0.634308 -0.047102
v -0.522842 0.614670 -0.005253
v -0.486328 0.557556 0.116947
v -0.496735 0.545868 0.095557
v -0.489594 0.543945 0.110662
v -0.471878 0.570984 0.147918
v -0.435669 0.552383 0.254384
v -0.425598 0.505539 0.268206
v -0.453674 0.512833 0.211500
v -0.458557 0.517242 0.196832
v -0.463577 0.523087 0.181980
v -0.469116 0.528931 0.164969
v -0.473007 0.531738 0.151709
v -0.468307 0.515945 0.149806
v -0.483383 0.525101 0.107779
v -0.486893 0.529358 0.104790
v -0.475189 0.519699 0.116935
v -0.490128 0.533737 0.102963
v -0.483185 0.540680 0.126256
v -0.503632 0.543015 0.058201
v -0.505722 0.547028 0.041542
v -0.509079 0.555054 0.022823
v -0.417130 0.468857 0.202909
v -0.438293 0.488678 0.141774
v -0.449753 0.495148 0.143265
v -0.460037 0.503845 0.146601
v -0.433456 0.486328 0.242146
v -0.468079 0.515137 0.118634
v -0.489044 0.514984 0.054818
v -0.481613 0.509399 0.053549
v -0.495392 0.542068 -0.003711
v -0.496124 0.549255 -0.009452
v -0.475128 0.515335 0.020473
v -0.475510 0.508514 0.037138
v -0.468613 0.512177 0.021846
v -0.474380 0.504974 0.053392
v -0.470337 0.503326 0.069907
v -0.463242 0.502792 0.089333
v -0.487335 0.478836 0.010845
v -0.483856 0.488876 0.014446
v -0.476105 0.499405 0.016452
v -0.468491 0.507111 0.020402
v -0.475861 0.492859 0.035845
v -0.468491 0.511353 -0.011800
v -0.462128 0.521042 -0.004168
v -0.474670 0.486832 0.053745
v -0.428314 0.399307 0.031565
v -0.419662 0.400833 0.030407
v -0.437424 0.398972 0.007375
v -0.445526 0.406494 0.070588
v -0.451874 0.412735 0.076591
v -0.439835 0.403946 0.083446
v -0.457504 0.420792 0.082049
v -0.467041 0.437973 0.084251
v -0.470169 0.460602 0.093581
v -0.462067 0.457306 0.108926
v -0.455841 0.455261 0.116111
v -0.450027 0.463043 0.121573
v -0.444992 0.433090 0.126773
v -0.446533 0.437073 0.121383
v -0.444901 0.421768 0.119783
v -0.442688 0.412445 0.111989
v -0.438248 0.408463 0.125106
v -0.439087 0.405319 0.105288
v -0.433868 0.397202 0.096339
v -0.427567 0.389420 0.111649
v -0.405670 0.374374 0.113899
v -0.399887 0.372375 0.114536
v -0.411545 0.374619 0.120887
v -0.418808 0.380707 0.127829
v -0.427048 0.391769 0.135127
v -0.433441 0.404465 0.144565
v -0.429245 0.400055 0.160601
v -0.441544 0.436035 0.159761
v -0.437424 0.430862 0.175531
v -0.431396 0.423981 0.194427
v -0.429626 0.410080 0.187694
v -0.446564 0.403595 -0.013116
v -0.437943 0.403824 -0.013395
v -0.424500 0.394241 0.177398
v -0.358368 0.346817 -0.029476
v -0.420975 0.351593 -0.023308
v -0.432388 0.360641 -0.020984
v -0.404083 0.343826 -0.025191
v -0.438965 0.370255 -0.020185
v -0.440994 0.380524 -0.018590
v -0.430008 0.362793 0.004608
v -0.438553 0.390091 -0.015721
v -0.435303 0.399597 -0.014535
v -0.430450 0.385208 0.005396
v -0.421844 0.385559 0.030123
v -0.417709 0.396973 0.029847
v -0.425812 0.370926 0.028010
v -0.423126 0.360809 0.027422
v -0.415833 0.360489 0.049161
v -0.333176 0.322403 0.035628
v -0.388336 0.335526 0.059239
v -0.400696 0.348633 0.065973
v -0.397858 0.369751 0.111491
v -0.396606 0.363113 0.112512
v -0.387436 0.341888 -0.026970
v -0.389847 0.513947 0.339077
v -0.374680 0.469406 0.358313
v -0.359985 0.460129 0.366234
v -0.373535 0.402191 0.291991
v -0.364258 0.379791 0.259176
v -0.371246 0.389282 0.251206
v -0.334320 0.341919 0.210429
v -0.324081 0.336365 0.225552
v -0.383926 0.414658 0.259903
v -0.380005 0.413483 0.254160
v -0.390625 0.435150 0.298675
v -0.391891 0.440628 0.300681
v -0.394165 0.446960 0.301549
v -0.392380 0.450790 0.307767
v -0.313828 0.333405 0.244902
v -0.330032 0.339005 0.250540
v -0.343216 0.351608 0.259447
v -0.342392 0.354660 0.271977
v -0.338928 0.353973 0.282580
v -0.273087 0.338654 0.279727
v -0.272400 0.341644 0.297079
v -0.261826 0.341980 0.277564
v -0.269958 0.343475 0.306831
v -0.275085 0.344513 0.313086
v -0.258865 0.345764 0.301978
v -0.280197 0.349670 0.323719
v -0.282898 0.359039 0.338441
v -0.293213 0.350067 0.320441
v -0.283859 0.368332 0.347982
v -0.283188 0.379242 0.352310
v -0.270844 0.369232 0.350988
v -0.308212 0.398544 0.349764
v -0.294968 0.394455 0.351122
v -0.280960 0.393616 0.351479
v -0.257263 0.452301 0.377495
v -0.273636 0.456558 0.380056
v -0.241119 0.448654 0.375183
v -0.295151 0.298508 0.110703
v -0.281662 0.293640 0.132609
v -0.247177 0.291733 0.205477
v -0.238098 0.291214 0.200767
v -0.230850 0.290298 0.199206
v -0.222046 0.294235 0.219738
v -0.224731 0.288971 0.188663
v -0.214935 0.301743 0.245120
v -0.184189 0.321625 0.294588
v -0.185165 0.333939 0.317309
v -0.240021 0.339935 0.309891
v -0.233643 0.339355 0.317622
v -0.278473 0.323441 0.228924
v -0.277176 0.334961 0.230489
v -0.364899 0.333206 0.157459
v -0.369324 0.341187 0.169537
v -0.363007 0.320099 0.123520
v -0.320374 0.308243 0.170967
v -0.344894 0.308517 0.082016
v -0.371811 0.345810 0.184786
v -0.374985 0.349747 0.197279
v -0.379044 0.356750 0.210465
v -0.383850 0.399704 0.244263
v -0.387329 0.388947 0.239057
v -0.379761 0.408813 0.248816
v -0.389999 0.380447 0.232820
v -0.342316 0.451874 0.371699
v -0.322266 0.442383 0.373819
v -0.340622 0.398605 0.333911
v -0.343674 0.386032 0.322416
v -0.344330 0.373535 0.307168
v -0.326187 0.360443 0.315109
v -0.308670 0.353119 0.318597
v -0.291534 0.462219 0.381681
v -0.297958 0.446732 0.379742
v -0.286865 0.477051 0.378140
v -0.302856 0.435089 0.373860
v -0.144257 0.406876 0.339418
v -0.144577 0.417740 0.336448
v -0.159882 0.411194 0.352757
v -0.162918 0.366745 0.342412
v -0.147614 0.360550 0.324667
v -0.176361 0.351944 0.336169
v -0.182388 0.349640 0.337253
v -0.189926 0.346390 0.335823
v -0.227509 0.343643 0.330483
v -0.191162 0.403030 0.367047
v -0.211670 0.410202 0.371742
v -0.179199 0.421204 0.363864
v -0.201340 0.433762 0.371633
v -0.224136 0.443710 0.374310
v -0.217697 0.454269 0.370324
v -0.226303 0.409561 0.369200
v -0.239700 0.403000 0.361895
v -0.324707 0.354370 -0.000313
v -0.253677 0.292099 0.145586
v -0.258514 0.290466 0.148548
v -0.267426 0.290482 0.149965
v -0.293549 0.320572 0.063525
v -0.131607 0.354935 0.301888
v -0.161682 0.337067 0.288851
v -0.157547 0.336304 0.270175
v -0.194580 0.401337 -0.010828
v -0.190964 0.397873 -0.001298
v -0.186935 0.394806 0.007716
v -0.182617 0.392059 0.018931
v -0.156998 0.383575 0.066313
v -0.165970 0.386017 0.052599
v -0.147308 0.381805 0.078744
v -0.138245 0.381226 0.090002
v -0.130157 0.385925 0.085160
v -0.127609 0.381851 0.104627
v -0.122238 0.393570 0.079184
v -0.113052 0.396057 0.091883
v -0.115799 0.403046 0.071808
v -0.111725 0.412430 0.065008
v -0.100616 0.450104 0.056772
v -0.095505 0.468506 0.047191
v -0.093323 0.483139 0.041534
v -0.086823 0.485397 0.047649
v -0.066956 0.487793 0.093921
v -0.073135 0.486679 0.075938
v -0.069122 0.502075 0.095357
v -0.062531 0.488602 0.113044
v -0.071411 0.450775 0.117439
v -0.063309 0.471039 0.125734
v -0.094025 0.403091 0.167827
v -0.101868 0.389969 0.147011
v -0.099182 0.386780 0.181067
v -0.102631 0.375290 0.180755
v -0.108124 0.359421 0.186571
v -0.115189 0.356613 0.170901
v -0.096802 0.392883 0.231931
v -0.097443 0.405457 0.234054
v -0.100922 0.418793 0.237368
v -0.086243 0.454926 0.181383
v -0.079880 0.465530 0.170661
v -0.095718 0.470169 0.182812
v -0.072220 0.475708 0.157770
v -0.065155 0.482513 0.143619
v -0.061996 0.486832 0.129645
v -0.066696 0.500824 0.129992
v -0.127914 0.415649 0.010869
v -0.107101 0.445526 0.040740
v -0.079987 0.487015 0.059531
v -0.082275 0.501495 0.059737
v -0.166183 0.341721 0.106501
v -0.219986 0.357574 0.042719
v -0.207733 0.372513 0.041311
v -0.235016 0.345108 0.046631
v -0.233398 0.378662 -0.007463
v -0.233521 0.383224 -0.019197
v -0.234207 0.384537 -0.024832
v -0.244003 0.377686 -0.020875
v -0.201538 0.385056 0.043559
v -0.134552 0.351425 0.146108
v -0.175308 0.389008 0.035686
v -0.101883 0.400696 0.109572
v -0.107574 0.391144 0.118033
v -0.113907 0.383759 0.125829
v -0.123550 0.353470 0.159725
v -0.132217 0.336182 0.166872
v -0.296524 0.356201 0.028216
v -0.260391 0.322876 0.104186
v -0.257111 0.334656 0.102351
v -0.247406 0.341629 0.052126
v -0.256851 0.343353 0.057791
v -0.257248 0.372635 -0.012702
v -0.258987 0.375046 -0.015401
v -0.315796 0.380051 -0.028311
v -0.265274 0.346939 0.062656
v -0.271606 0.350449 0.064896
v -0.185181 0.291260 0.206692
v -0.170593 0.292740 0.193583
v -0.175293 0.296234 0.217890
v -0.197891 0.288620 0.191928
v -0.212952 0.289597 0.173094
v -0.158783 0.301529 0.180857
v -0.149582 0.305466 0.199195
v -0.149994 0.311630 0.174009
v -0.142441 0.321381 0.170049
v -0.183624 0.324921 0.123387
v -0.168793 0.301636 0.223859
v -0.156876 0.304337 0.216879
v -0.147964 0.323181 0.224421
v -0.147415 0.318100 0.220216
v -0.157150 0.330490 0.250018
v -0.254242 0.442596 0.060573
v -0.250061 0.440216 0.070212
v -0.251923 0.438873 0.058299
v -0.256744 0.446487 0.062322
v -0.246292 0.439392 0.080327
v -0.239441 0.439499 0.092527
v -0.244354 0.435913 0.077855
v -0.226822 0.440369 0.107121
v -0.225342 0.436676 0.102447
v -0.230240 0.444214 0.110299
v -0.284378 0.476196 0.003271
v -0.282104 0.471298 0.028069
v -0.292511 0.493134 0.009562
v -0.279022 0.466553 0.044022
v -0.270065 0.457962 0.041605
v -0.288681 0.481186 0.052694
v -0.237503 0.487106 -0.015924
v -0.246017 0.478699 -0.014669
v -0.258179 0.462845 -0.011528
v -0.200760 0.457367 0.141777
v -0.221359 0.451004 0.134484
v -0.201736 0.459305 0.150683
v -0.244186 0.463669 0.153032
v -0.246628 0.473236 0.168688
v -0.225266 0.461136 0.160265
v -0.240814 0.453873 0.135555
v -0.237961 0.449005 0.121533
v -0.234024 0.447144 0.114918
v -0.297852 0.506729 0.069723
v -0.299225 0.512146 0.047241
v -0.298767 0.515320 0.020973
v -0.250854 0.480331 0.178314
v -0.210663 0.472046 0.185663
v -0.188995 0.476776 0.074097
v -0.194885 0.477676 0.072755
v -0.190750 0.466751 0.087440
v -0.137695 0.495926 0.085073
v -0.132111 0.502960 0.083426
v -0.141449 0.497833 0.070285
v -0.128281 0.506378 0.081558
v -0.144394 0.496964 0.052358
v -0.146805 0.494934 0.032871
v -0.147034 0.493500 0.049812
v -0.192245 0.488754 0.028817
v -0.217041 0.491745 0.012126
v -0.214935 0.491699 0.021057
v -0.212830 0.492432 0.006412
v -0.205368 0.493011 0.000255
v -0.140289 0.504318 0.018462
v -0.147873 0.500076 0.014807
v -0.137497 0.504395 0.026543
v -0.137695 0.507980 0.016357
v -0.157379 0.497253 0.009834
v -0.167053 0.496262 0.003349
v -0.159180 0.492737 0.014548
v -0.176041 0.496643 -0.004424
v -0.174911 0.500183 -0.009755
v -0.128174 0.502060 0.011757
v -0.119202 0.506607 0.024564
v -0.123993 0.497849 0.009953
v -0.133896 0.507477 0.013723
v -0.089386 0.516891 0.064825
v -0.081833 0.517654 0.081259
v -0.098785 0.515640 0.050231
v -0.076355 0.517303 0.098171
v -0.074997 0.517639 0.115212
v -0.085022 0.530930 0.101422
v -0.077011 0.515732 0.130500
v -0.109161 0.484680 0.181391
v -0.145126 0.492874 0.167511
v -0.100906 0.526398 0.122112
v -0.101639 0.526962 0.109661
v -0.104691 0.525177 0.094720
v -0.093262 0.533081 0.100679
v -0.106812 0.524475 0.082797
v -0.107773 0.526123 0.074461
v -0.120834 0.513947 0.065625
v -0.248474 0.455460 0.037631
v -0.192307 0.452835 0.102332
v -0.183823 0.454575 0.102697
v -0.117004 0.512222 0.100802
v -0.421967 0.640945 -0.011896
v -0.435501 0.650131 -0.006420
v -0.412308 0.633331 -0.015355
v -0.424454 0.640930 -0.020948
v -0.448868 0.654739 -0.001727
v -0.461441 0.654800 0.006993
v -0.444809 0.653580 0.010145
v -0.452087 0.655457 -0.009105
v -0.489197 0.657547 -0.001579
v -0.471054 0.663284 -0.013065
v -0.454651 0.664291 -0.020160
v -0.454041 0.658676 -0.015476
v -0.472488 0.650269 0.022910
v -0.477478 0.645691 0.035496
v -0.455276 0.651062 0.027150
v -0.483582 0.640656 0.045976
v -0.440720 0.651398 0.025619
v -0.395538 0.640320 0.016597
v -0.388016 0.648102 0.019559
v -0.400162 0.633514 0.014114
v -0.392303 0.637466 0.032981
v -0.376770 0.653946 0.020944
v -0.375687 0.651077 0.037374
v -0.408569 0.632080 0.047780
v -0.400803 0.624207 0.046404
v -0.388947 0.632095 0.049226
v -0.381897 0.641830 0.050153
v -0.394653 0.624619 0.046313
v -0.386459 0.628494 0.060006
v -0.375198 0.647400 0.049664
v -0.334320 0.647827 0.057317
v -0.316330 0.641022 0.056580
v -0.335083 0.640930 0.080755
v -0.307266 0.628586 0.051813
v -0.305634 0.611588 0.047088
v -0.308487 0.590012 0.039649
v -0.310287 0.561951 0.036806
v -0.307602 0.558044 0.034794
v -0.336884 0.631119 0.109623
v -0.377716 0.636414 0.103058
v -0.399506 0.632538 0.099382
v -0.416336 0.626602 0.119010
v -0.400391 0.630402 0.090159
v -0.401947 0.624756 0.083244
v -0.421661 0.619049 0.097157
v -0.390106 0.626144 0.070388
v -0.442001 0.613297 0.105606
v -0.438660 0.617264 0.119422
v -0.434250 0.619308 0.135043
v -0.363770 0.625275 0.139167
v -0.382156 0.621780 0.175894
v -0.377655 0.619232 0.190487
v -0.374237 0.619995 0.165008
v -0.373077 0.615280 0.203426
v -0.368683 0.609467 0.221533
v -0.330612 0.596405 0.160859
v -0.327881 0.584381 0.153801
v -0.330215 0.571991 0.149003
v -0.334763 0.562119 0.149100
v -0.321732 0.543549 0.165355
v -0.332764 0.555069 0.178681
v -0.340927 0.564255 0.193613
v -0.347809 0.565460 0.186822
v -0.372711 0.600311 0.245080
v -0.365982 0.588211 0.256005
v -0.357864 0.569763 0.272323
v -0.348953 0.551544 0.289915
v -0.338745 0.537323 0.307281
v -0.329391 0.526871 0.321237
v -0.298981 0.515884 0.258708
v -0.300369 0.500793 0.180590
v -0.275818 0.481003 0.224507
v -0.269974 0.492279 0.255091
v -0.256866 0.484222 0.248452
v -0.242142 0.476471 0.240036
v -0.237732 0.477188 0.206015
v -0.237869 0.480286 0.197282
v -0.224197 0.474716 0.207312
v -0.207169 0.471863 0.207666
v -0.204224 0.463470 0.227314
v -0.205643 0.460495 0.236358
v -0.191956 0.460648 0.227217
v -0.206665 0.459610 0.245856
v -0.270309 0.483444 0.278455
v -0.321579 0.518219 0.331053
v -0.310501 0.506592 0.342055
v -0.320786 0.497238 0.367327
v -0.286209 0.487793 0.367545
v -0.216110 0.465500 0.360043
v -0.216827 0.472748 0.346912
v -0.259384 0.491470 0.333352
v -0.240143 0.485260 0.332332
v -0.219330 0.474426 0.332421
v -0.221771 0.472458 0.315248
v -0.222321 0.469223 0.296142
v -0.160309 0.446747 0.315082
v -0.154877 0.441513 0.323981
v -0.149399 0.430359 0.331917
v -0.149185 0.476364 0.192630
v -0.176422 0.455963 0.241394
v -0.183319 0.458649 0.231045
v -0.141403 0.452515 0.265184
v -0.390152 0.455734 0.317682
v -0.147842 0.494156 0.025273
v -0.148254 0.493362 0.030169
v -0.160416 0.490921 0.016382
v -0.132172 0.506393 0.042976
v -0.122025 0.496094 0.008461
v -0.132217 0.494812 -0.005349
v -0.143005 0.493439 -0.013521
v -0.173920 0.501358 -0.012224
v -0.136353 0.509216 0.014969
v -0.127762 0.514511 0.024861
v -0.118744 0.522354 0.040113
v -0.115784 0.520050 0.039417
v -0.088638 0.535583 0.102639
v -0.106659 0.519577 0.156042
v -0.306274 0.555573 0.033598
v -0.237839 0.481171 0.193387
v -0.285370 0.505707 0.163689
v -0.203369 0.463425 0.162774
v -0.148499 0.492050 0.048336
v -0.138290 0.489761 0.101692
v -0.193787 0.438721 0.117797
v -0.224808 0.435486 0.100449
v -0.237091 0.435196 0.087865
v -0.243057 0.434814 0.076965
v -0.250839 0.437607 0.057474
v -0.232071 0.446014 0.112028
v -0.258286 0.448563 0.063342
v -0.262527 0.451401 0.052172
v -0.266464 0.454224 0.040487
v -0.367004 0.607162 0.228017
v -0.336044 0.558029 0.149148
v -0.342880 0.560791 0.167963
v -0.350174 0.566406 0.184088
v -0.358444 0.580490 0.206267
v -0.304611 0.501587 0.346200
v -0.304626 0.499924 0.342214
v -0.233231 0.462128 0.254647
v -0.295486 0.484634 0.311465
v -0.304153 0.490082 0.325476
v -0.305786 0.495956 0.335930
v -0.157623 0.446121 0.296201
v -0.161362 0.446304 0.291138
v -0.092239 0.408295 0.194545
v -0.170822 0.446228 0.276968
v -0.186768 0.459625 0.227397
v -0.168701 0.466217 0.209942
v -0.100372 0.428131 0.197881
v -0.370697 0.619400 0.160773
v -0.216873 0.411331 -0.006871
v -0.179153 0.388260 0.076679
v -0.108749 0.513107 0.038528
v -0.215973 0.320999 0.119884
v -0.220139 0.322083 0.120391
v -0.317612 0.384171 -0.010866
v -0.259796 0.376312 -0.017488
v -0.274414 0.351334 0.065825
v -0.265961 0.344559 0.083513
v -0.255371 0.338852 0.101441
v -0.229935 0.324554 0.122180
v -0.237335 0.325989 0.123676
v -0.152740 0.329926 0.147057
v -0.241028 0.326660 0.123798
v -0.333603 0.374573 -0.015619
v -0.341675 0.362335 -0.012695
v -0.350906 0.352402 -0.011241
v -0.146698 0.311172 0.211205
v -0.160400 0.351349 0.322742
v -0.253036 0.372772 0.354297
v -0.208099 0.427536 0.375365
v -0.249283 0.402725 0.355489
v -0.254913 0.346054 0.299581
v -0.255798 0.345062 0.293471
v -0.277206 0.339249 0.231441
v -0.257248 0.342636 0.276765
v -0.406967 0.359253 0.069249
v -0.398438 0.356232 0.089152
v -0.392624 0.352570 0.111030
v -0.520294 0.631836 -0.050207
v -0.480270 0.542526 0.135485
v -0.434647 0.403336 -0.013837
v -0.426102 0.399765 0.005831
v -0.416672 0.401016 0.029546
v -0.402161 0.392761 0.075607
v -0.477188 0.529648 -0.050673
v -0.473022 0.538483 -0.011236
v -0.486542 0.544540 -0.012217
v -0.496185 0.551620 -0.012533
v -0.502960 0.560394 -0.014265
v -0.507950 0.571487 -0.019355
v -0.511795 0.584366 -0.027499
v -0.515182 0.598465 -0.038229
v -0.460175 0.524994 -0.001367
v -0.463211 0.518204 0.007963
v -0.466202 0.510376 0.022031
v -0.441116 0.496094 0.112155
v -0.429123 0.484268 0.136954
v -0.432159 0.481445 0.134208
v -0.363037 0.379791 0.278940
v -0.405441 0.474930 0.241533
v -0.378540 0.412460 0.251279
v -0.440247 0.472977 0.128631
v -0.447769 0.438873 0.118636
v -0.500702 0.542313 0.087129
v -0.385910 0.626953 0.064857
v -0.397400 0.621826 0.045708
v -0.399521 0.628281 0.029359
v -0.402618 0.631119 0.013379
v -0.405792 0.631561 -0.002134
v -0.408157 0.630844 -0.017273
v -0.425186 0.641205 -0.025277
v -0.439377 0.650742 -0.018565
v -0.453552 0.656265 -0.012738
v -0.221497 0.477936 0.047850
v -0.179642 0.455658 0.102874
v -0.198181 0.477890 0.071691
v -0.213654 0.490997 0.025947
v 0.026001 0.514725 0.518280
v 0.018265 0.502579 0.527889
v 0.014496 0.483307 0.499746
v 0.012802 0.509155 0.192519
v 0.015335 0.495346 0.226935
v 0.016739 0.481873 0.199204
v 0.015335 0.531158 0.250819
v 0.016251 0.498703 0.274236
v 0.022430 0.494492 0.259866
v 0.016632 0.453476 0.292757
v 0.018036 0.462463 0.296559
v 0.014496 0.452454 0.320036
v 0.013367 0.486450 0.493846
v 0.014297 0.521225 0.495361
v 0.025162 0.517227 0.512989
v 0.011398 0.472031 0.360268
v 0.018723 0.492096 0.359977
v 0.008713 0.514023 0.440887
v 0.010681 0.545319 0.324072
v 0.009552 0.550491 0.312587
v 0.023605 0.515457 0.338266
v 0.016251 0.532043 0.355420
v 0.011536 0.469025 0.347217
v 0.014893 0.484161 0.324129
v 0.020813 0.486603 0.336305
v 0.018158 0.509125 0.310618
v 0.012283 0.536743 0.314248
v 0.024170 0.508743 0.326718
v 0.034393 0.441666 0.504796
v 0.022079 0.439636 0.491617
v 0.011688 0.445084 0.508343
v 0.117218 0.455231 0.278751
v 0.106247 0.442993 0.257533
v 0.094833 0.439423 0.244994
v 0.123672 0.521286 0.496444
v 0.154465 0.532669 0.462947
v 0.118286 0.504105 0.473347
v 0.089752 0.474609 0.458871
v 0.093109 0.479767 0.499229
v 0.107147 0.501251 0.406405
v 0.099350 0.478287 0.409135
v 0.216476 0.460983 0.313916
v 0.226990 0.460648 0.299871
v 0.201920 0.448776 0.288395
v 0.144562 0.437973 0.227850
v 0.133682 0.445236 0.251667
v 0.169815 0.442139 0.265501
v 0.199341 0.520126 0.395775
v 0.199982 0.548523 0.432837
v 0.220337 0.523087 0.410845
v 0.201599 0.469101 0.324775
v 0.202057 0.475113 0.335095
v 0.291977 0.522644 0.422649
v 0.302124 0.517136 0.415604
v 0.301147 0.506058 0.395215
v 0.122787 0.513321 0.430277
v 0.118118 0.503204 0.451555
v 0.145523 0.521408 0.443374
v 0.045227 0.440765 0.488762
v 0.056580 0.440399 0.461492
v 0.038223 0.432709 0.461240
v 0.192139 0.438873 0.237883
v 0.169495 0.448761 0.204883
v 0.158905 0.442001 0.205995
v 0.137772 0.450745 0.186059
v 0.125366 0.455658 0.182775
v 0.113312 0.449142 0.189939
v 0.361725 0.546799 0.376725
v 0.342636 0.525360 0.328817
v 0.349716 0.538513 0.310858
v 0.318146 0.506790 0.299023
v 0.133835 0.486176 0.348261
v 0.150558 0.483246 0.351090
v 0.149734 0.465820 0.309581
v 0.041138 0.553665 0.534028
v 0.394440 0.624405 0.147103
v 0.369629 0.622528 0.143354
v 0.365875 0.620529 0.149146
v 0.419846 0.633667 0.176308
v 0.420685 0.623917 0.145509
v 0.413391 0.643845 0.077902
v 0.389816 0.629898 0.107914
v 0.420059 0.629852 0.109101
v 0.447098 0.642166 0.114949
v 0.418320 0.657501 0.066274
v 0.039001 0.577850 0.218251
v 0.045700 0.555557 0.222200
v 0.059204 0.560181 0.255716
v 0.040878 0.552505 0.202017
v 0.264008 0.532745 0.292526
v 0.269791 0.541367 0.295368
v 0.261780 0.551056 0.306402
v 0.183380 0.488678 0.203888
v 0.220901 0.488342 0.222007
v 0.195007 0.501923 0.239491
v 0.259338 0.589249 0.325638
v 0.266068 0.598495 0.314348
v 0.252594 0.611191 0.332318
v 0.092804 0.553238 0.297162
v 0.076767 0.580276 0.291570
v 0.268890 0.725693 0.129780
v 0.232483 0.625412 0.353409
v 0.236938 0.655075 0.341135
v 0.362686 0.613541 0.173733
v 0.355408 0.623657 0.147506
v 0.314545 0.670685 0.160090
v 0.287186 0.684570 0.160451
v 0.278839 0.691254 0.178451
v 0.279404 0.698547 0.162828
v 0.344818 0.562195 0.300358
v 0.305817 0.560272 0.288682
v 0.302307 0.526459 0.286025
v 0.274002 0.563904 0.299002
v 0.275482 0.536438 0.291656
v 0.283600 0.644470 0.242624
v 0.314758 0.615189 0.235117
v 0.312378 0.627365 0.225174
v 0.304153 0.629944 0.191966
v 0.323914 0.616531 0.183028
v 0.275421 0.649689 0.252711
v 0.272324 0.658569 0.256907
v 0.275726 0.629440 0.287407
v 0.280289 0.615524 0.275698
v 0.215210 0.457108 0.221216
v 0.230698 0.459915 0.237417
v 0.227737 0.471313 0.214241
v 0.191162 0.461014 0.203690
v 0.164368 0.470749 0.191813
v 0.068527 0.469757 0.560993
v 0.064194 0.514664 0.601235
v 0.104050 0.513840 0.593704
v 0.021866 0.487091 0.340772
v 0.024994 0.507675 0.341316
v 0.070969 0.450516 0.462292
v 0.113983 0.507141 0.404020
v 0.107254 0.504929 0.416962
v 0.100983 0.468765 0.188480
v 0.079956 0.449173 0.217876
v 0.030334 0.486328 0.188933
v 0.026306 0.517776 0.179469
v 0.023285 0.492249 0.253322
v 0.011017 0.475906 0.490647
v 0.022736 0.541946 0.576897
v 0.018982 0.521194 0.571867
v 0.021179 0.530319 0.557524
v 0.241043 0.457947 0.279694
v 0.208344 0.447739 0.281126
v 0.231232 0.460434 0.294337
v 0.302765 0.513214 0.346610
v 0.295700 0.510422 0.353174
v 0.292618 0.542603 0.440567
v 0.288712 0.540909 0.434998
v 0.283661 0.544174 0.441289
v 0.194916 0.550949 0.444451
v 0.186966 0.548248 0.435998
v 0.105759 0.509384 0.554325
v 0.301056 0.587128 0.294721
v 0.291855 0.582687 0.299056
v 0.306030 0.581604 0.294259
v 0.287964 0.631485 0.247273
v 0.311676 0.608063 0.243490
v 0.312332 0.612320 0.238961
v 0.358093 0.617874 0.230562
v 0.359131 0.619247 0.226781
v 0.323486 0.662643 0.153932
v 0.321777 0.662109 0.162229
v 0.279007 0.689529 0.183341
v 0.272751 0.696167 0.184208
v 0.260757 0.497650 0.260008
v 0.260071 0.506485 0.269618
v 0.250488 0.499924 0.260154
v 0.174271 0.484314 0.194688
v 0.163925 0.490738 0.198407
v 0.059036 0.517029 0.187496
v 0.060944 0.524567 0.192209
v 0.049438 0.526459 0.188082
v 0.033798 0.585907 0.214606
v 0.005402 0.438507 0.425934
v 0.012558 0.436111 0.360235
v 0.009537 0.460632 0.354565
v 0.013412 0.541687 0.244467
v 0.112534 0.432953 0.233674
v 0.119675 0.436295 0.201579
v 0.130463 0.432861 0.213403
v 0.140457 0.437546 0.196519
v 0.172424 0.532211 0.437229
v 0.191910 0.469208 0.322290
v 0.155121 0.460236 0.297686
v 0.196533 0.445786 0.281013
v 0.205582 0.445114 0.276381
v 0.221542 0.447723 0.263375
v 0.121002 0.532547 0.506174
v 0.100052 0.501205 0.537624
v 0.261963 0.501358 0.392477
v 0.264465 0.524628 0.423940
v 0.281647 0.494904 0.369864
v 0.054596 0.437820 0.308481
v 0.061798 0.441788 0.313411
v 0.070206 0.444534 0.254992
v 0.018646 0.437317 0.466293
v 0.031174 0.438950 0.493335
v 0.065826 0.451294 0.217429
v 0.096283 0.442764 0.213224
v 0.018860 0.432358 0.293292
v 0.042542 0.435516 0.298832
v 0.043076 0.441696 0.257976
v 0.254471 0.573593 0.324604
v 0.255325 0.581604 0.327040
v 0.249100 0.585999 0.334550
v 0.236328 0.585037 0.345070
v 0.265610 0.707275 0.200657
v 0.272461 0.706421 0.173079
v 0.282318 0.704346 0.092609
v 0.292892 0.688461 0.093386
v 0.298889 0.694962 0.075848
v 0.317322 0.660095 0.092227
v 0.285187 0.690613 0.121716
v 0.297256 0.709869 0.066022
v 0.271652 0.725906 0.078211
v 0.284515 0.689163 0.141875
v 0.288864 0.686386 0.132614
v 0.274567 0.687042 0.191082
v 0.278580 0.651031 0.240989
v 0.305725 0.590866 0.276807
v 0.309998 0.598206 0.256161
v 0.013672 0.450409 0.325727
v 0.059555 0.486511 0.191694
v 0.044144 0.456314 0.218670
v 0.057770 0.442566 0.252689
v 0.257935 0.543686 0.442441
v 0.259003 0.540833 0.436525
v 0.355774 0.609680 0.236916
v 0.294189 0.680557 0.128713
v 0.364105 0.623306 0.137987
v 0.352448 0.629608 0.139019
v 0.468231 0.527283 -0.339966
v 0.479980 0.559753 -0.333783
v 0.394150 0.469482 -0.421975
v 0.400177 0.454788 -0.393630
v 0.388611 0.452377 -0.394339
v 0.377472 0.442963 -0.372586
v 0.379974 0.427124 -0.416152
v 0.384979 0.448044 -0.397638
v 0.389847 0.465332 -0.426484
v 0.321930 0.351547 -0.440711
v 0.317657 0.370331 -0.447004
v 0.302353 0.355728 -0.457211
v 0.303864 0.360153 -0.460985
v 0.318619 0.374039 -0.450478
v 0.324112 0.372772 -0.460746
v 0.350342 0.430603 -0.478238
v 0.127335 0.365738 -0.588163
v 0.037582 0.329025 -0.563350
v 0.040726 0.334320 -0.577387
v 0.032150 0.337051 -0.580486
v 0.294998 0.350372 -0.457308
v 0.280716 0.342987 -0.450891
v 0.307312 0.339890 -0.427679
v 0.085358 0.339661 -0.514936
v 0.044830 0.331085 -0.537898
v 0.061234 0.329437 -0.558549
v 0.246597 0.417068 -0.373722
v 0.250717 0.411987 -0.378263
v 0.243423 0.415359 -0.381933
v 0.111694 0.352402 -0.549807
v 0.117996 0.352478 -0.549443
v 0.370285 0.437256 -0.373541
v 0.257965 0.412262 -0.347094
v 0.233322 0.410522 -0.356781
v 0.433548 0.510254 -0.345769
v 0.296417 0.356049 -0.465591
v 0.254059 0.347549 -0.433744
v 0.264435 0.341415 -0.466318
v 0.348099 0.351074 -0.414628
v 0.344635 0.365753 -0.427258
v 0.310272 0.688644 -0.035119
v 0.306732 0.683624 -0.057713
v 0.289780 0.699936 -0.051814
v 0.420822 0.667267 0.009803
v 0.298218 0.703354 0.003970
v 0.308365 0.705643 -0.013913
v 0.285995 0.714417 -0.021669
v 0.275894 0.730026 -0.016924
v 0.280487 0.720917 0.009547
v 0.422134 0.650253 -0.172237
v 0.514282 0.634796 -0.156289
v 0.511765 0.653687 -0.168417
v 0.518448 0.638336 -0.196587
v 0.441681 0.434113 -0.192711
v 0.437363 0.429398 -0.171653
v 0.434387 0.431442 -0.144641
v 0.483261 0.499390 -0.147961
v 0.489761 0.504776 -0.173427
v 0.483551 0.483719 -0.157845
v 0.427750 0.364212 -0.203637
v 0.420746 0.371384 -0.171253
v 0.440918 0.373962 -0.193957
v 0.433334 0.426254 -0.140912
v 0.437531 0.422974 -0.170431
v 0.440247 0.409500 -0.153069
v 0.443466 0.393799 -0.186632
v 0.445541 0.378571 -0.191067
v 0.439545 0.385315 -0.165208
v 0.190170 0.468826 -0.186321
v 0.292587 0.413116 -0.231575
v 0.276947 0.408951 -0.220935
v 0.286499 0.412613 -0.204418
v 0.155029 0.456467 -0.173633
v 0.218765 0.422180 -0.179482
v 0.226898 0.413437 -0.157908
v 0.242477 0.402725 -0.153704
v 0.210892 0.423584 -0.147722
v 0.509552 0.622025 -0.275356
v 0.478683 0.498825 -0.295322
v 0.475143 0.478073 -0.280354
v 0.481262 0.492508 -0.251470
v 0.450333 0.494934 -0.318580
v 0.463776 0.479401 -0.305136
v 0.461151 0.495712 -0.319928
v 0.460632 0.451920 -0.274726
v 0.467300 0.472763 -0.297945
v 0.461655 0.464020 -0.302833
v 0.449799 0.444122 -0.307623
v 0.462448 0.471542 -0.304875
v 0.449615 0.473938 -0.327600
v 0.441238 0.444321 -0.331866
v 0.448120 0.491455 -0.319407
v 0.391846 0.417587 -0.331895
v 0.385086 0.427856 -0.340541
v 0.425552 0.367249 -0.236922
v 0.443268 0.388702 -0.235683
v 0.423706 0.384445 -0.276163
v 0.400726 0.378433 -0.316944
v 0.396576 0.370468 -0.316707
v 0.410812 0.400055 -0.307330
v 0.400635 0.394516 -0.320827
v 0.396439 0.378403 -0.327224
v 0.398117 0.393936 -0.327127
v 0.396317 0.396729 -0.343949
v 0.363220 0.348648 -0.348751
v 0.383591 0.370972 -0.369783
v 0.337875 0.343231 -0.389297
v 0.319275 0.372025 -0.293074
v 0.292374 0.387955 -0.290663
v 0.302231 0.389389 -0.274344
v 0.244293 0.408585 -0.338016
v 0.335876 0.362625 -0.284266
v 0.329590 0.368286 -0.275095
v 0.321243 0.368225 -0.248134
v 0.306183 0.410782 -0.257996
v 0.314240 0.392746 -0.264613
v 0.330795 0.367737 -0.285745
v 0.334534 0.365219 -0.314138
v 0.473938 0.540741 -0.216118
v 0.486115 0.527908 -0.202127
v 0.493408 0.548615 -0.208049
v 0.268753 0.571411 -0.173614
v 0.105652 0.479584 -0.120174
v 0.097366 0.481415 -0.145571
v 0.086182 0.491455 -0.134075
v 0.482513 0.524872 -0.221982
v 0.484528 0.525482 -0.209618
v 0.474838 0.533554 -0.214816
v 0.220352 0.410187 -0.351126
v 0.214264 0.412704 -0.362690
v 0.340515 0.360596 -0.322379
v 0.333893 0.360947 -0.326969
v 0.307800 0.411545 -0.251019
v 0.302734 0.414062 -0.255405
v 0.299210 0.411652 -0.236740
v 0.294418 0.412796 -0.245357
v 0.288269 0.411102 -0.195999
v 0.281967 0.413834 -0.197079
v 0.273743 0.416183 -0.181430
v 0.397003 0.420547 -0.326314
v 0.396454 0.415039 -0.322853
v 0.438370 0.424042 -0.178646
v 0.446732 0.379349 -0.198088
v 0.486267 0.521317 -0.204004
v 0.473022 0.539642 -0.220779
v 0.485565 0.537476 -0.237616
v 0.482040 0.527130 -0.228157
v 0.474869 0.604355 -0.288664
v 0.491608 0.604538 -0.284652
v 0.511703 0.590439 -0.247576
v 0.518692 0.607574 -0.244505
v 0.490875 0.662445 -0.142563
v 0.526108 0.586899 -0.116568
v 0.522079 0.581329 -0.136630
v 0.516037 0.561478 -0.116407
v 0.470917 0.544266 -0.124379
v 0.483276 0.539795 -0.101983
v 0.496506 0.545547 -0.106312
v 0.527832 0.608963 -0.087541
v 0.523392 0.611237 -0.065285
v 0.526932 0.625809 -0.082955
v 0.528778 0.610321 -0.123916
v 0.520386 0.591278 -0.149578
v 0.514755 0.576691 -0.152119
v 0.489532 0.490143 -0.133336
v 0.471146 0.539124 -0.116129
v 0.482864 0.526215 -0.106026
v 0.480789 0.535873 -0.101174
v 0.382965 0.346161 -0.093781
v 0.407974 0.349075 -0.097654
v 0.387924 0.355972 -0.160999
v 0.414032 0.346466 -0.050063
v 0.433487 0.360626 -0.102194
v 0.345230 0.350983 -0.103170
v 0.370789 0.347855 -0.091293
v 0.372391 0.346863 -0.104225
v 0.343948 0.361618 -0.081527
v 0.171265 0.425446 -0.087008
v 0.130005 0.443802 -0.091400
v 0.134552 0.431778 -0.062860
v 0.143250 0.412689 -0.011622
v 0.148911 0.419968 -0.041387
v 0.304642 0.378860 -0.093066
v 0.290344 0.373688 -0.097709
v 0.302979 0.372742 -0.075788
v 0.225418 0.408997 -0.107862
v 0.245193 0.385605 -0.071798
v 0.241501 0.399841 -0.117067
v 0.287613 0.366974 -0.067365
v 0.273590 0.371109 -0.085620
v 0.281998 0.366638 -0.047892
v 0.280197 0.403687 -0.159877
v 0.259598 0.404984 -0.165499
v 0.287292 0.399323 -0.162637
v 0.292511 0.385086 -0.133849
v 0.301926 0.367676 -0.146539
v 0.297256 0.393616 -0.200361
v 0.288132 0.613800 -0.130552
v 0.292831 0.610168 -0.101880
v 0.282532 0.547363 -0.121348
v 0.295578 0.596222 -0.076269
v 0.297318 0.559143 -0.052764
v 0.290680 0.521423 -0.073175
v 0.277649 0.461334 -0.031499
v 0.271271 0.453262 -0.035838
v 0.274765 0.452057 -0.051164
v 0.268372 0.463318 -0.082557
v 0.273499 0.460297 -0.087431
v 0.254837 0.485153 -0.124363
v 0.264236 0.468246 -0.079903
v 0.251068 0.488831 -0.080878
v 0.339493 0.653717 -0.109243
v 0.327896 0.656204 -0.104953
v 0.171783 0.505753 -0.080343
v 0.170090 0.500610 -0.054752
v 0.154495 0.503769 -0.063487
v 0.164719 0.495529 -0.036297
v 0.151398 0.493454 -0.022908
v 0.144348 0.499863 -0.042744
v 0.091400 0.487366 -0.071962
v 0.101593 0.501099 -0.083436
v 0.106598 0.503738 -0.081153
v 0.096924 0.492722 -0.087339
v 0.099747 0.489563 -0.096425
v 0.111618 0.481415 -0.102055
v 0.086197 0.507996 -0.113338
v 0.104279 0.506699 -0.089569
v 0.096649 0.494385 -0.095037
v 0.462814 0.679794 -0.089757
v 0.448029 0.677994 -0.121004
v 0.492325 0.675278 -0.118429
v 0.299881 0.580383 -0.039785
v 0.304749 0.557816 0.003375
v 0.303253 0.552032 0.000675
v 0.275940 0.462769 -0.087681
v 0.111282 0.479553 -0.097364
v 0.099701 0.487564 -0.091572
v 0.104416 0.471512 -0.091630
v 0.122742 0.510895 -0.098757
v 0.129593 0.510864 -0.096523
v 0.123856 0.508026 -0.089070
v 0.181885 0.464874 -0.127898
v 0.320450 0.382721 -0.077085
v 0.315994 0.385452 -0.072161
v 0.322632 0.383728 -0.068774
v 0.346451 0.362259 -0.071912
v 0.442993 0.427597 -0.094393
v 0.442657 0.421951 -0.091807
v 0.444153 0.431061 -0.078222
v 0.441788 0.428024 -0.074028
v 0.445007 0.431213 -0.072118
v 0.469864 0.535095 -0.126821
v 0.475433 0.581329 0.132630
v 0.456299 0.608383 0.125525
v 0.484131 0.581329 0.107051
v 0.506302 0.638336 0.031762
v 0.511765 0.639572 0.019093
v 0.515701 0.620087 0.019277
v 0.509323 0.563400 0.048139
v 0.502274 0.543274 0.080389
v 0.501556 0.550903 0.080523
v 0.489258 0.578674 0.089496
v 0.496689 0.551315 0.093091
v 0.482315 0.546906 0.130344
v 0.478806 0.555283 0.136705
v 0.478394 0.545654 0.140341
v 0.468903 0.547134 0.167375
v 0.461533 0.582275 0.167602
v 0.438354 0.581985 0.229996
v 0.447266 0.538986 0.232726
v 0.432327 0.576797 0.246460
v 0.433380 0.523911 0.263839
v 0.433685 0.496902 0.250764
v 0.419708 0.488464 0.255708
v 0.477570 0.535355 0.136195
v 0.470749 0.518005 0.140580
v 0.469574 0.520432 0.132443
v 0.498184 0.539337 0.091339
v 0.499802 0.535156 0.079576
v 0.492157 0.519775 0.079055
v 0.515717 0.580124 -0.010643
v 0.512466 0.584381 -0.024482
v 0.504272 0.559952 -0.010752
v 0.518372 0.610703 -0.050134
v 0.520615 0.626221 -0.053657
v 0.519119 0.586273 0.008055
v 0.524811 0.609253 -0.023099
v 0.480881 0.492035 -0.020228
v 0.484390 0.492477 -0.001762
v 0.465866 0.514130 0.004072
v 0.452438 0.423798 0.103683
v 0.456619 0.428070 0.100332
v 0.469955 0.431656 0.066120
v 0.454468 0.432281 0.109149
v 0.461914 0.447525 0.106110
v 0.478043 0.455170 0.070611
v 0.448151 0.448822 0.119812
v 0.448563 0.425140 0.114448
v 0.445297 0.411697 0.094517
v 0.436401 0.418045 0.167244
v 0.443466 0.433197 0.141667
v 0.441605 0.417786 0.130105
v 0.389557 0.352264 0.188696
v 0.398651 0.365585 0.205667
v 0.410675 0.368927 0.176207
v 0.398727 0.452347 0.225124
v 0.403061 0.459335 0.217109
v 0.420578 0.430923 0.216588
v 0.372467 0.343475 -0.044005
v 0.362579 0.343872 -0.018496
v 0.361328 0.342545 -0.007771
v 0.365875 0.385910 0.279373
v 0.358063 0.378174 0.287233
v 0.360870 0.399155 0.313109
v 0.382248 0.407303 0.273334
v 0.371521 0.402451 0.260883
v 0.373764 0.365112 0.232153
v 0.359695 0.363052 0.249166
v 0.373215 0.379700 0.244925
v 0.358551 0.374146 0.275517
v 0.338928 0.341110 0.234771
v 0.227310 0.311646 0.269853
v 0.250809 0.298065 0.234373
v 0.230927 0.296143 0.224847
v 0.288803 0.298096 0.192675
v 0.267212 0.289886 0.183836
v 0.345642 0.320282 0.153511
v 0.326843 0.323715 0.173875
v 0.323166 0.346100 0.177753
v 0.256973 0.337067 0.261287
v 0.250504 0.323013 0.273473
v 0.254547 0.341797 0.290524
v 0.332443 0.347824 0.173432
v 0.357269 0.341873 0.172563
v 0.352921 0.326172 0.151460
v 0.353455 0.311035 0.109722
v 0.320404 0.301834 0.151159
v 0.347916 0.315491 0.145934
v 0.327042 0.349503 0.299422
v 0.186218 0.363525 0.352083
v 0.167419 0.354019 0.331286
v 0.158005 0.353500 0.323555
v 0.173340 0.383286 0.357199
v 0.212067 0.397629 0.369585
v 0.166351 0.403229 0.357364
v 0.196976 0.421234 0.371084
v 0.208664 0.420502 0.372872
v 0.244934 0.433060 0.374299
v 0.218353 0.425919 0.373752
v 0.205612 0.428131 0.373585
v 0.248367 0.288132 0.174881
v 0.291977 0.293579 0.142807
v 0.153595 0.350647 0.310738
v 0.126755 0.345459 0.277149
v 0.146057 0.349854 0.272001
v 0.178268 0.397034 -0.001313
v 0.181961 0.403732 -0.022216
v 0.074493 0.471542 0.078671
v 0.063690 0.474533 0.110867
v 0.079025 0.444092 0.094248
v 0.065582 0.466156 0.138978
v 0.076218 0.451447 0.162482
v 0.085419 0.424057 0.118812
v 0.093094 0.411148 0.191721
v 0.094620 0.400482 0.190309
v 0.108047 0.378067 0.155536
v 0.097778 0.379013 0.202827
v 0.093887 0.407990 0.201366
v 0.149139 0.355347 0.116593
v 0.144226 0.372864 0.117207
v 0.130692 0.365845 0.136951
v 0.124222 0.372086 0.140404
v 0.138794 0.376831 0.119410
v 0.139923 0.334869 0.155745
v 0.138077 0.342102 0.150623
v 0.126755 0.364716 0.144080
v 0.253677 0.303345 0.125823
v 0.241409 0.317062 0.129637
v 0.244644 0.292618 0.159214
v 0.240250 0.290588 0.164363
v 0.235657 0.315643 0.131209
v 0.217880 0.298508 0.140942
v 0.260223 0.365845 -0.000601
v 0.266525 0.361313 0.013326
v 0.291534 0.380035 0.012761
v 0.246887 0.360260 0.008294
v 0.169434 0.311478 0.238449
v 0.163116 0.325516 0.265134
v 0.173889 0.316055 0.275822
v 0.235962 0.288498 0.173281
v 0.164001 0.309891 0.151736
v 0.184082 0.290237 0.177918
v 0.147476 0.328934 0.151677
v 0.159256 0.331390 0.126946
v 0.143921 0.335587 0.148246
v 0.165344 0.327866 0.138182
v 0.246368 0.330627 0.118139
v 0.199371 0.323624 0.103975
v 0.187500 0.332901 0.094006
v 0.167221 0.324188 0.141751
v 0.109528 0.345230 0.216802
v 0.136322 0.317657 0.196198
v 0.122543 0.339096 0.181173
v 0.341782 0.361847 -0.016069
v 0.356400 0.347168 -0.014824
v 0.344193 0.356155 -0.035494
v 0.225662 0.469284 0.178153
v 0.246979 0.482681 0.189476
v 0.224930 0.477295 0.190742
v 0.189117 0.491547 0.004824
v 0.206863 0.492416 0.024736
v 0.211090 0.487061 0.040740
v 0.184753 0.500427 -0.019544
v 0.195831 0.497406 -0.017771
v 0.183899 0.493256 -0.003039
v 0.112961 0.498840 0.025433
v 0.109421 0.495453 0.024265
v 0.114029 0.496490 0.015135
v 0.116684 0.505768 0.170196
v 0.161911 0.482086 0.187164
v 0.131256 0.477493 0.191216
v 0.120636 0.515961 0.059546
v 0.111374 0.527847 0.059138
v 0.129379 0.512619 0.027654
v 0.174347 0.469223 0.089299
v 0.174332 0.450363 0.112671
v 0.150406 0.477585 0.096509
v 0.110886 0.517075 0.122439
v 0.108765 0.521652 0.105408
v 0.122009 0.511230 0.075589
v 0.305206 0.626221 -0.016090
v 0.304337 0.607819 -0.025212
v 0.316238 0.633789 -0.035051
v 0.494385 0.663681 -0.016592
v 0.471619 0.670059 -0.022735
v 0.488525 0.670883 -0.036486
v 0.443832 0.670700 -0.031878
v 0.458374 0.678711 -0.041875
v 0.374695 0.641403 0.071087
v 0.354492 0.643906 0.081504
v 0.361420 0.653458 0.042235
v 0.368301 0.630951 0.123854
v 0.352081 0.623993 0.143011
v 0.490723 0.625916 0.065525
v 0.471603 0.606003 0.088017
v 0.460098 0.611389 0.088609
v 0.424850 0.615372 0.084291
v 0.439758 0.630539 0.074507
v 0.443222 0.613052 0.159403
v 0.417480 0.625793 0.140580
v 0.410065 0.628952 0.128286
v 0.407761 0.627563 0.140773
v 0.398743 0.623978 0.169579
v 0.380585 0.622299 0.149368
v 0.378464 0.623901 0.140855
v 0.398697 0.630432 0.128328
v 0.371735 0.621490 0.148441
v 0.361679 0.616730 0.171239
v 0.335907 0.580139 0.170680
v 0.352997 0.573380 0.191401
v 0.341721 0.563751 0.167550
v 0.364319 0.602158 0.228289
v 0.354828 0.586578 0.240369
v 0.357117 0.585556 0.216206
v 0.364380 0.606354 0.219666
v 0.357895 0.590088 0.209924
v 0.345169 0.601654 0.188174
v 0.356125 0.579086 0.198540
v 0.298203 0.512177 0.224512
v 0.290024 0.503937 0.257731
v 0.295197 0.490295 0.231774
v 0.292435 0.481613 0.204102
v 0.275192 0.494064 0.182475
v 0.300308 0.517441 0.151198
v 0.263306 0.485367 0.240261
v 0.289978 0.485977 0.234981
v 0.284729 0.499191 0.255751
v 0.284760 0.501831 0.264838
v 0.294571 0.506134 0.286201
v 0.255814 0.482620 0.258186
v 0.231033 0.472168 0.225370
v 0.258072 0.477463 0.216385
v 0.192139 0.455231 0.243267
v 0.191940 0.454697 0.265381
v 0.182999 0.448242 0.261389
v 0.217438 0.463074 0.237176
v 0.223419 0.463852 0.245909
v 0.211502 0.461334 0.264376
v 0.245804 0.464127 0.273304
v 0.243042 0.473587 0.287340
v 0.248383 0.465881 0.268789
v 0.226700 0.465942 0.239457
v 0.275391 0.477737 0.295195
v 0.285339 0.482071 0.303074
v 0.278336 0.490997 0.319122
v 0.308090 0.503510 0.337539
v 0.305832 0.493484 0.322289
v 0.315796 0.517776 0.306962
v 0.160126 0.455551 0.252461
v 0.177902 0.448441 0.258488
v 0.157181 0.447235 0.287714
v 0.312988 0.536850 0.202440
v 0.304840 0.518250 0.177669
v 0.099777 0.490204 0.034472
v 0.105438 0.497070 0.030316
v 0.091080 0.500320 0.041748
v 0.379517 0.334991 0.120106
v 0.395721 0.353256 0.152128
v 0.400040 0.364349 0.132287
v 0.168900 0.491486 0.008788
v 0.173553 0.488159 0.019073
v 0.165558 0.483261 0.181650
v 0.312286 0.543365 0.117747
v 0.308334 0.538391 0.112313
v 0.197327 0.469818 0.180203
v 0.173904 0.473450 0.170638
v 0.133057 0.499588 0.147231
v 0.176773 0.469604 0.151547
v 0.238037 0.471985 0.030404
v 0.243484 0.475510 0.004661
v 0.261810 0.449661 0.020839
v 0.149017 0.494202 0.024612
v 0.147522 0.493774 0.036160
v 0.131332 0.496582 0.100187
v 0.124268 0.503983 0.100578
v 0.127792 0.501740 0.093567
v 0.141693 0.485428 0.095160
v 0.148453 0.477570 0.102897
v 0.337570 0.657272 -0.032529
v 0.338028 0.657730 -0.041362
v 0.346436 0.660233 -0.035231
v 0.327530 0.555695 0.127350
v 0.328735 0.564224 0.127003
v 0.355118 0.572723 0.199561
v 0.298462 0.484909 0.207121
v 0.291092 0.478180 0.215284
v 0.224747 0.471588 0.218195
v 0.219177 0.468750 0.223785
v 0.283264 0.480881 0.294909
v 0.313324 0.505020 0.349163
v 0.306702 0.497345 0.357968
v 0.299744 0.498642 0.351175
v 0.305588 0.519547 0.165765
v 0.187225 0.455582 0.237255
v 0.194305 0.457703 0.234775
v 0.189850 0.463531 0.220674
v 0.178482 0.462509 0.221542
v 0.185272 0.465775 0.214195
v 0.156357 0.470322 0.200493
v 0.150909 0.465530 0.206714
v 0.144867 0.467361 0.200097
v 0.367691 0.616943 0.179982
v 0.359711 0.613373 0.180645
v 0.102432 0.487686 0.030812
v 0.103058 0.474380 0.035402
v 0.101791 0.481613 0.018282
v 0.102158 0.469681 0.042176
v 0.104172 0.464813 0.039026
v 0.327744 0.384430 -0.021577
v 0.321991 0.386490 -0.019932
v 0.325607 0.383682 -0.015787
v 0.299133 0.378815 0.013647
v 0.297226 0.382263 0.006911
v 0.243912 0.379639 -0.025286
v 0.242950 0.382172 -0.034310
v 0.233582 0.387161 -0.034517
v 0.243393 0.333557 0.113134
v 0.238220 0.329712 0.121102
v 0.235962 0.321915 0.125842
v 0.337738 0.360596 -0.009235
v 0.164062 0.348862 0.322828
v 0.255417 0.403015 0.351193
v 0.262390 0.408173 0.349702
v 0.266220 0.402710 0.348799
v 0.378830 0.434113 0.314955
v 0.375793 0.439056 0.324481
v 0.384338 0.442429 0.313575
v 0.335175 0.347641 0.191879
v 0.357925 0.347626 0.204416
v 0.322372 0.350983 0.183969
v 0.264526 0.339508 0.254615
v 0.263184 0.334702 0.247559
v 0.409943 0.400970 0.055435
v 0.402420 0.384262 0.091742
v 0.398911 0.381546 0.089392
v 0.398697 0.377533 0.103374
v 0.459213 0.528656 -0.013383
v 0.460342 0.524857 -0.009288
v 0.460083 0.532166 -0.007733
v 0.441040 0.499359 0.116454
v 0.437973 0.494751 0.117769
v 0.439270 0.498032 0.120962
v 0.424515 0.474945 0.146335
v 0.426163 0.480225 0.150425
v 0.435730 0.490738 0.131208
v 0.413422 0.480469 0.247915
v 0.422791 0.472427 0.216882
v 0.402222 0.466919 0.221583
v 0.405273 0.381592 0.219296
v 0.413177 0.486038 0.263735
v 0.430496 0.475571 0.136508
v 0.461868 0.604828 0.096049
v 0.396530 0.616516 0.068110
v 0.393188 0.619110 0.058372
v 0.400406 0.616333 0.062228
v 0.414001 0.632690 -0.025920
v 0.404678 0.632996 -0.033733
v 0.411118 0.635895 -0.037828
v 0.215591 0.486099 0.036271
v 0.202209 0.439529 0.112362
v 0.211914 0.439896 0.105873
v 0.210342 0.436752 0.112840
v 0.210159 0.492905 0.020739
v 0.204575 0.493576 0.013892
v 0.217880 0.485992 0.032453
v 0.196152 0.485199 0.053193
v 0.189911 0.484650 0.056898
v 0.180023 0.444336 0.120180
v 0.183609 0.444336 0.114517
v 0.255356 0.416199 -0.201125
v 0.490494 0.523209 -0.252922
v 0.491302 0.546219 -0.277932
v 0.487549 0.521179 -0.284593
v 0.473022 0.454300 -0.204047
v 0.486008 0.486572 -0.204537
v 0.482437 0.490265 -0.235464
v 0.384720 0.403763 -0.374481
v 0.327423 0.350372 -0.345201
v 0.347733 0.348618 -0.335093
v 0.315948 0.358170 -0.328816
v 0.305252 0.351334 -0.369583
v 0.248672 0.405167 -0.273180
v 0.242264 0.404907 -0.310692
v 0.483551 0.500702 -0.234349
v 0.483871 0.500839 -0.242290
v 0.478592 0.482697 -0.241456
v 0.521912 0.630157 -0.058526
v 0.520798 0.634933 -0.053540
v 0.522675 0.598251 -0.159004
v 0.470291 0.452225 -0.152882
v 0.489929 0.460587 -0.030103
v 0.487228 0.461945 -0.078923
v 0.485184 0.456528 -0.070489
v 0.465408 0.429550 -0.055194
v 0.463867 0.412384 -0.027612
v 0.479492 0.433823 -0.032284
v 0.453247 0.383270 -0.083860
v 0.450562 0.385376 -0.110781
v 0.374802 0.346909 -0.082475
v 0.193039 0.428192 -0.087071
v 0.172073 0.444046 -0.106584
v 0.255020 0.379410 -0.043719
v 0.285431 0.371262 -0.016758
v 0.219559 0.405914 -0.057985
v 0.223282 0.396149 -0.026729
v 0.364120 0.661316 -0.031897
v 0.486710 0.516647 -0.118456
v 0.111862 0.494812 -0.014505
v 0.523605 0.637329 -0.023149
v 0.498718 0.528198 0.042960
v 0.447647 0.398666 0.008315
v 0.463730 0.408569 0.012697
v 0.481003 0.439560 0.020428
v 0.489319 0.474701 -0.010180
v 0.197449 0.309875 0.268452
v 0.211060 0.291336 0.211244
v 0.186935 0.299332 0.231996
v 0.305115 0.313690 0.198351
v 0.319778 0.393173 0.345078
v 0.325058 0.413208 0.347713
v 0.352036 0.422592 0.337239
v 0.224487 0.332230 0.309512
v 0.194992 0.331055 0.314389
v 0.209915 0.347931 0.337164
v 0.237595 0.391937 0.360080
v 0.239349 0.357178 0.346227
v 0.103317 0.405258 0.267873
v 0.111237 0.429337 0.272488
v 0.129395 0.417038 0.317823
v 0.156784 0.386414 0.043178
v 0.175690 0.391312 0.018305
v 0.134033 0.378754 0.108982
v 0.222015 0.320618 0.122431
v 0.224182 0.336884 0.062803
v 0.274750 0.372559 -0.003937
v 0.243896 0.373703 -0.014451
v 0.170166 0.483521 0.062761
v 0.151932 0.488281 0.069220
v 0.362061 0.659271 0.000548
v 0.322052 0.651901 -0.004777
v 0.383484 0.636230 0.075265
v 0.316727 0.542358 0.143840
v 0.339493 0.557892 0.168454
v 0.309692 0.528000 0.166903
v 0.338699 0.569046 0.213865
v 0.370026 0.607925 0.227761
v 0.305542 0.484894 0.377725
v 0.156921 0.446091 0.300996
v 0.163803 0.447113 0.293784
v 0.176208 0.452545 0.306677
v 0.149994 0.445953 0.294242
v 0.129974 0.445877 0.283122
v 0.234772 0.437851 0.086978
v 0.096466 0.417892 0.197886
v 0.247513 0.288040 0.164976
v 0.252518 0.344254 0.301733
v 0.260468 0.344620 0.294854
v 0.463272 0.534164 -0.014018
v 0.478897 0.498032 -0.026153
v 0.390228 0.489899 0.347983
v 0.407669 0.500732 0.316013
v 0.409988 0.480194 0.283876
v 0.498062 0.645569 0.025127
v 0.501297 0.649185 0.014797
v 0.509171 0.646057 0.018947
v 0.019135 0.583679 0.209485
v 0.010544 0.564560 0.215615
v 0.010132 0.540649 0.202227
v 0.021866 0.550278 0.190030
v 0.013031 0.522919 0.225830
v 0.018906 0.476685 0.246864
v 0.015762 0.530228 0.240348
v 0.017654 0.465805 0.299110
v 0.014740 0.472992 0.307961
v 0.005600 0.460266 0.434621
v 0.005508 0.441147 0.470531
v 0.005585 0.457260 0.478433
v 0.007660 0.463135 0.503473
v 0.032669 0.519424 0.591688
v 0.028183 0.470078 0.552701
v 0.016907 0.488846 0.541075
v 0.023148 0.544861 0.503173
v 0.038651 0.547424 0.525516
v 0.039291 0.556046 0.525836
v 0.023956 0.551239 0.503703
v 0.019424 0.541275 0.439876
v 0.012604 0.560211 0.436354
v 0.032547 0.566589 0.574971
v 0.061630 0.543900 0.610734
v 0.036911 0.548004 0.599030
v 0.031860 0.434616 0.368989
v 0.020782 0.433411 0.424808
v 0.059708 0.449051 0.496665
v 0.076080 0.450592 0.419880
v 0.112732 0.471832 0.354315
v 0.079468 0.448563 0.373699
v 0.084473 0.444290 0.313193
v 0.112503 0.458313 0.313544
v 0.107285 0.435745 0.216012
v 0.140335 0.505661 0.402908
v 0.126221 0.515381 0.425839
v 0.123627 0.534515 0.511444
v 0.161392 0.548325 0.478395
v 0.158997 0.547333 0.473313
v 0.198761 0.493393 0.359821
v 0.213333 0.494980 0.370975
v 0.231201 0.482132 0.357566
v 0.246124 0.475555 0.340159
v 0.257690 0.481201 0.327312
v 0.310303 0.497330 0.322351
v 0.277405 0.473755 0.303685
v 0.262680 0.480850 0.321279
v 0.327072 0.513779 0.345891
v 0.338135 0.521957 0.386943
v 0.320862 0.517578 0.391109
v 0.314240 0.529785 0.424039
v 0.257980 0.469238 0.266315
v 0.124130 0.471725 0.182491
v 0.075867 0.444992 0.252086
v 0.066284 0.442978 0.313884
v 0.046051 0.436554 0.373796
v 0.058105 0.442535 0.373785
v 0.040604 0.432068 0.425602
v 0.058258 0.439758 0.424760
v 0.376282 0.568817 0.351334
v 0.356201 0.598938 0.256268
v 0.347687 0.590134 0.284627
v 0.364044 0.618027 0.213238
v 0.360138 0.655167 0.069065
v 0.354263 0.639618 0.096128
v 0.393158 0.648987 0.231041
v 0.376678 0.588333 0.343710
v 0.116684 0.497879 0.185827
v 0.145737 0.510223 0.234534
v 0.115692 0.507828 0.206326
v 0.092270 0.530609 0.248271
v 0.070557 0.528915 0.214004
v 0.220306 0.523407 0.293672
v 0.170959 0.527390 0.295585
v 0.125259 0.537247 0.300226
v 0.262573 0.650024 0.298098
v 0.262604 0.683838 0.257418
v 0.273926 0.674820 0.227316
v 0.239563 0.689819 0.308083
v 0.190826 0.602264 0.370867
v 0.163208 0.560684 0.344978
v 0.196899 0.555710 0.340837
v 0.218063 0.591232 0.356383
v 0.213181 0.686325 0.349375
v 0.208221 0.646606 0.369248
v 0.176361 0.662338 0.377280
v 0.137344 0.622345 0.371900
v 0.162628 0.613586 0.377687
v 0.366989 0.665176 0.011562
v 0.367447 0.663010 0.032293
v 0.419876 0.659164 0.040360
v 0.332504 0.685013 0.052219
v 0.328232 0.675888 0.032864
v 0.370193 0.670059 0.052180
v 0.327225 0.671036 0.068660
v 0.332458 0.684280 0.058169
v 0.369110 0.668808 0.058109
v 0.310272 0.648209 0.169426
v 0.280045 0.658295 0.213518
v 0.318298 0.654495 0.122561
v 0.340668 0.587906 0.301555
v 0.340561 0.584061 0.304257
v 0.266083 0.486115 0.257573
v 0.280243 0.503906 0.279912
v 0.271225 0.524948 0.286746
v 0.225662 0.482925 0.217252
v 0.115234 0.490509 0.180986
v 0.036530 0.552399 0.196162
v 0.288162 0.483810 0.286042
v 0.020676 0.455093 0.229013
v 0.013626 0.458267 0.326402
v 0.010071 0.568604 0.247480
v 0.129166 0.484467 0.347652
v 0.032623 0.560745 0.574925
v 0.189270 0.478165 0.338114
v 0.314682 0.515182 0.391787
v 0.308990 0.527573 0.419970
v 0.277023 0.643234 0.252923
v 0.416504 0.660156 0.060005
v 0.091217 0.608566 0.328225
v 0.061493 0.454193 0.520365
v 0.178635 0.514450 0.400297
v 0.178543 0.495239 0.366616
v 0.192307 0.493744 0.359241
v 0.193588 0.519043 0.394757
v 0.050644 0.588486 0.249970
v 0.108917 0.585403 0.339093
v 0.131958 0.568237 0.343232
v 0.235886 0.559204 0.330168
v 0.326019 0.676529 0.016926
v 0.294830 0.698074 0.024248
v 0.329330 0.626633 0.161136
v 0.451080 0.513641 -0.346103
v 0.436874 0.512955 -0.342559
v 0.484818 0.586166 -0.315742
v 0.477768 0.595215 -0.300035
v 0.472305 0.602631 -0.291330
v 0.426025 0.507004 -0.389413
v 0.415359 0.475769 -0.396583
v 0.430283 0.453339 -0.356405
v 0.437958 0.485367 -0.352679
v 0.329102 0.410629 -0.495138
v 0.328217 0.384735 -0.472733
v 0.356323 0.406403 -0.455870
v 0.300415 0.367111 -0.485685
v 0.272583 0.354431 -0.493322
v 0.240784 0.344788 -0.509161
v 0.130066 0.340363 -0.546898
v 0.158005 0.334366 -0.542171
v 0.361221 0.415863 -0.404632
v 0.370865 0.368591 -0.395412
v 0.368713 0.388275 -0.402206
v 0.359665 0.410294 -0.402232
v 0.341064 0.387909 -0.428961
v 0.352112 0.394394 -0.442218
v 0.376968 0.434708 -0.439840
v 0.342468 0.392624 -0.431916
v 0.057953 0.340439 -0.585018
v 0.088043 0.353638 -0.588545
v 0.089996 0.339096 -0.551662
v 0.230652 0.333694 -0.486284
v 0.152679 0.326981 -0.520807
v 0.189804 0.328247 -0.507872
v 0.196503 0.335663 -0.528042
v 0.125778 0.336121 -0.522028
v 0.115326 0.347534 -0.522190
v 0.151016 0.332245 -0.502515
v 0.179214 0.334320 -0.487332
v 0.130753 0.353836 -0.494635
v 0.136246 0.343399 -0.495494
v 0.166611 0.349594 -0.474465
v 0.203217 0.359665 -0.446910
v 0.216461 0.341049 -0.462605
v 0.255798 0.377747 -0.380001
v 0.270676 0.380875 -0.352406
v 0.279465 0.351868 -0.400441
v 0.235321 0.370880 -0.411816
v 0.232666 0.393723 -0.407846
v 0.159851 0.363922 -0.474051
v 0.196884 0.376007 -0.444607
v 0.209015 0.401093 -0.395572
v 0.215103 0.415085 -0.379035
v 0.228424 0.398651 -0.405732
v 0.156296 0.367493 -0.471363
v 0.146454 0.369690 -0.459025
v 0.180206 0.383484 -0.429384
v 0.192886 0.380112 -0.441779
v 0.215347 0.416840 -0.373262
v 0.126923 0.355896 -0.493196
v 0.115433 0.354828 -0.487768
v 0.109406 0.348465 -0.521004
v 0.068985 0.370819 -0.605556
v 0.045914 0.350006 -0.595619
v 0.410889 0.435013 -0.348815
v 0.390747 0.428726 -0.338287
v 0.263062 0.407837 -0.348536
v 0.365738 0.680908 -0.042950
v 0.410995 0.678101 -0.068439
v 0.360916 0.674530 -0.064173
v 0.328934 0.678329 -0.059162
v 0.331818 0.683899 -0.035563
v 0.363205 0.678436 -0.114724
v 0.503555 0.683792 -0.231894
v 0.504959 0.686966 -0.199867
v 0.487579 0.699921 -0.173671
v 0.333160 0.697479 -0.015068
v 0.328049 0.686707 -0.001450
v 0.412766 0.683823 -0.017861
v 0.367203 0.680405 -0.010655
v 0.368362 0.693878 -0.022284
v 0.363739 0.673752 -0.094360
v 0.326492 0.677399 -0.091913
v 0.514694 0.642990 -0.234838
v 0.522491 0.598190 -0.209540
v 0.521194 0.570145 -0.174780
v 0.504852 0.547012 -0.168042
v 0.501404 0.559845 -0.141555
v 0.516006 0.575104 -0.212150
v 0.447220 0.412872 -0.236314
v 0.449234 0.407227 -0.206026
v 0.441315 0.429138 -0.198271
v 0.438278 0.432724 -0.235889
v 0.446579 0.383835 -0.208515
v 0.402252 0.352356 -0.241494
v 0.399139 0.350418 -0.209458
v 0.374268 0.347153 -0.245970
v 0.366592 0.346283 -0.212447
v 0.340881 0.354843 -0.247899
v 0.331512 0.352142 -0.204376
v 0.356491 0.351135 -0.169687
v 0.444611 0.397263 -0.193234
v 0.308823 0.370041 -0.200646
v 0.193115 0.465683 -0.182236
v 0.197266 0.445801 -0.182193
v 0.268219 0.403381 -0.273877
v 0.253601 0.408020 -0.226472
v 0.307220 0.392975 -0.240359
v 0.171204 0.455170 -0.155365
v 0.137146 0.464050 -0.135254
v 0.127701 0.466675 -0.156942
v 0.242813 0.414413 -0.181355
v 0.193405 0.441528 -0.138086
v 0.483932 0.561539 -0.263934
v 0.475708 0.571426 -0.253264
v 0.495041 0.574921 -0.249151
v 0.467804 0.455124 -0.239157
v 0.453430 0.441727 -0.237313
v 0.456039 0.439011 -0.198261
v 0.428879 0.428574 -0.305693
v 0.443146 0.434921 -0.275851
v 0.418243 0.427322 -0.325678
v 0.409424 0.423645 -0.303623
v 0.426727 0.431122 -0.274066
v 0.429977 0.408066 -0.275665
v 0.424622 0.426620 -0.273506
v 0.406906 0.418930 -0.302999
v 0.388214 0.365356 -0.329016
v 0.371475 0.350479 -0.319057
v 0.352158 0.352646 -0.284665
v 0.376495 0.350952 -0.281539
v 0.353027 0.350220 -0.318193
v 0.281235 0.383652 -0.324098
v 0.273544 0.405930 -0.321102
v 0.269424 0.409454 -0.319239
v 0.254852 0.405289 -0.314484
v 0.284210 0.408997 -0.285883
v 0.288132 0.406372 -0.287929
v 0.487610 0.507385 -0.208430
v 0.202942 0.536560 -0.143020
v 0.195648 0.547882 -0.130469
v 0.147171 0.532852 -0.124777
v 0.133774 0.522461 -0.127234
v 0.127136 0.521271 -0.125336
v 0.106461 0.522324 -0.114121
v 0.207611 0.532669 -0.147869
v 0.171524 0.538330 -0.130446
v 0.164581 0.535645 -0.129894
v 0.186127 0.548370 -0.126566
v 0.256577 0.508408 -0.193416
v 0.252197 0.503876 -0.193955
v 0.237167 0.502884 -0.184523
v 0.232071 0.506180 -0.178443
v 0.315674 0.392654 -0.258904
v 0.439438 0.437515 -0.236368
v 0.481888 0.533463 -0.159032
v 0.479645 0.526169 -0.160022
v 0.504242 0.671127 -0.080024
v 0.520126 0.651169 -0.086648
v 0.518921 0.649780 -0.050105
v 0.510605 0.665054 -0.046536
v 0.518143 0.646698 -0.126357
v 0.519745 0.561111 -0.078334
v 0.526062 0.587967 -0.080985
v 0.504440 0.545319 -0.073042
v 0.513916 0.559464 -0.037371
v 0.496078 0.543381 -0.033869
v 0.522446 0.584351 -0.049640
v 0.496841 0.483749 -0.083770
v 0.482025 0.455414 -0.090549
v 0.459534 0.432983 -0.102672
v 0.452484 0.437500 -0.151220
v 0.463501 0.437973 -0.084389
v 0.488922 0.500031 -0.045115
v 0.473404 0.524506 -0.035415
v 0.482788 0.527634 -0.069952
v 0.494385 0.506577 -0.075682
v 0.480591 0.450790 -0.075913
v 0.464508 0.438217 -0.076428
v 0.326401 0.353439 -0.157027
v 0.451752 0.405716 -0.107386
v 0.322250 0.383682 -0.040005
v 0.446274 0.420380 -0.059807
v 0.455948 0.404449 -0.079834
v 0.442184 0.368881 -0.045374
v 0.448318 0.390640 -0.040730
v 0.136810 0.469727 -0.115189
v 0.130188 0.455185 -0.102631
v 0.135895 0.467926 -0.109926
v 0.104980 0.459656 -0.081880
v 0.092987 0.472168 -0.067875
v 0.178879 0.414368 -0.051586
v 0.211792 0.421097 -0.095507
v 0.206711 0.437408 -0.088102
v 0.306519 0.372009 -0.039860
v 0.204315 0.408783 -0.021175
v 0.217834 0.414642 -0.020668
v 0.213272 0.425140 -0.053611
v 0.200058 0.419067 -0.054148
v 0.260696 0.387482 -0.122635
v 0.277023 0.386154 -0.130997
v 0.272705 0.509583 -0.128786
v 0.261566 0.537292 -0.178456
v 0.299896 0.534607 -0.006770
v 0.292084 0.498672 -0.020123
v 0.299744 0.637756 -0.095950
v 0.301514 0.628006 -0.065650
v 0.188324 0.528992 -0.104096
v 0.176239 0.520782 -0.107780
v 0.209244 0.520660 -0.108421
v 0.210159 0.510468 -0.076603
v 0.197449 0.513824 -0.076016
v 0.197021 0.529099 -0.104686
v 0.233963 0.509155 -0.117340
v 0.215836 0.517441 -0.110478
v 0.221939 0.524231 -0.160146
v 0.235611 0.502426 -0.078541
v 0.217285 0.508514 -0.076909
v 0.176346 0.501480 -0.053203
v 0.178162 0.507263 -0.081608
v 0.188995 0.512894 -0.077311
v 0.186920 0.506378 -0.050126
v 0.268341 0.476425 -0.135153
v 0.270569 0.499680 -0.131450
v 0.280045 0.477722 -0.082551
v 0.259766 0.528183 -0.182097
v 0.280594 0.470078 -0.028017
v 0.282440 0.486389 -0.080035
v 0.247437 0.483490 -0.036750
v 0.193008 0.506912 -0.048595
v 0.204208 0.503799 -0.045796
v 0.162201 0.501190 -0.006593
v 0.155121 0.494034 -0.016870
v 0.170883 0.495911 -0.032538
v 0.179733 0.500809 -0.024185
v 0.341431 0.646286 -0.121731
v 0.350754 0.645966 -0.112082
v 0.311966 0.651642 -0.100604
v 0.323807 0.655533 -0.066769
v 0.376663 0.645187 -0.075265
v 0.364639 0.656143 -0.070690
v 0.432373 0.665848 -0.150289
v 0.419891 0.676193 -0.104266
v 0.348129 0.660568 -0.068974
v 0.315704 0.633224 -0.042631
v 0.307251 0.565826 0.007427
v 0.303711 0.602112 -0.030622
v 0.421219 0.669250 -0.057288
v 0.440140 0.680878 -0.072650
v 0.169266 0.518890 -0.107085
v 0.149582 0.518448 -0.100130
v 0.135818 0.504944 -0.063931
v 0.126572 0.499786 -0.037506
v 0.116104 0.500305 -0.053995
v 0.130875 0.495178 -0.009825
v 0.096771 0.482468 -0.039337
v 0.476379 0.677795 -0.057055
v 0.211380 0.501892 -0.043643
v 0.259308 0.480347 -0.130444
v 0.308975 0.377686 -0.095932
v 0.448120 0.424988 -0.056556
v 0.484558 0.534271 -0.069446
v 0.357071 0.646851 -0.115084
v 0.391251 0.539673 0.318512
v 0.416321 0.533844 0.296062
v 0.425491 0.511032 0.285568
v 0.401413 0.577209 0.283975
v 0.422485 0.557129 0.276638
v 0.421112 0.609863 0.224257
v 0.411972 0.600677 0.248260
v 0.432922 0.612213 0.193653
v 0.447922 0.583908 0.202175
v 0.504272 0.595810 0.059609
v 0.492798 0.580780 0.081433
v 0.456940 0.541901 0.201457
v 0.443802 0.487579 0.223332
v 0.502808 0.543488 0.006041
v 0.456055 0.496155 0.190741
v 0.435623 0.476822 0.184070
v 0.446793 0.490723 0.154231
v 0.465591 0.512222 0.161426
v 0.420609 0.470169 0.183710
v 0.452179 0.499405 0.134529
v 0.454987 0.509048 0.125850
v 0.478195 0.507965 0.071135
v 0.465317 0.508835 0.106795
v 0.477295 0.517044 0.107883
v 0.484894 0.527252 0.006732
v 0.483093 0.512863 0.036968
v 0.466217 0.519958 0.008015
v 0.486465 0.542267 -0.009045
v 0.457138 0.510895 0.120912
v 0.449142 0.498322 0.103745
v 0.474960 0.531708 -0.033753
v 0.487595 0.544449 -0.015628
v 0.504272 0.560043 -0.017879
v 0.513168 0.583725 -0.031021
v 0.518997 0.611969 -0.043026
v 0.520905 0.629974 -0.046061
v 0.484711 0.465332 0.029809
v 0.493759 0.479080 -0.045343
v 0.476730 0.473312 0.071273
v 0.482147 0.483810 0.034200
v 0.457443 0.411926 0.057068
v 0.437668 0.400345 0.050055
v 0.431961 0.399658 0.074398
v 0.420303 0.383118 0.104759
v 0.420654 0.464615 0.182929
v 0.441879 0.450272 0.147428
v 0.435349 0.442978 0.178640
v 0.421188 0.384628 0.150280
v 0.378799 0.343094 0.164703
v 0.422974 0.401276 0.202622
v 0.401764 0.400452 0.232837
v 0.390030 0.422073 0.241637
v 0.437271 0.486877 0.127277
v 0.448013 0.491669 0.104592
v 0.457306 0.470016 0.114311
v 0.463882 0.493271 0.068820
v 0.443039 0.450806 0.127497
v 0.444397 0.410522 -0.030013
v 0.380325 0.329300 0.030737
v 0.408005 0.350998 0.046888
v 0.421860 0.354095 0.004184
v 0.394333 0.339951 -0.004204
v 0.293030 0.334305 0.046656
v 0.311493 0.319626 0.050072
v 0.329391 0.333618 0.018250
v 0.313232 0.347916 0.012412
v 0.365753 0.319519 0.067404
v 0.353745 0.328094 0.022129
v 0.337326 0.312378 0.057150
v 0.393066 0.344711 0.083946
v 0.418198 0.370590 0.050076
v 0.399841 0.365906 0.090593
v 0.397980 0.461807 0.230679
v 0.406784 0.454620 0.258136
v 0.358154 0.473419 0.371642
v 0.343338 0.499069 0.368830
v 0.368759 0.514008 0.355427
v 0.383240 0.421234 0.297426
v 0.296478 0.340744 0.212799
v 0.312012 0.336670 0.219893
v 0.396149 0.433044 0.284314
v 0.401642 0.446365 0.286674
v 0.395523 0.428757 0.265091
v 0.389114 0.426987 0.247173
v 0.288391 0.340546 0.302415
v 0.326248 0.340256 0.267751
v 0.292023 0.332748 0.261330
v 0.258163 0.416122 0.361070
v 0.287201 0.422028 0.365432
v 0.294174 0.412262 0.352936
v 0.279907 0.441330 0.378396
v 0.321381 0.301956 0.095561
v 0.262482 0.310776 0.245259
v 0.243149 0.344086 0.321019
v 0.262405 0.347122 0.319310
v 0.294586 0.336929 0.209907
v 0.293930 0.308472 0.084308
v 0.401642 0.461563 0.299329
v 0.317398 0.454025 0.379532
v 0.354752 0.431213 0.341922
v 0.326248 0.420059 0.351252
v 0.325134 0.432938 0.365961
v 0.359299 0.447754 0.357844
v 0.294907 0.380646 0.350219
v 0.326065 0.372726 0.328771
v 0.294998 0.360519 0.335247
v 0.138885 0.369339 0.325706
v 0.131897 0.393509 0.323830
v 0.270233 0.359299 0.342655
v 0.270432 0.380234 0.354615
v 0.277451 0.321930 0.082096
v 0.270294 0.294556 0.128410
v 0.103867 0.382645 0.268147
v 0.111252 0.357361 0.272310
v 0.177658 0.337311 0.318850
v 0.161285 0.346146 0.310309
v 0.199722 0.399689 0.002232
v 0.192627 0.393387 0.022588
v 0.206802 0.397415 0.027659
v 0.211807 0.405380 0.005933
v 0.133514 0.403397 0.031668
v 0.117279 0.431519 -0.003486
v 0.099823 0.454559 0.018150
v 0.112793 0.422562 0.047038
v 0.119125 0.418655 0.026295
v 0.122940 0.401779 0.060512
v 0.138596 0.385681 0.073253
v 0.165756 0.383347 0.089135
v 0.188309 0.390274 0.062997
v 0.175461 0.388046 0.057456
v 0.155121 0.380676 0.083563
v 0.111404 0.443268 0.051434
v 0.109177 0.444366 0.056754
v 0.101776 0.427872 0.070571
v 0.088318 0.468689 0.053460
v 0.087296 0.430023 0.180418
v 0.096039 0.399155 0.139056
v 0.112152 0.443634 0.203635
v 0.108948 0.438400 0.225093
v 0.101120 0.460953 0.190994
v 0.110321 0.446793 0.198513
v 0.305984 0.375214 -0.022225
v 0.198792 0.366928 0.056081
v 0.175430 0.356476 0.086717
v 0.222443 0.386414 0.003704
v 0.215103 0.377426 0.027328
v 0.241364 0.350830 0.033766
v 0.215088 0.403595 0.005877
v 0.168930 0.379684 0.089637
v 0.107101 0.406204 0.084006
v 0.312805 0.378586 -0.002850
v 0.322281 0.362381 -0.002952
v 0.267944 0.341232 0.083541
v 0.283829 0.356461 0.047845
v 0.209900 0.318466 0.125152
v 0.247223 0.336609 0.072770
v 0.227112 0.325119 0.102770
v 0.263748 0.350128 0.042557
v 0.307251 0.380508 -0.004786
v 0.263046 0.343704 0.082060
v 0.279114 0.358948 0.047286
v 0.278900 0.373871 -0.007395
v 0.140259 0.326126 0.219733
v 0.126358 0.339035 0.230957
v 0.146927 0.334061 0.231680
v 0.206345 0.322098 0.119943
v 0.219925 0.322647 0.117334
v 0.269226 0.454681 0.023238
v 0.261032 0.449280 0.051303
v 0.253784 0.443253 0.049106
v 0.216080 0.447372 0.122776
v 0.180679 0.461487 0.128602
v 0.271973 0.464615 0.096523
v 0.289566 0.499207 0.132392
v 0.263184 0.480087 0.158864
v 0.253586 0.456619 0.123861
v 0.283813 0.473969 0.066572
v 0.301987 0.519714 0.102118
v 0.256760 0.448822 0.077178
v 0.265900 0.454437 0.053746
v 0.244843 0.446533 0.100657
v 0.307510 0.554184 0.065003
v 0.304123 0.534531 0.057054
v 0.296112 0.514938 0.145094
v 0.270309 0.493729 0.175404
v 0.194824 0.474930 0.189687
v 0.206085 0.466446 0.082500
v 0.226776 0.465729 0.063272
v 0.221497 0.488251 0.023764
v 0.232559 0.467422 0.043556
v 0.179413 0.482544 0.059490
v 0.142960 0.504547 0.006009
v 0.134262 0.496353 -0.002998
v 0.088669 0.479385 0.172136
v 0.070969 0.496643 0.144570
v 0.093445 0.522446 0.144128
v 0.100266 0.525406 0.141093
v 0.122314 0.509140 0.164404
v 0.244812 0.440323 0.060691
v 0.229141 0.466995 0.049979
v 0.240311 0.444214 0.064696
v 0.242950 0.437012 0.070356
v 0.146362 0.485336 0.110414
v 0.143280 0.489761 0.117479
v 0.180222 0.465622 0.134507
v 0.302933 0.614548 0.023592
v 0.307129 0.574722 0.010875
v 0.383698 0.653610 -0.031261
v 0.389450 0.649933 0.002852
v 0.403046 0.634171 -0.001747
v 0.403198 0.630722 0.030133
v 0.409851 0.634018 -0.000923
v 0.431839 0.650070 0.005745
v 0.423233 0.646210 0.035676
v 0.316101 0.645935 0.035533
v 0.454788 0.645447 0.046074
v 0.419022 0.634094 0.060227
v 0.310226 0.559875 0.066594
v 0.318512 0.568726 0.067498
v 0.310089 0.608032 0.074940
v 0.320953 0.590561 0.132148
v 0.318634 0.576736 0.068357
v 0.319107 0.633820 0.081353
v 0.328949 0.612793 0.140384
v 0.389557 0.620209 0.205942
v 0.387924 0.610672 0.237514
v 0.325485 0.551300 0.187276
v 0.326874 0.556595 0.235387
v 0.377853 0.589157 0.267880
v 0.361938 0.554016 0.304675
v 0.336792 0.546539 0.275592
v 0.313187 0.534378 0.260817
v 0.341568 0.528687 0.337295
v 0.255920 0.477493 0.208900
v 0.250580 0.483627 0.195363
v 0.300751 0.489761 0.324407
v 0.299637 0.497742 0.339308
v 0.236115 0.463562 0.371329
v 0.237564 0.484482 0.347291
v 0.273819 0.493607 0.349957
v 0.269226 0.472382 0.376173
v 0.242462 0.482010 0.316818
v 0.203705 0.463257 0.313358
v 0.197144 0.459824 0.345209
v 0.167892 0.445282 0.332233
v 0.196976 0.441879 0.367684
v 0.158875 0.421127 0.348975
v 0.142975 0.440140 0.313056
v 0.130905 0.456085 0.237488
v 0.192841 0.474762 0.196300
v 0.514267 0.657837 -0.017205
v 0.361435 0.323471 0.141898
v 0.154404 0.312973 0.223518
v 0.384506 0.463654 0.337227
v 0.202545 0.495712 -0.014701
v 0.136414 0.503586 0.069005
v 0.144882 0.496948 0.036761
v 0.084137 0.530228 0.116545
v 0.092041 0.532791 0.114929
v 0.165070 0.500748 -0.001706
v 0.145996 0.504349 0.010476
v 0.089661 0.530640 0.086027
v 0.106369 0.526199 0.055292
v 0.096954 0.532486 0.086850
v 0.224731 0.477768 0.197463
v 0.224152 0.490402 -0.002585
v 0.145782 0.492157 0.070165
v 0.218994 0.450089 0.128063
v 0.241318 0.442978 0.095577
v 0.252365 0.444153 0.072831
v 0.273727 0.461411 0.025374
v 0.152298 0.346725 0.271387
v 0.241730 0.412750 0.363750
v 0.242737 0.406479 0.361292
v 0.295334 0.405426 0.350427
v 0.441925 0.406784 -0.032175
v 0.464172 0.499557 0.068761
v 0.469833 0.505371 0.037837
v 0.469589 0.500259 0.037210
v 0.471420 0.521362 0.125903
v 0.481186 0.536728 0.126068
v 0.369476 0.397537 0.256211
v 0.444046 0.458374 0.124908
v 0.379333 0.638397 0.061433
v 0.422134 0.614227 0.089778
v 0.466553 0.656082 -0.000971
v 0.469772 0.658981 -0.007677
v 0.183350 0.467087 0.087806
v 0.197861 0.466873 0.086511
v 0.247314 0.435822 0.067153
v 0.403015 0.363434 -0.277833
v 0.393814 0.371368 -0.329709
v 0.231384 0.407364 -0.332323
v 0.473389 0.442596 -0.108426
v 0.321609 0.361450 -0.099693
v 0.111511 0.446045 -0.053741
v 0.095367 0.462341 -0.042506
v 0.288086 0.388153 -0.132300
v 0.231506 0.496170 -0.037713
v 0.373398 0.659637 -0.125167
v 0.398575 0.667130 -0.088190
v 0.382401 0.646729 -0.078218
v 0.439713 0.653793 -0.021478
v 0.429199 0.399933 0.006471
v 0.433624 0.399033 0.118736
v 0.433044 0.372849 0.004447
v 0.426880 0.395767 0.005605
v 0.120255 0.387497 0.098996
v 0.074860 0.501663 0.076941
v 0.066177 0.502350 0.113823
v 0.161362 0.297729 0.207432
v 0.238037 0.436234 0.089277
v 0.291626 0.487640 0.034768
v 0.223557 0.454041 0.145289
v 0.125183 0.512543 0.024422
v 0.438293 0.650223 -0.014623
v 0.453781 0.653473 0.014483
v 0.385208 0.645538 0.035733
v 0.397064 0.630707 0.030167
v 0.420166 0.623840 0.107348
v 0.018387 0.495987 0.511437
v 0.022903 0.511520 0.524379
v 0.016098 0.491379 0.511611
v 0.019211 0.496048 0.506824
v 0.013504 0.494598 0.204781
v 0.012589 0.503693 0.208111
v 0.015030 0.485687 0.212088
v 0.014511 0.495422 0.192620
v 0.018021 0.511581 0.254190
v 0.015472 0.516861 0.262481
v 0.019318 0.495377 0.264577
v 0.019821 0.513657 0.249779
v 0.015594 0.454697 0.309870
v 0.017288 0.459351 0.294727
v 0.015762 0.456558 0.311965
v 0.015350 0.450897 0.309381
v 0.016159 0.502945 0.500927
v 0.012390 0.502502 0.492189
v 0.020325 0.520065 0.507740
v 0.018448 0.498291 0.503052
v 0.011429 0.496933 0.394228
v 0.014786 0.482224 0.362268
v 0.014297 0.505905 0.395863
v 0.009003 0.491287 0.400728
v 0.007614 0.571182 0.355906
v 0.008591 0.552872 0.323832
v 0.007767 0.574600 0.355960
v 0.008514 0.567230 0.361666
v 0.016754 0.527344 0.326671
v 0.017365 0.527298 0.322907
v 0.013672 0.537323 0.339736
v 0.019836 0.522339 0.346475
v 0.014542 0.477448 0.338773
v 0.012436 0.474701 0.336066
v 0.017899 0.486542 0.331018
v 0.015884 0.476135 0.343403
v 0.017410 0.522507 0.316988
v 0.015228 0.524979 0.313445
v 0.017639 0.525406 0.319575
v 0.021057 0.508072 0.320577
v 0.019775 0.440765 0.501552
v 0.025650 0.439819 0.497259
v 0.015472 0.440765 0.497141
v 0.024368 0.444092 0.511904
v 0.104462 0.446915 0.261471
v 0.110062 0.448563 0.266545
v 0.101303 0.441513 0.253663
v 0.103439 0.447586 0.266078
v 0.135986 0.522308 0.475635
v 0.139847 0.529419 0.479611
v 0.137680 0.519913 0.467162
v 0.121658 0.512894 0.487699
v 0.101181 0.485626 0.476402
v 0.089951 0.474670 0.482077
v 0.105728 0.492416 0.488058
v 0.103592 0.488449 0.467758
v 0.097672 0.485733 0.429555
v 0.097656 0.488846 0.432631
v 0.104965 0.490494 0.406292
v 0.093018 0.475693 0.433973
v 0.213150 0.453735 0.295903
v 0.223770 0.460205 0.305730
v 0.213516 0.452850 0.290666
v 0.208176 0.453964 0.299562
v 0.150482 0.441315 0.248477
v 0.138016 0.440842 0.238779
v 0.149933 0.445282 0.260789
v 0.157852 0.439056 0.243791
v 0.201309 0.533722 0.415337
v 0.196381 0.535065 0.414339
v 0.210297 0.537598 0.423874
v 0.206039 0.521744 0.402204
v 0.207199 0.466721 0.322673
v 0.206558 0.464035 0.317809
v 0.200241 0.471939 0.329207
v 0.211334 0.467850 0.325874
v 0.300232 0.512894 0.410441
v 0.298004 0.519714 0.420381
v 0.303925 0.511459 0.407255
v 0.295578 0.513062 0.409295
v 0.129730 0.513702 0.442440
v 0.118698 0.506851 0.440077
v 0.132736 0.513992 0.450074
v 0.133926 0.517792 0.438107
v 0.047012 0.437180 0.472178
v 0.052628 0.441025 0.476593
v 0.047852 0.435455 0.460444
v 0.040482 0.436096 0.475615
v 0.176193 0.439240 0.220156
v 0.181305 0.442184 0.219936
v 0.164734 0.445389 0.205401
v 0.173874 0.438080 0.224848
v 0.125351 0.449799 0.184415
v 0.132477 0.453842 0.183149
v 0.119476 0.452805 0.184004
v 0.126068 0.447510 0.187038
v 0.368805 0.566223 0.399527
v 0.335907 0.520401 0.307975
v 0.348160 0.531952 0.319732
v 0.333664 0.523483 0.301113
v 0.331009 0.514923 0.313148
v 0.144882 0.474884 0.327720
v 0.138397 0.485077 0.350682
v 0.152008 0.473175 0.327236
v 0.142914 0.474838 0.324615
v 0.032425 0.565781 0.534415
v 0.378265 0.622772 0.146630
v 0.379684 0.623505 0.142672
v 0.365692 0.621857 0.144997
v 0.380615 0.622620 0.151117
v 0.413040 0.626404 0.159074
v 0.404633 0.626770 0.162268
v 0.421921 0.627655 0.160634
v 0.408997 0.623779 0.145431
v 0.409058 0.634033 0.094238
v 0.399292 0.637283 0.088904
v 0.406586 0.628922 0.108503
v 0.419479 0.636108 0.092614
v 0.446564 0.645248 0.102894
v 0.431992 0.663437 0.068427
v 0.046204 0.566330 0.233418
v 0.041153 0.567596 0.221129
v 0.052216 0.556030 0.237074
v 0.046967 0.570892 0.236182
v 0.039139 0.564362 0.212093
v 0.037918 0.566833 0.208194
v 0.042465 0.553314 0.210070
v 0.266190 0.543716 0.300058
v 0.268753 0.537460 0.294825
v 0.267105 0.546143 0.300093
v 0.260101 0.543091 0.302326
v 0.199265 0.491089 0.216939
v 0.200836 0.486801 0.208631
v 0.211838 0.495178 0.232397
v 0.186310 0.495056 0.219305
v 0.256256 0.597916 0.327901
v 0.262039 0.591858 0.322544
v 0.259384 0.606003 0.322424
v 0.253815 0.597931 0.330978
v 0.072876 0.562729 0.279704
v 0.077179 0.552933 0.276749
v 0.083832 0.565613 0.295271
v 0.066162 0.573151 0.273479
v 0.242798 0.630402 0.343049
v 0.242188 0.617462 0.344341
v 0.246124 0.636841 0.335324
v 0.234848 0.641235 0.349606
v 0.360641 0.615723 0.158470
v 0.367615 0.617157 0.160201
v 0.360291 0.620132 0.148117
v 0.355713 0.615967 0.160134
v 0.296692 0.679688 0.168027
v 0.300903 0.676926 0.159670
v 0.283691 0.686905 0.169914
v 0.298279 0.679657 0.171247
v 0.279480 0.691727 0.168876
v 0.281754 0.691696 0.160789
v 0.277664 0.695892 0.171583
v 0.320297 0.549088 0.289366
v 0.324585 0.561859 0.291701
v 0.303940 0.544785 0.286816
v 0.325012 0.542328 0.291525
v 0.272522 0.549545 0.294973
v 0.271484 0.550674 0.296220
v 0.271286 0.538864 0.293364
v 0.276886 0.548752 0.293447
v 0.297928 0.631744 0.237031
v 0.295410 0.630234 0.239358
v 0.314240 0.621780 0.232025
v 0.296234 0.637146 0.236203
v 0.313065 0.621536 0.201700
v 0.305832 0.627975 0.208870
v 0.321640 0.619278 0.202927
v 0.313354 0.621307 0.185524
v 0.275772 0.643112 0.269134
v 0.274033 0.652420 0.256460
v 0.274002 0.645676 0.273995
v 0.276764 0.639374 0.268537
v 0.271500 0.609985 0.298831
v 0.273605 0.604431 0.297328
v 0.276443 0.621765 0.283648
v 0.269287 0.613083 0.304782
v 0.227051 0.463364 0.221622
v 0.222519 0.457108 0.229336
v 0.233932 0.466522 0.227356
v 0.222397 0.464096 0.215818
v 0.211151 0.463455 0.209807
v 0.202637 0.457703 0.212127
v 0.207214 0.466309 0.206053
v 0.171753 0.460144 0.197552
v 0.178772 0.453812 0.204350
v 0.180161 0.466019 0.197647
v 0.164993 0.459030 0.196535
v 0.161606 0.456497 0.196969
v 0.158783 0.455750 0.195757
v 0.079422 0.496353 0.588460
v 0.064926 0.492340 0.584860
v 0.082489 0.513870 0.601009
v 0.087143 0.492508 0.580520
v 0.017258 0.478683 0.348691
v 0.021118 0.487366 0.344873
v 0.016891 0.476822 0.346824
v 0.023499 0.495483 0.339918
v 0.022156 0.501785 0.353616
v 0.024506 0.496887 0.335710
v 0.107895 0.508041 0.407677
v 0.111023 0.505219 0.399437
v 0.105118 0.503510 0.414318
v 0.110199 0.509338 0.410263
v 0.026138 0.508057 0.329376
v 0.023987 0.512924 0.327037
v 0.025299 0.512817 0.344141
v 0.025833 0.505096 0.330359
v 0.015076 0.488800 0.510611
v 0.012650 0.477966 0.496547
v 0.014542 0.487137 0.512142
v 0.018188 0.531631 0.570751
v 0.020126 0.532730 0.577422
v 0.017700 0.523712 0.564462
v 0.021652 0.538162 0.566621
v 0.222137 0.453156 0.283227
v 0.221573 0.451248 0.279160
v 0.216782 0.452652 0.286094
v 0.236755 0.459518 0.289161
v 0.288376 0.544357 0.437981
v 0.292114 0.542358 0.435678
v 0.284882 0.543915 0.438004
v 0.287689 0.544418 0.440799
v 0.190659 0.552551 0.436198
v 0.201157 0.551193 0.438710
v 0.191376 0.548157 0.430377
v 0.186752 0.552368 0.441621
v 0.300674 0.585312 0.294157
v 0.294403 0.586212 0.298524
v 0.298523 0.581177 0.294022
v 0.306107 0.585373 0.294768
v 0.297104 0.622223 0.242650
v 0.295319 0.620880 0.246456
v 0.312057 0.610275 0.240580
v 0.296127 0.624954 0.241679
v 0.335495 0.613007 0.231442
v 0.358124 0.618942 0.228941
v 0.335312 0.614136 0.229935
v 0.335236 0.612198 0.232544
v 0.323776 0.665054 0.160730
v 0.318863 0.668320 0.156144
v 0.317368 0.668686 0.164122
v 0.328232 0.659393 0.158492
v 0.273132 0.694168 0.184514
v 0.279587 0.690140 0.181756
v 0.274094 0.695618 0.181201
v 0.272552 0.694260 0.185750
v 0.260132 0.497849 0.261563
v 0.261932 0.502258 0.265810
v 0.256287 0.503342 0.267243
v 0.256210 0.495743 0.255397
v 0.174805 0.486588 0.195601
v 0.182297 0.485687 0.198055
v 0.173874 0.490356 0.202656
v 0.166977 0.487030 0.193084
v 0.056549 0.523544 0.189614
v 0.064423 0.519547 0.188599
v 0.053940 0.527557 0.190630
v 0.052170 0.522415 0.187389
v 0.036499 0.585129 0.215972
v 0.036331 0.580673 0.213200
v 0.039612 0.582520 0.221992
v 0.006668 0.442902 0.389243
v 0.008652 0.436417 0.394371
v 0.009552 0.444656 0.357828
v 0.006332 0.448273 0.394362
v 0.103561 0.437363 0.247212
v 0.102585 0.435196 0.236024
v 0.108734 0.438828 0.250523
v 0.131027 0.433899 0.201887
v 0.124344 0.433197 0.207737
v 0.137451 0.434036 0.204319
v 0.129868 0.436569 0.196705
v 0.173447 0.467285 0.314376
v 0.175400 0.464600 0.310129
v 0.151260 0.462860 0.303775
v 0.171661 0.468918 0.318357
v 0.196625 0.457748 0.303775
v 0.198654 0.458420 0.305569
v 0.197433 0.447540 0.286422
v 0.192001 0.457596 0.302389
v 0.211121 0.445419 0.271999
v 0.201035 0.444183 0.277594
v 0.214355 0.446548 0.272576
v 0.207962 0.444397 0.269310
v 0.111130 0.517212 0.519821
v 0.122986 0.528381 0.501781
v 0.110474 0.510590 0.516700
v 0.109055 0.518448 0.525058
v 0.102417 0.506866 0.575443
v 0.248459 0.517197 0.412087
v 0.239624 0.511047 0.401487
v 0.241455 0.526718 0.421441
v 0.265625 0.513412 0.410266
v 0.284470 0.498978 0.386494
v 0.294189 0.500854 0.381069
v 0.272141 0.494247 0.379051
v 0.283920 0.503525 0.394915
v 0.064713 0.441879 0.282333
v 0.058670 0.439804 0.311820
v 0.066910 0.443192 0.281631
v 0.062210 0.440781 0.278683
v 0.023315 0.438614 0.482664
v 0.018570 0.439072 0.481027
v 0.026581 0.439056 0.492062
v 0.026093 0.438004 0.481244
v 0.084457 0.457520 0.203330
v 0.073059 0.450287 0.217097
v 0.091339 0.457245 0.201231
v 0.080460 0.460739 0.201588
v 0.036011 0.435989 0.278926
v 0.030807 0.432922 0.299977
v 0.042953 0.438248 0.276301
v 0.031906 0.437286 0.268595
v 0.252686 0.579712 0.329663
v 0.255493 0.577545 0.325458
v 0.251511 0.586090 0.332259
v 0.250214 0.578415 0.331321
v 0.245926 0.594162 0.338863
v 0.242813 0.598282 0.342029
v 0.243210 0.584457 0.339742
v 0.250427 0.596573 0.334592
v 0.269058 0.715576 0.162641
v 0.264557 0.722122 0.162838
v 0.269363 0.707657 0.183233
v 0.271225 0.715256 0.153388
v 0.290024 0.697159 0.085377
v 0.286484 0.696640 0.093708
v 0.296829 0.690231 0.083131
v 0.288589 0.702240 0.081995
v 0.299255 0.677170 0.101365
v 0.304230 0.675247 0.090616
v 0.289658 0.688171 0.105859
v 0.301697 0.672958 0.106405
v 0.280594 0.722290 0.069221
v 0.281830 0.722427 0.066216
v 0.283569 0.717621 0.072667
v 0.287796 0.686325 0.137991
v 0.271790 0.693436 0.187740
v 0.278198 0.687592 0.185232
v 0.271255 0.695557 0.188401
v 0.294510 0.639771 0.236142
v 0.281540 0.648239 0.241800
v 0.294205 0.639618 0.231316
v 0.295105 0.600540 0.268769
v 0.309036 0.593384 0.265492
v 0.293243 0.606964 0.263369
v 0.289856 0.600098 0.278928
v 0.273636 0.655243 0.251206
v 0.275253 0.652878 0.246347
v 0.274033 0.656754 0.247360
v 0.262299 0.572998 0.315141
v 0.262192 0.568771 0.313409
v 0.265427 0.575165 0.313662
v 0.039948 0.520309 0.182302
v 0.037933 0.523941 0.182887
v 0.040298 0.516022 0.182806
v 0.197037 0.469513 0.201577
v 0.197617 0.473053 0.201390
v 0.015961 0.444016 0.305317
v 0.016998 0.444077 0.288411
v 0.015961 0.441895 0.307772
v 0.015808 0.441727 0.309987
v 0.013718 0.452011 0.326209
v 0.015350 0.442642 0.313084
v 0.013962 0.446320 0.321989
v 0.012085 0.455353 0.336489
v 0.013580 0.444199 0.323997
v 0.014236 0.526947 0.312281
v 0.010284 0.541565 0.312434
v 0.014252 0.526215 0.304973
v 0.043533 0.474808 0.199404
v 0.042908 0.488846 0.189313
v 0.035507 0.470367 0.202382
v 0.054825 0.470963 0.202516
v 0.048233 0.439178 0.272904
v 0.051300 0.442825 0.253054
v 0.052048 0.438919 0.275086
v 0.228714 0.546982 0.437374
v 0.258438 0.543304 0.438765
v 0.228897 0.544601 0.435076
v 0.229034 0.547150 0.439878
v 0.333099 0.606873 0.237786
v 0.334152 0.604767 0.240062
v 0.334534 0.608337 0.236240
v 0.359482 0.622406 0.143238
v 0.361465 0.624359 0.135819
v 0.354370 0.627762 0.145758
v 0.359924 0.622101 0.143501
v 0.475128 0.539261 -0.335229
v 0.465088 0.538223 -0.351190
v 0.385345 0.448929 -0.385676
v 0.392960 0.453629 -0.395495
v 0.380707 0.447205 -0.383318
v 0.387543 0.446793 -0.380073
v 0.394623 0.459793 -0.407058
v 0.398361 0.464844 -0.411172
v 0.391953 0.460022 -0.408450
v 0.387390 0.448532 -0.413250
v 0.382935 0.438782 -0.404062
v 0.389008 0.456772 -0.411537
v 0.386688 0.448166 -0.421515
v 0.311218 0.358704 -0.451031
v 0.319717 0.362732 -0.445072
v 0.308136 0.362503 -0.453764
v 0.309357 0.352356 -0.450118
v 0.312943 0.366928 -0.458760
v 0.309036 0.365616 -0.456694
v 0.322510 0.374100 -0.454500
v 0.312576 0.365143 -0.461468
v 0.386520 0.466919 -0.435905
v 0.035339 0.331924 -0.572959
v 0.039948 0.331207 -0.571343
v 0.037064 0.335541 -0.579624
v 0.032700 0.332458 -0.571739
v 0.296707 0.342987 -0.445716
v 0.288010 0.346115 -0.456293
v 0.292252 0.341278 -0.438929
v 0.302048 0.344818 -0.444927
v 0.065338 0.333939 -0.527695
v 0.047455 0.327606 -0.552881
v 0.039322 0.329025 -0.550896
v 0.055817 0.328934 -0.546410
v 0.049606 0.328156 -0.561521
v 0.249893 0.417709 -0.378484
v 0.251694 0.416870 -0.374256
v 0.248093 0.414993 -0.382337
v 0.245010 0.417831 -0.378048
v 0.121338 0.359299 -0.567565
v 0.117233 0.357773 -0.568900
v 0.115616 0.354279 -0.549408
v 0.123047 0.357895 -0.567317
v 0.247559 0.413574 -0.360203
v 0.253632 0.414810 -0.361681
v 0.239609 0.414078 -0.366017
v 0.246185 0.411621 -0.353090
v 0.429794 0.515656 -0.363237
v 0.311310 0.363953 -0.462761
v 0.300995 0.357834 -0.462989
v 0.311417 0.364914 -0.465109
v 0.264954 0.343048 -0.449450
v 0.270279 0.343979 -0.440978
v 0.272354 0.342590 -0.458371
v 0.255951 0.342178 -0.451864
v 0.337387 0.352448 -0.430459
v 0.347946 0.357361 -0.422011
v 0.333160 0.358582 -0.435656
v 0.334686 0.348175 -0.426926
v 0.302322 0.687988 -0.046955
v 0.309341 0.684189 -0.045483
v 0.298477 0.689331 -0.057424
v 0.300262 0.693024 -0.040942
v 0.436707 0.680161 -0.000927
v 0.294952 0.710449 -0.010445
v 0.304901 0.705246 -0.005042
v 0.295731 0.710220 -0.019035
v 0.289429 0.711929 -0.008278
v 0.282867 0.713623 -0.034461
v 0.280777 0.720398 -0.020216
v 0.287643 0.707718 -0.035636
v 0.278824 0.725021 -0.003031
v 0.437485 0.666718 -0.166633
v 0.519119 0.639496 -0.175073
v 0.516541 0.643829 -0.162781
v 0.518219 0.649307 -0.181248
v 0.518295 0.630386 -0.177722
v 0.436493 0.431870 -0.168334
v 0.438934 0.431412 -0.179832
v 0.434784 0.430389 -0.160127
v 0.438400 0.433212 -0.168993
v 0.488113 0.495346 -0.162534
v 0.486420 0.502853 -0.159708
v 0.488647 0.494492 -0.169675
v 0.484924 0.490479 -0.152541
v 0.429764 0.370499 -0.189965
v 0.420563 0.366470 -0.188892
v 0.431946 0.374146 -0.185046
v 0.435867 0.369949 -0.197661
v 0.435379 0.421890 -0.157226
v 0.434097 0.426682 -0.157228
v 0.438278 0.414978 -0.165441
v 0.436584 0.419144 -0.145679
v 0.443375 0.383896 -0.182561
v 0.445404 0.384216 -0.190446
v 0.441208 0.380310 -0.180807
v 0.441788 0.390869 -0.178331
v 0.186722 0.463501 -0.186009
v 0.287277 0.412277 -0.217878
v 0.284744 0.410660 -0.229766
v 0.283096 0.411285 -0.210159
v 0.290421 0.413132 -0.217442
v 0.229492 0.411697 -0.165266
v 0.222000 0.417679 -0.169270
v 0.235199 0.406952 -0.155190
v 0.231720 0.411209 -0.166596
v 0.216248 0.421082 -0.164513
v 0.219086 0.418167 -0.153410
v 0.210617 0.425583 -0.164199
v 0.480469 0.491226 -0.271058
v 0.478516 0.488144 -0.284702
v 0.478348 0.484329 -0.265717
v 0.481750 0.496719 -0.270457
v 0.459320 0.487289 -0.312407
v 0.457672 0.485519 -0.309965
v 0.463867 0.486755 -0.310706
v 0.454437 0.495468 -0.321023
v 0.472870 0.473480 -0.266119
v 0.467941 0.464508 -0.279111
v 0.471191 0.470459 -0.260269
v 0.458145 0.456802 -0.303917
v 0.464355 0.467850 -0.300085
v 0.456238 0.454926 -0.307062
v 0.459137 0.457092 -0.300898
v 0.452042 0.460632 -0.321766
v 0.455856 0.471710 -0.316401
v 0.446350 0.459610 -0.332013
v 0.452560 0.456284 -0.318569
v 0.454956 0.479904 -0.314606
v 0.448959 0.485031 -0.323503
v 0.455948 0.482498 -0.310501
v 0.379990 0.430817 -0.350511
v 0.388107 0.424255 -0.335552
v 0.378738 0.432983 -0.352279
v 0.381271 0.427338 -0.352510
v 0.432739 0.380402 -0.249988
v 0.435730 0.377045 -0.235026
v 0.436447 0.389130 -0.253791
v 0.424942 0.374329 -0.254897
v 0.411026 0.379547 -0.299036
v 0.400253 0.374603 -0.315740
v 0.410538 0.377853 -0.297194
v 0.412567 0.382935 -0.298281
v 0.403732 0.388840 -0.316816
v 0.407288 0.388657 -0.311052
v 0.404831 0.397522 -0.315658
v 0.400040 0.384949 -0.320583
v 0.397827 0.387939 -0.331447
v 0.397766 0.384521 -0.326193
v 0.398071 0.395599 -0.332946
v 0.396439 0.384979 -0.336526
v 0.396561 0.403793 -0.332127
v 0.396210 0.404922 -0.328020
v 0.393204 0.409790 -0.340169
v 0.361359 0.351990 -0.371919
v 0.373871 0.358093 -0.360060
v 0.361221 0.354416 -0.381381
v 0.349136 0.345932 -0.368895
v 0.304871 0.380966 -0.284888
v 0.304199 0.378601 -0.292832
v 0.297028 0.389572 -0.280051
v 0.310074 0.380127 -0.281560
v 0.245071 0.410492 -0.348117
v 0.251953 0.410324 -0.340868
v 0.238159 0.409332 -0.347199
v 0.327545 0.365524 -0.265676
v 0.332596 0.364304 -0.278451
v 0.325150 0.368851 -0.263244
v 0.329926 0.363892 -0.265759
v 0.305954 0.399185 -0.263618
v 0.302094 0.400818 -0.266313
v 0.310089 0.403198 -0.258860
v 0.308487 0.390549 -0.269189
v 0.331070 0.367050 -0.300989
v 0.325424 0.371140 -0.288056
v 0.334030 0.365372 -0.302463
v 0.328766 0.367004 -0.305719
v 0.483322 0.537094 -0.208848
v 0.480194 0.533127 -0.209501
v 0.488693 0.536423 -0.200747
v 0.482315 0.545074 -0.215256
v 0.275848 0.597183 -0.163828
v 0.095642 0.483032 -0.132455
v 0.102859 0.478851 -0.134340
v 0.089355 0.486572 -0.141239
v 0.094772 0.485825 -0.125791
v 0.480499 0.528687 -0.214824
v 0.483643 0.526077 -0.214968
v 0.479584 0.529678 -0.211762
v 0.478180 0.530792 -0.218242
v 0.222275 0.410049 -0.358223
v 0.226974 0.409195 -0.353614
v 0.224533 0.411453 -0.361833
v 0.215561 0.411438 -0.357460
v 0.333847 0.364212 -0.283203
v 0.334656 0.364090 -0.289029
v 0.330811 0.368378 -0.280096
v 0.337662 0.363831 -0.323329
v 0.337555 0.363876 -0.318214
v 0.337845 0.360672 -0.327624
v 0.334213 0.364120 -0.320329
v 0.307556 0.414612 -0.252459
v 0.308914 0.411819 -0.253444
v 0.304703 0.414062 -0.257264
v 0.306198 0.414536 -0.250485
v 0.297256 0.413940 -0.238326
v 0.299057 0.413910 -0.240838
v 0.292236 0.412537 -0.240592
v 0.296143 0.413544 -0.232668
v 0.280991 0.415710 -0.188609
v 0.285355 0.413589 -0.194220
v 0.277710 0.416336 -0.189561
v 0.281525 0.414322 -0.185480
v 0.393997 0.418243 -0.327326
v 0.393219 0.419662 -0.328731
v 0.394455 0.414764 -0.326718
v 0.395859 0.418747 -0.324006
v 0.437347 0.427612 -0.172916
v 0.437820 0.428696 -0.175952
v 0.438049 0.422852 -0.175491
v 0.436676 0.428009 -0.168682
v 0.446823 0.375961 -0.196067
v 0.447006 0.378403 -0.195664
v 0.444916 0.375092 -0.197990
v 0.443680 0.376007 -0.191469
v 0.484955 0.524536 -0.214272
v 0.486404 0.523209 -0.208450
v 0.484863 0.521088 -0.216750
v 0.479858 0.535507 -0.225881
v 0.479248 0.540665 -0.229471
v 0.484192 0.530304 -0.231869
v 0.477554 0.533768 -0.222253
v 0.482407 0.602402 -0.286464
v 0.514801 0.606216 -0.258866
v 0.510941 0.603134 -0.262068
v 0.516541 0.597275 -0.246338
v 0.515961 0.615143 -0.258983
v 0.471329 0.537079 -0.214775
v 0.471298 0.542160 -0.219571
v 0.472839 0.535538 -0.216413
v 0.473404 0.535507 -0.213365
v 0.487061 0.523376 -0.206077
v 0.485016 0.525955 -0.207193
v 0.486206 0.524033 -0.199470
v 0.509125 0.651733 -0.152222
v 0.505615 0.651505 -0.145297
v 0.499481 0.656647 -0.154635
v 0.522705 0.575150 -0.123788
v 0.524933 0.585129 -0.128655
v 0.519730 0.571442 -0.128327
v 0.522736 0.574036 -0.114290
v 0.481476 0.543167 -0.113037
v 0.476410 0.542160 -0.113283
v 0.489365 0.541855 -0.102843
v 0.484879 0.546082 -0.117163
v 0.526413 0.615540 -0.078438
v 0.525909 0.608521 -0.074822
v 0.525406 0.619049 -0.074075
v 0.528046 0.616501 -0.087967
v 0.529236 0.614807 -0.102065
v 0.528320 0.621216 -0.105002
v 0.529129 0.608551 -0.104154
v 0.518768 0.584091 -0.147717
v 0.517593 0.583618 -0.154177
v 0.517532 0.578629 -0.143256
v 0.521683 0.588196 -0.143684
v 0.485901 0.489197 -0.146065
v 0.484833 0.483673 -0.146369
v 0.485458 0.497192 -0.140224
v 0.475723 0.536942 -0.110098
v 0.476395 0.534164 -0.111780
v 0.481476 0.532074 -0.100831
v 0.475189 0.538849 -0.111108
v 0.391846 0.350983 -0.123601
v 0.395020 0.347031 -0.093919
v 0.399963 0.353714 -0.129997
v 0.382874 0.351151 -0.130137
v 0.420670 0.349060 -0.077556
v 0.427170 0.353226 -0.074174
v 0.419708 0.353149 -0.102427
v 0.410583 0.346176 -0.071147
v 0.361862 0.347565 -0.096984
v 0.360123 0.348755 -0.095326
v 0.374847 0.345978 -0.093292
v 0.359177 0.348160 -0.106169
v 0.356873 0.352158 -0.090553
v 0.345596 0.355240 -0.090508
v 0.360580 0.353333 -0.086123
v 0.147156 0.432404 -0.084337
v 0.150833 0.434753 -0.092309
v 0.130859 0.438995 -0.080564
v 0.153503 0.427444 -0.075649
v 0.137909 0.422409 -0.037879
v 0.146011 0.416946 -0.028920
v 0.142609 0.424911 -0.051070
v 0.134247 0.424362 -0.036583
v 0.299774 0.373703 -0.089185
v 0.297241 0.376053 -0.097672
v 0.295731 0.371597 -0.086479
v 0.304886 0.375900 -0.084829
v 0.238953 0.396423 -0.095307
v 0.234283 0.398071 -0.088598
v 0.246033 0.391327 -0.095258
v 0.233017 0.405014 -0.113946
v 0.280197 0.366226 -0.067679
v 0.282425 0.367294 -0.074949
v 0.275284 0.368286 -0.066313
v 0.287018 0.365829 -0.058241
v 0.271805 0.409363 -0.168917
v 0.277878 0.410751 -0.171319
v 0.265289 0.411972 -0.175129
v 0.271744 0.403824 -0.161705
v 0.291580 0.384933 -0.147835
v 0.288208 0.392532 -0.147645
v 0.296432 0.376923 -0.136433
v 0.293411 0.383514 -0.156631
v 0.289856 0.402664 -0.183101
v 0.292328 0.395294 -0.179363
v 0.293274 0.402863 -0.199759
v 0.286514 0.407089 -0.179078
v 0.287628 0.585892 -0.118062
v 0.291000 0.613358 -0.115711
v 0.288666 0.577057 -0.107845
v 0.284531 0.582245 -0.129599
v 0.294662 0.561157 -0.070314
v 0.296616 0.581009 -0.065723
v 0.294708 0.539856 -0.060268
v 0.293045 0.562027 -0.078637
v 0.276291 0.454163 -0.036788
v 0.275299 0.454330 -0.027401
v 0.274109 0.451721 -0.044455
v 0.277008 0.456940 -0.043280
v 0.272995 0.455521 -0.066432
v 0.271652 0.455811 -0.062636
v 0.270935 0.461823 -0.085607
v 0.274490 0.454376 -0.066211
v 0.258316 0.479919 -0.098411
v 0.261322 0.475082 -0.102285
v 0.258453 0.477646 -0.078922
v 0.253357 0.487656 -0.102982
v 0.327057 0.653992 -0.117238
v 0.329407 0.652344 -0.119770
v 0.334503 0.655884 -0.106773
v 0.321609 0.653610 -0.117327
v 0.167358 0.502731 -0.066511
v 0.172119 0.502716 -0.067434
v 0.163055 0.501282 -0.056624
v 0.164246 0.505234 -0.074187
v 0.154480 0.495743 -0.033148
v 0.159683 0.493805 -0.028805
v 0.147171 0.496124 -0.030628
v 0.156067 0.497467 -0.039508
v 0.096970 0.496323 -0.077463
v 0.096298 0.495499 -0.078143
v 0.102905 0.502625 -0.082595
v 0.098206 0.495773 -0.073346
v 0.095901 0.494293 -0.080444
v 0.094360 0.489227 -0.081153
v 0.099274 0.497467 -0.085542
v 0.104446 0.484207 -0.105304
v 0.104141 0.486526 -0.097820
v 0.110886 0.479446 -0.110706
v 0.102325 0.485092 -0.106471
v 0.093338 0.503571 -0.098545
v 0.094681 0.507751 -0.100420
v 0.098587 0.500763 -0.091088
v 0.091278 0.499496 -0.104465
v 0.469147 0.679489 -0.111666
v 0.454773 0.679794 -0.105433
v 0.468338 0.677719 -0.123355
v 0.478088 0.678955 -0.101999
v 0.301636 0.564682 -0.021744
v 0.301987 0.568680 -0.021613
v 0.304016 0.555084 0.002334
v 0.301056 0.562317 -0.024141
v 0.275284 0.454239 -0.066607
v 0.274826 0.460007 -0.088237
v 0.276260 0.456467 -0.065102
v 0.103745 0.480804 -0.093309
v 0.104187 0.484787 -0.093930
v 0.100510 0.480988 -0.090422
v 0.109253 0.475098 -0.095891
v 0.125076 0.509491 -0.095238
v 0.126266 0.511108 -0.100209
v 0.126923 0.508759 -0.091270
v 0.121964 0.508972 -0.093667
v 0.318390 0.387115 -0.073554
v 0.316696 0.385986 -0.076236
v 0.318710 0.387100 -0.068847
v 0.322159 0.383881 -0.074039
v 0.441162 0.430664 -0.074455
v 0.441040 0.429657 -0.076593
v 0.441757 0.429718 -0.071659
v 0.444260 0.431885 -0.075423
v 0.466599 0.542023 -0.121430
v 0.468826 0.542023 -0.119005
v 0.467361 0.541122 -0.127191
v 0.470184 0.537933 -0.119413
v 0.472122 0.593887 0.121901
v 0.465530 0.597534 0.133213
v 0.471909 0.595978 0.115076
v 0.480438 0.582550 0.117906
v 0.512421 0.631882 0.023320
v 0.509216 0.639908 0.026142
v 0.514114 0.631927 0.017707
v 0.510925 0.628662 0.029081
v 0.506149 0.553558 0.065748
v 0.505630 0.550659 0.063486
v 0.502426 0.545349 0.080832
v 0.505554 0.558060 0.065979
v 0.493668 0.565948 0.093480
v 0.495743 0.562576 0.088451
v 0.492065 0.565048 0.099360
v 0.486633 0.580719 0.097549
v 0.478088 0.564972 0.134600
v 0.480301 0.550476 0.134783
v 0.476318 0.567169 0.138184
v 0.480225 0.563217 0.129952
v 0.470215 0.561386 0.158010
v 0.473679 0.546631 0.153297
v 0.465271 0.565063 0.170278
v 0.470688 0.565750 0.153563
v 0.442184 0.562546 0.236051
v 0.444611 0.561584 0.230039
v 0.440414 0.558319 0.241933
v 0.435150 0.581223 0.237957
v 0.428070 0.504013 0.260534
v 0.434830 0.508255 0.255948
v 0.427551 0.491943 0.254289
v 0.425812 0.505539 0.263049
v 0.476044 0.530289 0.138680
v 0.478912 0.539261 0.137067
v 0.475266 0.527924 0.138108
v 0.475220 0.530670 0.142148
v 0.474335 0.526596 0.136634
v 0.474716 0.529007 0.134538
v 0.469406 0.517929 0.135599
v 0.497101 0.528519 0.081988
v 0.499603 0.536438 0.086107
v 0.497208 0.527466 0.077294
v 0.495224 0.529709 0.087383
v 0.510162 0.573151 -0.014938
v 0.514130 0.582764 -0.018627
v 0.508621 0.572235 -0.017451
v 0.510223 0.568314 -0.008456
v 0.520737 0.618317 -0.056839
v 0.519684 0.620514 -0.052723
v 0.522049 0.620712 -0.060545
v 0.520370 0.609573 -0.055505
v 0.522476 0.594376 -0.010657
v 0.517654 0.580780 -0.002518
v 0.523865 0.602478 -0.008595
v 0.521286 0.595062 -0.018164
v 0.475601 0.503067 -0.006645
v 0.482681 0.494003 -0.012233
v 0.475677 0.503296 0.002560
v 0.471741 0.506516 -0.009190
v 0.461517 0.428253 0.087362
v 0.453613 0.425964 0.105482
v 0.463181 0.430908 0.086313
v 0.460449 0.426224 0.085840
v 0.467590 0.444809 0.092227
v 0.459030 0.439407 0.106626
v 0.470703 0.451920 0.090261
v 0.467194 0.442200 0.089082
v 0.453232 0.441360 0.114310
v 0.454453 0.448105 0.115006
v 0.449707 0.439941 0.116790
v 0.447723 0.418503 0.104505
v 0.449677 0.423203 0.110662
v 0.450150 0.418823 0.098154
v 0.446304 0.416794 0.106455
v 0.440994 0.422150 0.147396
v 0.441132 0.427460 0.154599
v 0.443085 0.426117 0.135261
v 0.438583 0.415787 0.147039
v 0.402206 0.361053 0.189244
v 0.393478 0.358047 0.198847
v 0.407181 0.368347 0.192123
v 0.400558 0.358017 0.180864
v 0.409988 0.446304 0.220821
v 0.399796 0.457825 0.222336
v 0.412766 0.447449 0.215980
v 0.408768 0.441238 0.223035
v 0.366394 0.342972 -0.025967
v 0.364548 0.343979 -0.027527
v 0.362534 0.343430 -0.014551
v 0.371704 0.342636 -0.026208
v 0.363113 0.390381 0.297328
v 0.363388 0.382965 0.283761
v 0.358139 0.386200 0.300490
v 0.365952 0.393692 0.296056
v 0.372299 0.395798 0.270112
v 0.373947 0.396408 0.277893
v 0.377182 0.404572 0.265110
v 0.367294 0.392242 0.268853
v 0.366791 0.368042 0.244410
v 0.363129 0.361465 0.240255
v 0.365311 0.371933 0.250019
v 0.374588 0.372757 0.239541
v 0.351669 0.357376 0.252755
v 0.359299 0.369232 0.260423
v 0.350937 0.351562 0.240932
v 0.348465 0.355606 0.255193
v 0.233612 0.302475 0.248360
v 0.238312 0.304962 0.255035
v 0.239716 0.296783 0.229827
v 0.226028 0.302963 0.247943
v 0.266357 0.293915 0.208179
v 0.270676 0.297668 0.215067
v 0.278641 0.292908 0.187341
v 0.256744 0.292374 0.208732
v 0.335220 0.330353 0.164236
v 0.336258 0.320618 0.163459
v 0.324951 0.332657 0.175496
v 0.337326 0.333984 0.162392
v 0.254379 0.335495 0.276033
v 0.254868 0.329025 0.265394
v 0.253036 0.333496 0.283302
v 0.255890 0.340454 0.276299
v 0.346039 0.338165 0.164127
v 0.343399 0.345062 0.172610
v 0.356735 0.333221 0.159346
v 0.341675 0.336777 0.162081
v 0.341888 0.308258 0.134779
v 0.335526 0.304749 0.130077
v 0.333649 0.308441 0.150934
v 0.353760 0.313812 0.127277
v 0.343872 0.361893 0.290841
v 0.357819 0.374893 0.282192
v 0.342224 0.359344 0.288656
v 0.343826 0.364838 0.295390
v 0.173691 0.358063 0.340230
v 0.174881 0.356567 0.339579
v 0.164154 0.353760 0.328600
v 0.170898 0.360367 0.340901
v 0.195969 0.385239 0.365176
v 0.179321 0.374527 0.356027
v 0.194641 0.393326 0.366839
v 0.204010 0.381607 0.363266
v 0.185165 0.413422 0.366124
v 0.184280 0.413666 0.365889
v 0.202072 0.423370 0.373003
v 0.186676 0.410416 0.366290
v 0.227234 0.430099 0.375229
v 0.230484 0.427979 0.373835
v 0.213013 0.428772 0.375362
v 0.226471 0.433655 0.374969
v 0.271378 0.289597 0.162150
v 0.257065 0.288773 0.180453
v 0.280853 0.290985 0.163227
v 0.269745 0.290085 0.156630
v 0.140381 0.347610 0.299445
v 0.154785 0.350769 0.316962
v 0.140762 0.347778 0.296887
v 0.138031 0.349548 0.300105
v 0.143402 0.349258 0.292124
v 0.151031 0.351501 0.295130
v 0.136581 0.347168 0.272272
v 0.165878 0.404251 -0.012282
v 0.181961 0.400665 -0.012801
v 0.163834 0.407028 -0.018617
v 0.160995 0.402802 -0.003064
v 0.070038 0.463364 0.095369
v 0.067657 0.474915 0.094717
v 0.069565 0.458176 0.105201
v 0.077133 0.456223 0.084325
v 0.074631 0.444641 0.139705
v 0.070023 0.460648 0.152031
v 0.079559 0.435562 0.144008
v 0.073334 0.445999 0.128679
v 0.099213 0.393600 0.175107
v 0.093948 0.404663 0.189326
v 0.099457 0.391190 0.176296
v 0.097900 0.396133 0.172936
v 0.094452 0.392853 0.197570
v 0.095703 0.390869 0.193215
v 0.092972 0.403915 0.195548
v 0.095062 0.392715 0.206487
v 0.138611 0.365692 0.125032
v 0.146912 0.365387 0.115333
v 0.135284 0.370621 0.128150
v 0.138916 0.359299 0.128407
v 0.124207 0.375671 0.137322
v 0.117737 0.374512 0.145609
v 0.130234 0.374115 0.131935
v 0.123947 0.376907 0.135328
v 0.133743 0.351227 0.147958
v 0.139267 0.338593 0.152589
v 0.133881 0.351715 0.147137
v 0.131058 0.351868 0.151042
v 0.245255 0.301254 0.143467
v 0.246170 0.309189 0.130383
v 0.242676 0.303192 0.146721
v 0.248856 0.295151 0.146037
v 0.234131 0.300888 0.146182
v 0.238647 0.302841 0.148046
v 0.229050 0.307343 0.134736
v 0.231781 0.294495 0.151530
v 0.275879 0.371292 0.007510
v 0.263931 0.363785 0.005562
v 0.279251 0.370026 0.014194
v 0.276627 0.373154 0.005380
v 0.256790 0.360077 0.006169
v 0.256790 0.357376 0.012842
v 0.252609 0.361404 0.002492
v 0.169220 0.314438 0.256733
v 0.164871 0.319763 0.253094
v 0.166611 0.321838 0.272182
v 0.174561 0.310272 0.254212
v 0.231415 0.292099 0.154504
v 0.239594 0.288483 0.167230
v 0.226624 0.291504 0.159225
v 0.189789 0.296631 0.153452
v 0.191345 0.303635 0.143548
v 0.173218 0.297684 0.165376
v 0.200790 0.292053 0.160356
v 0.152206 0.321198 0.151593
v 0.153824 0.320740 0.150508
v 0.144501 0.330170 0.153518
v 0.149734 0.321152 0.156344
v 0.152283 0.330704 0.141404
v 0.148102 0.335464 0.139200
v 0.152466 0.330566 0.145087
v 0.163147 0.328354 0.133849
v 0.246597 0.316299 0.124498
v 0.250992 0.317947 0.118876
v 0.243149 0.324036 0.123816
v 0.176590 0.327362 0.112531
v 0.178253 0.325821 0.117834
v 0.192291 0.327103 0.098547
v 0.171082 0.332230 0.110749
v 0.155930 0.322021 0.148630
v 0.168594 0.317230 0.144031
v 0.153702 0.327515 0.147984
v 0.120117 0.332642 0.200130
v 0.121582 0.331055 0.206874
v 0.129959 0.326355 0.187322
v 0.114044 0.343170 0.196494
v 0.348206 0.352921 -0.019930
v 0.350128 0.352768 -0.014124
v 0.352081 0.349625 -0.023920
v 0.341293 0.360062 -0.023610
v 0.235428 0.477142 0.188143
v 0.240601 0.477402 0.184746
v 0.237167 0.480042 0.191321
v 0.224792 0.473877 0.186412
v 0.200912 0.490738 0.021611
v 0.197662 0.492020 0.015121
v 0.208221 0.490540 0.030773
v 0.198273 0.489777 0.023647
v 0.188400 0.496277 -0.011443
v 0.191559 0.498993 -0.019918
v 0.190353 0.494797 -0.008741
v 0.183319 0.496445 -0.009245
v 0.111481 0.496979 0.025630
v 0.111176 0.497208 0.026763
v 0.111267 0.496567 0.020094
v 0.114471 0.496933 0.020978
v 0.137207 0.491196 0.181678
v 0.140457 0.495239 0.178492
v 0.145462 0.481506 0.188198
v 0.122665 0.491089 0.181022
v 0.121017 0.518341 0.048667
v 0.115051 0.522095 0.063345
v 0.119766 0.521378 0.042585
v 0.125778 0.512589 0.046534
v 0.166565 0.463821 0.101959
v 0.175323 0.458191 0.102582
v 0.162857 0.462250 0.106706
v 0.163071 0.473389 0.092113
v 0.115051 0.516159 0.099927
v 0.109314 0.520523 0.113418
v 0.113937 0.518158 0.093278
v 0.115524 0.514603 0.100210
v 0.307541 0.623260 -0.029900
v 0.303513 0.613922 -0.020303
v 0.309097 0.621918 -0.033286
v 0.311279 0.631958 -0.028087
v 0.484009 0.669128 -0.025727
v 0.484467 0.665665 -0.016985
v 0.479477 0.671585 -0.030243
v 0.492279 0.667862 -0.028018
v 0.457779 0.674301 -0.029373
v 0.456497 0.670471 -0.025051
v 0.449753 0.676315 -0.037066
v 0.465744 0.675262 -0.031767
v 0.363922 0.648621 0.060373
v 0.367615 0.643326 0.076607
v 0.354263 0.649902 0.058762
v 0.369156 0.648178 0.054875
v 0.356110 0.634964 0.112628
v 0.363602 0.637436 0.103816
v 0.358887 0.628571 0.131162
v 0.349548 0.634125 0.111603
v 0.479523 0.617737 0.079532
v 0.482483 0.614471 0.078662
v 0.467316 0.609604 0.089054
v 0.475784 0.620972 0.076949
v 0.441818 0.617783 0.085872
v 0.441544 0.612411 0.089128
v 0.430527 0.622345 0.080825
v 0.452347 0.622101 0.081235
v 0.428131 0.621094 0.147773
v 0.428513 0.620895 0.148532
v 0.413528 0.627594 0.137104
v 0.429764 0.620605 0.144484
v 0.394180 0.625946 0.149526
v 0.404602 0.625534 0.154671
v 0.387405 0.623825 0.159787
v 0.393097 0.625854 0.142820
v 0.383774 0.628098 0.133053
v 0.372437 0.626617 0.134967
v 0.383133 0.631409 0.123315
v 0.389526 0.626556 0.137308
v 0.363190 0.620529 0.156295
v 0.363159 0.622604 0.147344
v 0.368164 0.619690 0.158988
v 0.355194 0.618378 0.160823
v 0.345261 0.571350 0.180237
v 0.345062 0.577164 0.183468
v 0.348907 0.568008 0.182557
v 0.337814 0.570648 0.167211
v 0.359848 0.593491 0.227345
v 0.360550 0.596649 0.232398
v 0.353958 0.585678 0.227508
v 0.361832 0.595627 0.222876
v 0.355377 0.600021 0.208379
v 0.360703 0.598022 0.216848
v 0.352463 0.594986 0.202127
v 0.355835 0.604675 0.205767
v 0.352585 0.589523 0.198979
v 0.357086 0.583237 0.203967
v 0.349731 0.587891 0.193199
v 0.293045 0.500549 0.239693
v 0.294006 0.507629 0.245351
v 0.292130 0.496429 0.244792
v 0.296051 0.499603 0.224908
v 0.291336 0.497375 0.179003
v 0.283157 0.488083 0.192825
v 0.287277 0.503937 0.168095
v 0.297226 0.498383 0.179397
v 0.281311 0.491425 0.245574
v 0.278656 0.485809 0.236429
v 0.288284 0.493347 0.246712
v 0.275253 0.493332 0.250772
v 0.276825 0.496384 0.270283
v 0.288376 0.503357 0.275069
v 0.273865 0.492142 0.274218
v 0.271790 0.493668 0.261422
v 0.248337 0.478317 0.226732
v 0.245178 0.478104 0.233218
v 0.242996 0.475189 0.219866
v 0.260834 0.480728 0.226235
v 0.189728 0.452545 0.252052
v 0.193100 0.455093 0.251872
v 0.186386 0.451035 0.263935
v 0.187927 0.451233 0.249285
v 0.215988 0.462036 0.249955
v 0.219330 0.463043 0.240289
v 0.218979 0.463440 0.254632
v 0.213440 0.461380 0.248947
v 0.234802 0.466553 0.265289
v 0.233170 0.462967 0.257851
v 0.245407 0.468369 0.279317
v 0.231964 0.468307 0.265458
v 0.239014 0.468597 0.253631
v 0.235214 0.464005 0.253941
v 0.239029 0.472870 0.246714
v 0.251770 0.473572 0.265035
v 0.258118 0.471313 0.286929
v 0.261475 0.469666 0.284732
v 0.261337 0.476913 0.294798
v 0.280609 0.485168 0.306394
v 0.281540 0.480331 0.298646
v 0.283859 0.486755 0.310670
v 0.275650 0.484619 0.306246
v 0.310333 0.505569 0.322462
v 0.307877 0.498642 0.331980
v 0.308548 0.502975 0.314411
v 0.313248 0.511353 0.324915
v 0.165924 0.449448 0.270244
v 0.170975 0.452042 0.255643
v 0.169159 0.447037 0.274530
v 0.156204 0.451340 0.270725
v 0.303879 0.521469 0.197803
v 0.305771 0.525803 0.213166
v 0.301086 0.513397 0.198352
v 0.309006 0.529037 0.187319
v 0.098053 0.497147 0.034529
v 0.102600 0.494858 0.031822
v 0.098709 0.498688 0.034189
v 0.094910 0.493164 0.037390
v 0.390503 0.348312 0.134727
v 0.386444 0.343246 0.137662
v 0.399109 0.358566 0.145186
v 0.390182 0.349380 0.125296
v 0.198868 0.468918 0.176593
v 0.208450 0.468964 0.180131
v 0.187531 0.470016 0.176974
v 0.200058 0.467941 0.172881
v 0.154068 0.483856 0.156219
v 0.153015 0.484451 0.148630
v 0.176178 0.471420 0.161019
v 0.149567 0.487808 0.160880
v 0.249283 0.463806 0.021507
v 0.240204 0.474365 0.019362
v 0.253937 0.461945 0.009971
v 0.249832 0.459351 0.029372
v 0.126343 0.501465 0.098804
v 0.128189 0.499939 0.100740
v 0.124863 0.503662 0.095399
v 0.128952 0.498779 0.098154
v 0.144409 0.481293 0.097697
v 0.144974 0.482391 0.094177
v 0.149139 0.475967 0.101025
v 0.142609 0.483673 0.098802
v 0.134460 0.492554 0.097331
v 0.135345 0.493347 0.093861
v 0.136261 0.490845 0.098792
v 0.339386 0.659622 -0.038620
v 0.336029 0.656418 -0.038820
v 0.343079 0.660004 -0.038065
v 0.343918 0.659912 -0.033727
v 0.357788 0.573837 0.198509
v 0.355743 0.571732 0.194869
v 0.354584 0.576813 0.195030
v 0.358109 0.575546 0.200833
v 0.296860 0.477570 0.211924
v 0.296677 0.478668 0.215071
v 0.291397 0.477264 0.211658
v 0.297974 0.483536 0.203747
v 0.287750 0.504028 0.261220
v 0.288422 0.501556 0.256983
v 0.289108 0.504639 0.264808
v 0.283112 0.500946 0.260092
v 0.225647 0.470871 0.222755
v 0.229797 0.471832 0.221159
v 0.224960 0.469894 0.224912
v 0.220016 0.469894 0.221504
v 0.221146 0.463760 0.236830
v 0.221725 0.464691 0.234800
v 0.224487 0.463486 0.241499
v 0.282242 0.478897 0.295645
v 0.277435 0.476486 0.292206
v 0.286133 0.480606 0.299743
v 0.305222 0.500977 0.349823
v 0.310135 0.500153 0.354530
v 0.303741 0.498154 0.354334
v 0.304916 0.501602 0.348256
v 0.301788 0.500504 0.188501
v 0.304581 0.515854 0.172185
v 0.301102 0.500381 0.193104
v 0.301422 0.500305 0.186378
v 0.190491 0.455704 0.237226
v 0.189499 0.456757 0.234273
v 0.195007 0.456650 0.239599
v 0.189087 0.454453 0.240104
v 0.183090 0.463593 0.217906
v 0.184006 0.462494 0.220595
v 0.179199 0.464249 0.215812
v 0.188980 0.464661 0.217966
v 0.154129 0.468933 0.201850
v 0.158157 0.468201 0.204054
v 0.147934 0.465927 0.202030
v 0.151093 0.470108 0.200090
v 0.363983 0.616821 0.175681
v 0.365875 0.617645 0.171806
v 0.362869 0.614716 0.182093
v 0.360962 0.614975 0.176884
v 0.377045 0.621811 0.145077
v 0.375458 0.621124 0.149331
v 0.373260 0.622696 0.143238
v 0.381104 0.622894 0.143631
v 0.125549 0.369797 0.140663
v 0.127304 0.370728 0.137878
v 0.122986 0.370789 0.142921
v 0.128479 0.364746 0.141583
v 0.102509 0.480804 0.030486
v 0.102341 0.480713 0.033875
v 0.102295 0.476410 0.029088
v 0.102615 0.485779 0.027268
v 0.104675 0.489685 0.026267
v 0.105179 0.492264 0.028778
v 0.105179 0.489380 0.016828
v 0.103363 0.470673 0.039142
v 0.102921 0.473434 0.038441
v 0.104584 0.466644 0.041926
v 0.102890 0.470398 0.035720
v 0.325714 0.388107 -0.019395
v 0.325256 0.388016 -0.022165
v 0.323395 0.387115 -0.016989
v 0.327896 0.384628 -0.018378
v 0.297546 0.384171 0.011406
v 0.299606 0.383713 0.009321
v 0.295151 0.382538 0.009357
v 0.295486 0.380875 0.016556
v 0.238205 0.382523 -0.031252
v 0.243988 0.380692 -0.027825
v 0.236740 0.385117 -0.037338
v 0.237000 0.383011 -0.029240
v 0.242599 0.332993 0.120281
v 0.246323 0.334808 0.115174
v 0.238983 0.331329 0.118830
v 0.242279 0.331207 0.121426
v 0.238693 0.319946 0.127420
v 0.239410 0.321823 0.126321
v 0.235596 0.320129 0.126885
v 0.239471 0.315659 0.132692
v 0.161240 0.351898 0.324451
v 0.165482 0.351700 0.327427
v 0.160873 0.351654 0.323833
v 0.260010 0.406281 0.347609
v 0.257050 0.405655 0.349767
v 0.265549 0.407059 0.347705
v 0.259064 0.402390 0.349616
v 0.377625 0.435577 0.318590
v 0.374634 0.434448 0.321337
v 0.380707 0.440948 0.318720
v 0.382172 0.438309 0.313512
v 0.350784 0.346222 0.187960
v 0.346527 0.346497 0.181808
v 0.344055 0.346481 0.198360
v 0.360092 0.345139 0.187016
v 0.323944 0.352737 0.178355
v 0.327744 0.348297 0.173911
v 0.319778 0.351044 0.182621
v 0.328781 0.351791 0.178426
v 0.258774 0.339142 0.253861
v 0.263641 0.339218 0.247967
v 0.257843 0.334564 0.254873
v 0.258453 0.340134 0.259811
v 0.397858 0.381577 0.094158
v 0.399094 0.384323 0.089254
v 0.397537 0.378418 0.098503
v 0.399994 0.380081 0.099439
v 0.456619 0.531448 -0.009226
v 0.459335 0.526657 -0.011565
v 0.457748 0.529724 -0.006823
v 0.456665 0.532104 -0.009615
v 0.437134 0.497086 0.117949
v 0.438141 0.496796 0.116094
v 0.436691 0.495850 0.119768
v 0.439728 0.499252 0.118751
v 0.480865 0.545425 0.135503
v 0.478378 0.552094 0.139126
v 0.480774 0.544403 0.135530
v 0.428574 0.484604 0.138634
v 0.423126 0.478333 0.149629
v 0.431152 0.485947 0.139450
v 0.428879 0.484467 0.137817
v 0.411438 0.473526 0.232763
v 0.418503 0.476456 0.234051
v 0.412018 0.469147 0.218225
v 0.407074 0.474365 0.238066
v 0.391357 0.369507 0.222064
v 0.390320 0.373688 0.227356
v 0.403641 0.373611 0.211576
v 0.385605 0.363998 0.218747
v 0.413803 0.484772 0.258333
v 0.416855 0.490250 0.261467
v 0.417328 0.483353 0.251274
v 0.411560 0.482208 0.254154
v 0.463303 0.606552 0.093057
v 0.467667 0.602829 0.092235
v 0.457550 0.607468 0.092884
v 0.395569 0.613525 0.062933
v 0.392899 0.616959 0.063471
v 0.396103 0.615662 0.058184
v 0.399094 0.613281 0.066822
v 0.410446 0.629684 -0.032379
v 0.409729 0.629929 -0.028264
v 0.406006 0.631729 -0.038835
v 0.414444 0.632599 -0.030562
v 0.211212 0.490128 0.033598
v 0.211121 0.490311 0.030807
v 0.215286 0.486053 0.039835
v 0.207932 0.436050 0.113285
v 0.206985 0.440170 0.109532
v 0.212433 0.435822 0.109992
v 0.204010 0.436722 0.114843
v 0.205627 0.493896 0.020482
v 0.208603 0.492950 0.022874
v 0.202988 0.493607 0.018721
v 0.208389 0.493530 0.017369
v 0.211960 0.490036 0.029753
v 0.216583 0.485840 0.034303
v 0.212433 0.490372 0.028159
v 0.183487 0.487656 0.036224
v 0.185913 0.487961 0.033605
v 0.192719 0.485092 0.055758
v 0.181793 0.487320 0.036949
v 0.179138 0.442261 0.119429
v 0.174332 0.447266 0.117146
v 0.179352 0.445709 0.114749
v 0.182892 0.441040 0.119312
v 0.281723 0.411194 -0.206767
v 0.284988 0.412735 -0.199385
v 0.278046 0.411285 -0.207362
v 0.270386 0.416718 -0.193613
v 0.269608 0.414795 -0.200314
v 0.264175 0.416809 -0.189928
v 0.491730 0.527878 -0.269061
v 0.492096 0.533798 -0.262359
v 0.490509 0.536270 -0.284186
v 0.490005 0.520096 -0.265894
v 0.481049 0.475525 -0.216850
v 0.480591 0.470459 -0.201880
v 0.484879 0.488968 -0.221535
v 0.478119 0.471268 -0.221704
v 0.391205 0.391434 -0.363208
v 0.390701 0.403717 -0.359607
v 0.386642 0.388535 -0.374151
v 0.392487 0.384979 -0.356320
v 0.344711 0.347641 -0.344164
v 0.338531 0.349167 -0.340307
v 0.354797 0.346893 -0.340191
v 0.341949 0.347427 -0.350959
v 0.314484 0.351273 -0.350477
v 0.320755 0.353012 -0.339326
v 0.319550 0.348984 -0.358515
v 0.307983 0.355225 -0.348937
v 0.247223 0.403732 -0.293697
v 0.286682 0.412872 -0.196619
v 0.288406 0.412689 -0.202054
v 0.466248 0.473343 -0.300244
v 0.467239 0.477615 -0.301408
v 0.463470 0.476105 -0.303225
v 0.466263 0.472504 -0.299706
v 0.483063 0.495529 -0.240948
v 0.483765 0.495636 -0.235401
v 0.483093 0.500122 -0.239006
v 0.482971 0.495102 -0.241613
v 0.523834 0.629761 -0.066886
v 0.524033 0.627808 -0.067677
v 0.521072 0.632050 -0.054716
v 0.523438 0.632782 -0.067474
v 0.524857 0.601410 -0.141479
v 0.525009 0.607742 -0.140818
v 0.521759 0.592697 -0.153501
v 0.524658 0.599365 -0.138903
v 0.479370 0.471436 -0.148708
v 0.477158 0.467804 -0.159225
v 0.479614 0.467682 -0.140980
v 0.487778 0.458969 -0.056839
v 0.489227 0.461777 -0.057623
v 0.485138 0.457794 -0.076977
v 0.486923 0.456299 -0.054667
v 0.470657 0.424622 -0.041268
v 0.464676 0.421600 -0.044034
v 0.472763 0.422363 -0.026948
v 0.473312 0.431702 -0.047881
v 0.447937 0.375122 -0.097723
v 0.454102 0.386017 -0.095885
v 0.443436 0.373260 -0.110471
v 0.444534 0.370468 -0.088765
v 0.376526 0.343903 -0.067233
v 0.379623 0.344955 -0.084819
v 0.372223 0.345596 -0.065187
v 0.381287 0.344070 -0.066977
v 0.181320 0.431900 -0.097442
v 0.185181 0.424576 -0.086748
v 0.185379 0.436966 -0.100101
v 0.171249 0.434738 -0.099312
v 0.309586 0.379745 -0.080575
v 0.310715 0.379318 -0.072091
v 0.311447 0.382065 -0.082074
v 0.270996 0.372665 -0.034660
v 0.266708 0.375412 -0.029402
v 0.283142 0.368591 -0.031018
v 0.266586 0.373413 -0.047384
v 0.244354 0.383041 -0.051368
v 0.248444 0.381454 -0.038659
v 0.250931 0.380798 -0.057487
v 0.240799 0.385071 -0.052123
v 0.224152 0.396805 -0.041245
v 0.219772 0.403580 -0.042164
v 0.228973 0.390625 -0.031369
v 0.227524 0.394806 -0.046300
v 0.353210 0.660934 -0.035049
v 0.354813 0.660950 -0.031107
v 0.351593 0.660950 -0.039091
v 0.101364 0.485809 -0.106356
v 0.097977 0.491089 -0.095500
v 0.099197 0.487488 -0.108500
v 0.489044 0.510681 -0.119226
v 0.486954 0.520248 -0.112702
v 0.489853 0.506775 -0.124529
v 0.488159 0.509048 -0.116538
v 0.111801 0.496277 0.004150
v 0.113983 0.496414 0.000124
v 0.109650 0.494232 0.001274
v 0.518082 0.634048 0.002800
v 0.520813 0.626755 -0.002458
v 0.517441 0.639999 0.000151
v 0.487747 0.568436 0.109257
v 0.487137 0.563858 0.112471
v 0.497879 0.526825 0.065557
v 0.494827 0.520798 0.059072
v 0.500214 0.533096 0.062634
v 0.459763 0.404022 -0.008016
v 0.454956 0.403336 -0.011517
v 0.455795 0.401230 0.010695
v 0.465790 0.410339 -0.008175
v 0.484573 0.443497 -0.007812
v 0.486389 0.450623 -0.001436
v 0.485306 0.446121 -0.029573
v 0.480377 0.434372 -0.004158
v 0.487167 0.476547 -0.022627
v 0.489441 0.467026 -0.015253
v 0.486526 0.482300 -0.018713
v 0.486694 0.477127 -0.026442
v 0.200577 0.299561 0.239209
v 0.206299 0.300140 0.241321
v 0.196976 0.294586 0.222013
v 0.192474 0.303864 0.249422
v 0.327377 0.315948 0.174082
v 0.318069 0.319275 0.184162
v 0.327713 0.315445 0.173981
v 0.328171 0.315140 0.173317
v 0.347351 0.317276 0.151428
v 0.326111 0.313278 0.172694
v 0.332993 0.410538 0.344608
v 0.320877 0.403549 0.347524
v 0.338715 0.419022 0.344250
v 0.335785 0.406555 0.341325
v 0.208069 0.335068 0.320774
v 0.207947 0.329651 0.310694
v 0.198898 0.339142 0.327722
v 0.216797 0.338287 0.324183
v 0.226822 0.366302 0.349806
v 0.238846 0.372482 0.354276
v 0.224991 0.352142 0.341738
v 0.220779 0.370117 0.351018
v 0.184311 0.414291 0.365983
v 0.201233 0.424545 0.372915
v 0.182846 0.416138 0.365407
v 0.114075 0.416595 0.292110
v 0.105484 0.417252 0.268093
v 0.119202 0.424347 0.296532
v 0.114807 0.408676 0.296027
v 0.168549 0.389847 0.020932
v 0.167831 0.388428 0.029332
v 0.177536 0.393372 0.009006
v 0.165085 0.391907 0.019521
v 0.124344 0.377441 0.130770
v 0.138000 0.377747 0.113503
v 0.120407 0.379135 0.129232
v 0.116592 0.373489 0.147799
v 0.118332 0.368362 0.150900
v 0.228439 0.320602 0.124593
v 0.228546 0.321808 0.123771
v 0.227234 0.318253 0.125632
v 0.208084 0.329498 0.082048
v 0.205750 0.335052 0.076521
v 0.214600 0.328369 0.082819
v 0.277603 0.373169 0.003464
v 0.285614 0.376190 0.004438
v 0.267899 0.370010 -0.003315
v 0.249298 0.364700 -0.003554
v 0.252228 0.368454 -0.008707
v 0.243896 0.368149 -0.004570
v 0.157059 0.489304 0.050252
v 0.161118 0.485611 0.067299
v 0.151047 0.491150 0.048396
v 0.162033 0.488495 0.043328
v 0.196869 0.492783 0.012733
v 0.197723 0.492966 0.007732
v 0.110260 0.497360 0.027632
v 0.107849 0.498001 0.029091
v 0.108231 0.496170 0.028545
v 0.341110 0.658478 -0.012658
v 0.340332 0.657394 0.000877
v 0.328781 0.654388 -0.020172
v 0.350418 0.659882 -0.016893
v 0.427948 0.621017 0.148766
v 0.413239 0.627518 0.138269
v 0.426422 0.620850 0.153361
v 0.353592 0.609879 0.181711
v 0.354630 0.609314 0.186610
v 0.350998 0.610565 0.177277
v 0.330826 0.553345 0.148987
v 0.324005 0.550156 0.137154
v 0.334595 0.556274 0.149203
v 0.327957 0.549911 0.156403
v 0.309082 0.534088 0.135547
v 0.306686 0.531113 0.132844
v 0.314255 0.542175 0.130802
v 0.308716 0.531525 0.143805
v 0.311172 0.532516 0.154323
v 0.307144 0.524200 0.163248
v 0.310593 0.531967 0.152703
v 0.313965 0.535568 0.157199
v 0.350266 0.576248 0.210731
v 0.346390 0.571030 0.205328
v 0.356293 0.578918 0.207797
v 0.347076 0.576920 0.217803
v 0.361450 0.598465 0.233673
v 0.365845 0.604950 0.229831
v 0.364334 0.598877 0.236560
v 0.292068 0.505661 0.275303
v 0.293930 0.508286 0.271135
v 0.198669 0.457230 0.254172
v 0.199722 0.457779 0.267358
v 0.201904 0.458267 0.250764
v 0.227707 0.467575 0.266545
v 0.226562 0.468338 0.279573
v 0.303650 0.492889 0.365665
v 0.308594 0.493484 0.367269
v 0.298767 0.491486 0.366331
v 0.166443 0.449295 0.303308
v 0.159958 0.446793 0.298797
v 0.169846 0.449753 0.298437
v 0.164871 0.448654 0.306453
v 0.142075 0.472916 0.196687
v 0.136871 0.470688 0.196700
v 0.143890 0.473907 0.195519
v 0.142334 0.446487 0.289708
v 0.153503 0.446243 0.293925
v 0.141373 0.445953 0.292023
v 0.141983 0.448090 0.283167
v 0.192078 0.439087 0.117254
v 0.192871 0.442368 0.113014
v 0.192657 0.438965 0.117639
v 0.223633 0.435593 0.100302
v 0.223221 0.439590 0.096288
v 0.224075 0.435532 0.100438
v 0.092499 0.409485 0.195416
v 0.094498 0.414536 0.195894
v 0.095093 0.414169 0.198585
v 0.092224 0.408936 0.194960
v 0.100586 0.499222 0.033205
v 0.102646 0.502869 0.034561
v 0.243256 0.287552 0.169488
v 0.246292 0.288666 0.163500
v 0.242493 0.291702 0.163890
v 0.243042 0.287369 0.170267
v 0.360855 0.343811 -0.011003
v 0.360138 0.344711 -0.016150
v 0.358185 0.345993 -0.010899
v 0.252563 0.333649 0.286922
v 0.253906 0.342834 0.296360
v 0.248993 0.332077 0.287807
v 0.457138 0.532700 -0.010284
v 0.461411 0.534317 -0.010395
v 0.458908 0.532166 -0.013600
v 0.467941 0.513275 -0.017739
v 0.469437 0.513260 -0.020594
v 0.468445 0.512253 -0.016106
v 0.404236 0.489594 0.316237
v 0.398514 0.498657 0.333456
v 0.408875 0.490356 0.302395
v 0.402084 0.484940 0.316359
v 0.500702 0.539536 0.086994
v 0.501556 0.540283 0.079206
v 0.500763 0.540634 0.087174
v 0.506409 0.644669 0.024573
v 0.500977 0.646713 0.020375
v 0.507263 0.647461 0.017835
v 0.506531 0.644257 0.025283
v 0.014816 0.561722 0.201046
v 0.010132 0.555420 0.208622
v 0.015030 0.546494 0.192605
v 0.020798 0.566391 0.199506
v 0.013809 0.571579 0.212570
v 0.015732 0.530334 0.186339
v 0.016876 0.513916 0.183419
v 0.023483 0.533432 0.183322
v 0.011505 0.524582 0.195269
v 0.018692 0.498627 0.184826
v 0.021942 0.482956 0.191990
v 0.027313 0.501953 0.182042
v 0.011551 0.516830 0.210546
v 0.011032 0.529480 0.214836
v 0.014236 0.511246 0.227912
v 0.019791 0.489670 0.241565
v 0.017593 0.484955 0.233935
v 0.019577 0.496597 0.240956
v 0.021194 0.483597 0.252617
v 0.017853 0.510681 0.240009
v 0.014297 0.526688 0.233166
v 0.019775 0.513504 0.245190
v 0.018738 0.481003 0.280398
v 0.020981 0.478134 0.277939
v 0.016098 0.484177 0.288528
v 0.016144 0.468826 0.303232
v 0.006378 0.452469 0.399647
v 0.004654 0.446930 0.432446
v 0.007019 0.462158 0.400641
v 0.004135 0.446655 0.456909
v 0.005203 0.439377 0.452082
v 0.005341 0.459488 0.459345
v 0.004395 0.447586 0.474768
v 0.005264 0.447998 0.490483
v 0.008087 0.454147 0.507246
v 0.006912 0.442535 0.489110
v 0.005692 0.457214 0.491062
v 0.023209 0.498001 0.567999
v 0.031219 0.493881 0.574611
v 0.020020 0.478394 0.547464
v 0.018661 0.505112 0.558967
v 0.023956 0.520203 0.582344
v 0.027100 0.535660 0.514814
v 0.031281 0.546295 0.518399
v 0.032928 0.534775 0.520883
v 0.019073 0.535751 0.499860
v 0.027878 0.529251 0.537154
v 0.033432 0.533401 0.527699
v 0.030212 0.540588 0.547133
v 0.020569 0.518829 0.545288
v 0.029877 0.561081 0.516795
v 0.035202 0.564255 0.521965
v 0.032059 0.553940 0.518956
v 0.022018 0.557281 0.501750
v 0.017792 0.554031 0.474981
v 0.020172 0.548843 0.476959
v 0.016861 0.547058 0.436791
v 0.015259 0.563141 0.473049
v 0.018906 0.532333 0.388145
v 0.021820 0.528305 0.387409
v 0.014725 0.541321 0.386359
v 0.020615 0.496445 0.325030
v 0.023651 0.497009 0.330876
v 0.017471 0.494446 0.314821
v 0.015442 0.535553 0.475239
v 0.010971 0.522095 0.474317
v 0.015152 0.529846 0.439318
v 0.019547 0.543671 0.476989
v 0.018646 0.516251 0.392034
v 0.021835 0.523819 0.388584
v 0.030334 0.567932 0.551564
v 0.035767 0.562042 0.554374
v 0.050110 0.556259 0.604891
v 0.048111 0.546860 0.606493
v 0.039124 0.556747 0.597233
v 0.026306 0.432861 0.330567
v 0.016708 0.433578 0.327158
v 0.021317 0.433853 0.364199
v 0.036789 0.434570 0.335292
v 0.015503 0.434097 0.395616
v 0.011963 0.434525 0.425871
v 0.025681 0.433777 0.398964
v 0.070526 0.455368 0.479255
v 0.064026 0.448700 0.482444
v 0.072266 0.458969 0.484932
v 0.079041 0.460129 0.459805
v 0.094971 0.463852 0.386691
v 0.088943 0.463989 0.413512
v 0.107300 0.477127 0.380931
v 0.096313 0.459763 0.364656
v 0.078049 0.450089 0.397305
v 0.094788 0.454422 0.344035
v 0.081085 0.446381 0.346127
v 0.113327 0.464218 0.332814
v 0.096634 0.450424 0.313845
v 0.116165 0.444427 0.256450
v 0.122177 0.439713 0.242895
v 0.127335 0.450760 0.266066
v 0.128311 0.437073 0.232261
v 0.136246 0.435318 0.219273
v 0.122314 0.432541 0.223295
v 0.143921 0.435989 0.208161
v 0.152496 0.437759 0.217415
v 0.149384 0.440948 0.199411
v 0.127747 0.442169 0.191414
v 0.140747 0.444763 0.190434
v 0.116104 0.441772 0.195791
v 0.100616 0.436493 0.226043
v 0.108795 0.433334 0.223026
v 0.102081 0.438690 0.214899
v 0.093689 0.440079 0.226583
v 0.107895 0.501068 0.506129
v 0.095840 0.488556 0.519808
v 0.136353 0.516953 0.459051
v 0.119553 0.503784 0.461311
v 0.151215 0.526489 0.453955
v 0.131592 0.513367 0.422613
v 0.143448 0.514633 0.423673
v 0.126236 0.505661 0.403353
v 0.120300 0.512421 0.418033
v 0.134842 0.517792 0.432677
v 0.161224 0.530533 0.448482
v 0.160919 0.526123 0.438625
v 0.166870 0.535828 0.450441
v 0.179764 0.456680 0.297861
v 0.186676 0.445343 0.276795
v 0.162354 0.452576 0.285197
v 0.198639 0.441376 0.261869
v 0.208649 0.442963 0.252196
v 0.183212 0.438583 0.251573
v 0.112625 0.522095 0.531227
v 0.109207 0.519302 0.530140
v 0.101578 0.505615 0.549896
v 0.120956 0.534317 0.508936
v 0.141449 0.543152 0.494696
v 0.177887 0.550552 0.459809
v 0.231415 0.546844 0.446117
v 0.140533 0.536758 0.484743
v 0.158218 0.541779 0.468753
v 0.139450 0.541946 0.489552
v 0.172134 0.544312 0.453078
v 0.180695 0.540237 0.436562
v 0.174622 0.549744 0.455410
v 0.210526 0.482132 0.350494
v 0.205536 0.492767 0.363810
v 0.220642 0.487854 0.364020
v 0.216095 0.476944 0.343960
v 0.200378 0.483307 0.346562
v 0.092728 0.494354 0.570330
v 0.085968 0.483688 0.552496
v 0.206650 0.508224 0.385242
v 0.199493 0.506256 0.377464
v 0.215729 0.505997 0.387267
v 0.282562 0.511642 0.407794
v 0.281113 0.523529 0.423704
v 0.230392 0.501328 0.385876
v 0.245789 0.491714 0.375281
v 0.236847 0.467941 0.318138
v 0.230194 0.467606 0.326015
v 0.253220 0.478241 0.332841
v 0.241196 0.469528 0.312961
v 0.288300 0.491714 0.325499
v 0.304611 0.503265 0.332893
v 0.294998 0.485504 0.313704
v 0.269562 0.476913 0.313889
v 0.282257 0.497253 0.333160
v 0.314438 0.508209 0.337670
v 0.316605 0.513947 0.349212
v 0.320724 0.506348 0.331947
v 0.321762 0.516251 0.366715
v 0.333679 0.518494 0.364007
v 0.314316 0.516632 0.369318
v 0.328140 0.518234 0.389912
v 0.321548 0.528503 0.432039
v 0.304138 0.536530 0.433902
v 0.350143 0.538757 0.414412
v 0.349640 0.532059 0.382221
v 0.337997 0.526688 0.415063
v 0.238342 0.458420 0.258251
v 0.227066 0.453232 0.249516
v 0.231964 0.453232 0.269050
v 0.251587 0.463135 0.272468
v 0.243179 0.464249 0.250648
v 0.215240 0.448013 0.241749
v 0.205078 0.447433 0.230047
v 0.191284 0.448715 0.217369
v 0.140030 0.464478 0.184688
v 0.125336 0.462265 0.182311
v 0.148804 0.460007 0.187897
v 0.141815 0.472916 0.185543
v 0.079407 0.442047 0.278235
v 0.088821 0.442245 0.278387
v 0.083252 0.442383 0.249097
v 0.071381 0.443710 0.280739
v 0.073959 0.442627 0.313299
v 0.057632 0.439682 0.276600
v 0.064514 0.443359 0.252191
v 0.049515 0.436569 0.305518
v 0.054398 0.439468 0.344104
v 0.049530 0.437057 0.341329
v 0.051758 0.439178 0.375762
v 0.058075 0.441818 0.345937
v 0.048935 0.434830 0.445375
v 0.038605 0.431503 0.445007
v 0.058228 0.439835 0.444321
v 0.049713 0.435226 0.425865
v 0.152634 0.452698 0.192603
v 0.115570 0.460556 0.183784
v 0.113678 0.470062 0.183134
v 0.107422 0.458084 0.189483
v 0.071121 0.467316 0.200332
v 0.079926 0.480103 0.190398
v 0.057373 0.453918 0.218193
v 0.361038 0.544846 0.338608
v 0.353378 0.535416 0.348771
v 0.370346 0.558548 0.361026
v 0.364624 0.552872 0.328036
v 0.097183 0.453476 0.199964
v 0.102875 0.446411 0.200798
v 0.088974 0.447083 0.214209
v 0.085037 0.443787 0.229826
v 0.078568 0.446396 0.231892
v 0.046402 0.490921 0.579393
v 0.046753 0.516632 0.597838
v 0.045044 0.467773 0.557541
v 0.007172 0.463181 0.490896
v 0.007690 0.468399 0.480706
v 0.009216 0.469849 0.499632
v 0.374512 0.603424 0.282226
v 0.378006 0.609512 0.264987
v 0.352631 0.593887 0.270566
v 0.368179 0.598480 0.297419
v 0.380035 0.617035 0.251954
v 0.378754 0.623108 0.241240
v 0.358292 0.605072 0.245685
v 0.390182 0.623596 0.194478
v 0.390213 0.622360 0.177244
v 0.363953 0.615723 0.196063
v 0.388672 0.626694 0.212349
v 0.406479 0.625168 0.126518
v 0.420090 0.625214 0.127244
v 0.393661 0.625900 0.128035
v 0.381271 0.642059 0.082924
v 0.385284 0.649277 0.071773
v 0.356888 0.647171 0.080264
v 0.372681 0.634674 0.099097
v 0.400620 0.645538 0.225186
v 0.432404 0.628860 0.127321
v 0.433395 0.633484 0.111282
v 0.431976 0.627502 0.144127
v 0.378448 0.578476 0.346415
v 0.142792 0.497757 0.202425
v 0.144058 0.492203 0.191022
v 0.157547 0.498901 0.213431
v 0.129288 0.507248 0.215513
v 0.119278 0.501740 0.195402
v 0.171707 0.499741 0.222682
v 0.173630 0.506744 0.240695
v 0.104034 0.518066 0.223110
v 0.079575 0.529800 0.229073
v 0.096359 0.515686 0.208838
v 0.116638 0.520355 0.242629
v 0.247589 0.518265 0.284175
v 0.244339 0.529373 0.296173
v 0.237259 0.510712 0.275026
v 0.260239 0.516922 0.279340
v 0.225372 0.503113 0.256606
v 0.205612 0.510803 0.265584
v 0.238297 0.494003 0.242624
v 0.131073 0.524277 0.268548
v 0.157104 0.518448 0.266120
v 0.146927 0.531235 0.297598
v 0.107788 0.532364 0.273144
v 0.089890 0.541763 0.274664
v 0.106995 0.543991 0.299234
v 0.074539 0.542953 0.253023
v 0.264999 0.620560 0.310041
v 0.258575 0.632355 0.315431
v 0.269867 0.637161 0.294018
v 0.269974 0.654053 0.276997
v 0.268799 0.669785 0.257225
v 0.263138 0.667709 0.279259
v 0.269211 0.684525 0.233759
v 0.271454 0.687256 0.219091
v 0.262863 0.698044 0.231402
v 0.273376 0.669556 0.239773
v 0.251984 0.687775 0.282710
v 0.251770 0.703796 0.258681
v 0.252060 0.669189 0.303175
v 0.251740 0.717636 0.230489
v 0.252731 0.728439 0.198208
v 0.193069 0.576965 0.357575
v 0.178131 0.580231 0.361129
v 0.179382 0.557617 0.343495
v 0.207657 0.572739 0.351946
v 0.204941 0.596741 0.364107
v 0.224121 0.655136 0.356168
v 0.226181 0.672028 0.345766
v 0.211609 0.667358 0.361357
v 0.221054 0.636200 0.362141
v 0.226883 0.690231 0.330501
v 0.238708 0.671829 0.326764
v 0.157196 0.644028 0.379671
v 0.149750 0.618225 0.376011
v 0.171524 0.638672 0.381387
v 0.194809 0.678513 0.365413
v 0.192642 0.655731 0.374643
v 0.186707 0.632904 0.378730
v 0.200943 0.624985 0.373119
v 0.176346 0.608261 0.375658
v 0.395599 0.660217 0.024075
v 0.367386 0.662369 0.022116
v 0.394470 0.659454 0.035681
v 0.419907 0.661514 0.026557
v 0.393082 0.663986 0.010792
v 0.330566 0.680283 0.043153
v 0.348114 0.672470 0.042104
v 0.368607 0.666504 0.043179
v 0.346436 0.667969 0.031223
v 0.350204 0.676819 0.051098
v 0.338745 0.653809 0.079033
v 0.323441 0.664154 0.078288
v 0.336761 0.647339 0.093686
v 0.342163 0.661987 0.068045
v 0.309036 0.677338 0.080289
v 0.312469 0.683167 0.071318
v 0.285248 0.711105 0.077570
v 0.299377 0.701813 0.070379
v 0.277863 0.715439 0.085078
v 0.366821 0.629654 0.114930
v 0.353790 0.633026 0.116502
v 0.374954 0.626526 0.123500
v 0.314926 0.689865 0.065104
v 0.330566 0.678467 0.062071
v 0.347000 0.670135 0.060792
v 0.364731 0.662994 0.062026
v 0.349869 0.675919 0.056971
v 0.290543 0.656845 0.189204
v 0.305710 0.638733 0.178600
v 0.292984 0.666641 0.180253
v 0.278015 0.671707 0.201139
v 0.291336 0.644073 0.202123
v 0.282440 0.692764 0.152936
v 0.282181 0.695297 0.145231
v 0.279282 0.702133 0.153390
v 0.287445 0.685608 0.151163
v 0.321716 0.656113 0.139346
v 0.309052 0.671448 0.141809
v 0.336212 0.646927 0.148524
v 0.332291 0.643326 0.131045
v 0.306137 0.666077 0.125969
v 0.323532 0.586273 0.288065
v 0.321930 0.585800 0.294830
v 0.343918 0.588669 0.295070
v 0.326126 0.587601 0.278131
v 0.302551 0.589325 0.287742
v 0.323746 0.572968 0.294510
v 0.343948 0.576233 0.303599
v 0.321991 0.581528 0.297053
v 0.305649 0.572220 0.291599
v 0.270813 0.507767 0.275253
v 0.264023 0.493729 0.258204
v 0.274033 0.495224 0.271902
v 0.275635 0.515671 0.282958
v 0.267532 0.512863 0.276361
v 0.249435 0.484131 0.237016
v 0.226837 0.478699 0.216133
v 0.250717 0.478546 0.237496
v 0.245987 0.488174 0.237614
v 0.198303 0.477356 0.202014
v 0.170212 0.479233 0.193174
v 0.200821 0.481979 0.203866
v 0.143509 0.481415 0.185906
v 0.123291 0.480743 0.181697
v 0.145081 0.486618 0.186323
v 0.282608 0.597488 0.293825
v 0.280640 0.591782 0.304537
v 0.291901 0.616714 0.255476
v 0.283295 0.626495 0.259002
v 0.310760 0.604065 0.248934
v 0.275528 0.660904 0.235963
v 0.280533 0.652176 0.227649
v 0.275925 0.668472 0.222531
v 0.273895 0.579422 0.310117
v 0.284988 0.574799 0.298750
v 0.275742 0.584717 0.312001
v 0.257645 0.586456 0.326499
v 0.034348 0.534012 0.185599
v 0.043060 0.537003 0.190734
v 0.029922 0.551559 0.192157
v 0.041641 0.504349 0.184457
v 0.060577 0.502502 0.187271
v 0.297501 0.502747 0.286303
v 0.311386 0.515610 0.290252
v 0.289810 0.512268 0.283789
v 0.285629 0.492859 0.281203
v 0.301834 0.493790 0.292554
v 0.078018 0.539810 0.611604
v 0.273849 0.712601 0.149829
v 0.275894 0.704132 0.165596
v 0.292480 0.570221 0.292588
v 0.290192 0.560577 0.291026
v 0.012970 0.439911 0.329098
v 0.017868 0.452957 0.260872
v 0.020630 0.443359 0.256257
v 0.017914 0.464859 0.236829
v 0.018219 0.464249 0.268592
v 0.016708 0.474670 0.220133
v 0.019287 0.467758 0.210433
v 0.013153 0.462601 0.326553
v 0.012451 0.466492 0.329083
v 0.011963 0.459778 0.336678
v 0.015060 0.459595 0.316506
v 0.011841 0.542618 0.276755
v 0.014145 0.538574 0.251070
v 0.011993 0.547424 0.277140
v 0.012421 0.537643 0.278821
v 0.009171 0.565689 0.227049
v 0.105606 0.496109 0.438742
v 0.104111 0.490387 0.453230
v 0.112991 0.508026 0.423024
v 0.099854 0.491852 0.435479
v 0.141769 0.474884 0.323817
v 0.138596 0.473221 0.323508
v 0.131638 0.486343 0.347433
v 0.116013 0.512054 0.417165
v 0.124588 0.515518 0.426395
v 0.027878 0.439346 0.495757
v 0.032837 0.439484 0.497952
v 0.038818 0.440262 0.495560
v 0.037369 0.439285 0.490862
v 0.041229 0.441483 0.498524
v 0.011688 0.458282 0.339604
v 0.013794 0.456421 0.325989
v 0.014893 0.537140 0.242122
v 0.016281 0.531097 0.243412
v 0.014038 0.537170 0.236435
v 0.009003 0.546341 0.312871
v 0.011276 0.540909 0.315092
v 0.032822 0.550720 0.519716
v 0.040604 0.552444 0.527043
v 0.024582 0.548569 0.504426
v 0.022858 0.526550 0.386975
v 0.024750 0.497330 0.333529
v 0.021957 0.486816 0.338727
v 0.007065 0.481720 0.459145
v 0.006607 0.484482 0.438198
v 0.008820 0.495621 0.468078
v 0.017609 0.510910 0.551882
v 0.016586 0.496918 0.535292
v 0.043396 0.553146 0.530104
v 0.041962 0.556503 0.528893
v 0.041382 0.548264 0.528732
v 0.033966 0.564270 0.574885
v 0.034363 0.562500 0.586929
v 0.037552 0.559769 0.555744
v 0.035980 0.556763 0.556161
v 0.037308 0.564819 0.524352
v 0.196793 0.474258 0.331998
v 0.198578 0.469360 0.324180
v 0.188385 0.474182 0.331223
v 0.196609 0.477371 0.336604
v 0.214310 0.452530 0.287982
v 0.228729 0.460770 0.296985
v 0.203186 0.446579 0.282631
v 0.279587 0.499008 0.336411
v 0.277863 0.497437 0.339776
v 0.298203 0.513062 0.350323
v 0.259766 0.482162 0.324592
v 0.317047 0.522293 0.408163
v 0.314453 0.520416 0.407868
v 0.311066 0.529831 0.420891
v 0.320587 0.522766 0.409905
v 0.317490 0.517044 0.391642
v 0.301254 0.537033 0.430026
v 0.300079 0.534805 0.428701
v 0.252365 0.596512 0.332601
v 0.276505 0.588196 0.311705
v 0.321365 0.585022 0.297478
v 0.339462 0.587128 0.304031
v 0.276688 0.651199 0.244510
v 0.276245 0.647339 0.251201
v 0.277695 0.646179 0.248181
v 0.294586 0.628647 0.240826
v 0.284149 0.638031 0.246870
v 0.312393 0.614532 0.237505
v 0.289688 0.685867 0.130257
v 0.289719 0.683807 0.121814
v 0.304230 0.677155 0.143134
v 0.302689 0.677933 0.145246
v 0.298386 0.679489 0.173190
v 0.298233 0.677292 0.174080
v 0.341019 0.643539 0.152175
v 0.339111 0.642075 0.153425
v 0.333130 0.686401 0.056058
v 0.350861 0.678055 0.054896
v 0.370682 0.670990 0.055996
v 0.431259 0.664154 0.067119
v 0.432205 0.664246 0.063716
v 0.415787 0.660065 0.063637
v 0.107422 0.440857 0.203630
v 0.111832 0.435883 0.209459
v 0.270401 0.534317 0.292532
v 0.268860 0.529053 0.288557
v 0.274170 0.530151 0.290384
v 0.265472 0.515579 0.277282
v 0.145370 0.489288 0.186918
v 0.115906 0.495636 0.182189
v 0.036667 0.568268 0.206162
v 0.033875 0.568680 0.204441
v 0.039520 0.552475 0.198409
v 0.078537 0.609543 0.306929
v 0.027344 0.466568 0.205890
v 0.029633 0.452911 0.225045
v 0.009491 0.552551 0.224082
v 0.010727 0.555191 0.246978
v 0.011002 0.542282 0.220961
v 0.011581 0.535782 0.220630
v 0.019806 0.471573 0.272295
v 0.021347 0.475006 0.275295
v 0.014297 0.464630 0.527580
v 0.021317 0.455521 0.531206
v 0.012405 0.474472 0.521635
v 0.007431 0.480408 0.409346
v 0.009125 0.468033 0.367913
v 0.011017 0.555786 0.376685
v 0.012680 0.560120 0.277246
v 0.013947 0.571167 0.307493
v 0.013748 0.574326 0.274613
v 0.026093 0.535645 0.588612
v 0.034821 0.536423 0.598649
v 0.028030 0.545624 0.588420
v 0.047394 0.533646 0.605480
v 0.062683 0.531235 0.608834
v 0.010590 0.436188 0.447838
v 0.010468 0.438431 0.467057
v 0.018387 0.434784 0.445868
v 0.081543 0.474258 0.531587
v 0.077805 0.466415 0.511821
v 0.066193 0.460602 0.537662
v 0.075806 0.462845 0.494223
v 0.059326 0.450851 0.507834
v 0.098740 0.447067 0.282168
v 0.113159 0.455887 0.294586
v 0.105896 0.490921 0.461715
v 0.114136 0.488113 0.379044
v 0.123505 0.479721 0.348938
v 0.118103 0.494644 0.376674
v 0.159546 0.517853 0.420522
v 0.176132 0.524597 0.419690
v 0.159744 0.509293 0.401684
v 0.161026 0.498886 0.380266
v 0.142746 0.495392 0.378728
v 0.180130 0.503326 0.380314
v 0.166992 0.489380 0.360274
v 0.175064 0.483932 0.349043
v 0.189880 0.484283 0.346684
v 0.170441 0.478958 0.341027
v 0.186035 0.493698 0.361379
v 0.165741 0.473145 0.328444
v 0.203171 0.458435 0.307136
v 0.221146 0.449554 0.275023
v 0.204849 0.445572 0.278507
v 0.144516 0.451859 0.275118
v 0.135254 0.458038 0.288883
v 0.129715 0.469101 0.323704
v 0.129684 0.462357 0.310048
v 0.127502 0.459778 0.299467
v 0.274841 0.543304 0.442401
v 0.189651 0.505630 0.379009
v 0.188873 0.517883 0.397856
v 0.193710 0.505539 0.375844
v 0.230957 0.537857 0.429636
v 0.260956 0.534439 0.432176
v 0.279419 0.533356 0.432262
v 0.289963 0.532425 0.430325
v 0.277130 0.540207 0.436358
v 0.222183 0.471222 0.334780
v 0.239258 0.477463 0.348988
v 0.257339 0.486374 0.365503
v 0.265167 0.485962 0.355797
v 0.298569 0.529251 0.426493
v 0.304947 0.521881 0.418537
v 0.309509 0.515732 0.407322
v 0.309189 0.510513 0.391892
v 0.301819 0.508011 0.373338
v 0.290192 0.502808 0.360122
v 0.308060 0.514221 0.371516
v 0.274368 0.492706 0.347558
v 0.253204 0.467209 0.301325
v 0.260300 0.465698 0.292249
v 0.246246 0.469299 0.307383
v 0.328705 0.523026 0.414333
v 0.345078 0.526489 0.358140
v 0.336014 0.518723 0.338271
v 0.326508 0.509842 0.321768
v 0.314484 0.498718 0.310676
v 0.299973 0.486786 0.302914
v 0.284561 0.476700 0.294262
v 0.268173 0.469131 0.284756
v 0.273331 0.475525 0.277894
v 0.058609 0.444672 0.481392
v 0.064056 0.444778 0.462557
v 0.051773 0.444046 0.496134
v 0.069885 0.443451 0.346912
v 0.062317 0.443100 0.346695
v 0.067261 0.444000 0.376867
v 0.068024 0.446289 0.232458
v 0.060318 0.445999 0.233797
v 0.073883 0.446838 0.232472
v 0.032166 0.436707 0.478325
v 0.028259 0.434036 0.462431
v 0.027756 0.432449 0.445020
v 0.030487 0.432022 0.425277
v 0.050201 0.437012 0.403744
v 0.042938 0.434250 0.402403
v 0.057861 0.440887 0.402772
v 0.167236 0.437988 0.235178
v 0.066177 0.443787 0.401450
v 0.066452 0.443726 0.423073
v 0.376053 0.577682 0.387908
v 0.186325 0.531357 0.418354
v 0.191345 0.534332 0.415361
v 0.028625 0.441818 0.251593
v 0.042679 0.446152 0.240153
v 0.080994 0.528198 0.608273
v 0.037811 0.453384 0.534609
v 0.048538 0.452637 0.532658
v 0.053711 0.452240 0.531036
v 0.048203 0.446762 0.515886
v 0.047729 0.444534 0.507075
v 0.129547 0.496368 0.378895
v 0.123062 0.497299 0.376807
v 0.365143 0.562714 0.321938
v 0.364395 0.574127 0.320798
v 0.348785 0.549210 0.305110
v 0.360657 0.584137 0.320028
v 0.354370 0.591919 0.317421
v 0.370193 0.598282 0.339775
v 0.362213 0.596893 0.308313
v 0.354874 0.595505 0.314158
v 0.385941 0.631149 0.222761
v 0.362076 0.619385 0.222547
v 0.379593 0.632523 0.227965
v 0.387482 0.622467 0.163783
v 0.382172 0.625198 0.131368
v 0.366577 0.622772 0.140373
v 0.387817 0.656204 0.065150
v 0.414536 0.651932 0.070302
v 0.392273 0.661545 0.061481
v 0.393539 0.661148 0.046351
v 0.393906 0.663284 0.055524
v 0.418198 0.659241 0.051695
v 0.438782 0.666855 0.030630
v 0.437515 0.663727 0.045129
v 0.431549 0.638931 0.095641
v 0.432953 0.645248 0.085028
v 0.434586 0.663330 0.056075
v 0.434616 0.651947 0.077863
v 0.047104 0.575714 0.238625
v 0.044678 0.588791 0.237586
v 0.053040 0.577469 0.252341
v 0.050156 0.540894 0.206612
v 0.065643 0.526871 0.201680
v 0.054703 0.542435 0.219311
v 0.048233 0.538788 0.197413
v 0.091675 0.512405 0.196538
v 0.087952 0.509781 0.187873
v 0.063370 0.542923 0.235138
v 0.084656 0.595901 0.311126
v 0.098846 0.597366 0.333477
v 0.071075 0.596786 0.288020
v 0.091888 0.581329 0.314946
v 0.100037 0.567886 0.316791
v 0.111923 0.557358 0.319906
v 0.119614 0.575455 0.341672
v 0.126785 0.550751 0.322572
v 0.144287 0.546295 0.323997
v 0.146637 0.563751 0.344524
v 0.162323 0.541595 0.321630
v 0.183960 0.539978 0.320896
v 0.205093 0.540161 0.318752
v 0.225937 0.541214 0.314892
v 0.214798 0.555832 0.336248
v 0.194199 0.525635 0.295079
v 0.242996 0.541245 0.308527
v 0.250046 0.554276 0.316488
v 0.256912 0.563004 0.316407
v 0.248245 0.568100 0.327701
v 0.265793 0.557938 0.305080
v 0.243103 0.574966 0.336150
v 0.233627 0.572083 0.341241
v 0.237167 0.604324 0.347609
v 0.226639 0.609238 0.356278
v 0.227966 0.587112 0.350099
v 0.219681 0.569244 0.346085
v 0.162140 0.584091 0.363175
v 0.149002 0.588455 0.363710
v 0.137085 0.593430 0.362361
v 0.124908 0.600235 0.358731
v 0.113312 0.607880 0.352321
v 0.125702 0.626709 0.366513
v 0.181778 0.514771 0.266224
v 0.060776 0.588516 0.268830
v 0.249710 0.651093 0.321153
v 0.213730 0.617264 0.365740
v 0.345901 0.666809 0.022115
v 0.326538 0.674896 0.024825
v 0.345291 0.669266 0.013704
v 0.307983 0.687027 0.029328
v 0.293091 0.700134 0.034698
v 0.308762 0.686646 0.020352
v 0.285141 0.709595 0.030124
v 0.284882 0.694794 0.104871
v 0.304398 0.667831 0.112657
v 0.318405 0.654541 0.110531
v 0.337067 0.641296 0.115137
v 0.315842 0.627686 0.172033
v 0.326477 0.620468 0.168198
v 0.322250 0.634552 0.162194
v 0.342239 0.616791 0.164236
v 0.340851 0.613602 0.179778
v 0.340286 0.625717 0.155085
v 0.333679 0.638718 0.155418
v 0.316925 0.655304 0.164293
v 0.299011 0.678955 0.149454
v 0.297440 0.671997 0.175013
v 0.276108 0.699158 0.173542
v 0.272888 0.700516 0.181412
v 0.269852 0.701691 0.190265
v 0.269852 0.695801 0.198515
v 0.273071 0.682236 0.210016
v 0.293518 0.639023 0.217586
v 0.335999 0.617111 0.226504
v 0.338623 0.618607 0.217852
v 0.335175 0.600525 0.245060
v 0.332748 0.595383 0.253460
v 0.330429 0.590958 0.265255
v 0.288986 0.545990 0.289270
v 0.286316 0.530930 0.287638
v 0.283127 0.520264 0.285352
v 0.113510 0.478226 0.181615
v 0.104431 0.483429 0.182781
v 0.269394 0.551270 0.299056
v 0.339172 0.616165 0.201210
v 0.277252 0.634598 0.267759
v 0.277679 0.633484 0.262462
v 0.027023 0.585175 0.211926
v 0.027847 0.568314 0.201374
v 0.083527 0.494797 0.185658
v 0.085693 0.503998 0.184330
v 0.329453 0.533112 0.295223
v 0.275101 0.483551 0.273491
v 0.263519 0.477371 0.260749
v 0.248367 0.472046 0.242333
v 0.012314 0.471298 0.329803
v 0.010147 0.465546 0.347575
v 0.014191 0.479126 0.314328
v 0.015869 0.490005 0.298641
v 0.016174 0.503952 0.290864
v 0.014206 0.523987 0.283000
v 0.052597 0.446808 0.235023
v 0.044022 0.435684 0.338541
v 0.039658 0.435242 0.372140
v 0.034439 0.433380 0.402221
v 0.011765 0.440140 0.486225
v 0.066467 0.444382 0.442978
v 0.074600 0.451157 0.440990
v 0.085114 0.463623 0.436191
v 0.120148 0.497253 0.376066
v 0.135300 0.519119 0.436086
v 0.097931 0.490402 0.433651
v 0.076080 0.447113 0.232831
v 0.072906 0.445618 0.253071
v 0.068176 0.443939 0.281486
v 0.063278 0.442780 0.313933
v 0.059586 0.442780 0.346275
v 0.009613 0.463989 0.353700
v 0.011459 0.467438 0.351442
v 0.015762 0.457886 0.312916
v 0.018219 0.464142 0.297461
v 0.021790 0.476639 0.276733
v 0.023514 0.493958 0.257721
v 0.020386 0.514511 0.247570
v 0.017654 0.526810 0.321050
v 0.020950 0.546768 0.477954
v 0.016541 0.475952 0.345572
v 0.030502 0.554047 0.587007
v 0.028091 0.552307 0.575065
v 0.009949 0.505859 0.477407
v 0.011246 0.482437 0.487639
v 0.030777 0.549225 0.558362
v 0.013153 0.482391 0.516397
v 0.011810 0.474777 0.491587
v 0.013840 0.480927 0.495124
v 0.035172 0.534790 0.523815
v 0.026932 0.516068 0.515511
v 0.019348 0.496384 0.504509
v 0.198441 0.444199 0.280256
v 0.243271 0.470016 0.310300
v 0.311050 0.516510 0.370671
v 0.276138 0.542908 0.438580
v 0.193893 0.535355 0.414098
v 0.196136 0.519501 0.393655
v 0.196091 0.505554 0.374823
v 0.195465 0.493652 0.358463
v 0.195984 0.483902 0.345393
v 0.175949 0.551788 0.456756
v 0.159790 0.549454 0.475433
v 0.139603 0.543991 0.491781
v 0.352203 0.594604 0.316084
v 0.378616 0.628754 0.235427
v 0.377670 0.631638 0.232386
v 0.358551 0.615387 0.233035
v 0.279144 0.633087 0.258803
v 0.335785 0.610397 0.234232
v 0.377335 0.632736 0.230526
v 0.360718 0.621796 0.143983
v 0.393967 0.663651 0.059431
v 0.117264 0.432571 0.215760
v 0.243866 0.490265 0.238029
v 0.224625 0.485199 0.218112
v 0.201492 0.484421 0.205143
v 0.086517 0.508011 0.184446
v 0.046753 0.538071 0.193390
v 0.437271 0.526230 -0.356657
v 0.446350 0.526672 -0.357714
v 0.430893 0.526718 -0.354692
v 0.442780 0.512634 -0.344920
v 0.482025 0.591629 -0.307299
v 0.474411 0.599075 -0.294605
v 0.428757 0.477188 -0.373382
v 0.421509 0.492203 -0.394185
v 0.423111 0.462997 -0.375117
v 0.435776 0.469009 -0.355683
v 0.432068 0.493332 -0.369756
v 0.408569 0.489258 -0.416533
v 0.432007 0.505600 -0.365439
v 0.436844 0.498383 -0.348591
v 0.341827 0.406204 -0.475305
v 0.328659 0.396774 -0.483986
v 0.342697 0.395096 -0.464725
v 0.354202 0.417084 -0.466580
v 0.340561 0.419006 -0.486334
v 0.315079 0.387970 -0.492259
v 0.301895 0.381226 -0.499433
v 0.313919 0.375122 -0.480037
v 0.316467 0.403229 -0.503681
v 0.287735 0.375458 -0.505049
v 0.274246 0.369843 -0.509528
v 0.286407 0.360184 -0.489296
v 0.260452 0.364105 -0.515537
v 0.243378 0.357590 -0.523348
v 0.258057 0.349487 -0.500191
v 0.147324 0.340546 -0.554405
v 0.133789 0.344116 -0.557119
v 0.142563 0.336273 -0.545133
v 0.161621 0.340073 -0.552331
v 0.373734 0.432343 -0.395498
v 0.369537 0.419601 -0.408795
v 0.366165 0.428772 -0.390393
v 0.376816 0.442383 -0.386617
v 0.360245 0.367172 -0.411033
v 0.361969 0.359406 -0.402779
v 0.371918 0.377182 -0.398401
v 0.357071 0.376480 -0.415727
v 0.353790 0.387695 -0.416908
v 0.363953 0.400635 -0.402572
v 0.351334 0.398254 -0.416366
v 0.342407 0.377625 -0.428858
v 0.342194 0.388153 -0.457679
v 0.355545 0.398941 -0.448011
v 0.327118 0.377563 -0.465444
v 0.338760 0.383545 -0.452607
v 0.369247 0.412735 -0.435554
v 0.379883 0.429825 -0.428508
v 0.368637 0.418945 -0.445457
v 0.366486 0.408829 -0.428830
v 0.361252 0.406982 -0.422555
v 0.347351 0.393112 -0.436353
v 0.353378 0.403961 -0.418795
v 0.334198 0.382492 -0.447017
v 0.330322 0.382843 -0.442350
v 0.050842 0.331818 -0.571700
v 0.047104 0.336456 -0.581049
v 0.061935 0.334305 -0.572689
v 0.105972 0.352692 -0.571511
v 0.090927 0.345367 -0.571680
v 0.102478 0.346375 -0.550665
v 0.105286 0.361343 -0.588951
v 0.126175 0.353424 -0.565258
v 0.122314 0.347305 -0.549175
v 0.329773 0.343018 -0.417986
v 0.344315 0.346359 -0.403802
v 0.316986 0.343887 -0.433453
v 0.320709 0.340515 -0.408469
v 0.253677 0.340759 -0.487368
v 0.236603 0.336853 -0.497344
v 0.247818 0.337570 -0.475102
v 0.268494 0.345535 -0.480007
v 0.172882 0.329102 -0.526240
v 0.154984 0.329468 -0.531478
v 0.170410 0.326614 -0.515847
v 0.193604 0.330582 -0.517900
v 0.175888 0.333954 -0.536147
v 0.138870 0.332321 -0.533861
v 0.126846 0.337097 -0.534996
v 0.137085 0.330658 -0.522248
v 0.119431 0.343323 -0.535522
v 0.114929 0.348740 -0.535220
v 0.118973 0.342346 -0.522326
v 0.070984 0.332672 -0.537373
v 0.075638 0.333450 -0.554457
v 0.087494 0.337402 -0.533659
v 0.167435 0.327957 -0.505692
v 0.150284 0.328598 -0.510876
v 0.161926 0.332336 -0.496822
v 0.185272 0.329712 -0.497212
v 0.123093 0.344894 -0.508742
v 0.132828 0.349396 -0.494511
v 0.128204 0.339127 -0.508645
v 0.120773 0.349640 -0.508146
v 0.136246 0.333313 -0.510981
v 0.142410 0.336685 -0.499491
v 0.191086 0.345413 -0.466932
v 0.184814 0.354202 -0.461821
v 0.209442 0.349808 -0.452998
v 0.197861 0.337387 -0.475782
v 0.172653 0.341431 -0.479323
v 0.277481 0.363876 -0.374010
v 0.263916 0.379593 -0.366023
v 0.285873 0.364960 -0.360369
v 0.292160 0.351929 -0.386263
v 0.266144 0.363144 -0.388384
v 0.244568 0.390854 -0.390956
v 0.233200 0.383972 -0.408049
v 0.243484 0.402908 -0.392179
v 0.251755 0.395203 -0.377549
v 0.246872 0.374939 -0.395015
v 0.180466 0.362869 -0.460512
v 0.162689 0.357697 -0.473383
v 0.177750 0.369431 -0.460734
v 0.199387 0.369156 -0.444674
v 0.200424 0.416824 -0.378462
v 0.214493 0.409256 -0.385165
v 0.229858 0.409119 -0.388107
v 0.231232 0.415115 -0.380448
v 0.238693 0.408325 -0.391507
v 0.220947 0.399643 -0.400696
v 0.169693 0.374069 -0.452310
v 0.152390 0.367905 -0.465759
v 0.163345 0.376419 -0.444697
v 0.187851 0.381134 -0.436302
v 0.174011 0.373306 -0.457891
v 0.155685 0.382080 -0.437093
v 0.170944 0.388885 -0.422405
v 0.139008 0.374954 -0.452265
v 0.201584 0.417221 -0.368912
v 0.201660 0.415985 -0.363269
v 0.215256 0.414993 -0.368629
v 0.200928 0.418701 -0.372969
v 0.147247 0.353531 -0.483245
v 0.144196 0.358688 -0.484189
v 0.149979 0.346481 -0.484748
v 0.136871 0.361450 -0.477671
v 0.140594 0.361603 -0.482029
v 0.121979 0.354401 -0.491557
v 0.130478 0.362305 -0.473553
v 0.214890 0.387787 -0.425685
v 0.216278 0.384598 -0.426002
v 0.195312 0.379028 -0.444094
v 0.212219 0.388962 -0.423357
v 0.231689 0.397629 -0.407626
v 0.119110 0.351654 -0.507606
v 0.113113 0.349548 -0.521921
v 0.115784 0.351013 -0.506957
v 0.129318 0.355865 -0.494209
v 0.391708 0.467529 -0.423059
v 0.328888 0.382416 -0.440050
v 0.329300 0.378891 -0.438917
v 0.340729 0.391907 -0.429720
v 0.317139 0.373413 -0.448400
v 0.363495 0.426971 -0.388688
v 0.358322 0.413986 -0.402760
v 0.365601 0.423660 -0.387908
v 0.428192 0.526474 -0.354365
v 0.434341 0.512604 -0.342016
v 0.066483 0.353699 -0.596195
v 0.072388 0.346680 -0.587500
v 0.080521 0.362671 -0.599312
v 0.057159 0.359909 -0.600805
v 0.052826 0.345566 -0.592134
v 0.484055 0.574890 -0.324058
v 0.455490 0.531357 -0.356038
v 0.460098 0.518646 -0.343655
v 0.415527 0.451569 -0.373081
v 0.408966 0.463882 -0.396159
v 0.405624 0.444519 -0.370129
v 0.421478 0.442047 -0.353395
v 0.403244 0.474869 -0.415342
v 0.369507 0.441483 -0.453776
v 0.380280 0.454483 -0.441697
v 0.364578 0.427216 -0.456808
v 0.223160 0.350281 -0.531087
v 0.198853 0.342819 -0.539310
v 0.219742 0.339951 -0.518635
v 0.178635 0.339905 -0.546443
v 0.393234 0.440277 -0.364598
v 0.399948 0.431213 -0.343601
v 0.382812 0.436157 -0.355378
v 0.371826 0.413788 -0.387442
v 0.378067 0.420120 -0.373410
v 0.377808 0.398605 -0.388216
v 0.380814 0.385437 -0.385520
v 0.376129 0.369781 -0.385497
v 0.330826 0.369888 -0.437802
v 0.311584 0.367493 -0.471263
v 0.297836 0.359390 -0.474391
v 0.384857 0.450043 -0.430614
v 0.029266 0.331360 -0.560035
v 0.038559 0.342941 -0.589382
v 0.048950 0.367950 -0.604467
v 0.058624 0.379105 -0.609579
v 0.076523 0.339478 -0.572690
v 0.307266 0.346786 -0.445168
v 0.299103 0.352371 -0.457491
v 0.280319 0.346039 -0.462461
v 0.291916 0.352478 -0.462742
v 0.280640 0.348068 -0.467323
v 0.282730 0.351501 -0.476099
v 0.216339 0.333481 -0.507805
v 0.210892 0.330643 -0.497572
v 0.099442 0.343307 -0.533594
v 0.101151 0.344330 -0.518906
v 0.108414 0.349014 -0.534596
v 0.031570 0.331451 -0.549378
v 0.307373 0.343628 -0.398711
v 0.294312 0.343689 -0.413195
v 0.320801 0.344498 -0.381570
v 0.281479 0.343979 -0.427581
v 0.267273 0.350800 -0.415599
v 0.205154 0.332199 -0.486376
v 0.223907 0.335464 -0.473915
v 0.155655 0.338989 -0.489445
v 0.227692 0.354645 -0.436318
v 0.220688 0.365723 -0.429356
v 0.242767 0.358521 -0.420177
v 0.234863 0.345108 -0.447641
v 0.255371 0.361252 -0.403861
v 0.258057 0.396820 -0.364243
v 0.257172 0.409805 -0.363312
v 0.264389 0.396393 -0.349545
v 0.218048 0.377151 -0.425946
v 0.230438 0.414688 -0.369191
v 0.231506 0.416748 -0.374328
v 0.206528 0.390198 -0.417562
v 0.196960 0.392075 -0.411590
v 0.108307 0.347839 -0.506125
v 0.101166 0.347748 -0.500750
v 0.107086 0.360199 -0.480644
v 0.122314 0.367233 -0.467514
v 0.186203 0.396454 -0.406527
v 0.241699 0.339523 -0.460135
v 0.256287 0.414658 -0.362532
v 0.261932 0.412216 -0.347822
v 0.231583 0.417267 -0.376945
v 0.215286 0.417236 -0.375895
v 0.200638 0.418930 -0.375484
v 0.242340 0.407425 -0.392710
v 0.176193 0.372345 -0.460248
v 0.158264 0.366684 -0.473742
v 0.142517 0.361038 -0.483979
v 0.112411 0.350723 -0.535000
v 0.296936 0.355011 -0.462355
v 0.300461 0.357651 -0.460212
v 0.307358 0.364395 -0.455363
v 0.350632 0.402359 -0.416866
v 0.390305 0.459869 -0.410089
v 0.386429 0.451569 -0.394791
v 0.378601 0.446228 -0.383210
v 0.373596 0.441223 -0.370521
v 0.378815 0.434235 -0.352592
v 0.387177 0.427338 -0.336735
v 0.043793 0.340210 -0.586924
v 0.096878 0.373825 -0.602802
v 0.361191 0.355515 -0.391438
v 0.386993 0.677673 -0.056046
v 0.389328 0.682877 -0.046481
v 0.384933 0.674973 -0.066352
v 0.362900 0.676590 -0.052805
v 0.344604 0.677887 -0.048722
v 0.330322 0.679962 -0.046355
v 0.346832 0.681747 -0.038865
v 0.342789 0.676056 -0.061601
v 0.318329 0.681778 -0.045619
v 0.320099 0.686005 -0.033811
v 0.316986 0.680374 -0.058187
v 0.506393 0.683762 -0.214694
v 0.500137 0.693176 -0.186390
v 0.408920 0.676468 -0.081728
v 0.320847 0.695175 -0.022417
v 0.333145 0.692047 -0.024617
v 0.309875 0.698120 -0.024212
v 0.320099 0.701309 -0.012921
v 0.284439 0.716949 -0.005231
v 0.287613 0.711975 0.007488
v 0.287354 0.709518 0.018953
v 0.297180 0.699265 0.014866
v 0.280624 0.718857 0.021849
v 0.310806 0.688797 0.011467
v 0.326935 0.680542 0.007541
v 0.312805 0.693619 0.002703
v 0.391769 0.670792 -0.002404
v 0.414459 0.674576 -0.005856
v 0.390915 0.680450 -0.014422
v 0.367081 0.671646 -0.000240
v 0.392258 0.691162 -0.021725
v 0.368134 0.689423 -0.016599
v 0.412308 0.694366 -0.025284
v 0.391144 0.696487 -0.027452
v 0.384201 0.675034 -0.106181
v 0.385193 0.673615 -0.094967
v 0.363907 0.675537 -0.105738
v 0.315628 0.679642 -0.073903
v 0.327438 0.677277 -0.076005
v 0.384369 0.673630 -0.079629
v 0.361755 0.673508 -0.079288
v 0.297333 0.702682 -0.030572
v 0.431824 0.683853 -0.010760
v 0.348770 0.689453 -0.027974
v 0.367493 0.688812 -0.031950
v 0.349075 0.694519 -0.018124
v 0.390076 0.691254 -0.036381
v 0.346268 0.674667 0.003246
v 0.346268 0.682266 -0.006081
v 0.347290 0.690201 -0.011762
v 0.330597 0.693878 -0.007990
v 0.316299 0.698990 -0.004539
v 0.342453 0.674988 -0.078918
v 0.343567 0.675140 -0.093725
v 0.510010 0.663773 -0.232023
v 0.511948 0.646667 -0.254708
v 0.472382 0.667084 -0.170271
v 0.500061 0.672623 -0.173687
v 0.472412 0.655060 -0.169683
v 0.520615 0.613312 -0.182496
v 0.519516 0.616302 -0.158658
v 0.521530 0.615677 -0.204342
v 0.522766 0.597336 -0.184881
v 0.512634 0.561996 -0.160169
v 0.517990 0.572235 -0.162655
v 0.514740 0.557602 -0.173409
v 0.502792 0.553345 -0.153659
v 0.510132 0.568161 -0.147564
v 0.510742 0.557800 -0.191516
v 0.506195 0.562241 -0.210154
v 0.501038 0.545898 -0.186649
v 0.519531 0.571487 -0.192034
v 0.520905 0.580750 -0.162271
v 0.523270 0.582718 -0.170197
v 0.445068 0.423691 -0.217078
v 0.449738 0.411362 -0.219252
v 0.445145 0.419571 -0.201750
v 0.440887 0.431946 -0.215812
v 0.442932 0.424301 -0.235915
v 0.437195 0.374268 -0.220274
v 0.426529 0.364014 -0.220327
v 0.438736 0.373032 -0.207971
v 0.446030 0.386627 -0.220257
v 0.415054 0.356018 -0.222237
v 0.401566 0.349930 -0.225577
v 0.412949 0.356308 -0.206324
v 0.414566 0.359009 -0.239086
v 0.386887 0.346390 -0.227568
v 0.370850 0.345947 -0.229283
v 0.383698 0.347137 -0.211822
v 0.389145 0.348221 -0.243920
v 0.351288 0.348770 -0.228450
v 0.335602 0.353531 -0.226524
v 0.347992 0.347839 -0.208976
v 0.356552 0.349899 -0.247065
v 0.377304 0.350510 -0.192499
v 0.359711 0.349045 -0.193836
v 0.371414 0.352753 -0.169177
v 0.392654 0.353806 -0.189745
v 0.448471 0.392151 -0.201213
v 0.446335 0.381287 -0.202010
v 0.446579 0.386902 -0.197001
v 0.446915 0.402145 -0.197760
v 0.449936 0.395615 -0.208144
v 0.434982 0.377426 -0.179997
v 0.431976 0.377457 -0.164188
v 0.323273 0.360550 -0.224104
v 0.329346 0.360825 -0.246928
v 0.314331 0.369919 -0.224226
v 0.318375 0.359940 -0.201670
v 0.193726 0.457245 -0.181568
v 0.262924 0.404373 -0.245992
v 0.271194 0.405365 -0.247128
v 0.258301 0.402573 -0.272331
v 0.251907 0.406082 -0.247650
v 0.265381 0.407288 -0.224031
v 0.297714 0.403214 -0.219666
v 0.302231 0.393097 -0.221950
v 0.302673 0.403473 -0.237619
v 0.294403 0.410263 -0.217930
v 0.172333 0.453995 -0.178463
v 0.164124 0.454193 -0.164500
v 0.179535 0.455566 -0.172163
v 0.150970 0.457703 -0.153537
v 0.155960 0.458313 -0.143573
v 0.142960 0.460403 -0.164251
v 0.133347 0.464172 -0.145588
v 0.121689 0.471161 -0.170641
v 0.267853 0.411407 -0.209167
v 0.255188 0.411972 -0.212743
v 0.241577 0.417633 -0.207065
v 0.257492 0.414230 -0.183283
v 0.247406 0.415924 -0.189511
v 0.248642 0.410950 -0.174508
v 0.200851 0.434402 -0.162386
v 0.201050 0.431915 -0.142941
v 0.205826 0.434708 -0.182539
v 0.192657 0.444946 -0.159700
v 0.520462 0.619171 -0.222402
v 0.520966 0.601700 -0.228556
v 0.516861 0.639999 -0.216595
v 0.518219 0.623672 -0.239418
v 0.485443 0.571548 -0.289454
v 0.488129 0.564819 -0.297291
v 0.488708 0.554581 -0.271044
v 0.480637 0.577286 -0.282032
v 0.487350 0.553864 -0.304674
v 0.484238 0.539795 -0.310401
v 0.475357 0.484039 -0.291668
v 0.470688 0.473419 -0.290696
v 0.473206 0.486191 -0.297412
v 0.466995 0.507645 -0.324945
v 0.456741 0.504059 -0.332210
v 0.469482 0.497757 -0.311989
v 0.473572 0.514877 -0.320388
v 0.448486 0.503311 -0.332695
v 0.443329 0.503265 -0.330038
v 0.476639 0.582001 -0.276217
v 0.478729 0.566742 -0.257722
v 0.473770 0.586288 -0.273293
v 0.483932 0.587173 -0.269630
v 0.484589 0.572388 -0.250782
v 0.494583 0.588745 -0.267541
v 0.475891 0.587982 -0.271235
v 0.475449 0.466873 -0.227173
v 0.470245 0.453751 -0.221921
v 0.480621 0.486664 -0.237983
v 0.474075 0.469650 -0.240477
v 0.463486 0.445541 -0.219172
v 0.455780 0.440887 -0.218176
v 0.464081 0.443787 -0.199870
v 0.460846 0.446396 -0.238119
v 0.445145 0.437027 -0.293283
v 0.439255 0.434433 -0.307550
v 0.435928 0.431259 -0.292248
v 0.451248 0.440521 -0.276345
v 0.453766 0.445877 -0.293042
v 0.425598 0.436264 -0.339871
v 0.414948 0.429672 -0.335297
v 0.429535 0.433731 -0.329764
v 0.435226 0.447235 -0.343411
v 0.442520 0.491760 -0.334834
v 0.440948 0.499634 -0.330881
v 0.443726 0.478958 -0.339174
v 0.425507 0.428284 -0.291367
v 0.417709 0.425293 -0.304562
v 0.417862 0.427063 -0.289889
v 0.433960 0.432220 -0.275151
v 0.418259 0.414383 -0.291108
v 0.427780 0.418579 -0.274397
v 0.415512 0.422485 -0.289380
v 0.409485 0.410873 -0.304619
v 0.419510 0.403610 -0.293701
v 0.436920 0.422012 -0.255106
v 0.432617 0.430435 -0.255300
v 0.440033 0.411407 -0.255667
v 0.439484 0.399948 -0.255219
v 0.428284 0.396591 -0.276402
v 0.447235 0.400894 -0.236135
v 0.378113 0.356125 -0.330509
v 0.390884 0.367004 -0.323933
v 0.379868 0.358856 -0.337262
v 0.368423 0.349335 -0.333290
v 0.383102 0.358322 -0.318146
v 0.360352 0.350403 -0.263673
v 0.346985 0.354187 -0.266504
v 0.376175 0.349258 -0.263081
v 0.363602 0.350174 -0.282817
v 0.363907 0.349335 -0.300957
v 0.361786 0.348206 -0.318634
v 0.353607 0.351486 -0.302515
v 0.374710 0.351242 -0.300901
v 0.360428 0.347183 -0.332311
v 0.352264 0.348740 -0.328613
v 0.293869 0.365509 -0.344960
v 0.297256 0.369690 -0.326677
v 0.276505 0.381851 -0.339108
v 0.300995 0.374130 -0.309095
v 0.316727 0.366226 -0.309592
v 0.286728 0.385696 -0.307039
v 0.269470 0.396469 -0.336628
v 0.268143 0.406662 -0.335117
v 0.274826 0.396484 -0.322511
v 0.269012 0.406128 -0.299487
v 0.262772 0.407593 -0.316843
v 0.260559 0.403641 -0.296841
v 0.276993 0.406448 -0.282263
v 0.276077 0.408585 -0.302956
v 0.257629 0.409241 -0.330761
v 0.249695 0.407120 -0.327747
v 0.264084 0.410660 -0.333159
v 0.203445 0.415619 -0.355602
v 0.253387 0.402618 -0.294210
v 0.248337 0.403870 -0.312910
v 0.316162 0.380768 -0.276601
v 0.321777 0.380127 -0.273647
v 0.326782 0.356049 -0.333416
v 0.326965 0.359619 -0.324697
v 0.331024 0.355515 -0.335321
v 0.346909 0.352875 -0.326928
v 0.343185 0.353683 -0.330823
v 0.346054 0.355225 -0.318954
v 0.344925 0.356750 -0.303531
v 0.342636 0.357590 -0.284907
v 0.339294 0.361542 -0.304277
v 0.297043 0.402252 -0.273092
v 0.288635 0.398651 -0.288672
v 0.297394 0.409073 -0.271248
v 0.503967 0.569046 -0.227811
v 0.504150 0.581757 -0.248090
v 0.493927 0.561523 -0.228947
v 0.513245 0.580856 -0.230360
v 0.486313 0.497757 -0.221299
v 0.487946 0.498154 -0.206291
v 0.485367 0.503983 -0.223812
v 0.200211 0.550583 -0.153278
v 0.199844 0.542206 -0.137393
v 0.196381 0.555801 -0.142682
v 0.202560 0.545456 -0.160315
v 0.137466 0.535370 -0.136792
v 0.146118 0.539688 -0.137094
v 0.139221 0.527573 -0.125593
v 0.130783 0.530014 -0.136495
v 0.114731 0.530365 -0.128762
v 0.118118 0.522751 -0.119629
v 0.102478 0.529816 -0.124243
v 0.124313 0.528732 -0.134224
v 0.080093 0.515228 -0.126998
v 0.084320 0.499146 -0.124149
v 0.203918 0.543274 -0.163528
v 0.206100 0.541779 -0.166114
v 0.204681 0.534164 -0.145582
v 0.167084 0.543274 -0.143731
v 0.170517 0.545456 -0.143078
v 0.168243 0.536240 -0.130977
v 0.163498 0.542542 -0.142628
v 0.192383 0.557449 -0.137795
v 0.191483 0.549942 -0.127109
v 0.186661 0.555740 -0.137563
v 0.255371 0.504654 -0.195354
v 0.234055 0.503052 -0.181960
v 0.128281 0.527847 -0.135960
v 0.131119 0.520676 -0.127445
v 0.187302 0.468781 -0.154944
v 0.186111 0.467209 -0.156248
v 0.187958 0.465668 -0.154984
v 0.192245 0.468964 -0.182703
v 0.323944 0.379547 -0.271564
v 0.323227 0.378891 -0.267663
v 0.316467 0.393082 -0.262074
v 0.292465 0.412994 -0.217468
v 0.279114 0.408936 -0.304438
v 0.280136 0.405533 -0.305097
v 0.272369 0.409592 -0.320350
v 0.287277 0.409393 -0.287403
v 0.399918 0.420044 -0.315406
v 0.402847 0.421432 -0.315870
v 0.400497 0.416550 -0.314634
v 0.406342 0.422348 -0.302936
v 0.439865 0.435455 -0.215459
v 0.442108 0.436691 -0.215884
v 0.437057 0.436279 -0.236046
v 0.440445 0.433044 -0.197056
v 0.396683 0.405243 -0.325365
v 0.398666 0.405884 -0.321735
v 0.398682 0.393463 -0.323880
v 0.442978 0.415009 -0.190946
v 0.441193 0.411530 -0.185622
v 0.439911 0.426285 -0.185902
v 0.433945 0.429092 -0.157331
v 0.432571 0.429413 -0.139276
v 0.440796 0.409836 -0.182919
v 0.443939 0.395157 -0.190586
v 0.440781 0.407944 -0.179742
v 0.446030 0.384689 -0.194352
v 0.469330 0.489029 -0.305632
v 0.456757 0.484039 -0.309085
v 0.448410 0.494141 -0.317883
v 0.518661 0.589996 -0.230637
v 0.521072 0.586029 -0.211442
v 0.471985 0.604553 -0.289950
v 0.472977 0.588257 -0.272374
v 0.472534 0.554871 -0.233542
v 0.474045 0.554092 -0.235603
v 0.475266 0.555862 -0.232811
v 0.479080 0.531082 -0.210254
v 0.472076 0.536331 -0.139711
v 0.476288 0.539505 -0.141265
v 0.478180 0.530457 -0.157935
v 0.473679 0.530762 -0.142139
v 0.482620 0.494278 -0.242370
v 0.483994 0.499191 -0.247560
v 0.479263 0.486649 -0.245650
v 0.514984 0.660812 -0.067284
v 0.513763 0.662491 -0.085567
v 0.519257 0.651337 -0.067580
v 0.516251 0.658081 -0.048734
v 0.507812 0.668289 -0.063228
v 0.511307 0.663467 -0.106719
v 0.508698 0.661865 -0.123773
v 0.519699 0.649948 -0.107881
v 0.499893 0.673370 -0.099214
v 0.506714 0.655273 -0.136876
v 0.515625 0.639938 -0.140842
v 0.489487 0.668335 -0.132842
v 0.525253 0.634155 -0.108395
v 0.524353 0.638336 -0.087006
v 0.524582 0.629074 -0.126136
v 0.522141 0.640976 -0.068760
v 0.520386 0.641693 -0.051719
v 0.493576 0.552414 -0.123893
v 0.506577 0.560822 -0.129548
v 0.487122 0.551453 -0.134033
v 0.505310 0.551697 -0.110924
v 0.523544 0.574463 -0.098624
v 0.523743 0.573914 -0.079447
v 0.526489 0.588135 -0.099711
v 0.518768 0.561096 -0.097737
v 0.511581 0.551941 -0.095410
v 0.502945 0.545486 -0.091114
v 0.513214 0.552139 -0.075937
v 0.510757 0.551453 -0.053666
v 0.517776 0.559982 -0.056471
v 0.501465 0.544327 -0.052333
v 0.506165 0.550674 -0.034748
v 0.522110 0.571228 -0.059457
v 0.524902 0.585770 -0.063625
v 0.519302 0.570984 -0.042663
v 0.525101 0.594543 -0.134550
v 0.527847 0.598068 -0.120156
v 0.481827 0.514328 -0.128830
v 0.481232 0.523666 -0.119905
v 0.477249 0.516846 -0.137673
v 0.491364 0.477463 -0.105150
v 0.493744 0.488892 -0.107694
v 0.486481 0.470825 -0.112934
v 0.485870 0.462051 -0.089938
v 0.492462 0.472351 -0.083442
v 0.445923 0.431580 -0.120870
v 0.438721 0.429138 -0.116414
v 0.450317 0.429962 -0.098634
v 0.455338 0.434753 -0.125064
v 0.442993 0.434067 -0.146869
v 0.452744 0.431610 -0.086852
v 0.444382 0.428986 -0.083080
v 0.452820 0.433655 -0.081322
v 0.462387 0.435211 -0.090258
v 0.485291 0.515594 -0.054771
v 0.480469 0.513687 -0.039850
v 0.479004 0.525421 -0.051877
v 0.488495 0.518021 -0.071310
v 0.493179 0.501984 -0.059212
v 0.484772 0.449615 -0.050826
v 0.483688 0.454391 -0.074895
v 0.480850 0.443848 -0.056147
v 0.475601 0.439606 -0.060432
v 0.465607 0.435242 -0.066595
v 0.474152 0.444733 -0.076265
v 0.487396 0.522858 -0.085068
v 0.489761 0.515274 -0.092390
v 0.483582 0.531189 -0.086378
v 0.313721 0.359756 -0.177320
v 0.326767 0.352844 -0.181747
v 0.304321 0.369034 -0.174473
v 0.314072 0.358368 -0.151153
v 0.446686 0.395889 -0.135264
v 0.445663 0.406860 -0.130712
v 0.441452 0.397903 -0.158629
v 0.444061 0.385193 -0.135971
v 0.453049 0.396057 -0.110281
v 0.332962 0.371552 -0.054937
v 0.323532 0.382812 -0.055603
v 0.332520 0.370880 -0.038774
v 0.345413 0.359695 -0.056442
v 0.332672 0.373840 -0.069385
v 0.448257 0.418121 -0.075631
v 0.444519 0.424652 -0.068464
v 0.442886 0.424606 -0.079673
v 0.450104 0.414246 -0.084350
v 0.450867 0.413162 -0.068235
v 0.453476 0.387863 -0.063133
v 0.448929 0.376694 -0.066564
v 0.447647 0.380127 -0.043352
v 0.453491 0.397964 -0.061032
v 0.456680 0.393585 -0.081249
v 0.342224 0.349533 -0.188931
v 0.341339 0.351166 -0.164516
v 0.158997 0.462585 -0.131733
v 0.137909 0.466751 -0.124215
v 0.158356 0.466873 -0.122284
v 0.175659 0.460648 -0.143343
v 0.156021 0.458572 -0.113098
v 0.152206 0.449402 -0.106560
v 0.176239 0.454224 -0.113437
v 0.157745 0.465485 -0.117085
v 0.133408 0.462158 -0.106916
v 0.114395 0.457153 -0.093986
v 0.115585 0.462326 -0.097743
v 0.104233 0.465225 -0.087842
v 0.115372 0.451904 -0.087764
v 0.129929 0.448929 -0.098055
v 0.096115 0.473694 -0.079693
v 0.096695 0.467865 -0.074714
v 0.096146 0.478516 -0.081796
v 0.091095 0.478531 -0.068750
v 0.158707 0.422440 -0.062731
v 0.176208 0.419220 -0.069056
v 0.161331 0.417160 -0.045858
v 0.207062 0.425247 -0.122955
v 0.201523 0.432358 -0.116606
v 0.217865 0.413940 -0.101276
v 0.216522 0.417969 -0.128571
v 0.198654 0.442368 -0.111569
v 0.196320 0.448883 -0.107013
v 0.209183 0.430908 -0.091028
v 0.189728 0.452713 -0.133168
v 0.298035 0.368378 -0.055343
v 0.295761 0.367798 -0.041850
v 0.305710 0.372147 -0.056357
v 0.294403 0.368500 -0.069379
v 0.264679 0.373810 -0.062733
v 0.260178 0.377686 -0.079803
v 0.210114 0.418427 -0.037016
v 0.211853 0.413162 -0.021416
v 0.215683 0.419647 -0.037828
v 0.207703 0.423859 -0.053681
v 0.202881 0.414017 -0.036851
v 0.288635 0.369156 -0.080977
v 0.282333 0.371948 -0.094148
v 0.260834 0.394272 -0.144451
v 0.269516 0.385696 -0.127278
v 0.267990 0.395279 -0.148851
v 0.249847 0.402451 -0.157980
v 0.252167 0.395294 -0.139318
v 0.270767 0.535156 -0.149835
v 0.276703 0.522278 -0.125585
v 0.267303 0.523361 -0.153216
v 0.263977 0.548035 -0.176097
v 0.274796 0.555344 -0.148117
v 0.295334 0.525970 -0.041583
v 0.296738 0.517822 -0.012918
v 0.291504 0.506409 -0.047346
v 0.298279 0.543488 -0.033514
v 0.294250 0.628815 -0.112499
v 0.296066 0.628174 -0.097621
v 0.291779 0.630112 -0.128176
v 0.297913 0.637650 -0.110839
v 0.296997 0.625015 -0.084013
v 0.297348 0.614761 -0.072010
v 0.294296 0.604385 -0.088412
v 0.300964 0.635391 -0.081060
v 0.300018 0.555908 -0.028577
v 0.301971 0.545731 -0.002425
v 0.298691 0.572556 -0.046976
v 0.180130 0.534775 -0.117603
v 0.182083 0.525070 -0.106023
v 0.173798 0.529724 -0.119160
v 0.178406 0.543503 -0.128526
v 0.187012 0.539108 -0.115826
v 0.204239 0.518127 -0.091787
v 0.210602 0.514969 -0.092319
v 0.204071 0.512283 -0.076347
v 0.197632 0.520584 -0.090440
v 0.203415 0.524979 -0.106804
v 0.201675 0.533142 -0.122515
v 0.205994 0.528030 -0.125661
v 0.196182 0.538620 -0.118137
v 0.219543 0.521545 -0.133086
v 0.223892 0.514862 -0.113196
v 0.211731 0.524368 -0.129035
v 0.214355 0.529709 -0.152699
v 0.228882 0.515503 -0.138520
v 0.226105 0.509933 -0.095194
v 0.225922 0.506165 -0.077240
v 0.217667 0.512390 -0.093442
v 0.236099 0.505081 -0.098450
v 0.246140 0.496307 -0.104238
v 0.244415 0.498337 -0.123344
v 0.243896 0.496735 -0.080898
v 0.182587 0.506287 -0.065544
v 0.177551 0.503845 -0.067047
v 0.183350 0.510117 -0.079588
v 0.188324 0.508972 -0.063894
v 0.181656 0.503952 -0.051567
v 0.274597 0.479477 -0.110106
v 0.269699 0.489029 -0.133937
v 0.276138 0.488022 -0.107203
v 0.278015 0.470398 -0.085423
v 0.273361 0.469589 -0.110760
v 0.264130 0.502289 -0.160781
v 0.258224 0.518066 -0.187920
v 0.265289 0.513550 -0.156552
v 0.263062 0.492874 -0.164358
v 0.286758 0.489365 -0.051456
v 0.285919 0.482010 -0.024990
v 0.282730 0.477234 -0.054594
v 0.285797 0.498657 -0.077262
v 0.238235 0.504105 -0.146049
v 0.228104 0.514496 -0.170143
v 0.244064 0.495377 -0.152729
v 0.259125 0.472855 -0.056455
v 0.267502 0.460709 -0.058087
v 0.259201 0.467987 -0.035600
v 0.249146 0.487045 -0.058509
v 0.195190 0.502167 -0.032680
v 0.198746 0.505402 -0.047223
v 0.200348 0.500519 -0.030765
v 0.189819 0.503662 -0.034336
v 0.167953 0.497528 -0.018932
v 0.158615 0.497665 -0.011652
v 0.164108 0.494400 -0.024091
v 0.175415 0.498444 -0.028152
v 0.171829 0.500397 -0.014359
v 0.344543 0.645752 -0.123072
v 0.333939 0.649673 -0.120578
v 0.344772 0.645691 -0.118890
v 0.344788 0.649902 -0.111061
v 0.302322 0.644440 -0.112031
v 0.305313 0.645844 -0.097124
v 0.308914 0.646240 -0.079726
v 0.317673 0.654007 -0.083008
v 0.312195 0.645294 -0.066185
v 0.357986 0.650818 -0.093552
v 0.362259 0.646545 -0.096056
v 0.371887 0.650192 -0.072447
v 0.352081 0.655350 -0.091510
v 0.421570 0.672836 -0.129827
v 0.438477 0.673111 -0.136393
v 0.432373 0.677612 -0.113806
v 0.408463 0.671448 -0.120764
v 0.413223 0.665680 -0.144902
v 0.346512 0.660919 -0.050717
v 0.331589 0.656326 -0.052445
v 0.336868 0.660019 -0.067513
v 0.357895 0.661224 -0.050092
v 0.318695 0.645569 -0.053625
v 0.309387 0.630569 -0.052142
v 0.325485 0.646606 -0.043552
v 0.302689 0.577606 -0.020556
v 0.306000 0.562469 0.005226
v 0.301727 0.594376 -0.036246
v 0.303833 0.581772 -0.015401
v 0.440155 0.677719 -0.050494
v 0.430008 0.677795 -0.065391
v 0.449570 0.680664 -0.056552
v 0.431763 0.669952 -0.043797
v 0.158844 0.527130 -0.115734
v 0.160339 0.519104 -0.103412
v 0.148102 0.525574 -0.113166
v 0.156677 0.535004 -0.126993
v 0.166946 0.527344 -0.118583
v 0.142532 0.509933 -0.081877
v 0.134491 0.508026 -0.080488
v 0.139221 0.515015 -0.098166
v 0.151749 0.510910 -0.082823
v 0.144638 0.505066 -0.065260
v 0.127670 0.502747 -0.051945
v 0.120209 0.499695 -0.044863
v 0.125717 0.503845 -0.059900
v 0.131592 0.502609 -0.050830
v 0.144547 0.502625 -0.055112
v 0.149979 0.501205 -0.051285
v 0.139877 0.502594 -0.052641
v 0.119720 0.496689 -0.007874
v 0.128754 0.497009 -0.020584
v 0.121048 0.495987 0.003620
v 0.117249 0.496628 -0.025768
v 0.110184 0.493454 -0.037541
v 0.105545 0.492661 -0.048396
v 0.105087 0.489609 -0.026681
v 0.092865 0.492218 -0.114616
v 0.496384 0.672699 -0.057161
v 0.483093 0.674606 -0.045938
v 0.490540 0.675735 -0.069651
v 0.500488 0.669006 -0.042703
v 0.208298 0.525803 -0.127193
v 0.212173 0.518768 -0.109264
v 0.210800 0.506165 -0.060769
v 0.215057 0.505051 -0.059981
v 0.207108 0.502975 -0.045019
v 0.207840 0.506912 -0.061103
v 0.213303 0.509583 -0.076742
v 0.162155 0.493271 -0.026587
v 0.153381 0.492691 -0.019472
v 0.168518 0.494980 -0.034610
v 0.174835 0.511703 -0.095887
v 0.177734 0.513168 -0.095277
v 0.175354 0.506119 -0.082333
v 0.170639 0.511368 -0.093656
v 0.173264 0.519089 -0.108336
v 0.191849 0.540771 -0.116280
v 0.192657 0.530441 -0.103768
v 0.192017 0.510178 -0.063568
v 0.195831 0.509796 -0.062436
v 0.189896 0.507324 -0.049484
v 0.193085 0.514084 -0.076338
v 0.246780 0.491943 -0.155490
v 0.249283 0.491287 -0.157765
v 0.257202 0.481735 -0.128979
v 0.281067 0.472137 -0.055969
v 0.280121 0.469055 -0.057522
v 0.281021 0.481232 -0.081277
v 0.278458 0.465073 -0.029369
v 0.272705 0.466049 -0.110511
v 0.271286 0.466766 -0.110055
v 0.104736 0.505173 -0.084856
v 0.103378 0.503647 -0.085838
v 0.107376 0.506027 -0.086203
v 0.097137 0.492172 -0.091225
v 0.099152 0.490402 -0.092505
v 0.097641 0.494446 -0.090065
v 0.097122 0.489410 -0.089069
v 0.100403 0.499252 -0.087922
v 0.157806 0.468063 -0.118652
v 0.136490 0.470276 -0.111526
v 0.103745 0.488220 -0.007241
v 0.098938 0.480438 -0.009897
v 0.379913 0.345367 -0.091290
v 0.378601 0.346725 -0.103706
v 0.375015 0.347443 -0.089072
v 0.282730 0.410629 -0.177314
v 0.284271 0.403275 -0.160865
v 0.312668 0.382660 -0.083027
v 0.316193 0.379593 -0.083707
v 0.306427 0.380432 -0.095114
v 0.332336 0.374481 -0.075206
v 0.346497 0.363052 -0.078078
v 0.330307 0.373520 -0.078210
v 0.362335 0.353668 -0.083679
v 0.362244 0.352966 -0.077421
v 0.483734 0.456512 -0.084084
v 0.480774 0.453201 -0.083801
v 0.436005 0.427567 -0.115050
v 0.437119 0.424316 -0.117273
v 0.440262 0.426071 -0.092916
v 0.443634 0.427521 -0.065700
v 0.446884 0.429184 -0.065911
v 0.445114 0.423523 -0.056690
v 0.453033 0.434464 -0.078098
v 0.453796 0.433945 -0.074482
v 0.464005 0.439041 -0.081077
v 0.474442 0.540894 -0.112956
v 0.480804 0.538177 -0.101643
v 0.482727 0.534882 -0.086734
v 0.485733 0.536926 -0.086638
v 0.481186 0.531754 -0.069292
v 0.349503 0.644440 -0.119202
v 0.353760 0.644653 -0.112972
v 0.351776 0.646698 -0.123298
v 0.469711 0.656525 -0.161150
v 0.431778 0.656174 -0.163191
v 0.462219 0.665695 -0.147408
v 0.411255 0.519363 0.308169
v 0.407028 0.535767 0.306099
v 0.422073 0.523010 0.292878
v 0.416824 0.506683 0.301728
v 0.399979 0.518738 0.322851
v 0.407242 0.552536 0.297825
v 0.412323 0.568329 0.282602
v 0.418900 0.543747 0.289004
v 0.395645 0.560471 0.300644
v 0.426117 0.596954 0.238210
v 0.430923 0.598389 0.228662
v 0.422592 0.591003 0.248909
v 0.416153 0.607010 0.235467
v 0.436264 0.599808 0.215331
v 0.442307 0.600098 0.199729
v 0.442612 0.583130 0.217533
v 0.426788 0.611679 0.209579
v 0.448227 0.599716 0.183595
v 0.454208 0.598969 0.166485
v 0.453903 0.584061 0.186025
v 0.438843 0.611816 0.177289
v 0.459946 0.598557 0.148650
v 0.466751 0.585220 0.150505
v 0.449432 0.610443 0.143559
v 0.473083 0.596008 0.105083
v 0.477036 0.593277 0.093760
v 0.458481 0.606689 0.108399
v 0.488480 0.604477 0.076949
v 0.499191 0.611877 0.063370
v 0.497681 0.586807 0.072993
v 0.481613 0.595932 0.084873
v 0.513321 0.592773 0.034762
v 0.508163 0.580185 0.053102
v 0.510315 0.606720 0.040876
v 0.518600 0.603973 0.014185
v 0.513824 0.575317 0.027719
v 0.503387 0.568588 0.068477
v 0.498978 0.563828 0.080256
v 0.459167 0.564957 0.186493
v 0.453079 0.564194 0.203148
v 0.462814 0.544891 0.184626
v 0.448120 0.562668 0.218662
v 0.452209 0.538940 0.216726
v 0.426682 0.533478 0.281365
v 0.430038 0.543182 0.269986
v 0.429688 0.519028 0.274730
v 0.416504 0.497742 0.291008
v 0.412109 0.493423 0.292131
v 0.421738 0.499634 0.276108
v 0.442413 0.509613 0.241574
v 0.448441 0.510681 0.226442
v 0.439407 0.492828 0.240045
v 0.440704 0.531570 0.248469
v 0.511292 0.564636 -0.000124
v 0.503525 0.551254 -0.003236
v 0.511307 0.561661 0.008265
v 0.427032 0.479630 0.233093
v 0.430771 0.483627 0.238368
v 0.434387 0.477707 0.217454
v 0.440842 0.478958 0.201813
v 0.450531 0.491226 0.205779
v 0.446960 0.483643 0.186482
v 0.428543 0.472687 0.200637
v 0.452881 0.491806 0.171397
v 0.442001 0.483887 0.167831
v 0.461197 0.504333 0.175845
v 0.457535 0.499725 0.157696
v 0.432114 0.479065 0.164424
v 0.424164 0.474884 0.165323
v 0.426376 0.472717 0.183442
v 0.435074 0.484283 0.151703
v 0.446045 0.500183 0.126287
v 0.453842 0.504578 0.129079
v 0.446396 0.503204 0.122982
v 0.438965 0.495651 0.124726
v 0.443222 0.494507 0.132380
v 0.461533 0.509720 0.132734
v 0.462723 0.514084 0.129310
v 0.461304 0.506638 0.138037
v 0.479202 0.512634 0.091905
v 0.485413 0.512878 0.073028
v 0.471909 0.507919 0.090413
v 0.472763 0.513733 0.108427
v 0.483627 0.518127 0.096956
v 0.493103 0.525421 0.020746
v 0.494247 0.533081 0.005929
v 0.484131 0.519333 0.020548
v 0.491028 0.518906 0.038018
v 0.501083 0.535995 0.021447
v 0.474106 0.531494 -0.002810
v 0.474533 0.523163 0.007206
v 0.485870 0.535858 -0.003073
v 0.473267 0.536545 -0.008246
v 0.463776 0.527145 -0.001545
v 0.451675 0.504227 0.114012
v 0.448334 0.504761 0.118248
v 0.460449 0.510101 0.116189
v 0.456421 0.503220 0.105209
v 0.444092 0.498856 0.112438
v 0.490570 0.537857 -0.051536
v 0.493744 0.539093 -0.070517
v 0.480774 0.532425 -0.050793
v 0.484329 0.536774 -0.033622
v 0.477737 0.537186 -0.021499
v 0.491028 0.543747 -0.022233
v 0.468262 0.532730 -0.021577
v 0.474319 0.538406 -0.014738
v 0.501617 0.551132 -0.023108
v 0.508820 0.559708 -0.025183
v 0.497391 0.551468 -0.016087
v 0.514343 0.571106 -0.031021
v 0.517609 0.583542 -0.038441
v 0.509415 0.571060 -0.023112
v 0.519241 0.596390 -0.047095
v 0.523300 0.597260 -0.057262
v 0.516129 0.597504 -0.041257
v 0.518906 0.597214 -0.026896
v 0.522369 0.611908 -0.034620
v 0.516174 0.598526 -0.034492
v 0.523666 0.624008 -0.036313
v 0.522903 0.633209 -0.037681
v 0.520538 0.622513 -0.045629
v 0.525177 0.622360 -0.023661
v 0.473877 0.422745 -0.003528
v 0.472351 0.421844 0.017388
v 0.487305 0.458740 0.004584
v 0.487823 0.469223 0.008044
v 0.483688 0.453598 0.027214
v 0.486832 0.486099 -0.014361
v 0.488602 0.482651 -0.005658
v 0.488281 0.477936 -0.031361
v 0.492111 0.470535 -0.041081
v 0.479279 0.494385 -0.023214
v 0.488510 0.484161 -0.034936
v 0.489258 0.489044 -0.038280
v 0.493408 0.488251 -0.047240
v 0.483658 0.499008 -0.034369
v 0.473785 0.513519 -0.027497
v 0.466385 0.525574 -0.022882
v 0.482956 0.470337 0.050210
v 0.482468 0.461075 0.049029
v 0.479065 0.465012 0.070471
v 0.480652 0.478043 0.052391
v 0.484680 0.475021 0.031852
v 0.480316 0.448944 0.047071
v 0.476166 0.435379 0.043071
v 0.475449 0.444229 0.065409
v 0.469437 0.420914 0.036536
v 0.461166 0.409729 0.034837
v 0.464706 0.421310 0.060050
v 0.452164 0.402390 0.033329
v 0.441498 0.398636 0.030801
v 0.448761 0.404694 0.053560
v 0.425034 0.401321 0.059686
v 0.424423 0.400864 0.049756
v 0.420502 0.399734 0.067178
v 0.435837 0.401550 0.063432
v 0.415680 0.392441 0.080726
v 0.405869 0.393143 0.076734
v 0.410858 0.382294 0.098347
v 0.426819 0.392456 0.088382
v 0.431580 0.460037 0.162403
v 0.423874 0.469116 0.164305
v 0.433640 0.462021 0.148714
v 0.439545 0.447418 0.161486
v 0.427826 0.455231 0.181317
v 0.419540 0.450516 0.202139
v 0.411713 0.461426 0.202538
v 0.428665 0.437134 0.198252
v 0.408630 0.367874 0.154179
v 0.403900 0.361053 0.163443
v 0.416672 0.377914 0.163849
v 0.411880 0.373550 0.142379
v 0.396179 0.354279 0.171445
v 0.384964 0.348434 0.177671
v 0.388260 0.347549 0.158659
v 0.413101 0.379700 0.199016
v 0.418686 0.386002 0.189686
v 0.415771 0.391708 0.211679
v 0.416168 0.404373 0.220376
v 0.412552 0.415298 0.225637
v 0.424286 0.415268 0.210565
v 0.405014 0.390686 0.226487
v 0.404373 0.428940 0.229290
v 0.395981 0.438766 0.232537
v 0.395874 0.412430 0.237758
v 0.446564 0.484467 0.117676
v 0.438858 0.490906 0.121649
v 0.442230 0.492523 0.113646
v 0.453293 0.482391 0.108448
v 0.445511 0.479202 0.123053
v 0.462570 0.481750 0.090796
v 0.470398 0.483719 0.070468
v 0.468262 0.470642 0.093310
v 0.456253 0.491821 0.087891
v 0.444565 0.444519 0.137084
v 0.444107 0.440598 0.145982
v 0.442459 0.451797 0.137194
v 0.444351 0.440399 0.132620
v 0.435562 0.461166 0.139903
v 0.433426 0.463913 0.136683
v 0.455795 0.419464 -0.044479
v 0.447571 0.418152 -0.044459
v 0.452896 0.411041 -0.030052
v 0.456085 0.427185 -0.057136
v 0.401794 0.342163 0.022570
v 0.395630 0.339188 0.041124
v 0.414444 0.351913 0.026667
v 0.409424 0.345795 0.000644
v 0.388596 0.335312 0.014992
v 0.378143 0.335251 0.008069
v 0.372131 0.334305 0.011520
v 0.379837 0.339584 -0.008060
v 0.309036 0.332016 0.032125
v 0.301025 0.325760 0.047822
v 0.319672 0.326538 0.033782
v 0.320572 0.339005 0.016004
v 0.301941 0.341293 0.029674
v 0.358795 0.319931 0.043219
v 0.373322 0.324387 0.050162
v 0.365982 0.326767 0.027434
v 0.346100 0.320068 0.038725
v 0.351074 0.313568 0.061691
v 0.374390 0.326492 0.092138
v 0.368210 0.322357 0.110300
v 0.385712 0.339676 0.101849
v 0.380997 0.331207 0.075571
v 0.360031 0.315247 0.086594
v 0.407471 0.381134 0.069140
v 0.403305 0.389801 0.073505
v 0.414627 0.385040 0.051574
v 0.408585 0.368912 0.069821
v 0.399902 0.374481 0.090941
v 0.347244 0.335464 0.008510
v 0.342575 0.339478 0.004704
v 0.340530 0.329910 0.020287
v 0.357941 0.334991 0.008089
v 0.367172 0.332947 0.013806
v 0.407120 0.469971 0.251195
v 0.410934 0.481857 0.270506
v 0.405487 0.473572 0.244545
v 0.402924 0.458313 0.243839
v 0.409698 0.466904 0.264547
v 0.410767 0.490677 0.292593
v 0.368958 0.493607 0.365962
v 0.352829 0.487228 0.372582
v 0.356796 0.505737 0.363615
v 0.380234 0.502792 0.355675
v 0.374359 0.482040 0.363669
v 0.369064 0.420380 0.318191
v 0.380859 0.428238 0.307648
v 0.372620 0.411591 0.306070
v 0.356598 0.411758 0.327055
v 0.366943 0.428482 0.325788
v 0.355194 0.351074 0.229281
v 0.365677 0.354904 0.220098
v 0.346085 0.343964 0.218680
v 0.315384 0.344620 0.199351
v 0.328568 0.349167 0.186916
v 0.311005 0.346069 0.195899
v 0.302246 0.338715 0.215997
v 0.323532 0.342911 0.204176
v 0.403000 0.441681 0.270394
v 0.399124 0.439285 0.285487
v 0.406647 0.451035 0.271609
v 0.401886 0.442047 0.259031
v 0.397018 0.431168 0.275791
v 0.398239 0.444656 0.245658
v 0.394455 0.444244 0.237634
v 0.392120 0.427902 0.254444
v 0.390701 0.421646 0.280149
v 0.391266 0.428513 0.290732
v 0.388977 0.417404 0.269308
v 0.383728 0.413269 0.285201
v 0.306519 0.336288 0.283082
v 0.307358 0.342728 0.301568
v 0.323898 0.342346 0.284027
v 0.308563 0.333511 0.264399
v 0.289398 0.335434 0.281641
v 0.275696 0.413437 0.356051
v 0.271271 0.418793 0.362984
v 0.291214 0.416260 0.358432
v 0.277847 0.410172 0.351217
v 0.262146 0.411392 0.354684
v 0.267502 0.426651 0.370582
v 0.263351 0.437302 0.375995
v 0.283981 0.430115 0.372807
v 0.252167 0.423798 0.368641
v 0.183289 0.307068 0.253323
v 0.178238 0.304031 0.236249
v 0.184586 0.312408 0.273011
v 0.208481 0.321381 0.294040
v 0.224472 0.322922 0.291586
v 0.211578 0.311264 0.270945
v 0.195023 0.321182 0.294748
v 0.292007 0.294113 0.167636
v 0.307709 0.297134 0.146841
v 0.305649 0.299805 0.171337
v 0.324738 0.300949 0.123414
v 0.337204 0.304581 0.101809
v 0.309418 0.298004 0.117530
v 0.276291 0.303040 0.220171
v 0.257553 0.303665 0.241993
v 0.279388 0.311249 0.225225
v 0.297623 0.305145 0.196596
v 0.244858 0.308701 0.259319
v 0.240128 0.317062 0.273704
v 0.253189 0.314087 0.259654
v 0.252060 0.345673 0.313748
v 0.252136 0.346909 0.322587
v 0.259064 0.345779 0.310528
v 0.247101 0.343887 0.311408
v 0.312897 0.330490 0.189276
v 0.297104 0.326279 0.207521
v 0.309708 0.341705 0.192636
v 0.256638 0.321747 0.257874
v 0.263474 0.322418 0.247078
v 0.315781 0.308609 0.071286
v 0.329895 0.306458 0.076105
v 0.324036 0.314728 0.053333
v 0.303314 0.314072 0.066350
v 0.306625 0.303757 0.089319
v 0.341522 0.347748 0.178421
v 0.287079 0.335861 0.237567
v 0.280045 0.338745 0.233292
v 0.277130 0.335876 0.258264
v 0.299973 0.333191 0.240286
v 0.408813 0.461624 0.275708
v 0.403534 0.454712 0.289422
v 0.406860 0.471130 0.291117
v 0.332443 0.477997 0.378106
v 0.338348 0.463684 0.376989
v 0.311356 0.469101 0.381375
v 0.326492 0.490967 0.374814
v 0.342804 0.431808 0.354884
v 0.341171 0.425674 0.347826
v 0.326248 0.425568 0.357956
v 0.343323 0.440170 0.363268
v 0.357346 0.438248 0.348994
v 0.308655 0.373871 0.341481
v 0.306747 0.384933 0.347783
v 0.322968 0.383377 0.338659
v 0.309692 0.364517 0.332401
v 0.295364 0.369904 0.344908
v 0.308624 0.420776 0.359598
v 0.310471 0.415680 0.353075
v 0.305893 0.426880 0.366633
v 0.149475 0.385468 0.342810
v 0.154938 0.375549 0.343787
v 0.134033 0.380951 0.325075
v 0.146790 0.396866 0.341633
v 0.168289 0.392639 0.356564
v 0.212357 0.374496 0.356118
v 0.199173 0.357117 0.346106
v 0.223984 0.395706 0.365688
v 0.253693 0.351700 0.335973
v 0.240555 0.348343 0.334439
v 0.254669 0.359451 0.346338
v 0.266907 0.351730 0.331025
v 0.257080 0.392548 0.355700
v 0.268265 0.392242 0.352777
v 0.255035 0.384674 0.357398
v 0.250153 0.399124 0.355503
v 0.273224 0.305847 0.103637
v 0.266129 0.312576 0.103657
v 0.262024 0.297363 0.126008
v 0.282562 0.301331 0.105847
v 0.284576 0.314377 0.082051
v 0.115463 0.398972 0.298068
v 0.130447 0.404510 0.322125
v 0.116302 0.388016 0.298624
v 0.102798 0.394165 0.267421
v 0.118439 0.375244 0.299655
v 0.123245 0.363174 0.301000
v 0.106522 0.369537 0.269749
v 0.170532 0.330048 0.300628
v 0.176178 0.324661 0.296952
v 0.166840 0.332031 0.295678
v 0.163559 0.345596 0.317050
v 0.171249 0.342224 0.320248
v 0.204605 0.399124 0.015333
v 0.196854 0.396225 0.011480
v 0.200165 0.396011 0.026494
v 0.209106 0.401550 0.017331
v 0.207047 0.402832 0.004644
v 0.154724 0.398102 0.015304
v 0.144897 0.394165 0.036995
v 0.139053 0.407196 0.012188
v 0.109833 0.433640 0.022627
v 0.107117 0.442047 0.006014
v 0.106766 0.438568 0.033175
v 0.115417 0.420349 0.035116
v 0.117966 0.424637 0.014709
v 0.121948 0.409531 0.043014
v 0.128677 0.401581 0.047447
v 0.124603 0.411713 0.028465
v 0.117538 0.410629 0.054169
v 0.137573 0.392746 0.052969
v 0.146988 0.385803 0.060225
v 0.130264 0.392868 0.066969
v 0.172958 0.386261 0.074273
v 0.177582 0.388000 0.075771
v 0.183197 0.390518 0.060061
v 0.165527 0.384201 0.071506
v 0.161606 0.381866 0.087045
v 0.150543 0.379227 0.099862
v 0.153259 0.379745 0.102923
v 0.145233 0.379089 0.094935
v 0.110428 0.428757 0.059113
v 0.112061 0.442505 0.055787
v 0.107025 0.436264 0.061783
v 0.109711 0.421082 0.060908
v 0.111542 0.434067 0.050850
v 0.086563 0.449768 0.072085
v 0.089935 0.434235 0.082767
v 0.093933 0.448486 0.062737
v 0.081604 0.469513 0.064216
v 0.084244 0.424637 0.152077
v 0.089020 0.413223 0.161568
v 0.091415 0.410065 0.129134
v 0.082047 0.440704 0.172298
v 0.101685 0.365646 0.237946
v 0.106934 0.352768 0.243623
v 0.102966 0.361786 0.210466
v 0.098587 0.379562 0.234774
v 0.101929 0.428894 0.206217
v 0.111496 0.442474 0.211390
v 0.100754 0.423996 0.215744
v 0.101151 0.428192 0.200644
v 0.095825 0.436722 0.193515
v 0.091537 0.446121 0.188903
v 0.106720 0.452560 0.195923
v 0.098892 0.430466 0.196151
v 0.091629 0.419968 0.185534
v 0.100708 0.469574 0.027174
v 0.101959 0.460007 0.032291
v 0.098907 0.469498 0.015012
v 0.293671 0.368698 -0.029725
v 0.306183 0.373260 -0.028399
v 0.297897 0.372467 -0.019094
v 0.199417 0.346039 0.071524
v 0.211105 0.351562 0.056783
v 0.188309 0.360916 0.071041
v 0.181808 0.343231 0.089278
v 0.231430 0.367279 0.018065
v 0.233215 0.372665 0.005892
v 0.219833 0.381790 0.015670
v 0.227112 0.362717 0.029635
v 0.244858 0.355942 0.021492
v 0.219177 0.402130 -0.010200
v 0.217163 0.396896 0.004320
v 0.223526 0.391510 -0.010482
v 0.219543 0.407547 -0.025150
v 0.217758 0.409042 -0.007932
v 0.214050 0.392639 0.016468
v 0.209198 0.389038 0.028382
v 0.211975 0.399734 0.017632
v 0.182693 0.374542 0.073174
v 0.171463 0.369629 0.087533
v 0.192795 0.380386 0.058477
v 0.180405 0.384750 0.075716
v 0.159210 0.366623 0.101657
v 0.161987 0.354416 0.102216
v 0.156265 0.375809 0.103794
v 0.142120 0.348114 0.134334
v 0.136780 0.350510 0.142546
v 0.152695 0.343460 0.121604
v 0.192444 0.393356 0.042448
v 0.198181 0.392838 0.044430
v 0.185013 0.390854 0.039536
v 0.210541 0.408035 -0.007734
v 0.215088 0.410706 -0.007332
v 0.203003 0.404068 -0.008443
v 0.092606 0.422638 0.092298
v 0.082077 0.433487 0.104863
v 0.096893 0.412018 0.099700
v 0.103424 0.415955 0.077802
v 0.333237 0.371872 -0.027147
v 0.326416 0.383301 -0.028884
v 0.333817 0.373978 -0.019128
v 0.325546 0.373367 -0.009851
v 0.318268 0.369919 -0.003504
v 0.329025 0.362396 -0.006953
v 0.331299 0.374176 -0.013535
v 0.319916 0.381256 -0.010218
v 0.311218 0.365707 0.004972
v 0.304474 0.362671 0.014411
v 0.318207 0.356400 0.002519
v 0.306244 0.377930 0.004742
v 0.280090 0.339539 0.064118
v 0.271759 0.332077 0.083016
v 0.285706 0.328629 0.063434
v 0.287537 0.346527 0.046690
v 0.276352 0.348190 0.065510
v 0.224365 0.311966 0.128521
v 0.218521 0.318542 0.122630
v 0.212875 0.310471 0.130509
v 0.223526 0.328140 0.085264
v 0.236984 0.334946 0.067106
v 0.215378 0.323410 0.100694
v 0.236176 0.330048 0.088998
v 0.256790 0.352936 0.025325
v 0.253647 0.347656 0.038619
v 0.267105 0.356750 0.026463
v 0.306061 0.377975 -0.013737
v 0.298874 0.376129 -0.008148
v 0.314423 0.382828 -0.011976
v 0.313278 0.380188 -0.020457
v 0.246048 0.334167 0.094975
v 0.252533 0.337891 0.099600
v 0.256348 0.340271 0.078339
v 0.236374 0.329239 0.107911
v 0.278870 0.365082 0.026200
v 0.272888 0.355103 0.045155
v 0.286346 0.369888 0.029224
v 0.294830 0.376923 -0.002419
v 0.290894 0.377457 0.001551
v 0.301590 0.381073 0.001948
v 0.281113 0.373444 -0.011231
v 0.136276 0.334579 0.225372
v 0.131882 0.333206 0.221678
v 0.135590 0.338165 0.232857
v 0.142944 0.329941 0.224492
v 0.213043 0.321732 0.108831
v 0.202042 0.322357 0.114141
v 0.214737 0.321396 0.116484
v 0.221512 0.322983 0.111260
v 0.191849 0.312607 0.136572
v 0.189621 0.320709 0.132763
v 0.134796 0.343079 0.251206
v 0.144196 0.343918 0.249907
v 0.123459 0.342957 0.250057
v 0.113861 0.345795 0.247024
v 0.118149 0.349594 0.274022
v 0.117462 0.340439 0.226200
v 0.336105 0.345779 0.001800
v 0.347183 0.350632 -0.007347
v 0.328201 0.351532 0.000782
v 0.271912 0.452576 -0.004658
v 0.267334 0.450043 0.021351
v 0.267380 0.451981 -0.007368
v 0.273636 0.457733 -0.002071
v 0.263000 0.447739 0.037924
v 0.258652 0.445389 0.049767
v 0.258041 0.447098 0.037059
v 0.265121 0.451935 0.039611
v 0.196457 0.447586 0.124830
v 0.194443 0.440933 0.119753
v 0.212601 0.442764 0.118389
v 0.199020 0.453140 0.129211
v 0.179932 0.454544 0.124186
v 0.272415 0.475845 0.129208
v 0.281769 0.482254 0.114801
v 0.277954 0.489243 0.146529
v 0.258926 0.468460 0.142012
v 0.264114 0.460678 0.110948
v 0.289139 0.489792 0.099421
v 0.293991 0.497314 0.084880
v 0.297440 0.509705 0.118052
v 0.278610 0.468964 0.081483
v 0.269394 0.457596 0.071673
v 0.263458 0.454407 0.084642
v 0.261581 0.451401 0.065742
v 0.274002 0.461075 0.057414
v 0.257492 0.452194 0.098069
v 0.248978 0.449966 0.109685
v 0.251907 0.447235 0.088626
v 0.304413 0.545898 0.030246
v 0.306503 0.547562 0.062510
v 0.302353 0.534180 0.026105
v 0.305511 0.552338 0.032621
v 0.307465 0.542114 0.088578
v 0.306320 0.532379 0.109812
v 0.304199 0.529175 0.082478
v 0.308960 0.548523 0.091156
v 0.302048 0.521393 0.126672
v 0.293869 0.509506 0.141504
v 0.304169 0.526932 0.129511
v 0.281342 0.498123 0.157038
v 0.266785 0.488251 0.169523
v 0.283905 0.503479 0.161476
v 0.182755 0.473434 0.181491
v 0.166916 0.479706 0.176256
v 0.196091 0.471710 0.184288
v 0.181381 0.476929 0.186796
v 0.210541 0.477188 0.063165
v 0.202240 0.477631 0.069150
v 0.203308 0.485413 0.047833
v 0.218445 0.478058 0.053918
v 0.215622 0.466370 0.074213
v 0.226852 0.478973 0.035237
v 0.228973 0.481506 0.027832
v 0.235596 0.469101 0.038260
v 0.224304 0.478088 0.038401
v 0.219650 0.486893 0.029802
v 0.162231 0.480194 0.081419
v 0.151108 0.483917 0.084311
v 0.173462 0.477310 0.077179
v 0.167252 0.487640 0.036875
v 0.161926 0.490036 0.022017
v 0.174408 0.486328 0.038143
v 0.175110 0.482635 0.059861
v 0.179611 0.486435 0.039879
v 0.185165 0.483444 0.058885
v 0.148407 0.498672 -0.005610
v 0.138382 0.500320 0.001484
v 0.144836 0.494873 -0.010895
v 0.152420 0.502502 -0.000290
v 0.090881 0.503021 0.158604
v 0.101013 0.494354 0.170960
v 0.079330 0.488876 0.159069
v 0.082352 0.511108 0.144655
v 0.102188 0.515305 0.157026
v 0.112991 0.515381 0.146690
v 0.104904 0.522079 0.134700
v 0.118546 0.510483 0.135988
v 0.125900 0.505966 0.157377
v 0.108780 0.518646 0.153365
v 0.241623 0.451065 0.052550
v 0.248642 0.441223 0.055523
v 0.237991 0.452316 0.056089
v 0.230713 0.466492 0.047029
v 0.244064 0.453888 0.046170
v 0.236313 0.448608 0.070665
v 0.242020 0.439911 0.067083
v 0.240829 0.438324 0.075386
v 0.230957 0.451080 0.076357
v 0.235580 0.452911 0.064093
v 0.220367 0.451477 0.086640
v 0.209595 0.451889 0.095781
v 0.163361 0.466751 0.116727
v 0.162399 0.473267 0.120599
v 0.147385 0.481476 0.106827
v 0.162201 0.462738 0.111856
v 0.125534 0.504044 0.122686
v 0.137512 0.495117 0.130033
v 0.118439 0.509827 0.112392
v 0.131393 0.498367 0.109858
v 0.153824 0.483322 0.137128
v 0.177917 0.467926 0.142099
v 0.159836 0.478210 0.127155
v 0.302856 0.598526 -0.001659
v 0.302658 0.619171 0.002476
v 0.304459 0.591675 0.016669
v 0.304092 0.588257 -0.009645
v 0.319016 0.644730 -0.024651
v 0.310959 0.640381 -0.010523
v 0.325577 0.646439 -0.034738
v 0.356689 0.660767 -0.020854
v 0.367065 0.660324 -0.014924
v 0.377991 0.657379 -0.011689
v 0.388092 0.651871 -0.013846
v 0.378235 0.655777 0.004023
v 0.374405 0.658936 -0.030505
v 0.397232 0.642792 -0.017194
v 0.404739 0.633896 -0.017565
v 0.397583 0.641617 0.000119
v 0.394165 0.643723 -0.032670
v 0.473587 0.675323 -0.037183
v 0.466400 0.678986 -0.048260
v 0.415558 0.641388 0.016366
v 0.406540 0.633575 0.014243
v 0.419281 0.641769 0.001696
v 0.427505 0.649063 0.020345
v 0.411560 0.638504 0.032114
v 0.338196 0.655334 0.019257
v 0.317795 0.649292 0.014549
v 0.361038 0.656464 0.021307
v 0.336472 0.652298 0.038759
v 0.465042 0.629349 0.070104
v 0.473984 0.636612 0.057529
v 0.447296 0.638138 0.062619
v 0.432877 0.642334 0.055532
v 0.427353 0.634247 0.067267
v 0.420120 0.640533 0.050500
v 0.436401 0.647903 0.040981
v 0.306778 0.636627 0.008595
v 0.305801 0.632950 0.029939
v 0.318405 0.558685 0.097388
v 0.319641 0.551056 0.118114
v 0.312378 0.553925 0.093977
v 0.314590 0.564331 0.067685
v 0.323257 0.563538 0.098087
v 0.318893 0.584305 0.100999
v 0.315094 0.599823 0.104450
v 0.324203 0.576157 0.128498
v 0.323685 0.571304 0.099077
v 0.313889 0.590637 0.070610
v 0.316376 0.613251 0.107982
v 0.323395 0.623505 0.110495
v 0.322784 0.603058 0.136827
v 0.311234 0.622665 0.078630
v 0.391129 0.635208 0.100200
v 0.403214 0.631287 0.124808
v 0.387024 0.635651 0.100956
v 0.379410 0.639084 0.075806
v 0.394043 0.634384 0.100070
v 0.418289 0.623871 0.072783
v 0.411148 0.616119 0.074931
v 0.410248 0.626511 0.061768
v 0.421997 0.620590 0.165889
v 0.416153 0.620163 0.182016
v 0.410980 0.619278 0.198023
v 0.406616 0.617233 0.214893
v 0.394424 0.622421 0.186728
v 0.402649 0.614227 0.227746
v 0.399841 0.607452 0.243413
v 0.390717 0.616699 0.223122
v 0.382507 0.615524 0.222346
v 0.378510 0.615433 0.214899
v 0.377930 0.609573 0.233136
v 0.358948 0.609024 0.199154
v 0.365891 0.612167 0.201519
v 0.344131 0.612686 0.164586
v 0.335999 0.605942 0.164575
v 0.339355 0.619781 0.141666
v 0.344925 0.584625 0.186105
v 0.337830 0.590576 0.176674
v 0.319092 0.547379 0.128932
v 0.308533 0.529480 0.150468
v 0.303741 0.517441 0.160749
v 0.314209 0.536484 0.182941
v 0.319473 0.545746 0.195109
v 0.307770 0.524933 0.171570
v 0.317017 0.538986 0.175475
v 0.324890 0.554459 0.211884
v 0.332336 0.563965 0.224530
v 0.318390 0.545654 0.220749
v 0.332108 0.560913 0.202158
v 0.396027 0.597168 0.261401
v 0.406998 0.590622 0.265695
v 0.389816 0.584732 0.278279
v 0.383850 0.601486 0.252683
v 0.382736 0.568008 0.295647
v 0.375595 0.549942 0.314588
v 0.370316 0.571777 0.285761
v 0.335052 0.559494 0.252898
v 0.346207 0.565445 0.259205
v 0.324966 0.541901 0.268261
v 0.320740 0.546738 0.247371
v 0.339371 0.569672 0.240335
v 0.342773 0.574570 0.229247
v 0.366898 0.534775 0.334593
v 0.354919 0.523438 0.348953
v 0.352585 0.540100 0.323228
v 0.379425 0.525711 0.339246
v 0.315430 0.527054 0.282802
v 0.305679 0.521774 0.274431
v 0.326477 0.531769 0.291428
v 0.306732 0.512558 0.295654
v 0.299606 0.502167 0.202824
v 0.297333 0.487076 0.217837
v 0.272446 0.483154 0.199738
v 0.275024 0.478729 0.207510
v 0.253738 0.480453 0.202443
v 0.263657 0.487732 0.191099
v 0.204620 0.467300 0.219525
v 0.205276 0.468597 0.216154
v 0.204391 0.466171 0.221896
v 0.292252 0.489792 0.320748
v 0.294388 0.485840 0.314379
v 0.301544 0.493652 0.332096
v 0.289886 0.494629 0.330082
v 0.300735 0.497360 0.305317
v 0.287766 0.491852 0.292367
v 0.297150 0.487930 0.309462
v 0.339890 0.513504 0.354979
v 0.329514 0.504486 0.360254
v 0.328354 0.517151 0.344366
v 0.254303 0.482941 0.362352
v 0.235779 0.476624 0.360967
v 0.256989 0.490814 0.348431
v 0.270554 0.485382 0.365128
v 0.252930 0.468811 0.373479
v 0.286331 0.496689 0.337642
v 0.298279 0.499420 0.344151
v 0.287415 0.495575 0.351145
v 0.275406 0.494659 0.334892
v 0.262360 0.482697 0.305347
v 0.243362 0.477936 0.302317
v 0.261322 0.487747 0.318202
v 0.195404 0.457870 0.289390
v 0.185623 0.454117 0.286055
v 0.207657 0.462494 0.291446
v 0.189606 0.457245 0.310668
v 0.185577 0.455933 0.327440
v 0.181320 0.450729 0.340121
v 0.172607 0.450851 0.321258
v 0.200089 0.463120 0.330980
v 0.177094 0.439331 0.352319
v 0.176620 0.429565 0.360126
v 0.162384 0.433533 0.342157
v 0.195740 0.451431 0.358254
v 0.177765 0.450272 0.283372
v 0.173111 0.447235 0.279066
v 0.125198 0.432587 0.298722
v 0.118942 0.438797 0.277060
v 0.133377 0.441376 0.299214
v 0.136505 0.430298 0.317407
v 0.116867 0.444473 0.253333
v 0.119476 0.449768 0.231251
v 0.127594 0.450668 0.259207
v 0.108215 0.433762 0.246518
v 0.127594 0.455276 0.214178
v 0.130356 0.456543 0.205328
v 0.140518 0.460983 0.220118
v 0.124207 0.463715 0.197049
v 0.115280 0.472046 0.191022
v 0.128830 0.459305 0.199785
v 0.174988 0.472137 0.200228
v 0.189636 0.470718 0.204839
v 0.170700 0.467972 0.206827
v 0.161652 0.474869 0.195025
v 0.178802 0.476654 0.192821
v 0.140701 0.444733 0.298257
v 0.152786 0.445526 0.297136
v 0.149734 0.444580 0.306794
v 0.154541 0.461594 0.228376
v 0.164719 0.464783 0.215251
v 0.167999 0.459396 0.235635
v 0.145325 0.457474 0.245391
v 0.310822 0.534271 0.231647
v 0.304367 0.524216 0.244761
v 0.506271 0.655731 -0.001166
v 0.498856 0.655945 0.000272
v 0.505203 0.662003 -0.017124
v 0.512421 0.651901 0.000909
v 0.504211 0.665817 -0.030437
v 0.513474 0.661835 -0.031953
v 0.378021 0.337006 0.143360
v 0.369995 0.333389 0.151865
v 0.369141 0.327301 0.131562
v 0.157364 0.319290 0.229199
v 0.162964 0.310211 0.228079
v 0.151520 0.322098 0.226449
v 0.158203 0.323410 0.235353
v 0.370712 0.445786 0.340331
v 0.372925 0.456802 0.349875
v 0.380600 0.451065 0.330170
v 0.367004 0.435944 0.333029
v 0.191971 0.494049 -0.007288
v 0.195984 0.493591 -0.004974
v 0.184860 0.491928 -0.000268
v 0.198273 0.496597 -0.016609
v 0.177872 0.490128 0.005904
v 0.181885 0.489548 0.012226
v 0.169998 0.489532 0.011352
v 0.176956 0.492004 0.002683
v 0.137650 0.502167 0.049909
v 0.131210 0.506622 0.068830
v 0.135193 0.503265 0.047047
v 0.145264 0.496246 0.031408
v 0.141373 0.500290 0.050318
v 0.091400 0.531433 0.130504
v 0.097931 0.526367 0.143586
v 0.087189 0.527405 0.130719
v 0.088013 0.534576 0.116849
v 0.094406 0.530289 0.128199
v 0.154190 0.503677 0.002279
v 0.155319 0.502014 0.004764
v 0.144928 0.505859 0.008263
v 0.163925 0.502319 -0.004159
v 0.100403 0.533539 0.073092
v 0.097183 0.529327 0.070733
v 0.109528 0.529739 0.057358
v 0.102753 0.531723 0.073688
v 0.092957 0.535065 0.087929
v 0.142227 0.496643 0.176785
v 0.120483 0.510010 0.167304
v 0.143372 0.495789 0.173959
v 0.164551 0.484436 0.184232
v 0.180511 0.478119 0.189484
v 0.194153 0.476059 0.192479
v 0.209671 0.476562 0.193308
v 0.210022 0.475342 0.190636
v 0.224945 0.478607 0.193187
v 0.208954 0.475479 0.197645
v 0.305389 0.529449 0.131185
v 0.309464 0.541122 0.113842
v 0.297440 0.517365 0.146993
v 0.309921 0.551514 0.092447
v 0.308319 0.557388 0.065995
v 0.260361 0.489105 0.187324
v 0.257690 0.486801 0.184374
v 0.272018 0.495819 0.178194
v 0.249313 0.484558 0.192035
v 0.231674 0.482880 0.015752
v 0.234695 0.484299 0.000558
v 0.223953 0.488800 0.012608
v 0.146545 0.485825 0.085151
v 0.143661 0.488892 0.084974
v 0.148056 0.489716 0.069994
v 0.161926 0.461319 0.109432
v 0.123611 0.506775 0.086662
v 0.125061 0.506638 0.084595
v 0.121628 0.508453 0.090095
v 0.133865 0.495758 0.104924
v 0.136139 0.493073 0.103958
v 0.145477 0.487411 0.112395
v 0.161942 0.475967 0.122856
v 0.180969 0.464340 0.131028
v 0.200134 0.455460 0.131611
v 0.200485 0.456268 0.134830
v 0.217728 0.449341 0.125083
v 0.249283 0.444885 0.084982
v 0.247986 0.442993 0.083447
v 0.253830 0.446213 0.074198
v 0.242706 0.444763 0.097118
v 0.274658 0.460434 -0.000895
v 0.277420 0.465118 0.000396
v 0.270401 0.457184 0.024170
v 0.327759 0.646988 -0.039155
v 0.317841 0.634232 -0.038420
v 0.309509 0.621094 -0.035458
v 0.307922 0.618668 -0.039262
v 0.304474 0.605209 -0.027799
v 0.304352 0.583954 -0.012992
v 0.307846 0.567993 0.008523
v 0.313629 0.567719 0.036325
v 0.312515 0.574097 0.037392
v 0.320007 0.571136 0.067484
v 0.312668 0.565506 0.036390
v 0.325073 0.566071 0.098348
v 0.330017 0.559387 0.126452
v 0.362488 0.596878 0.220570
v 0.359634 0.587845 0.213274
v 0.365463 0.604340 0.226090
v 0.305634 0.521133 0.166815
v 0.296005 0.481506 0.223099
v 0.294327 0.486618 0.234284
v 0.290512 0.480972 0.223665
v 0.291199 0.494537 0.246819
v 0.275848 0.477188 0.211058
v 0.275894 0.478088 0.215170
v 0.256882 0.476440 0.212074
v 0.240845 0.474167 0.216529
v 0.239822 0.474945 0.213100
v 0.223267 0.467239 0.229899
v 0.228806 0.469894 0.232637
v 0.217773 0.466003 0.229016
v 0.263626 0.469589 0.283612
v 0.265823 0.473282 0.281920
v 0.246628 0.463028 0.270673
v 0.186508 0.450867 0.247612
v 0.181015 0.447281 0.260007
v 0.183380 0.452148 0.245639
v 0.130844 0.457397 0.201544
v 0.111938 0.444443 0.200208
v 0.407730 0.629852 0.133867
v 0.403229 0.628922 0.135588
v 0.392120 0.625946 0.139651
v 0.211029 0.402313 0.017687
v 0.213898 0.406021 0.006377
v 0.154678 0.379379 0.104283
v 0.142563 0.375961 0.117855
v 0.167542 0.383408 0.090165
v 0.132874 0.372879 0.130052
v 0.104752 0.493576 0.030247
v 0.101883 0.488739 0.032766
v 0.101837 0.480652 0.036007
v 0.099396 0.481369 0.037991
v 0.108780 0.456223 0.048758
v 0.106506 0.454819 0.051287
v 0.108612 0.453400 0.046241
v 0.141983 0.333633 0.153419
v 0.145279 0.332199 0.151305
v 0.140106 0.338501 0.151048
v 0.243057 0.287186 0.171528
v 0.249893 0.287918 0.166192
v 0.240250 0.287842 0.179211
v 0.323868 0.387207 -0.028995
v 0.321548 0.385422 -0.028974
v 0.304199 0.382233 0.004089
v 0.310516 0.381714 -0.003135
v 0.288925 0.377411 0.003814
v 0.277588 0.373718 -0.005150
v 0.289627 0.371368 0.030193
v 0.291901 0.367447 0.029735
v 0.281906 0.360001 0.048107
v 0.229675 0.326340 0.114658
v 0.229202 0.326065 0.119189
v 0.188461 0.323944 0.130786
v 0.186859 0.324600 0.128426
v 0.166428 0.327103 0.140309
v 0.208359 0.321564 0.122626
v 0.240982 0.303711 0.148178
v 0.125687 0.331116 0.213430
v 0.137054 0.321243 0.210535
v 0.147720 0.344193 0.249814
v 0.149902 0.350510 0.271945
v 0.150345 0.340530 0.249558
v 0.154343 0.351913 0.296066
v 0.158646 0.351242 0.315290
v 0.156754 0.347961 0.294210
v 0.236221 0.421982 0.369562
v 0.248795 0.413193 0.361585
v 0.230652 0.418320 0.368711
v 0.254517 0.408783 0.355886
v 0.252914 0.405899 0.354854
v 0.244217 0.408890 0.361571
v 0.228378 0.416031 0.368264
v 0.227448 0.413681 0.368411
v 0.213913 0.424301 0.373673
v 0.278717 0.408142 0.349244
v 0.279358 0.403809 0.349529
v 0.295319 0.410004 0.350649
v 0.311264 0.413086 0.350354
v 0.326370 0.417343 0.348397
v 0.310593 0.408768 0.349800
v 0.340637 0.422745 0.344803
v 0.353928 0.428024 0.338697
v 0.366211 0.431961 0.329214
v 0.238693 0.327881 0.290093
v 0.239304 0.336334 0.302752
v 0.354935 0.318710 0.143675
v 0.357025 0.318741 0.137958
v 0.350662 0.323196 0.148979
v 0.358078 0.322769 0.146916
v 0.339081 0.335785 0.161625
v 0.309143 0.346024 0.194204
v 0.294159 0.340958 0.211206
v 0.409378 0.465881 0.202771
v 0.400085 0.464142 0.217618
v 0.411530 0.467239 0.202878
v 0.418472 0.468521 0.183644
v 0.444473 0.417068 -0.044814
v 0.445633 0.414062 -0.047917
v 0.441147 0.409760 -0.030369
v 0.464478 0.530396 -0.021460
v 0.471436 0.529053 -0.033850
v 0.519409 0.621628 -0.050052
v 0.520187 0.628494 -0.050069
v 0.517792 0.611542 -0.047104
v 0.466309 0.499496 0.052691
v 0.468491 0.501526 0.052922
v 0.467712 0.503525 0.037884
v 0.468262 0.495697 0.052835
v 0.461914 0.497375 0.068341
v 0.454330 0.496140 0.086979
v 0.456711 0.498520 0.087572
v 0.446472 0.495728 0.103300
v 0.446869 0.504578 0.120776
v 0.455704 0.510849 0.123640
v 0.463425 0.515823 0.126994
v 0.469925 0.521622 0.130142
v 0.464767 0.515839 0.123974
v 0.475250 0.530472 0.132586
v 0.478806 0.538513 0.134404
v 0.477509 0.529480 0.125492
v 0.436447 0.493576 0.123590
v 0.434540 0.489883 0.129343
v 0.421417 0.472794 0.165322
v 0.399399 0.477539 0.317377
v 0.387817 0.476227 0.343006
v 0.395309 0.466003 0.317739
v 0.396515 0.462631 0.223107
v 0.395447 0.457352 0.226208
v 0.398941 0.466705 0.227828
v 0.393219 0.443253 0.234232
v 0.388107 0.426025 0.243823
v 0.364899 0.389893 0.268132
v 0.369247 0.400955 0.258703
v 0.364273 0.386795 0.265492
v 0.363586 0.382233 0.275875
v 0.444656 0.452652 0.123692
v 0.445419 0.448807 0.122479
v 0.441605 0.456100 0.126829
v 0.447754 0.453583 0.121237
v 0.450912 0.425552 0.112485
v 0.450165 0.429138 0.114467
v 0.455460 0.429230 0.104977
v 0.433258 0.465485 0.134740
v 0.435394 0.467896 0.132567
v 0.426712 0.476395 0.140450
v 0.375732 0.640442 0.066923
v 0.375259 0.642349 0.062222
v 0.378769 0.636963 0.066269
v 0.507080 0.643494 0.026287
v 0.500580 0.642883 0.031622
v 0.510529 0.643921 0.018723
v 0.496979 0.561859 0.085476
v 0.499695 0.548157 0.086659
v 0.490662 0.578369 0.085524
v 0.478897 0.592682 0.088731
v 0.441757 0.610138 0.091333
v 0.441742 0.610641 0.095648
v 0.422699 0.612823 0.086422
v 0.408401 0.613464 0.076549
v 0.406387 0.616226 0.078753
v 0.486588 0.652344 0.008443
v 0.482376 0.651535 0.012794
v 0.468811 0.657028 -0.004753
v 0.487854 0.653931 0.005202
v 0.235748 0.454163 0.059187
v 0.228317 0.467453 0.054487
v 0.242310 0.441483 0.063193
v 0.178619 0.476212 0.075371
v 0.182236 0.476242 0.074781
v 0.179504 0.467499 0.088158
v 0.204681 0.452255 0.099348
v 0.200607 0.452560 0.100475
v 0.201569 0.466705 0.085724
v 0.222595 0.478043 0.040509
v 0.221695 0.478195 0.043127
v 0.244675 0.436539 0.065358
v 0.247177 0.435913 0.063187
v 0.244812 0.435043 0.069080
v 0.344101 0.676971 -0.104938
v 0.344330 0.680084 -0.113931
v 0.510376 0.669724 -0.183520
v 0.512253 0.664261 -0.198090
v 0.512665 0.662247 -0.213262
v 0.487976 0.545715 -0.145835
v 0.492188 0.538986 -0.162311
v 0.523132 0.584976 -0.186803
v 0.488419 0.495041 -0.184691
v 0.484818 0.483841 -0.181483
v 0.489456 0.506851 -0.189347
v 0.478699 0.468185 -0.180349
v 0.470520 0.452240 -0.178828
v 0.462341 0.443222 -0.177690
v 0.453735 0.438385 -0.175540
v 0.461304 0.442047 -0.153129
v 0.444534 0.435135 -0.171046
v 0.447861 0.436188 -0.195584
v 0.479416 0.517410 -0.149521
v 0.484879 0.516724 -0.166554
v 0.447784 0.438156 -0.216832
v 0.445526 0.439011 -0.236823
v 0.450165 0.399261 -0.220189
v 0.406326 0.359589 -0.188175
v 0.405182 0.362534 -0.166257
v 0.440109 0.372604 -0.202089
v 0.440353 0.403122 -0.173470
v 0.307739 0.381226 -0.223987
v 0.302155 0.381729 -0.200055
v 0.313522 0.380203 -0.243513
v 0.183777 0.461792 -0.161318
v 0.107285 0.477493 -0.164293
v 0.111374 0.474197 -0.150687
v 0.115906 0.472122 -0.138970
v 0.120499 0.471237 -0.128236
v 0.235336 0.418655 -0.194518
v 0.232819 0.416458 -0.180731
v 0.237335 0.410751 -0.169008
v 0.188950 0.457245 -0.156610
v 0.503723 0.596115 -0.265648
v 0.500427 0.613144 -0.281860
v 0.515610 0.629517 -0.255836
v 0.486191 0.518463 -0.238683
v 0.489105 0.529877 -0.244627
v 0.487350 0.512161 -0.247446
v 0.483826 0.514313 -0.235351
v 0.489975 0.541504 -0.256173
v 0.485397 0.548019 -0.248494
v 0.487534 0.511490 -0.260683
v 0.485504 0.506912 -0.265775
v 0.483627 0.502884 -0.271816
v 0.482986 0.512009 -0.292401
v 0.479294 0.527222 -0.316792
v 0.483261 0.557449 -0.230783
v 0.470398 0.466370 -0.253794
v 0.463684 0.452942 -0.256836
v 0.462067 0.458054 -0.292034
v 0.452560 0.452515 -0.315035
v 0.462326 0.466522 -0.303818
v 0.444077 0.441650 -0.320232
v 0.441406 0.463425 -0.342552
v 0.456406 0.444000 -0.257884
v 0.449036 0.439011 -0.257207
v 0.434402 0.433563 -0.319942
v 0.422882 0.427155 -0.316483
v 0.440750 0.436356 -0.256973
v 0.434113 0.435120 -0.256085
v 0.410873 0.423340 -0.315730
v 0.407120 0.423523 -0.324965
v 0.405212 0.426208 -0.332667
v 0.395370 0.423859 -0.330728
v 0.384949 0.418701 -0.356730
v 0.415421 0.366531 -0.257687
v 0.413940 0.372604 -0.275933
v 0.403488 0.357910 -0.259176
v 0.415680 0.390991 -0.297221
v 0.408752 0.374008 -0.293243
v 0.399551 0.366745 -0.297706
v 0.402679 0.408356 -0.314969
v 0.393219 0.379379 -0.347241
v 0.389435 0.371109 -0.347761
v 0.395111 0.374435 -0.329767
v 0.390732 0.352173 -0.261712
v 0.390198 0.355896 -0.279966
v 0.387619 0.358307 -0.300310
v 0.382690 0.363068 -0.347150
v 0.391724 0.368713 -0.329108
v 0.334778 0.345856 -0.364544
v 0.281052 0.396759 -0.306342
v 0.287384 0.409531 -0.265122
v 0.282318 0.408112 -0.257625
v 0.298386 0.413391 -0.250980
v 0.294022 0.411438 -0.268750
v 0.225647 0.408859 -0.342079
v 0.236954 0.406097 -0.322765
v 0.243332 0.405533 -0.326086
v 0.238083 0.407059 -0.335924
v 0.336487 0.359482 -0.266506
v 0.325699 0.364182 -0.311996
v 0.336594 0.353134 -0.335767
v 0.307556 0.403458 -0.248353
v 0.310791 0.403824 -0.253645
v 0.304413 0.411148 -0.246016
v 0.312454 0.392319 -0.252552
v 0.486496 0.517136 -0.182940
v 0.483780 0.523087 -0.181291
v 0.486481 0.515152 -0.205940
v 0.491974 0.536316 -0.181663
v 0.485458 0.529831 -0.180818
v 0.244492 0.503479 -0.190047
v 0.210968 0.538727 -0.171411
v 0.177902 0.550674 -0.140703
v 0.155640 0.541702 -0.139726
v 0.089371 0.523849 -0.123779
v 0.094696 0.517487 -0.113329
v 0.278702 0.407410 -0.247407
v 0.260513 0.532639 -0.179733
v 0.232666 0.408234 -0.345403
v 0.320328 0.377808 -0.259533
v 0.336349 0.363922 -0.304205
v 0.311707 0.404114 -0.256375
v 0.302704 0.414185 -0.245718
v 0.296844 0.411713 -0.270327
v 0.266968 0.410599 -0.334305
v 0.439331 0.430679 -0.183944
v 0.396210 0.372864 -0.322593
v 0.396957 0.376343 -0.322820
v 0.395706 0.371552 -0.322506
v 0.395187 0.370819 -0.322409
v 0.391510 0.422562 -0.330292
v 0.414932 0.425919 -0.289118
v 0.423950 0.430023 -0.273463
v 0.431534 0.433975 -0.255588
v 0.398285 0.383530 -0.323140
v 0.466156 0.471710 -0.299418
v 0.441025 0.502731 -0.329337
v 0.484589 0.511703 -0.223408
v 0.483292 0.511719 -0.229725
v 0.478607 0.551575 -0.239808
v 0.483109 0.526337 -0.180808
v 0.482956 0.512344 -0.233042
v 0.481400 0.525330 -0.225860
v 0.477127 0.532364 -0.220302
v 0.522049 0.622284 -0.141060
v 0.514221 0.569458 -0.135223
v 0.493591 0.540375 -0.086892
v 0.525665 0.597534 -0.067927
v 0.527252 0.599319 -0.084155
v 0.528259 0.599518 -0.102678
v 0.523834 0.623627 -0.067257
v 0.521225 0.629303 -0.055377
v 0.480896 0.527832 -0.114386
v 0.480072 0.459869 -0.122928
v 0.472412 0.445877 -0.125669
v 0.478271 0.448090 -0.099631
v 0.464249 0.438599 -0.126745
v 0.468582 0.436752 -0.103882
v 0.472183 0.440918 -0.091217
v 0.473373 0.444916 -0.085979
v 0.496887 0.489548 -0.061607
v 0.496613 0.479401 -0.062384
v 0.497147 0.495102 -0.081200
v 0.492752 0.468719 -0.060781
v 0.455536 0.432022 -0.067742
v 0.372650 0.350800 -0.139210
v 0.363586 0.349579 -0.135950
v 0.411682 0.359207 -0.136002
v 0.425217 0.366165 -0.137074
v 0.436264 0.374451 -0.135681
v 0.451462 0.411530 -0.091536
v 0.447235 0.414520 -0.101917
v 0.455444 0.404343 -0.093361
v 0.456421 0.395859 -0.094849
v 0.437485 0.362885 -0.070679
v 0.430267 0.356903 -0.047058
v 0.394821 0.344574 -0.066589
v 0.392365 0.343185 -0.045650
v 0.360626 0.350876 -0.061520
v 0.358200 0.348587 -0.041954
v 0.441391 0.416870 -0.123729
v 0.450317 0.407120 -0.056330
v 0.445480 0.399689 -0.036566
v 0.351181 0.349899 -0.133005
v 0.334457 0.352264 -0.129319
v 0.321609 0.356369 -0.125045
v 0.311508 0.362885 -0.120604
v 0.330475 0.355591 -0.103297
v 0.336273 0.357101 -0.091429
v 0.331665 0.362274 -0.087213
v 0.121979 0.472839 -0.117674
v 0.121887 0.475143 -0.108289
v 0.153610 0.440063 -0.099536
v 0.118042 0.446030 -0.076666
v 0.107849 0.453156 -0.071264
v 0.121811 0.438751 -0.058438
v 0.099228 0.460709 -0.065364
v 0.093063 0.468536 -0.059521
v 0.101990 0.453873 -0.047433
v 0.091202 0.475861 -0.056005
v 0.093552 0.471649 -0.039284
v 0.093689 0.484558 -0.057753
v 0.096359 0.469589 -0.010504
v 0.097549 0.458496 -0.013582
v 0.104294 0.448364 -0.018423
v 0.114868 0.438721 -0.028081
v 0.125900 0.430008 -0.033212
v 0.128250 0.422058 -0.008599
v 0.162933 0.411514 -0.030308
v 0.181015 0.408707 -0.035438
v 0.188095 0.419586 -0.071236
v 0.191147 0.415436 -0.053795
v 0.197311 0.423035 -0.071412
v 0.194107 0.410156 -0.036663
v 0.195145 0.405029 -0.022179
v 0.242203 0.401443 -0.139656
v 0.234085 0.407516 -0.139483
v 0.250732 0.393250 -0.119423
v 0.225708 0.412491 -0.135505
v 0.191330 0.446045 -0.104021
v 0.200836 0.434830 -0.087466
v 0.255798 0.384689 -0.097939
v 0.266968 0.379364 -0.104676
v 0.276276 0.377823 -0.109915
v 0.284454 0.378708 -0.112962
v 0.291962 0.380417 -0.112341
v 0.296005 0.382294 -0.112930
v 0.283203 0.387421 -0.132388
v 0.312393 0.378281 -0.056502
v 0.317825 0.384567 -0.056237
v 0.314682 0.378586 -0.039794
v 0.233337 0.391266 -0.053407
v 0.230743 0.396057 -0.065956
v 0.217896 0.412964 -0.040470
v 0.215591 0.418274 -0.055996
v 0.213745 0.423569 -0.072676
v 0.217407 0.412796 -0.076539
v 0.211319 0.430328 -0.070454
v 0.226959 0.402512 -0.080849
v 0.205460 0.428558 -0.071068
v 0.274506 0.396774 -0.150908
v 0.282837 0.395935 -0.147840
v 0.297165 0.381653 -0.173809
v 0.304535 0.371689 -0.117639
v 0.314560 0.369949 -0.097305
v 0.300247 0.379761 -0.114761
v 0.325012 0.370972 -0.084212
v 0.262497 0.376816 -0.024755
v 0.260742 0.376724 -0.020079
v 0.118835 0.468079 -0.101004
v 0.121216 0.473221 -0.103078
v 0.279236 0.584167 -0.146924
v 0.284256 0.617828 -0.146325
v 0.290543 0.564621 -0.092698
v 0.286575 0.531693 -0.097496
v 0.297867 0.594681 -0.060558
v 0.299683 0.604416 -0.054586
v 0.183304 0.516891 -0.093447
v 0.189026 0.519958 -0.091013
v 0.241638 0.495087 -0.058804
v 0.239365 0.491714 -0.036798
v 0.234131 0.499390 -0.057762
v 0.224594 0.502518 -0.058001
v 0.220993 0.499527 -0.040412
v 0.202301 0.508362 -0.061707
v 0.278305 0.462952 -0.061206
v 0.281982 0.509979 -0.102067
v 0.278397 0.497238 -0.104674
v 0.268082 0.469040 -0.108074
v 0.263245 0.478104 -0.133452
v 0.264938 0.471298 -0.105326
v 0.254562 0.490753 -0.162787
v 0.260132 0.489471 -0.164863
v 0.217316 0.496292 -0.024013
v 0.228592 0.492599 -0.019693
v 0.212387 0.493881 -0.010324
v 0.207458 0.498611 -0.028023
v 0.180054 0.501144 -0.038616
v 0.174652 0.498596 -0.041854
v 0.184509 0.503265 -0.036382
v 0.320068 0.654984 -0.102772
v 0.328537 0.658020 -0.084682
v 0.337769 0.658752 -0.087749
v 0.345932 0.657898 -0.089543
v 0.357178 0.659424 -0.069696
v 0.376205 0.655396 -0.101560
v 0.385941 0.663788 -0.106783
v 0.389557 0.656052 -0.081635
v 0.368271 0.647690 -0.098705
v 0.364029 0.653442 -0.120067
v 0.408600 0.673264 -0.095684
v 0.410583 0.656052 -0.157332
v 0.355835 0.653290 -0.133788
v 0.441696 0.680084 -0.097967
v 0.430298 0.679352 -0.088593
v 0.450500 0.680984 -0.080670
v 0.419693 0.676331 -0.080361
v 0.410355 0.668259 -0.071462
v 0.402954 0.652618 -0.061212
v 0.396942 0.641510 -0.057157
v 0.414749 0.653000 -0.047743
v 0.386261 0.646149 -0.050115
v 0.375900 0.655090 -0.050010
v 0.391632 0.639786 -0.053748
v 0.367126 0.659683 -0.049839
v 0.303345 0.612198 -0.047567
v 0.458344 0.680786 -0.063996
v 0.469757 0.679337 -0.072909
v 0.425369 0.655838 -0.037315
v 0.425217 0.645111 -0.029202
v 0.440292 0.661545 -0.026658
v 0.161163 0.511002 -0.086866
v 0.138306 0.520187 -0.112353
v 0.132385 0.516205 -0.113172
v 0.117554 0.515778 -0.107309
v 0.115051 0.509979 -0.094896
v 0.107162 0.514999 -0.102508
v 0.125626 0.515228 -0.111600
v 0.121109 0.505203 -0.072585
v 0.111359 0.501694 -0.067385
v 0.116516 0.506622 -0.084925
v 0.128540 0.506561 -0.077456
v 0.135132 0.502167 -0.049146
v 0.135529 0.499847 -0.039207
v 0.158661 0.499329 -0.047004
v 0.167801 0.497986 -0.044537
v 0.138229 0.496490 -0.026479
v 0.141388 0.494080 -0.017417
v 0.101700 0.494217 -0.061791
v 0.096436 0.482758 -0.084297
v 0.098404 0.512970 -0.103764
v 0.484970 0.677750 -0.086777
v 0.461151 0.672485 -0.136337
v 0.491821 0.503159 -0.104646
v 0.213806 0.513565 -0.092673
v 0.203125 0.499680 -0.029742
v 0.171890 0.497635 -0.043303
v 0.173508 0.500519 -0.053932
v 0.174789 0.502869 -0.067640
v 0.170670 0.527725 -0.119617
v 0.193222 0.521118 -0.089977
v 0.187027 0.504074 -0.035246
v 0.182114 0.501663 -0.022358
v 0.270813 0.456100 -0.059433
v 0.266861 0.464417 -0.080742
v 0.263107 0.472763 -0.103990
v 0.276932 0.491928 -0.105887
v 0.271118 0.504288 -0.130239
v 0.265915 0.518356 -0.154752
v 0.262253 0.489609 -0.165970
v 0.129379 0.514969 -0.113245
v 0.131210 0.507278 -0.080138
v 0.114594 0.507568 -0.089916
v 0.104141 0.486755 -0.094736
v 0.111908 0.481567 -0.098516
v 0.121964 0.475403 -0.104476
v 0.286362 0.395355 -0.147197
v 0.290451 0.388107 -0.132640
v 0.298065 0.382690 -0.113508
v 0.319962 0.386642 -0.056378
v 0.441315 0.427429 -0.081284
v 0.473709 0.446335 -0.082921
v 0.394119 0.637772 -0.055473
v 0.379089 0.643570 -0.076680
v 0.364639 0.645126 -0.097384
v 0.417389 0.581665 0.265057
v 0.427490 0.568726 0.260754
v 0.506577 0.619766 0.045631
v 0.498810 0.633087 0.046693
v 0.516678 0.646423 -0.002406
v 0.519745 0.649918 -0.019794
v 0.518875 0.654007 -0.033175
v 0.521072 0.645828 -0.036875
v 0.521545 0.640076 -0.040454
v 0.520569 0.634308 -0.047102
v 0.522842 0.614670 -0.005253
v 0.486328 0.557556 0.116947
v 0.496735 0.545868 0.095557
v 0.489594 0.543945 0.110662
v 0.471878 0.570984 0.147918
v 0.435669 0.552383 0.254384
v 0.425598 0.505539 0.268206
v 0.453674 0.512833 0.211500
v 0.458557 0.517242 0.196832
v 0.463577 0.523087 0.181980
v 0.469116 0.528931 0.164969
v 0.473007 0.531738 0.151709
v 0.468307 0.515945 0.149806
v 0.483383 0.525101 0.107779
v 0.486893 0.529358 0.104790
v 0.475189 0.519699 0.116935
v 0.490128 0.533737 0.102963
v 0.483185 0.540680 0.126256
v 0.503632 0.543015 0.058201
v 0.505722 0.547028 0.041542
v 0.509079 0.555054 0.022823
v 0.417130 0.468857 0.202909
v 0.438293 0.488678 0.141774
v 0.449753 0.495148 0.143265
v 0.460037 0.503845 0.146601
v 0.433456 0.486328 0.242146
v 0.468079 0.515137 0.118634
v 0.489044 0.514984 0.054818
v 0.481613 0.509399 0.053549
v 0.495392 0.542068 -0.003711
v 0.496124 0.549255 -0.009452
v 0.475128 0.515335 0.020473
v 0.475510 0.508514 0.037138
v 0.468613 0.512177 0.021846
v 0.474380 0.504974 0.053392
v 0.470337 0.503326 0.069907
v 0.463242 0.502792 0.089333
v 0.487335 0.478836 0.010845
v 0.483856 0.488876 0.014446
v 0.476105 0.499405 0.016452
v 0.468491 0.507111 0.020402
v 0.475861 0.492859 0.035845
v 0.468491 0.511353 -0.011800
v 0.462128 0.521042 -0.004168
v 0.474670 0.486832 0.053745
v 0.428314 0.399307 0.031565
v 0.419662 0.400833 0.030407
v 0.437424 0.398972 0.007375
v 0.445526 0.406494 0.070588
v 0.451874 0.412735 0.076591
v 0.439835 0.403946 0.083446
v 0.457504 0.420792 0.082049
v 0.467041 0.437973 0.084251
v 0.470169 0.460602 0.093581
v 0.462067 0.457306 0.108926
v 0.455841 0.455261 0.116111
v 0.450027 0.463043 0.121573
v 0.444992 0.433090 0.126773
v 0.446533 0.437073 0.121383
v 0.444901 0.421768 0.119783
v 0.442688 0.412445 0.111989
v 0.438248 0.408463 0.125106
v 0.439087 0.405319 0.105288
v 0.433868 0.397202 0.096339
v 0.427567 0.389420 0.111649
v 0.405670 0.374374 0.113899
v 0.399887 0.372375 0.114536
v 0.411545 0.374619 0.120887
v 0.418808 0.380707 0.127829
v 0.427048 0.391769 0.135127
v 0.433441 0.404465 0.144565
v 0.429245 0.400055 0.160601
v 0.441544 0.436035 0.159761
v 0.437424 0.430862 0.175531
v 0.431396 0.423981 0.194427
v 0.429626 0.410080 0.187694
v 0.446564 0.403595 -0.013116
v 0.437943 0.403824 -0.013395
v 0.424500 0.394241 0.177398
v 0.358368 0.346817 -0.029476
v 0.420975 0.351593 -0.023308
v 0.432388 0.360641 -0.020984
v 0.404083 0.343826 -0.025191
v 0.438965 0.370255 -0.020185
v 0.440994 0.380524 -0.018590
v 0.430008 0.362793 0.004608
v 0.438553 0.390091 -0.015721
v 0.435303 0.399597 -0.014535
v 0.430450 0.385208 0.005396
v 0.421844 0.385559 0.030123
v 0.417709 0.396973 0.029847
v 0.425812 0.370926 0.028010
v 0.423126 0.360809 0.027422
v 0.415833 0.360489 0.049161
v 0.333176 0.322403 0.035628
v 0.388336 0.335526 0.059239
v 0.400696 0.348633 0.065973
v 0.397858 0.369751 0.111491
v 0.396606 0.363113 0.112512
v 0.387436 0.341888 -0.026970
v 0.389847 0.513947 0.339077
v 0.374680 0.469406 0.358313
v 0.359985 0.460129 0.366234
v 0.373535 0.402191 0.291991
v 0.364258 0.379791 0.259176
v 0.371246 0.389282 0.251206
v 0.334320 0.341919 0.210429
v 0.324081 0.336365 0.225552
v 0.383926 0.414658 0.259903
v 0.380005 0.413483 0.254160
v 0.390625 0.435150 0.298675
v 0.391891 0.440628 0.300681
v 0.394165 0.446960 0.301549
v 0.392380 0.450790 0.307767
v 0.313828 0.333405 0.244902
v 0.330032 0.339005 0.250540
v 0.343216 0.351608 0.259447
v 0.342392 0.354660 0.271977
v 0.338928 0.353973 0.282580
v 0.273087 0.338654 0.279727
v 0.272400 0.341644 0.297079
v 0.261826 0.341980 0.277564
v 0.269958 0.343475 0.306831
v 0.275085 0.344513 0.313086
v 0.258865 0.345764 0.301978
v 0.280197 0.349670 0.323719
v 0.282898 0.359039 0.338441
v 0.293213 0.350067 0.320441
v 0.283859 0.368332 0.347982
v 0.283188 0.379242 0.352310
v 0.270844 0.369232 0.350988
v 0.308212 0.398544 0.349764
v 0.294968 0.394455 0.351122
v 0.280960 0.393616 0.351479
v 0.257263 0.452301 0.377495
v 0.273636 0.456558 0.380056
v 0.241119 0.448654 0.375183
v 0.295151 0.298508 0.110703
v 0.281662 0.293640 0.132609
v 0.247177 0.291733 0.205477
v 0.238098 0.291214 0.200767
v 0.230850 0.290298 0.199206
v 0.222046 0.294235 0.219738
v 0.224731 0.288971 0.188663
v 0.214935 0.301743 0.245120
v 0.184189 0.321625 0.294588
v 0.185165 0.333939 0.317309
v 0.240021 0.339935 0.309891
v 0.233643 0.339355 0.317622
v 0.278473 0.323441 0.228924
v 0.277176 0.334961 0.230489
v 0.364899 0.333206 0.157459
v 0.369324 0.341187 0.169537
v 0.363007 0.320099 0.123520
v 0.320374 0.308243 0.170967
v 0.344894 0.308517 0.082016
v 0.371811 0.345810 0.184786
v 0.374985 0.349747 0.197279
v 0.379044 0.356750 0.210465
v 0.383850 0.399704 0.244263
v 0.387329 0.388947 0.239057
v 0.379761 0.408813 0.248816
v 0.389999 0.380447 0.232820
v 0.342316 0.451874 0.371699
v 0.322266 0.442383 0.373819
v 0.340622 0.398605 0.333911
v 0.343674 0.386032 0.322416
v 0.344330 0.373535 0.307168
v 0.326187 0.360443 0.315109
v 0.308670 0.353119 0.318597
v 0.291534 0.462219 0.381681
v 0.297958 0.446732 0.379742
v 0.286865 0.477051 0.378140
v 0.302856 0.435089 0.373860
v 0.144257 0.406876 0.339418
v 0.144577 0.417740 0.336448
v 0.159882 0.411194 0.352757
v 0.162918 0.366745 0.342412
v 0.147614 0.360550 0.324667
v 0.176361 0.351944 0.336169
v 0.182388 0.349640 0.337253
v 0.189926 0.346390 0.335823
v 0.227509 0.343643 0.330483
v 0.191162 0.403030 0.367047
v 0.211670 0.410202 0.371742
v 0.179199 0.421204 0.363864
v 0.201340 0.433762 0.371633
v 0.224136 0.443710 0.374310
v 0.217697 0.454269 0.370324
v 0.226303 0.409561 0.369200
v 0.239700 0.403000 0.361895
v 0.324707 0.354370 -0.000313
v 0.253677 0.292099 0.145586
v 0.258514 0.290466 0.148548
v 0.267426 0.290482 0.149965
v 0.293549 0.320572 0.063525
v 0.131607 0.354935 0.301888
v 0.161682 0.337067 0.288851
v 0.157547 0.336304 0.270175
v 0.194580 0.401337 -0.010828
v 0.190964 0.397873 -0.001298
v 0.186935 0.394806 0.007716
v 0.182617 0.392059 0.018931
v 0.156998 0.383575 0.066313
v 0.165970 0.386017 0.052599
v 0.147308 0.381805 0.078744
v 0.138245 0.381226 0.090002
v 0.130157 0.385925 0.085160
v 0.127609 0.381851 0.104627
v 0.122238 0.393570 0.079184
v 0.113052 0.396057 0.091883
v 0.115799 0.403046 0.071808
v 0.111725 0.412430 0.065008
v 0.100616 0.450104 0.056772
v 0.095505 0.468506 0.047191
v 0.093323 0.483139 0.041534
v 0.086823 0.485397 0.047649
v 0.066956 0.487793 0.093921
v 0.073135 0.486679 0.075938
v 0.069122 0.502075 0.095357
v 0.062531 0.488602 0.113044
v 0.071411 0.450775 0.117439
v 0.063309 0.471039 0.125734
v 0.094025 0.403091 0.167827
v 0.101868 0.389969 0.147011
v 0.099182 0.386780 0.181067
v 0.102631 0.375290 0.180755
v 0.108124 0.359421 0.186571
v 0.115189 0.356613 0.170901
v 0.096802 0.392883 0.231931
v 0.097443 0.405457 0.234054
v 0.100922 0.418793 0.237368
v 0.086243 0.454926 0.181383
v 0.079880 0.465530 0.170661
v 0.095718 0.470169 0.182812
v 0.072220 0.475708 0.157770
v 0.065155 0.482513 0.143619
v 0.061996 0.486832 0.129645
v 0.066696 0.500824 0.129992
v 0.127914 0.415649 0.010869
v 0.107101 0.445526 0.040740
v 0.079987 0.487015 0.059531
v 0.082275 0.501495 0.059737
v 0.166183 0.341721 0.106501
v 0.219986 0.357574 0.042719
v 0.207733 0.372513 0.041311
v 0.235016 0.345108 0.046631
v 0.233398 0.378662 -0.007463
v 0.233521 0.383224 -0.019197
v 0.234207 0.384537 -0.024832
v 0.244003 0.377686 -0.020875
v 0.201538 0.385056 0.043559
v 0.134552 0.351425 0.146108
v 0.175308 0.389008 0.035686
v 0.101883 0.400696 0.109572
v 0.107574 0.391144 0.118033
v 0.113907 0.383759 0.125829
v 0.123550 0.353470 0.159725
v 0.132217 0.336182 0.166872
v 0.296524 0.356201 0.028216
v 0.260391 0.322876 0.104186
v 0.257111 0.334656 0.102351
v 0.247406 0.341629 0.052126
v 0.256851 0.343353 0.057791
v 0.257248 0.372635 -0.012702
v 0.258987 0.375046 -0.015401
v 0.315796 0.380051 -0.028311
v 0.265274 0.346939 0.062656
v 0.271606 0.350449 0.064896
v 0.185181 0.291260 0.206692
v 0.170593 0.292740 0.193583
v 0.175293 0.296234 0.217890
v 0.197891 0.288620 0.191928
v 0.212952 0.289597 0.173094
v 0.158783 0.301529 0.180857
v 0.149582 0.305466 0.199195
v 0.149994 0.311630 0.174009
v 0.142441 0.321381 0.170049
v 0.183624 0.324921 0.123387
v 0.168793 0.301636 0.223859
v 0.156876 0.304337 0.216879
v 0.147964 0.323181 0.224421
v 0.147415 0.318100 0.220216
v 0.157150 0.330490 0.250018
v 0.254242 0.442596 0.060573
v 0.250061 0.440216 0.070212
v 0.251923 0.438873 0.058299
v 0.256744 0.446487 0.062322
v 0.246292 0.439392 0.080327
v 0.239441 0.439499 0.092527
v 0.244354 0.435913 0.077855
v 0.226822 0.440369 0.107121
v 0.225342 0.436676 0.102447
v 0.230240 0.444214 0.110299
v 0.284378 0.476196 0.003271
v 0.282104 0.471298 0.028069
v 0.292511 0.493134 0.009562
v 0.279022 0.466553 0.044022
v 0.270065 0.457962 0.041605
v 0.288681 0.481186 0.052694
v 0.237503 0.487106 -0.015924
v 0.246017 0.478699 -0.014669
v 0.258179 0.462845 -0.011528
v 0.200760 0.457367 0.141777
v 0.221359 0.451004 0.134484
v 0.201736 0.459305 0.150683
v 0.244186 0.463669 0.153032
v 0.246628 0.473236 0.168688
v 0.225266 0.461136 0.160265
v 0.240814 0.453873 0.135555
v 0.237961 0.449005 0.121533
v 0.234024 0.447144 0.114918
v 0.297852 0.506729 0.069723
v 0.299225 0.512146 0.047241
v 0.298767 0.515320 0.020973
v 0.250854 0.480331 0.178314
v 0.210663 0.472046 0.185663
v 0.188995 0.476776 0.074097
v 0.194885 0.477676 0.072755
v 0.190750 0.466751 0.087440
v 0.137695 0.495926 0.085073
v 0.132111 0.502960 0.083426
v 0.141449 0.497833 0.070285
v 0.128281 0.506378 0.081558
v 0.144394 0.496964 0.052358
v 0.146805 0.494934 0.032871
v 0.147034 0.493500 0.049812
v 0.192245 0.488754 0.028817
v 0.217041 0.491745 0.012126
v 0.214935 0.491699 0.021057
v 0.212830 0.492432 0.006412
v 0.205368 0.493011 0.000255
v 0.140289 0.504318 0.018462
v 0.147873 0.500076 0.014807
v 0.137497 0.504395 0.026543
v 0.137695 0.507980 0.016357
v 0.157379 0.497253 0.009834
v 0.167053 0.496262 0.003349
v 0.159180 0.492737 0.014548
v 0.176041 0.496643 -0.004424
v 0.174911 0.500183 -0.009755
v 0.128174 0.502060 0.011757
v 0.119202 0.506607 0.024564
v 0.123993 0.497849 0.009953
v 0.133896 0.507477 0.013723
v 0.089386 0.516891 0.064825
v 0.081833 0.517654 0.081259
v 0.098785 0.515640 0.050231
v 0.076355 0.517303 0.098171
v 0.074997 0.517639 0.115212
v 0.085022 0.530930 0.101422
v 0.077011 0.515732 0.130500
v 0.109161 0.484680 0.181391
v 0.145126 0.492874 0.167511
v 0.100906 0.526398 0.122112
v 0.101639 0.526962 0.109661
v 0.104691 0.525177 0.094720
v 0.093262 0.533081 0.100679
v 0.106812 0.524475 0.082797
v 0.107773 0.526123 0.074461
v 0.120834 0.513947 0.065625
v 0.248474 0.455460 0.037631
v 0.192307 0.452835 0.102332
v 0.183823 0.454575 0.102697
v 0.117004 0.512222 0.100802
v 0.421967 0.640945 -0.011896
v 0.435501 0.650131 -0.006420
v 0.412308 0.633331 -0.015355
v 0.424454 0.640930 -0.020948
v 0.448868 0.654739 -0.001727
v 0.461441 0.654800 0.006993
v 0.444809 0.653580 0.010145
v 0.452087 0.655457 -0.009105
v 0.489197 0.657547 -0.001579
v 0.471054 0.663284 -0.013065
v 0.454651 0.664291 -0.020160
v 0.454041 0.658676 -0.015476
v 0.472488 0.650269 0.022910
v 0.477478 0.645691 0.035496
v 0.455276 0.651062 0.027150
v 0.483582 0.640656 0.045976
v 0.440720 0.651398 0.025619
v 0.395538 0.640320 0.016597
v 0.388016 0.648102 0.019559
v 0.400162 0.633514 0.014114
v 0.392303 0.637466 0.032981
v 0.376770 0.653946 0.020944
v 0.375687 0.651077 0.037374
v 0.408569 0.632080 0.047780
v 0.400803 0.624207 0.046404
v 0.388947 0.632095 0.049226
v 0.381897 0.641830 0.050153
v 0.394653 0.624619 0.046313
v 0.386459 0.628494 0.060006
v 0.375198 0.647400 0.049664
v 0.334320 0.647827 0.057317
v 0.316330 0.641022 0.056580
v 0.335083 0.640930 0.080755
v 0.307266 0.628586 0.051813
v 0.305634 0.611588 0.047088
v 0.308487 0.590012 0.039649
v 0.310287 0.561951 0.036806
v 0.307602 0.558044 0.034794
v 0.336884 0.631119 0.109623
v 0.377716 0.636414 0.103058
v 0.399506 0.632538 0.099382
v 0.416336 0.626602 0.119010
v 0.400391 0.630402 0.090159
v 0.401947 0.624756 0.083244
v 0.421661 0.619049 0.097157
v 0.390106 0.626144 0.070388
v 0.442001 0.613297 0.105606
v 0.438660 0.617264 0.119422
v 0.434250 0.619308 0.135043
v 0.363770 0.625275 0.139167
v 0.382156 0.621780 0.175894
v 0.377655 0.619232 0.190487
v 0.374237 0.619995 0.165008
v 0.373077 0.615280 0.203426
v 0.368683 0.609467 0.221533
v 0.330612 0.596405 0.160859
v 0.327881 0.584381 0.153801
v 0.330215 0.571991 0.149003
v 0.334763 0.562119 0.149100
v 0.321732 0.543549 0.165355
v 0.332764 0.555069 0.178681
v 0.340927 0.564255 0.193613
v 0.347809 0.565460 0.186822
v 0.372711 0.600311 0.245080
v 0.365982 0.588211 0.256005
v 0.357864 0.569763 0.272323
v 0.348953 0.551544 0.289915
v 0.338745 0.537323 0.307281
v 0.329391 0.526871 0.321237
v 0.298981 0.515884 0.258708
v 0.300369 0.500793 0.180590
v 0.275818 0.481003 0.224507
v 0.269974 0.492279 0.255091
v 0.256866 0.484222 0.248452
v 0.242142 0.476471 0.240036
v 0.237732 0.477188 0.206015
v 0.237869 0.480286 0.197282
v 0.224197 0.474716 0.207312
v 0.207169 0.471863 0.207666
v 0.204224 0.463470 0.227314
v 0.205643 0.460495 0.236358
v 0.191956 0.460648 0.227217
v 0.206665 0.459610 0.245856
v 0.270309 0.483444 0.278455
v 0.321579 0.518219 0.331053
v 0.310501 0.506592 0.342055
v 0.320786 0.497238 0.367327
v 0.286209 0.487793 0.367545
v 0.216110 0.465500 0.360043
v 0.216827 0.472748 0.346912
v 0.259384 0.491470 0.333352
v 0.240143 0.485260 0.332332
v 0.219330 0.474426 0.332421
v 0.221771 0.472458 0.315248
v 0.222321 0.469223 0.296142
v 0.160309 0.446747 0.315082
v 0.154877 0.441513 0.323981
v 0.149399 0.430359 0.331917
v 0.149185 0.476364 0.192630
v 0.176422 0.455963 0.241394
v 0.183319 0.458649 0.231045
v 0.141403 0.452515 0.265184
v 0.390152 0.455734 0.317682
v 0.147842 0.494156 0.025273
v 0.148254 0.493362 0.030169
v 0.160416 0.490921 0.016382
v 0.132172 0.506393 0.042976
v 0.122025 0.496094 0.008461
v 0.132217 0.494812 -0.005349
v 0.143005 0.493439 -0.013521
v 0.173920 0.501358 -0.012224
v 0.136353 0.509216 0.014969
v 0.127762 0.514511 0.024861
v 0.118744 0.522354 0.040113
v 0.115784 0.520050 0.039417
v 0.088638 0.535583 0.102639
v 0.106659 0.519577 0.156042
v 0.306274 0.555573 0.033598
v 0.237839 0.481171 0.193387
v 0.285370 0.505707 0.163689
v 0.203369 0.463425 0.162774
v 0.148499 0.492050 0.048336
v 0.138290 0.489761 0.101692
v 0.193787 0.438721 0.117797
v 0.224808 0.435486 0.100449
v 0.237091 0.435196 0.087865
v 0.243057 0.434814 0.076965
v 0.250839 0.437607 0.057474
v 0.232071 0.446014 0.112028
v 0.258286 0.448563 0.063342
v 0.262527 0.451401 0.052172
v 0.266464 0.454224 0.040487
v 0.367004 0.607162 0.228017
v 0.336044 0.558029 0.149148
v 0.342880 0.560791 0.167963
v 0.350174 0.566406 0.184088
v 0.358444 0.580490 0.206267
v 0.304611 0.501587 0.346200
v 0.304626 0.499924 0.342214
v 0.233231 0.462128 0.254647
v 0.295486 0.484634 0.311465
v 0.304153 0.490082 0.325476
v 0.305786 0.495956 0.335930
v 0.157623 0.446121 0.296201
v 0.161362 0.446304 0.291138
v 0.092239 0.408295 0.194545
v 0.170822 0.446228 0.276968
v 0.186768 0.459625 0.227397
v 0.168701 0.466217 0.209942
v 0.100372 0.428131 0.197881
v 0.370697 0.619400 0.160773
v 0.216873 0.411331 -0.006871
v 0.179153 0.388260 0.076679
v 0.108749 0.513107 0.038528
v 0.215973 0.320999 0.119884
v 0.220139 0.322083 0.120391
v 0.317612 0.384171 -0.010866
v 0.259796 0.376312 -0.017488
v 0.274414 0.351334 0.065825
v 0.265961 0.344559 0.083513
v 0.255371 0.338852 0.101441
v 0.229935 0.324554 0.122180
v 0.237335 0.325989 0.123676
v 0.152740 0.329926 0.147057
v 0.241028 0.326660 0.123798
v 0.333603 0.374573 -0.015619
v 0.341675 0.362335 -0.012695
v 0.350906 0.352402 -0.011241
v 0.146698 0.311172 0.211205
v 0.160400 0.351349 0.322742
v 0.253036 0.372772 0.354297
v 0.208099 0.427536 0.375365
v 0.249283 0.402725 0.355489
v 0.254913 0.346054 0.299581
v 0.255798 0.345062 0.293471
v 0.277206 0.339249 0.231441
v 0.257248 0.342636 0.276765
v 0.406967 0.359253 0.069249
v 0.398438 0.356232 0.089152
v 0.392624 0.352570 0.111030
v 0.520294 0.631836 -0.050207
v 0.480270 0.542526 0.135485
v 0.434647 0.403336 -0.013837
v 0.426102 0.399765 0.005831
v 0.416672 0.401016 0.029546
v 0.402161 0.392761 0.075607
v 0.477188 0.529648 -0.050673
v 0.473022 0.538483 -0.011236
v 0.486542 0.544540 -0.012217
v 0.496185 0.551620 -0.012533
v 0.502960 0.560394 -0.014265
v 0.507950 0.571487 -0.019355
v 0.511795 0.584366 -0.027499
v 0.515182 0.598465 -0.038229
v 0.460175 0.524994 -0.001367
v 0.463211 0.518204 0.007963
v 0.466202 0.510376 0.022031
v 0.441116 0.496094 0.112155
v 0.429123 0.484268 0.136954
v 0.432159 0.481445 0.134208
v 0.363037 0.379791 0.278940
v 0.405441 0.474930 0.241533
v 0.378540 0.412460 0.251279
v 0.440247 0.472977 0.128631
v 0.447769 0.438873 0.118636
v 0.500702 0.542313 0.087129
v 0.385910 0.626953 0.064857
v 0.397400 0.621826 0.045708
v 0.399521 0.628281 0.029359
v 0.402618 0.631119 0.013379
v 0.405792 0.631561 -0.002134
v 0.408157 0.630844 -0.017273
v 0.425186 0.641205 -0.025277
v 0.439377 0.650742 -0.018565
v 0.453552 0.656265 -0.012738
v 0.221497 0.477936 0.047850
v 0.179642 0.455658 0.102874
v 0.198181 0.477890 0.071691
v 0.213654 0.490997 0.025947
f 1666 1 1664 1663
f 1670 4 1668 1667
f 1674 7 1672 1671
f 1678 10 1676 1675
f 1682 13 1680 1679
f 1686 16 1684 1683
f 1694 21 1692 1691
f 1698 23 1696 1695
f 1702 26 1700 1699
f 1706 29 1704 1703
f 1710 32 1708 1707
f 1714 35 1712 1711
f 1718 38 1716 1715
f 1722 38 1720 1719
f 1726 42 1724 1723
f 1730 45 1728 1727
f 1734 48 1732 1731
f 1738 42 1736 1735
f 1742 53 1740 1739
f 1746 56 1744 1743
f 1750 59 1748 1747
f 1754 62 1752 1751
f 1758 65 1756 1755
f 1763 69 1761 1760
f 1767 72 1765 1764
f 1772 76 1770 1769
f 1776 76 1774 1773
f 1780 81 1778 1777
f 1786 86 1784 1783
f 1789 87 1784 1787
f 1793 90 1791 1790
f 1797 93 1795 1794
f 1801 96 1799 1798
f 1805 88 1803 1802
f 1809 102 1807 1806
f 1813 104 1811 1810
f 1817 106 1815 1814
f 1820 108 1816 1818
f 1824 110 1822 1821
f 1828 113 1826 1825
f 1832 115 1830 1829
f 1836 118 1834 1833
f 1840 120 1838 1837
f 1844 97 1842 1841
f 1848 124 1846 1845
f 1851 127 1850 1849
f 1855 63 1853 1852
f 1857 64 1753 1856
f 1861 129 1859 1858
f 1864 132 1863 1862
f 1867 133 1866 1865
f 1871 135 1869 1868
f 1875 28 1873 1872
f 1878 142 1877 1876
f 1882 143 1880 1879
f 1886 146 1884 1883
f 1890 151 1888 1887
f 1894 154 1892 1891
f 1898 157 1896 1895
f 1902 160 1900 1899
f 1906 163 1904 1903
f 1910 165 1908 1907
f 1914 167 1912 1911
f 1918 169 1916 1915
f 1922 172 1920 1919
f 1926 174 1924 1923
f 1933 178 1931 1930
f 1936 182 1935 1934
f 1940 183 1938 1937
f 1944 187 1942 1941
f 1948 187 1946 1945
f 1952 189 1950 1949
f 1956 192 1954 1953
f 1961 194 1959 1958
f 1965 55 1963 1962
f 1969 197 1967 1966
f 1973 200 1971 1970
f 1977 202 1975 1974
f 1981 204 1979 1978
f 1985 207 1983 1982
f 1989 98 1987 1986
f 1993 101 1991 1990
f 1997 213 1995 1994
f 2001 216 1999 1998
f 2004 218 2003 2002
f 2008 222 2007 2006
f 2011 223 2010 2009
f 2015 224 2013 2012
f 2018 121 1838 2016
f 2021 208 1983 2019
f 2024 174 1926 2022
f 1851 126 2026 2025
f 2029 204 2028 2027
f 2032 204 2029 2030
f 2035 204 2032 2033
f 2038 20 2037 2036
f 2042 227 2040 2039
f 2045 229 2044 2043
f 2049 230 2047 2046
f 2052 162 1901 2050
f 2056 234 2054 2053
f 2062 239 2060 2059
f 2065 240 2060 2063
f 2069 242 2067 2066
f 2073 245 2071 2070
f 2077 248 2075 2074
f 2082 253 2080 2079
f 2086 256 2084 2083
f 2091 253 2089 2088
f 2095 262 2093 2092
f 2103 268 2101 2100
f 2107 271 2106 2105
f 2111 272 2109 2108
f 2115 274 2113 2112
f 2119 276 2117 2116
f 2124 280 2122 2121
f 2133 286 2131 2130
f 2137 289 2135 2134
f 2141 292 2139 2138
f 2145 295 2143 2142
f 2149 298 2147 2146
f 2153 301 2151 2150
f 2158 305 2156 2155
f 2162 309 2160 2159
f 2165 312 2164 2163
f 2169 314 2167 2166
f 2173 317 2171 2170
f 2176 316 2168 2174
f 2180 321 2178 2177
f 2184 324 2182 2181
f 2187 327 2186 2185
f 2191 328 2189 2188
f 2195 330 2193 2192
f 2199 333 2197 2196
f 2203 333 2201 2200
f 2207 337 2205 2204
f 2210 339 2206 2208
f 2214 340 2212 2211
f 2218 343 2216 2215
f 2221 346 2220 2219
f 2225 347 2223 2222
f 2229 345 2227 2226
f 2233 343 2231 2230
f 2237 354 2235 2234
f 2242 358 2240 2239
f 2246 361 2244 2243
f 2250 364 2248 2247
f 2223 347 2252 2251
f 2257 353 2255 2254
f 2261 368 2259 2258
f 2265 370 2263 2262
f 2269 372 2267 2266
f 2273 375 2271 2270
f 2277 290 2275 2274
f 2281 302 2279 2278
f 2284 379 2283 2282
f 2288 380 2286 2285
f 2293 313 2291 2290
f 2297 354 2295 2294
f 2300 355 2299 2298
f 2131 286 2302 2301
f 2307 388 2305 2304
f 2311 391 2309 2308
f 2315 394 2313 2312
f 2315 396 2317 2316
f 2322 398 2320 2319
f 2141 294 2324 2323
f 2329 401 2327 2326
f 2333 404 2331 2330
f 2337 407 2335 2334
f 2341 409 2339 2338
f 2344 410 2339 2342
f 2348 413 2346 2345
f 2352 416 2350 2349
f 2356 418 2354 2353
f 2360 421 2358 2357
f 2364 424 2362 2361
f 2368 427 2366 2365
f 2372 429 2370 2369
f 2376 429 2374 2373
f 2380 433 2378 2377
f 2384 436 2382 2381
f 2388 439 2386 2385
f 2392 441 2390 2389
f 2396 444 2394 2393
f 2404 449 2402 2401
f 2408 452 2406 2405
f 2412 455 2410 2409
f 2415 456 2410 2413
f 2419 459 2417 2416
f 2423 461 2421 2420
f 2427 464 2425 2424
f 2431 467 2429 2428
f 2434 441 2392 2432
f 2438 471 2436 2435
f 2442 474 2440 2439
f 2446 478 2444 2443
f 2450 484 2448 2447
f 2454 401 2452 2451
f 2458 488 2456 2455
f 2462 491 2460 2459
f 2466 494 2464 2463
f 2470 497 2468 2467
f 2474 499 2472 2471
f 2478 501 2476 2475
f 2482 504 2480 2479
f 2486 507 2484 2483
f 2490 501 2488 2487
f 2493 511 2489 2491
f 2497 513 2495 2494
f 2501 516 2499 2498
f 2505 519 2503 2502
f 2509 516 2507 2506
f 2513 523 2511 2510
f 2517 526 2515 2514
f 2521 529 2519 2518
f 2524 532 2523 2522
f 2528 533 2526 2525
f 2532 535 2530 2529
f 2536 538 2534 2533
f 2540 541 2538 2537
f 2544 544 2542 2541
f 2548 547 2546 2545
f 2552 547 2550 2549
f 2556 552 2554 2553
f 2560 555 2558 2557
f 2564 557 2562 2561
f 2568 558 2566 2565
f 2572 562 2570 2569
f 2576 565 2574 2573
f 2580 568 2578 2577
f 2584 571 2582 2581
f 2588 548 2586 2585
f 2592 575 2590 2589
f 2596 575 2594 2593
f 2600 580 2598 2597
f 2604 583 2602 2601
f 2608 586 2606 2605
f 2612 577 2610 2609
f 2615 589 2611 2613
f 2619 591 2617 2616
f 2623 593 2621 2620
f 2627 596 2625 2624
f 2631 599 2629 2628
f 2635 602 2633 2632
f 2639 604 2637 2636
f 2643 601 2641 2640
f 2647 609 2645 2644
f 2651 612 2649 2648
f 2655 615 2653 2652
f 2659 618 2657 2656
f 2662 621 2661 2660
f 2666 622 2664 2663
f 2669 625 2668 2667
f 2673 617 2671 2670
f 2677 626 2675 2674
f 2681 629 2679 2678
f 2684 613 2649 2682
f 2688 629 2686 2685
f 2675 626 2690 2689
f 2695 636 2693 2692
f 2699 639 2697 2696
f 2703 642 2701 2700
f 2707 645 2705 2704
f 2711 648 2709 2708
f 2715 651 2713 2712
f 2719 654 2717 2716
f 2723 657 2721 2720
f 2727 660 2725 2724
f 2731 663 2729 2728
f 2735 666 2733 2732
f 2739 669 2737 2736
f 2743 670 2741 2740
f 2747 674 2745 2744
f 2751 675 2749 2748
f 2755 679 2753 2752
f 2759 681 2757 2756
f 2763 684 2761 2760
f 2767 687 2765 2764
f 2771 690 2769 2768
f 2775 678 2773 2772
f 2779 694 2777 2776
f 2783 697 2781 2780
f 2787 700 2785 2784
f 2790 702 2786 2788
f 2794 704 2792 2791
f 2798 707 2796 2795
f 2802 710 2800 2799
f 2806 713 2804 2803
f 2810 710 2808 2807
f 2814 718 2812 2811
f 2818 721 2816 2815
f 2822 722 2820 2819
f 2826 726 2824 2823
f 2821 724 2828 2827
f 2833 728 2831 2830
f 2837 731 2835 2834
f 2841 734 2839 2838
f 2845 737 2843 2842
f 2849 739 2847 2846
f 2853 742 2851 2850
f 2857 642 2855 2854
f 2861 752 2859 2858
f 2865 754 2863 2862
f 2869 759 2867 2866
f 2873 762 2871 2870
f 2876 759 2869 2874
f 2880 764 2878 2877
f 2884 769 2882 2881
f 2888 770 2886 2885
f 2892 712 2890 2889
f 2896 772 2894 2893
f 2816 721 2898 2897
f 2831 728 2901 2900
f 2906 775 2904 2903
f 2910 778 2908 2907
f 2914 779 2912 2911
f 2918 781 2916 2915
f 2922 784 2920 2919
f 2926 693 2924 2923
f 2930 689 2928 2927
f 2934 606 2932 2931
f 2938 789 2936 2935
f 2941 652 2940 2939
f 2945 790 2943 2942
f 2949 794 2947 2946
f 2953 797 2951 2950
f 2957 799 2955 2954
f 2961 632 2959 2958
f 2965 613 2963 2962
f 2968 577 2591 2966
f 2972 807 2970 2969
f 2976 810 2974 2973
f 2980 569 2978 2977
f 2984 568 2982 2981
f 2988 816 2986 2985
f 2992 819 2990 2989
f 2996 822 2994 2993
f 3000 825 2998 2997
f 3003 501 3002 3001
f 3007 828 3005 3004
f 3011 831 3009 3008
f 3015 552 3013 3012
f 3019 835 3017 3016
f 2754 680 3021 3020
f 3026 838 3024 3023
f 3030 841 3028 3027
f 2706 646 3032 3031
f 3037 845 3035 3034
f 3041 848 3039 3038
f 3044 850 3043 3042
f 3048 746 3046 3045
f 3052 853 3050 3049
f 3055 373 3054 3053
f 3058 374 2268 3056
f 3062 856 3060 3059
f 3066 859 3064 3063
f 3070 339 3068 3067
f 3074 863 3072 3071
f 3078 865 3076 3075
f 2267 372 3081 3080
f 3085 321 3083 3082
f 3089 861 3087 3086
f 3093 396 3091 3090
f 3097 397 3095 3094
f 3100 400 2324 3098
f 3104 876 3102 3101
f 3108 879 3106 3105
f 3112 882 3110 3109
f 3116 404 3114 3113
f 3120 413 3118 3117
f 2356 420 3122 3121
f 3127 887 3125 3124
f 3131 800 3129 3128
f 3135 889 3133 3132
f 3138 891 3137 3136
f 3141 463 3140 3139
f 3145 402 3143 3142
f 3148 893 3147 3146
f 3151 894 3150 3149
f 3153 488 2458 3152
f 3156 895 3155 3154
f 3160 880 3158 3157
f 3164 898 3162 3161
f 3168 876 3166 3165
f 3172 900 3170 3169
f 3175 903 3174 3173
f 3178 903 3175 3176
f 3182 904 3180 3179
f 3186 907 3184 3183
f 3190 910 3188 3187
f 3193 585 3192 3191
f 3197 912 3195 3194
f 3201 915 3199 3198
f 2643 608 3203 3202
f 3206 611 2933 3205
f 3209 616 2964 3207
f 3212 919 3211 3210
f 2659 620 3214 3213
f 2662 618 3217 3216
f 3222 922 3220 3219
f 2705 645 3224 3223
f 2713 651 3226 3225
f 3231 924 3229 3228
f 3234 687 3233 3232
f 3237 693 2926 3235
f 3241 927 3239 3238
f 3245 709 3243 3242
f 3249 929 3247 3246
f 3253 930 3251 3250
f 3256 698 2781 3254
f 3258 714 2804 3257
f 3261 723 3260 3259
f 2822 725 3263 3262
f 3266 777 2905 3264
f 3270 933 3268 3267
f 3273 784 2922 3271
f 3277 736 3275 3274
f 3280 853 3052 3278
f 3283 847 3036 3281
f 3287 599 3285 3284
f 3289 741 2848 3288
f 3293 940 3291 3290
f 2543 545 3295 3294
f 3299 941 3298 3297
f 2996 824 3301 3300
f 3305 823 2994 3303
f 3309 945 3307 3306
f 3312 495 3311 3310
f 3316 948 3314 3313
f 3321 952 3318 3317
f 3325 4 3323 3322
f 1670 6 3327 3326
f 3331 5 1668 3329
f 3335 956 3333 3332
f 3331 955 3337 3336
f 3342 958 3340 3339
f 3345 960 3344 3343
f 3349 961 3347 3346
f 3353 963 3351 3350
f 3358 964 3355 3354
f 3362 967 3360 3359
f 3366 2 1664 3363
f 3373 971 3376 3375
f 1702 28 3379 3378
f 3362 14 3382 3381
f 1685 17 1866 3385
f 1979 204 3393 3392
f 3394 179 1931 3396
f 3402 134 3400 3399
f 3407 979 3404 3403
f 3411 982 3409 3408
f 3414 46 3413 3412
f 1728 45 3416 3415
f 3420 185 1939 3418
f 1940 185 3422 3421
f 1935 182 3425 3424
f 1955 35 1714 3428
f 3432 58 1745 3430
f 3437 58 3434 3433
f 3440 186 3439 3438
f 3443 188 1942 3441
f 3446 47 3442 3444
f 1956 193 3449 3448
f 3456 989 3455 3454
f 3459 155 3458 3457
f 3464 990 3461 3460
f 3469 991 3461 3467
f 1961 195 3471 3470
f 3462 991 3469 3472
f 3477 43 1724 3474
f 3482 149 3479 3478
f 3479 149 3484 3483
f 3489 999 3487 3486
f 3499 125 3496 3495
f 1846 124 3501 3500
f 3501 124 1850 3502
f 3506 1003 3504 3503
f 3511 982 3508 3507
f 1969 199 3513 3512
f 1967 197 3516 3515
f 3522 1008 3520 3519
f 3505 65 3422 3523
f 3504 1003 3525 3524
f 1977 137 3528 3527
f 3533 70 1761 3530
f 3536 203 3535 3534
f 3538 1004 3509 3537
f 3541 965 3355 3539
f 3353 962 3543 3542
f 1776 80 3557 3556
f 1778 81 3560 3559
f 3572 1018 3569 3568
f 1797 95 3574 3573
f 3578 1021 3576 3575
f 3582 90 3580 3579
f 3581 1023 3584 3583
f 3578 1019 3587 3586
f 3589 1025 3591 3590
f 3595 1026 3594 3593
f 1839 121 3597 3596
f 3602 1028 3600 3599
f 3598 1027 3604 3603
f 3601 211 3607 3606
f 3612 1030 3609 3608
f 1809 103 3614 3613
f 3626 1030 3625 3624
f 3631 1039 3628 3627
f 3636 1044 3634 3633
f 3640 1045 3638 3637
f 3642 215 1996 3641
f 3648 82 3562 3646
f 3650 1045 3640 3651
f 3658 118 3655 3654
f 3662 220 3660 3659
f 3667 233 3664 3663
f 3672 157 3669 3668
f 3676 111 1822 3673
f 3681 169 3678 3677
f 3685 1056 3683 3682
f 3688 172 3687 3686
f 3691 1057 3690 3689
f 2015 123 1842 3692
f 3696 161 1900 3694
f 2018 223 3698 3697
f 2021 113 3701 3700
f 3324 140 2023 3704
f 2040 227 3708 3707
f 3713 71 3710 3709
f 3716 109 3661 3715
f 3718 111 3676 3717
f 1932 179 3393 3719
f 2028 204 3721 3720
f 3722 1060 3725 3724
f 3729 958 3342 3726
f 3733 7 3731 3730
f 3738 38 3736 3735
f 1767 74 3740 3739
f 3743 986 3436 3742
f 1704 29 3745 3744
f 3748 59 3747 3746
f 2031 12 3750 3749
f 3753 181 3731 3751
f 2037 20 1688 3754
f 3369 969 3757 3756
f 1874 21 3376 3759
f 3761 25 3379 3760
f 3348 960 3763 3762
f 3766 2 3366 3765
f 3769 968 3757 3767
f 3773 75 3388 3772
f 3768 969 3368 3774
f 1737 51 3776 3775
f 3781 44 1725 3779
f 3785 994 3783 3782
f 3790 1066 3787 3786
f 3788 1067 3792 3791
f 1984 208 3703 3793
f 3702 158 1896 3794
f 3796 1051 3669 3795
f 2017 120 3798 3797
f 3802 116 1830 3800
f 1909 106 1817 3807
f 1910 166 3810 3809
f 3813 1044 3636 3812
f 3818 183 3423 3817
f 1827 91 1791 3819
f 3820 90 3582 3822
f 1922 173 3569 3823
f 3827 89 1788 3825
f 3327 6 3725 3829
f 3318 952 3734 3831
f 3337 955 3330 3834
f 3335 141 3836 3835
f 3839 966 3356 3837
f 3763 960 3345 3840
f 3848 975 3847 3846
f 3847 975 3390 3849
f 3397 178 3347 3851
f 3429 39 3855 3854
f 3858 1071 3855 3857
f 3508 982 3411 3859
f 3431 57 3736 3861
f 3864 1063 3863 3862
f 3867 985 3434 3865
f 3871 73 3869 3868
f 3875 1074 3873 3872
f 1944 74 1766 3876
f 3776 51 1736 3877
f 3497 191 1951 3878
f 3414 32 3881 3880
f 3863 1063 3740 3882
f 3881 32 3860 3884
f 3888 1074 3875 3886
f 2048 231 3890 3889
f 3893 152 3892 3891
f 3463 992 3895 3894
f 3473 194 1964 3896
f 3792 1067 3899 3898
f 3787 1066 3901 3900
f 3904 150 3903 3902
f 3783 994 3476 3905
f 3481 996 3907 3906
f 3531 69 3911 3910
f 3911 69 1763 3912
f 3915 996 3480 3914
f 3917 1002 3498 3916
f 3920 978 3400 3918
f 3923 981 3409 3921
f 1975 202 3925 3924
f 3928 200 1973 3927
f 3928 61 3520 3929
f 3517 1006 3932 3931
f 3419 45 1730 3934
f 3936 979 3407 3935
f 3458 155 3939 3938
f 3830 1060 3721 3940
f 1860 130 3850 3942
f 1706 31 3838 3943
f 3946 29 3944 3945
f 3920 59 3748 3947
f 3869 73 1765 3948
f 1811 104 3553 3961
f 3963 77 1770 3962
f 3966 1047 3652 3964
f 3969 1041 3629 3967
f 3973 81 1780 3972
f 3978 1076 3977 3976
f 3982 175 3980 3979
f 3984 1018 3572 3983
f 3592 88 1785 3985
f 3989 1077 3987 3986
f 1804 99 3991 3990
f 3591 1025 3994 3993
f 3588 1024 3997 3996
f 4001 1023 3999 3998
f 4003 1079 3999 4002
f 2020 207 4005 4004
f 1985 209 1988 4007
f 1807 102 4010 4009
f 4000 1079 4008 4012
f 3626 1038 4014 4013
f 3620 1037 4016 4015
f 3574 95 3584 4019
f 3594 1026 3605 4021
f 4010 102 3616 4022
f 4025 1080 4024 4023
f 4028 1081 4027 4026
f 2000 214 1995 4030
f 3667 1050 4032 4031
f 3639 216 4032 4033
f 1836 119 4035 4034
f 4039 1082 4035 4037
f 4041 1048 4036 4040
f 3806 221 2005 4042
f 3656 1048 4041 4043
f 2008 168 4045 4046
f 4047 211 3600 4048
f 3658 1049 3698 4049
f 1905 164 3959 4050
f 2051 161 3696 4052
f 2013 224 3671 4054
f 4056 112 1823 4055
f 3821 1055 3680 4057
f 4059 137 3525 4058
f 1826 113 4006 4060
f 1835 117 4051 4061
f 1843 123 4063 4062
f 3320 954 3706 4065
f 4067 174 3708 4066
f 3952 110 1824 4068
f 3917 1059 3712 4069
f 3499 1002 4070 4071
f 4074 24 1696 4072
f 4074 959 3341 4075
f 2038 26 4076 4077
f 2044 229 3925 4078
f 4080 1006 3516 4079
f 3930 1008 3932 4081
f 3852 961 3352 4082
f 3919 134 4084 4083
f 1722 41 3404 4085
f 3741 1063 3864 4086
f 3437 986 3743 4087
f 1720 38 3738 4088
f 3538 138 3926 4089
f 3510 1004 4090 4091
f 3922 1005 4092 4093
f 3841 180 4073 4094
f 4097 958 3729 4096
f 4097 11 3836 4098
f 4099 141 3338 4100
f 3755 19 1692 4101
f 3384 971 3372 4102
f 4095 23 1698 4103
f 3848 143 4105 4104
f 3382 14 1680 4106
f 1882 145 3365 4108
f 3766 966 3839 4109
f 1877 142 4107 4110
f 4113 15 3361 4112
f 4113 1 1666 4114
f 1950 189 1947 4115
f 3780 43 3477 4116
f 3784 150 3904 4117
f 2047 230 3885 4118
f 1893 49 1732 4119
f 4122 1074 3888 4121
f 3778 1065 3873 4123
f 4125 988 3452 4124
f 3450 987 3451 4126
f 3796 1052 3954 4127
f 4063 123 3695 4131
f 2052 232 4130 4132
f 1904 163 4129 4133
f 1771 77 3963 4134
f 3813 1047 3966 4135
f 3417 184 1938 4136
f 1918 171 3585 4137
f 4138 94 1795 4139
f 3824 1018 3984 4140
f 1925 175 3982 4141
f 4145 1083 4143 4142
f 4152 1088 4149 4148
f 4178 243 2067 4175
f 4182 275 2113 4179
f 4182 1102 4184 4183
f 4190 1105 4188 4187
f 4194 242 4192 4191
f 4197 1100 4176 4195
f 4190 250 2076 4198
f 4202 1108 4201 4200
f 4206 1109 4204 4203
f 4208 1098 4172 4207
f 4212 342 4210 4209
f 4170 1097 4214 4213
f 4221 1099 4218 4217
f 4173 1098 4223 4222
f 4208 266 4226 4225
f 4230 1110 4229 4228
f 4219 1112 4232 4231
f 4238 1119 4236 4235
f 4232 1112 4224 4239
f 4245 1121 4242 4241
f 4250 1124 4247 4246
f 4255 1127 4252 4251
f 4242 1121 4257 4256
f 4261 1132 4263 4262
f 4270 1134 4267 4266
f 4280 1120 4236 4278
f 4284 1135 4267 4281
f 4289 1128 4286 4285
f 4293 1119 4238 4290
f 4298 246 4296 4295
f 4301 267 4177 4299
f 4303 1084 4144 4302
f 4308 1108 4305 4304
f 4150 1089 4313 4312
f 2064 239 4313 4316
f 4326 1145 4325 4324
f 4329 862 4328 4327
f 4329 1102 4181 4330
f 2114 275 4186 4332
f 4163 1095 4334 4333
f 4318 1106 4192 4335
f 4229 1110 4204 4340
f 4211 245 2073 4341
f 2110 257 2084 4343
f 4167 1096 4216 4346
f 4322 1114 4220 4347
f 4205 1110 4230 4349
f 2089 253 4336 4352
f 4212 258 4354 4353
f 2085 257 2109 4356
f 4348 1113 4234 4358
f 4240 1120 4280 4360
f 4243 1122 4362 4361
f 4363 1127 4255 4365
f 4247 1124 4254 4366
f 4362 1122 4259 4369
f 4371 1138 4276 4370
f 4269 1136 4373 4372
f 4292 1141 4350 4374
f 4359 1123 4364 4379
f 4381 1146 4367 4380
f 4383 1138 4371 4382
f 4383 1132 4260 4384
f 2094 263 4253 4385
f 4287 1130 4258 4386
f 4387 1129 4279 4388
f 4291 1116 4226 4389
f 4344 256 4342 4390
f 4391 247 2072 4392
f 4297 1104 4185 4393
f 4395 240 2065 4394
f 4397 241 2061 4396
f 4399 1145 4326 4398
f 2081 254 4201 4400
f 4306 1109 4206 4401
f 4180 274 4210 4402
f 4406 1147 4404 4403
f 4410 1150 4408 4407
f 4413 277 2117 4411
f 4420 1156 4418 4417
f 2128 284 4422 4421
f 4029 1081 4424 4423
f 4028 1080 4427 4426
f 3631 279 4430 4429
f 4436 1160 4434 4433
f 4439 1161 4438 4437
f 4405 1148 4416 4442
f 2123 281 4419 4444
f 4448 1160 4447 4446
f 4025 1039 4432 4450
f 4451 1159 4434 4452
f 4428 1157 4453 4454
f 4410 1149 4443 4455
f 4465 874 4463 4462
f 4470 399 4467 4466
f 4474 1168 4472 4471
f 3096 874 4476 4475
f 4481 1169 4478 4477
f 2193 330 4483 4482
f 4489 1174 4487 4486
f 4493 1176 4491 4490
f 4497 1178 4495 4494
f 4501 1175 4492 4498
f 4506 1173 4503 4502
f 2281 297 2144 4507
f 4512 1179 4495 4509
f 4518 306 4515 4514
f 4522 372 2375 4519
f 4529 1189 4527 4526
f 4532 855 3057 4531
f 4536 428 2367 4534
f 4540 1192 4538 4537
f 4544 386 4542 4541
f 4548 1086 4146 4545
f 4550 858 3061 4549
f 4553 321 4552 4551
f 4557 236 4311 4554
f 2173 319 4555 4558
f 4548 1193 4561 4560
f 4566 1194 4564 4563
f 4570 1196 4568 4567
f 4574 1197 4572 4571
f 4579 323 4576 4575
f 4583 1090 4315 4580
f 4586 325 2186 4584
f 4577 1199 4588 4587
f 4595 1204 4592 4591
f 4598 1169 4481 4596
f 4601 1169 4598 4599
f 4606 334 4603 4602
f 4610 1209 4608 4607
f 4614 1208 4612 4611
f 4605 340 3073 4615
f 4619 1212 4618 4617
f 4622 344 2216 4620
f 4619 1125 4368 4623
f 4630 1214 4627 4626
f 4633 268 2220 4631
f 4628 1215 4636 4635
f 4638 352 2231 4637
f 4641 863 3076 4639
f 4644 1211 4616 4642
f 4647 347 4646 4645
f 4650 350 2227 4648
f 4654 385 4652 4651
f 3087 861 3065 4655
f 4692 1233 4691 4690
f 2265 305 2158 4693
f 4697 1217 4695 4694
f 4701 1202 4699 4698
f 4705 289 4703 4702
f 4708 336 4707 4706
f 4711 1171 4479 4709
f 4713 291 2136 4712
f 2276 377 4710 4714
f 4715 1181 4504 4717
f 2172 318 3083 4718
f 3084 318 2171 4719
f 4722 1164 4542 4721
f 4727 1194 4726 4725
f 2299 355 2235 4728
f 2453 391 4730 4729
f 4735 871 4569 4733
f 4740 1237 4737 4736
f 4744 466 4742 4741
f 4747 387 2302 4745
f 2317 396 4749 4748
f 3093 873 4752 4751
f 4756 390 4754 4753
f 4760 1242 4758 4757
f 4756 393 4762 4761
f 4767 1245 4765 4764
f 4770 1247 4769 4768
f 2305 388 4772 4771
f 2325 400 3144 4773
f 4780 1248 4777 4776
f 4785 291 4782 4781
f 4783 482 4787 4786
f 4794 1253 4791 4790
f 3163 876 3104 4795
f 4800 1258 4799 4798
f 2328 402 4802 4801
f 4807 1259 4805 4804
f 4812 1260 4809 4808
f 4817 480 4814 4813
f 4822 1262 4819 4818
f 4827 882 4824 4823
f 4499 1177 4496 4828
f 4527 1189 4831 4830
f 4838 1267 4835 4834
f 4843 1267 4840 4839
f 4847 1270 4845 4844
f 4850 1271 4849 4848
f 4538 1192 4852 4851
f 4858 477 4856 4855
f 4862 424 2364 4859
f 2363 425 4864 4863
f 4869 1275 4866 4865
f 4862 420 2355 4870
f 4876 1279 4873 4872
f 4881 435 4878 4877
f 4885 1283 4883 4882
f 4889 1285 4887 4886
f 4893 1286 4891 4890
f 2431 469 4895 4894
f 4901 1287 4898 4897
f 4906 1289 4903 4902
f 4909 1220 4659 4907
f 4914 1293 4911 4910
f 4918 1296 4916 4915
f 4921 1296 4918 4919
f 4926 1298 4923 4922
f 4931 1302 4928 4927
f 4935 1229 4933 4932
f 4884 1284 4937 4936
f 4942 444 4920 4940
f 2395 445 4944 4943
f 4950 1309 4948 4947
f 4955 1311 4952 4951
f 4961 1285 4889 4960
f 4961 1317 4963 4962
f 4959 1316 4966 4965
f 4973 1321 4970 4969
f 3138 765 4975 4974
f 4980 1324 4979 4978
f 4984 1325 4982 4981
f 4988 1327 4986 4985
f 4993 1329 4990 4989
f 4998 1331 4995 4994
f 5002 1332 5000 4999
f 4998 451 5004 5003
f 5009 1332 5007 5006
f 5012 1335 5011 5010
f 2423 463 3141 5013
f 5017 671 5015 5014
f 5019 1289 4908 5018
f 5024 1297 5021 5020
f 5027 1313 4953 5025
f 5032 1288 5029 5028
f 5034 1287 4901 5033
f 5038 1291 5036 5035
f 5041 444 4942 5039
f 5045 439 5043 5042
f 5047 1302 4931 5046
f 2411 456 5049 5048
f 5054 472 5052 5051
f 2415 458 5053 5055
f 4837 477 4832 5056
f 5059 1335 5012 5058
f 3114 404 5061 5060
f 2269 374 2366 5063
f 5067 418 3123 5065
f 2446 480 4817 5068
f 5069 481 5072 5071
f 3103 877 4779 5073
f 5077 482 4782 5075
f 5080 1340 5079 5078
f 5083 1252 4788 5081
f 5085 392 2309 5084
f 5088 1341 5087 5086
f 5091 1342 5090 5089
f 5094 1321 5093 5092
f 5099 1343 5096 5095
f 5103 1346 5101 5100
f 5107 1348 5105 5104
f 5111 1350 5109 5108
f 5115 684 5113 5112
f 5118 489 2456 5116
f 5121 837 5120 5119
f 2753 679 5123 5122
f 5130 494 5127 5126
f 5132 1353 5124 5131
f 5135 1354 5134 5133
f 5137 505 2480 5136
f 5140 1345 5097 5138
f 5143 835 5142 5141
f 5147 505 5145 5144
f 5150 521 2507 5148
f 3018 509 5152 5151
f 5153 1355 5155 5154
f 5161 1359 5159 5158
f 5165 829 5163 5162
f 5170 1362 5167 5166
f 5173 511 2493 5171
f 5178 515 5175 5174
f 5183 1356 5180 5179
f 5188 1369 5185 5184
f 5193 825 5190 5189
f 5197 1246 4766 5194
f 5201 1374 5199 5198
f 5204 1375 5203 5202
f 5207 1376 5206 5205
f 5210 519 2505 5208
f 2509 522 5212 5211
f 5217 894 5215 5214
f 3107 880 3160 5218
f 5222 1379 5221 5220
f 5224 524 2511 5223
f 5228 1380 5226 5225
f 5231 1253 5230 5229
f 5231 944 3304 5232
f 5238 1379 5235 5234
f 5222 898 5240 5239
f 5219 897 5243 5242
f 3159 896 5246 5245
f 5251 1384 5249 5248
f 5250 818 5253 5252
f 5260 1387 5257 5256
f 5263 543 2539 5261
f 5267 744 2852 5264
f 5270 1391 5269 5268
f 5273 1392 5272 5271
f 5277 1393 5275 5274
f 5280 1394 5279 5278
f 5285 1395 5282 5281
f 5289 1398 5287 5286
f 5293 536 5291 5290
f 5292 1388 5258 5294
f 5299 1340 5297 5296
f 5304 1401 5301 5300
f 5307 546 5306 5305
f 5312 1405 5309 5308
f 5317 1409 5314 5313
f 5322 571 5319 5318
f 5327 820 5324 5323
f 5331 546 5329 5328
f 5306 546 5331 5332
f 5337 947 5334 5333
f 3308 946 5142 5338
f 5343 1417 5340 5339
f 5348 810 5345 5344
f 2559 553 2554 5349
f 5356 813 5353 5352
f 5361 1423 5358 5357
f 5336 1415 5363 5362
f 5368 1420 5366 5365
f 5373 1427 5370 5369
f 5378 1430 5375 5374
f 5382 583 5380 5379
f 5385 900 3172 5383
f 3184 907 5387 5386
f 5392 572 5391 5390
f 2582 571 5394 5393
f 5399 560 2566 5396
f 5397 558 2562 5400
f 5406 1436 5404 5403
f 3174 903 5408 5407
f 5402 566 2574 5410
f 5416 1434 5413 5412
f 2978 569 2578 5417
f 5421 1422 5355 5418
f 5359 1424 5423 5422
f 5428 1418 5340 5425
f 5433 1442 5430 5429
f 5438 1446 5435 5434
f 5431 1443 5440 5439
f 5446 578 5443 5442
f 3190 909 5448 5447
f 5453 1437 5404 5450
f 2972 809 5455 5454
f 5462 1453 5459 5458
f 3197 914 5464 5463
f 5444 1449 5468 5467
f 5474 1457 5471 5470
f 5479 1459 5476 5475
f 5482 1463 5481 5480
f 5487 1464 5484 5483
f 5491 1468 5489 5488
f 5494 1469 5493 5492
f 5499 1470 5496 5495
f 5502 917 3203 5500
f 5507 1474 5504 5503
f 5511 593 2623 5508
f 5515 1478 5513 5512
f 5519 1455 5469 5516
f 5523 1480 5521 5520
f 5528 1478 5525 5524
f 2945 793 5530 5529
f 5534 1484 5533 5532
f 3211 919 5536 5535
f 5543 621 5540 5539
f 5548 1490 5545 5544
f 5551 1461 5550 5549
f 5555 1491 5553 5552
f 5558 605 2637 5556
f 5561 604 2639 5559
f 5497 1471 5563 5562
f 5567 1459 5479 5565
f 5509 595 5569 5568
f 5574 639 2699 5572
f 5579 1493 5576 5575
f 5583 797 5581 5580
f 5588 1495 5585 5584
f 5591 617 2654 5589
f 5595 1498 5593 5592
f 5598 619 2661 5596
f 5534 888 5600 5599
f 5606 802 5604 5603
f 2658 619 5598 5607
f 5613 1504 5611 5610
f 5617 1505 5615 5614
f 5621 1499 5594 5618
f 5623 635 2690 5622
f 5626 589 2615 5624
f 5517 1456 5628 5627
f 5632 1408 5311 5630
f 5636 1510 5634 5633
f 5640 1511 5638 5637
f 5645 853 5642 5641
f 5650 1515 5647 5646
f 5654 1519 5652 5651
f 5654 1515 5656 5655
f 5650 1518 5660 5659
f 5665 1524 5663 5662
f 5669 749 5667 5666
f 5672 1526 5671 5670
f 5675 1527 5674 5673
f 5679 747 5677 5676
f 5684 1529 5681 5680
f 5689 1531 5686 5685
f 2727 662 5691 5690
f 3222 757 5694 5693
f 3048 852 5698 5697
f 5702 1534 5700 5699
f 5707 654 5704 5703
f 5712 1539 5709 5708
f 5717 1512 5714 5713
f 5722 1543 5719 5718
f 5721 938 3282 5723
f 5645 1514 5726 5725
f 5732 1546 5730 5729
f 5735 1547 5734 5733
f 2733 666 5737 5736
f 3230 925 5741 5740
f 3137 891 5744 5743
f 5748 1550 5746 5745
f 5752 842 5750 5749
f 2743 673 5754 5753
f 5759 1553 5756 5755
f 5763 1557 5761 5760
f 5766 1558 5765 5764
f 5766 683 5768 5767
f 5761 1557 5772 5771
f 5777 767 5774 5773
f 5782 1562 5779 5778
f 5786 1565 5784 5783
f 5791 686 5788 5787
f 5794 1559 5768 5792
f 5796 688 2765 5795
f 5796 1350 5111 5797
f 5107 1349 5801 5800
f 5805 931 5804 5803
f 3236 788 2925 5806
f 5810 678 2775 5808
f 2883 695 2777 5811
f 5774 767 3239 5813
f 5815 709 3245 5814
f 5819 1569 5817 5816
f 5823 930 5821 5820
f 5801 1349 5825 5824
f 5103 1343 5829 5828
f 5835 698 5832 5831
f 3253 699 2782 5836
f 5840 1419 5838 5837
f 5844 714 5842 5841
f 5846 770 2909 5845
f 2796 707 5848 5847
f 5853 781 2918 5851
f 2832 729 5855 5854
f 5860 774 5859 5858
f 5838 1419 5341 5861
f 5868 1580 5865 5864
f 5872 730 5857 5869
f 5875 1584 5874 5873
f 5879 935 5877 5876
f 5883 1586 5881 5880
f 5887 1588 5885 5884
f 5877 935 3269 5888
f 3196 913 5891 5890
f 5897 1481 5895 5894
f 5521 1480 5899 5898
f 5526 1482 5902 5901
f 5908 1592 5905 5904
f 5892 937 3276 5909
f 5900 785 5913 5912
f 5822 1570 5834 5916
f 3315 949 5919 5918
f 2739 671 5017 5922
f 5926 1594 5925 5924
f 5930 622 5928 5927
f 5934 1442 5433 5931
f 5938 1597 5936 5935
f 5937 645 5940 5939
f 5947 1598 5944 5943
f 5952 1539 5949 5948
f 5956 1602 5954 5953
f 5961 1604 5958 5957
f 5965 655 2717 5962
f 5965 747 5679 5966
f 5967 1528 5969 5968
f 5974 1526 5672 5972
f 5973 749 5669 5975
f 5980 643 5978 5977
f 5983 1608 5982 5981
f 5986 923 5691 5984
f 2872 662 2726 5987
f 5990 665 5989 5988
f 2867 759 5992 5991
f 5993 1545 5726 5994
f 5998 1610 5997 5996
f 6002 1611 6000 5999
f 6005 1510 5636 6003
f 6007 1324 4980 6006
f 6010 1326 6009 6008
f 6012 1325 4984 6011
f 6012 1549 6014 6013
f 6018 767 5777 6017
f 6021 697 2783 6019
f 5818 738 2908 6022
f 2886 770 5846 6023
f 6024 706 2793 6026
f 6029 1576 5848 6027
f 6029 717 2809 6030
f 2895 716 6033 6032
f 6037 726 6036 6035
f 2914 718 2814 6038
f 2921 785 5899 6041
f 2762 685 3233 6043
f 6044 687 2767 6045
f 6047 1462 5478 6046
f 6050 1470 5501 6048
f 2932 606 2638 6051
f 2940 652 3227 6052
f 2943 790 2936 6054
f 2944 792 6057 6056
f 2645 609 2676 6059
f 6064 586 6063 6062
f 5573 1261 6066 6065
f 2951 797 5583 6067
f 6070 920 3214 6069
f 6073 1496 6072 6071
f 5606 1499 5621 6074
f 6079 1508 6077 6076
f 3292 614 2650 6080
f 6082 637 2693 6081
f 6085 1507 5625 6083
f 6084 590 2614 6086
f 2602 583 5382 6089
f 6090 1430 5378 6092
f 6097 584 6091 6095
f 6100 1617 6099 6098
f 6100 1432 5440 6101
f 6102 1443 5430 6104
f 2974 810 5348 6106
f 5401 557 5387 6107
f 6112 1594 6110 6109
f 6111 562 2572 6113
f 6115 1421 5354 6114
f 5262 542 6117 6116
f 6122 1400 5297 6120
f 3302 943 5200 6123
f 6127 1377 5216 6125
f 6132 1619 6129 6128
f 6135 1372 6134 6133
f 3000 827 5168 6136
f 6137 1363 5172 6138
f 6139 512 2492 6141
f 6145 830 5169 6144
f 6119 1361 5163 6146
f 6149 1596 6148 6147
f 2538 541 6151 6150
f 6151 541 5279 6153
f 6158 547 2552 6155
f 6162 532 6160 6159
f 2526 533 6164 6163
f 6168 836 6167 6166
f 5790 674 6170 6169
f 2460 491 6173 6172
f 6177 1353 5132 6175
f 6177 497 5120 6178
f 6181 682 2757 6179
f 6181 1627 6183 6182
f 3314 948 6185 6184
f 5722 1530 6189 6188
f 5696 1533 6192 6191
f 6196 1529 5724 6194
f 5716 1542 6198 6197
f 5719 1543 6190 6199
f 2132 287 4460 6204
f 4457 1163 4543 6206
f 4730 391 4755 6207
f 4465 1164 4722 6209
f 4656 860 6211 6210
f 3064 859 6214 6213
f 4573 1198 6216 6215
f 4785 1251 6216 6218
f 2139 292 4775 6220
f 4703 289 6219 6222
f 4601 331 4485 6224
f 6226 296 2143 6225
f 2280 378 4503 6227
f 2148 299 4716 6228
f 4520 432 6230 6229
f 2240 358 6236 6235
f 4875 428 4536 6239
f 4652 385 2291 6241
f 2293 386 4544 6243
f 2287 381 6245 6244
f 6249 1193 4547 6248
f 4734 870 6246 6250
f 2169 316 6251 6252
f 4550 237 2057 6254
f 2237 356 4653 6255
f 6257 1196 4570 6256
f 4579 320 2175 6258
f 6261 323 2179 6259
f 4586 1091 4151 6262
f 4574 1196 6257 6263
f 6261 326 4582 6265
f 6264 1200 4590 6267
f 6266 1201 6270 6269
f 4581 1144 4325 6271
f 2191 267 4328 6273
f 6276 1174 4489 6274
f 4600 1204 4595 6277
f 2198 334 6279 6278
f 2202 335 4594 6280
f 6283 337 2207 6281
f 6285 1210 4609 6284
f 4614 1210 6285 6286
f 6282 341 2212 6287
f 4355 866 3077 6289
f 4622 1212 4625 6290
f 6294 1216 4629 6291
f 4632 346 6298 6297
f 4510 1178 4608 6299
f 2257 367 4640 6300
f 4643 864 3072 6301
f 6305 1233 6303 6302
f 6212 293 6221 6306
f 6310 1235 6208 6309
f 2264 371 6292 6317
f 2221 269 2248 6319
f 6305 1187 6231 6320
f 2252 347 4647 6321
f 4692 351 2228 6322
f 2261 369 6293 6323
f 4697 1216 6294 6324
f 4696 1213 4624 6325
f 4711 377 2275 6326
f 2197 333 6328 6327
f 4603 334 6329 6330
f 2271 375 6272 6331
f 6333 1203 4589 6332
f 4704 1234 6268 6334
f 6328 333 2203 6335
f 2178 321 3085 6336
f 4720 317 4559 6337
f 6339 869 4657 6338
f 4726 1194 4561 6340
f 2300 379 6307 6341
f 6343 382 6247 6342
f 6343 361 2246 6344
f 3095 397 4750 6345
f 2321 399 4470 6346
f 2310 392 5087 6347
f 5209 395 2313 6348
f 4772 388 4759 6350
f 6352 872 3091 6351
f 2327 401 2454 6353
f 3100 875 6355 6354
f 6217 1251 4784 6357
f 6360 1249 6356 6359
f 6363 1248 6362 6361
f 5226 1380 6362 6364
f 5079 1340 5299 6365
f 4500 1180 6367 6366
f 2336 408 6369 6368
f 3111 883 4811 6370
f 6373 1263 4821 6371
f 6373 1260 4812 6374
f 6376 1264 4824 6375
f 2337 405 2331 6377
f 4816 641 6380 6379
f 6372 483 5076 6381
f 6383 1618 6121 6382
f 6367 1180 4829 6384
f 4807 431 6387 6386
f 2343 409 6388 6389
f 2418 460 6392 6391
f 4843 414 2346 6393
f 4842 1269 6395 6394
f 4845 1270 6398 6397
f 6402 1335 6401 6400
f 5059 791 5531 6403
f 6406 1638 6399 6405
f 6396 1638 6406 6407
f 2350 416 2618 6409
f 3118 413 4849 6411
f 6412 1271 6410 6414
f 2161 310 6417 6416
f 2164 312 4854 6419
f 4836 886 3119 6420
f 6423 1279 6418 6422
f 4873 1279 6423 6424
f 6425 419 2354 6426
f 6431 1261 6430 6429
f 3135 801 2956 6432
f 6435 1277 4867 6434
f 6435 889 6437 6436
f 6433 422 2358 6439
f 6413 1278 4868 6440
f 4874 1280 6428 6441
f 4806 1182 6230 6443
f 6446 1339 6445 6444
f 5066 478 5070 6447
f 3125 887 3129 6448
f 2438 473 4840 6450
f 4881 357 2238 6452
f 6455 435 2379 6454
f 6457 467 4896 6456
f 6459 1300 4924 6458
f 4946 1308 6461 6460
f 6464 1337 5021 6463
f 4948 1309 5036 6465
f 2434 470 4930 6466
f 6455 438 4939 6467
f 6471 1338 6470 6469
f 6470 1338 5040 6472
f 6477 1337 6464 6474
f 4954 1313 6479 6478
f 6481 448 6483 6482
f 2399 447 4968 6484
f 6490 1642 6487 6486
f 6490 1342 5091 6493
f 6496 1328 6495 6494
f 4986 1327 6498 6497
f 6501 843 6500 6499
f 5752 1550 6503 6502
f 5748 891 4977 6505
f 6009 1326 4983 6506
f 4987 1328 6496 6507
f 6511 1645 6510 6509
f 4997 1330 4990 6512
f 6514 1222 4664 6513
f 6518 474 6516 6515
f 6522 1331 5001 6519
f 5005 454 6524 6523
f 5004 451 2403 6525
f 6524 454 2407 6527
f 6520 1333 5011 6529
f 4846 473 2437 6530
f 6316 1224 6517 6531
f 5016 1336 6508 6532
f 4970 1321 5094 6533
f 6363 1256 4802 6534
f 5024 1290 4903 6535
f 5022 1337 6477 6536
f 6538 1298 6479 6537
f 5030 1299 4923 6539
f 4677 1226 4899 6540
f 5038 1300 6459 6541
f 5037 1309 4950 6542
f 6545 442 2390 6544
f 5041 1338 6471 6546
f 5044 1304 4929 6547
f 4685 1222 6514 6551
f 2441 475 4995 6552
f 5050 462 6516 6553
f 2436 471 6555 6554
f 5057 1266 6392 6556
f 5064 427 6442 6557
f 6558 1640 6427 6559
f 6430 1261 4814 6560
f 5077 483 4820 6561
f 5074 1249 6360 6562
f 6564 1644 6500 6563
f 6564 1319 4966 6565
f 5825 1349 5106 6566
f 5128 1352 5123 6568
f 5921 1593 6571 6570
f 5923 1240 4739 6572
f 6573 1239 4752 6574
f 2508 521 5129 6576
f 3153 498 6578 6577
f 5117 488 2473 6580
f 5147 507 5139 6581
f 3017 835 5143 6582
f 5137 1354 6584 6583
f 5135 502 6586 6585
f 6588 1360 6586 6587
f 6591 1622 6143 6589
f 6590 1623 6593 6592
f 2464 494 6595 6594
f 5183 895 6595 6596
f 5164 1361 6118 6597
f 6599 1362 5170 6598
f 5161 1360 6588 6600
f 2485 508 5146 6601
f 6591 1366 5177 6602
f 3155 895 5182 6603
f 5149 518 6606 6605
f 6609 1620 6608 6607
f 6129 1619 6611 6610
f 6134 1372 5192 6612
f 5238 1382 6614 6613
f 6617 1621 6616 6615
f 3305 944 5227 6618
f 5237 1381 5287 6620
f 6623 1646 6622 6621
f 6626 534 6625 6624
f 5244 1383 6625 6627
f 5241 528 2516 6628
f 6630 1397 5288 6629
f 6630 530 2523 6631
f 6635 537 2531 6633
f 6638 1647 6637 6636
f 5255 1386 6640 6639
f 6643 1386 5254 6641
f 5267 1390 6645 6644
f 6637 1647 6645 6646
f 6649 1389 5259 6648
f 6649 535 6651 6650
f 6623 896 3158 6652
f 5272 1392 6651 6654
f 3295 545 2542 6655
f 5303 1403 6657 6656
f 6661 1648 6660 6659
f 6664 1649 6663 6662
f 6667 1413 5325 6665
f 6667 1648 6661 6668
f 5316 1410 5330 6670
f 5321 1412 6672 6671
f 5327 1414 6674 6673
f 5307 1404 6658 6675
f 5342 1419 5840 6676
f 5343 945 6148 6677
f 5346 1420 5368 6679
f 2555 553 2558 6680
f 5356 1422 6683 6682
f 2551 550 5367 6684
f 5358 1423 5366 6686
f 6689 1440 5423 6688
f 5421 1429 5372 6690
f 6691 1428 6693 6692
f 2587 555 6693 6694
f 6697 942 6696 6695
f 5405 1437 6699 6698
f 5453 1451 6702 6701
f 6706 1452 6705 6704
f 6103 905 3180 6707
f 5455 809 6099 6709
f 6712 1580 5868 6710
f 5461 1454 6714 6713
f 2606 586 6716 6715
f 6719 901 6718 6717
f 6718 901 3170 6720
f 5471 1457 6722 6721
f 5406 941 6108 6723
f 5398 1435 5411 6725
f 6112 570 2579 6727
f 6110 1594 5926 6729
f 5392 560 5399 6730
f 5394 571 5322 6731
f 6733 538 5269 6732
f 2534 538 6733 6734
f 5280 1393 6736 6735
f 2556 554 6736 6738
f 5432 1444 6740 6739
f 6742 1447 5436 6741
f 6744 1447 6742 6743
f 6703 1448 5437 6745
f 6748 932 5427 6746
f 5441 1431 5381 6749
f 6752 580 5445 6750
f 6754 1449 5443 6753
f 6756 1457 5474 6755
f 5448 909 3185 6757
f 5451 1436 6724 6758
f 6760 579 2595 6759
f 5885 1588 6762 6761
f 6762 1588 6764 6763
f 6760 582 6096 6765
f 5632 805 5577 6767
f 5460 612 2651 6768
f 6714 1454 6769 6770
f 5415 1406 5309 6771
f 5628 1456 5468 6772
f 6774 1614 6088 6773
f 2617 591 6776 6775
f 6776 591 3200 6777
f 6781 1473 5498 6779
f 5502 1473 6781 6782
f 6787 1492 6786 6785
f 5491 1466 5506 6788
f 6790 1477 5510 6789
f 6055 739 2849 6791
f 6796 594 2621 6793
f 2622 594 6798 6797
f 6800 1479 5513 6799
f 2630 600 2633 6801
f 2695 638 6804 6803
f 6806 912 5466 6805
f 3195 912 6806 6807
f 5515 597 6809 6808
f 2625 596 6812 6811
f 6798 594 6796 6813
f 6408 1464 5487 6815
f 5530 793 6058 6816
f 5511 1477 6792 6817
f 2688 634 5538 6819
f 6822 1489 5542 6820
f 5546 1487 5540 6823
f 2957 801 3134 6825
f 5563 1471 5554 6827
f 2934 611 2646 6828
f 3199 915 6780 6829
f 5514 1479 6831 6830
f 6800 601 3204 6832
f 3206 601 6804 6833
f 6072 1496 5587 6835
f 6837 632 2683 6836
f 6839 1500 5597 6838
f 3217 618 3215 6840
f 6431 1274 5533 6842
f 5608 1500 6839 6843
f 6848 627 6846 6845
f 2673 627 6848 6849
f 6852 637 6851 6850
f 6834 638 2694 6853
f 5619 633 2686 6854
f 5384 902 6847 6855
f 5929 1595 6858 6857
f 6774 623 2664 6859
f 6863 1612 6861 6860
f 6000 1611 6865 6864
f 6869 1513 5643 6867
f 6872 1655 6871 6870
f 6875 1519 5658 6873
f 6877 755 5982 6876
f 4945 440 5635 6878
f 6881 753 5734 6879
f 6885 1518 5649 6882
f 6885 1656 6880 6886
f 6875 1655 6889 6888
f 6872 1284 4883 6890
f 5978 643 2701 6891
f 5969 1528 5678 6892
f 6895 1630 6192 6893
f 2875 761 6897 6896
f 5944 1598 6897 6899
f 6898 1598 5947 6900
f 5682 851 3046 6903
f 5983 1531 6905 6904
f 5936 1597 6476 6907
f 6911 1603 6909 6908
f 5954 1602 6913 6912
f 5942 745 6913 6915
f 6920 1657 6918 6917
f 5958 1604 6922 6921
f 6926 1600 6925 6924
f 5950 1538 5706 6927
f 5902 1482 6810 6928
f 5964 1540 5711 6929
f 5952 1601 6931 6930
f 2730 664 6931 6932
f 2721 657 6936 6935
f 5717 1532 5687 6937
f 6195 845 3279 6938
f 2731 665 5990 6940
f 6944 1658 6942 6941
f 6948 1628 6946 6945
f 6950 670 2737 6949
f 2741 670 6950 6951
f 6946 1628 6185 6953
f 6569 679 5765 6956
f 5770 1556 5758 6957
f 6961 1660 6959 6958
f 6963 676 5762 6962
f 5794 840 6965 6964
f 6969 1626 6967 6966
f 6963 1660 6967 6970
f 6973 1565 6972 6971
f 5786 1562 6975 6974
f 5782 1564 6014 6976
f 5776 1560 6978 6977
f 5810 1566 5784 6979
f 2770 677 2749 6980
f 6983 1662 6982 6981
f 6986 838 6183 6984
f 5121 489 6988 6987
f 6982 1662 6988 6989
f 2929 692 2773 6990
f 2766 688 5799 6991
f 6992 1567 5804 6994
f 5812 694 6997 6996
f 2779 696 6999 6998
f 3241 928 7001 7000
f 7001 928 7003 7002
f 3256 931 5805 7004
f 5830 1572 7007 7006
f 7009 733 5843 7008
f 3258 705 2792 7010
f 2798 709 5815 7011
f 6025 711 2800 7012
f 7014 710 2802 7013
f 2825 727 6033 7015
f 7018 1607 7017 7016
f 5905 1592 5971 7019
f 6034 721 7021 7020
f 3261 718 2913 7023
f 2805 714 5859 7024
f 5863 775 7026 7025
f 3265 776 2904 7027
f 5867 1582 5871 7028
f 6764 1588 5887 7029
f 5866 1581 7032 7031
f 7030 1586 5883 7033
f 7034 1585 5878 7035
f 7037 1590 5911 7036
f 5886 1589 6751 7038
f 5907 784 3273 7039
f 6040 735 2839 7040
f 5915 734 2841 7042
f 6149 1440 6689 7043
f 6901 1599 5946 7044
f 5694 757 6914 7046
f 2723 659 6910 7047
f 7049 1535 6919 7048
f 5026 1312 5701 7050
f 6543 648 6916 7051
f 5955 1603 6911 7052
f 5959 1605 7055 7054
f 5951 1600 6926 7056
f 5963 654 5707 7057
f 5976 1524 5665 7058
f 5970 644 2702 7059
f 5979 1527 5675 7060
f 2860 753 6881 7061
f 5986 1609 6902 7062
f 5727 1545 5992 7063
f 3037 847 5642 7064
f 6868 847 3283 7065
f 6201 1632 6866 7067
f 5714 1512 6862 7068
f 5998 1513 6869 7069
f 6001 1612 6863 7070
f 7071 1511 5640 7072
f 6995 931 3255 7073
f 6018 768 6999 7074
f 7075 696 2778 7076
f 6020 699 3252 7077
f 5870 1579 7079 7078
f 6037 724 2820 7080
f 7082 1578 5855 7081
f 7079 1579 5856 7083
f 3275 736 7085 7084
f 2629 599 3287 7086
f 6039 720 5889 7087
f 2916 781 7022 7088
f 2920 784 5906 7089
f 6042 1480 5523 7090
f 2924 693 2774 7091
f 6047 1490 5548 7092
f 5555 1471 5496 7093
f 7055 1605 6923 7094
f 5620 1508 6079 7095
f 6068 1493 5579 7097
f 2955 799 6841 7098
f 7100 1495 5588 7099
f 2959 632 6837 7101
f 3208 804 7103 7102
f 6078 631 2680 7104
f 2963 613 2684 7105
f 7107 639 5574 7106
f 3296 640 2697 7108
f 6856 1653 6851 7109
f 5473 1458 6087 7110
f 6706 1451 5452 7111
f 3192 585 2603 7112
f 5457 910 6766 7113
f 6700 942 7115 7114
f 6115 1438 6726 7116
f 7115 942 6697 7117
f 6669 1402 6672 7118
f 7119 1412 5320 7120
f 6575 873 3092 7121
f 6593 1623 6142 7122
f 7124 1646 6653 7123
f 6666 818 6622 7125
f 2990 819 5253 7126
f 6124 1373 5196 7127
f 3301 824 5187 7128
f 7129 1370 6606 7130
f 7131 518 2500 7132
f 6127 519 5210 7134
f 7136 1369 5188 7135
f 6130 1620 6609 7137
f 6135 1396 5283 7138
f 6145 1395 7140 7139
f 2546 547 6158 7141
f 6152 1415 5335 7142
f 6156 551 6685 7143
f 7140 1395 5285 7144
f 6160 532 2524 7145
f 3312 513 6578 7146
f 6171 1626 6969 7147
f 7149 1553 6965 7148
f 7151 1554 5756 7150
f 7151 1552 5750 7152
f 7154 1658 6944 7153
f 6186 1628 6948 7155
f 6189 1530 5683 7156
f 6193 1630 6939 7157
f 3047 851 5681 7158
f 6905 1531 5689 7159
f 1664 2 1665 1663
f 1665 3 1666 1663
f 1668 5 1669 1667
f 1669 6 1670 1667
f 1672 8 1673 1671
f 1673 9 1674 1671
f 1676 11 1677 1675
f 1677 12 1678 1675
f 1680 14 1681 1679
f 1681 15 1682 1679
f 1684 17 1685 1683
f 1685 18 1686 1683
f 1688 20 1689 1687
f 1692 19 1693 1691
f 1693 22 1694 1691
f 1696 24 1697 1695
f 1697 25 1698 1695
f 1700 27 1701 1699
f 1701 28 1702 1699
f 1704 30 1705 1703
f 1705 31 1706 1703
f 1708 33 1709 1707
f 1709 34 1710 1707
f 1712 36 1713 1711
f 1713 37 1714 1711
f 1716 39 1717 1715
f 1717 37 1718 1715
f 1720 40 1721 1719
f 1721 41 1722 1719
f 1724 43 1725 1723
f 1725 44 1726 1723
f 1728 46 1729 1727
f 1729 47 1730 1727
f 1732 49 1733 1731
f 1733 50 1734 1731
f 1736 51 1737 1735
f 1737 52 1738 1735
f 1740 54 1741 1739
f 1741 55 1742 1739
f 1744 57 1745 1743
f 1745 58 1746 1743
f 1748 60 1749 1747
f 1749 61 1750 1747
f 1752 63 1753 1751
f 1753 64 1754 1751
f 1756 66 1757 1755
f 1757 67 1758 1755
f 1761 70 1762 1760
f 1762 71 1763 1760
f 1765 73 1766 1764
f 1766 74 1767 1764
f 1770 77 1771 1769
f 1771 78 1772 1769
f 1774 79 1775 1773
f 1775 80 1776 1773
f 1778 82 1779 1777
f 1779 83 1780 1777
f 1784 87 1785 1783
f 1785 88 1786 1783
f 1784 86 1788 1787
f 1788 89 1789 1787
f 1791 91 1792 1790
f 1792 92 1793 1790
f 1795 94 1796 1794
f 1796 95 1797 1794
f 1799 97 1800 1798
f 1800 98 1801 1798
f 1803 99 1804 1802
f 1804 100 1805 1802
f 1807 98 1808 1806
f 1808 103 1809 1806
f 1811 78 1812 1810
f 1812 105 1813 1810
f 1815 107 1816 1814
f 1816 108 1817 1814
f 1816 107 1819 1818
f 1819 109 1820 1818
f 1822 111 1823 1821
f 1823 112 1824 1821
f 1826 91 1827 1825
f 1827 114 1828 1825
f 1830 116 1831 1829
f 1831 117 1832 1829
f 1834 117 1835 1833
f 1835 119 1836 1833
f 1838 121 1839 1837
f 1839 122 1840 1837
f 1842 123 1843 1841
f 1843 122 1844 1841
f 1846 125 1847 1845
f 1847 126 1848 1845
f 1850 124 1848 1849
f 1848 126 1851 1849
f 1853 127 1854 1852
f 1854 128 1855 1852
f 1753 63 1855 1856
f 1855 128 1857 1856
f 1859 130 1860 1858
f 1860 131 1861 1858
f 1863 17 1684 1862
f 1684 16 1864 1862
f 1866 17 1863 1865
f 1863 132 1867 1865
f 1869 40 1870 1868
f 1870 136 1871 1868
f 1873 21 1874 1872
f 1874 133 1875 1872
f 1877 3 1665 1876
f 1665 2 1878 1876
f 1880 144 1881 1879
f 1881 145 1882 1879
f 1884 147 1885 1883
f 1885 148 1886 1883
f 1888 152 1889 1887
f 1889 153 1890 1887
f 1892 49 1893 1891
f 1893 155 1894 1891
f 1896 158 1897 1895
f 1897 159 1898 1895
f 1900 161 1901 1899
f 1901 162 1902 1899
f 1904 164 1905 1903
f 1905 116 1906 1903
f 1908 106 1909 1907
f 1909 166 1910 1907
f 1912 108 1913 1911
f 1913 168 1914 1911
f 1916 170 1917 1915
f 1917 171 1918 1915
f 1920 93 1921 1919
f 1921 173 1922 1919
f 1924 175 1925 1923
f 1925 176 1926 1923
f 1928 86 1929 1927
f 1931 179 1932 1930
f 1932 180 1933 1930
f 1935 34 1709 1934
f 1709 33 1936 1934
f 1938 184 1939 1937
f 1939 185 1940 1937
f 1942 188 1943 1941
f 1943 74 1944 1941
f 1946 44 1947 1945
f 1947 189 1948 1945
f 1950 190 1951 1949
f 1951 191 1952 1949
f 1954 35 1955 1953
f 1955 193 1956 1953
f 1959 50 1960 1958
f 1960 195 1961 1958
f 1963 196 1964 1962
f 1964 194 1965 1962
f 1967 198 1968 1966
f 1968 199 1969 1966
f 1971 30 1972 1970
f 1972 201 1973 1970
f 1975 138 1976 1974
f 1976 137 1977 1974
f 1979 205 1980 1978
f 1980 206 1981 1978
f 1983 208 1984 1982
f 1984 209 1985 1982
f 1987 210 1988 1986
f 1988 209 1989 1986
f 1995 214 1996 1994
f 1996 215 1997 1994
f 1999 214 2000 1998
f 2000 217 2001 1998
f 2007 167 1914 2006
f 1914 168 2008 2006
f 2010 115 1832 2009
f 1832 117 2011 2009
f 2013 225 2014 2012
f 2014 123 2015 2012
f 1838 120 2017 2016
f 2017 223 2018 2016
f 1983 207 2020 2019
f 2020 113 2021 2019
f 1926 176 2023 2022
f 2023 140 2024 2022
f 2026 128 1854 2025
f 1854 127 1851 2025
f 2028 10 1678 2027
f 1678 12 2029 2027
f 2029 12 2031 2030
f 2031 226 2032 2030
f 2032 226 2034 2033
f 2034 180 2035 2033
f 2037 27 1700 2036
f 1700 26 2038 2036
f 2040 139 2041 2039
f 2041 228 2042 2039
f 2044 206 1980 2043
f 1980 205 2045 2043
f 2047 231 2048 2046
f 2048 49 2049 2046
f 1901 161 2051 2050
f 2051 232 2052 2050
f 2054 235 2055 2053
f 2055 105 2056 2053
f 2060 240 2061 2059
f 2061 241 2062 2059
f 2060 239 2064 2063
f 2064 238 2065 2063
f 2067 243 2068 2066
f 2068 244 2069 2066
f 2071 246 2072 2070
f 2072 247 2073 2070
f 2075 249 2076 2074
f 2076 250 2077 2074
f 2080 254 2081 2079
f 2081 255 2082 2079
f 2084 257 2085 2083
f 2085 258 2086 2083
f 2089 260 2090 2088
f 2090 261 2091 2088
f 2093 263 2094 2092
f 2094 264 2095 2092
f 2097 265 2098 2096
f 2098 266 2099 2096
f 2101 262 2102 2100
f 2102 269 2103 2100
f 2106 248 2077 2105
f 2077 250 2107 2105
f 2109 257 2110 2108
f 2110 273 2111 2108
f 2113 275 2114 2112
f 2114 245 2115 2112
f 2117 277 2118 2116
f 2122 281 2123 2121
f 2123 282 2124 2121
f 2126 282 2127 2125
f 2131 287 2132 2130
f 2132 288 2133 2130
f 2135 290 2136 2134
f 2136 291 2137 2134
f 2139 293 2140 2138
f 2140 294 2141 2138
f 2143 296 2144 2142
f 2144 297 2145 2142
f 2147 299 2148 2146
f 2148 300 2149 2146
f 2151 302 2152 2150
f 2152 303 2153 2150
f 2156 306 2157 2155
f 2157 307 2158 2155
f 2160 310 2161 2159
f 2161 311 2162 2159
f 2164 310 2160 2163
f 2160 309 2165 2163
f 2167 315 2168 2166
f 2168 316 2169 2166
f 2171 318 2172 2170
f 2172 319 2173 2170
f 2168 315 2175 2174
f 2175 320 2176 2174
f 2178 322 2179 2177
f 2179 323 2180 2177
f 2182 325 2183 2181
f 2183 326 2184 2181
f 2186 325 2182 2185
f 2182 324 2187 2185
f 2189 329 2190 2188
f 2190 267 2191 2188
f 2193 331 2194 2192
f 2194 332 2195 2192
f 2197 334 2198 2196
f 2198 332 2199 2196
f 2201 335 2202 2200
f 2202 336 2203 2200
f 2205 338 2206 2204
f 2206 339 2207 2204
f 2206 338 2209 2208
f 2209 328 2210 2208
f 2212 341 2213 2211
f 2213 342 2214 2211
f 2216 344 2217 2215
f 2217 345 2218 2215
f 2220 268 2103 2219
f 2103 269 2221 2219
f 2223 348 2224 2222
f 2224 349 2225 2222
f 2227 350 2228 2226
f 2228 351 2229 2226
f 2231 352 2232 2230
f 2232 353 2233 2230
f 2235 355 2236 2234
f 2236 356 2237 2234
f 2240 359 2241 2239
f 2244 362 2245 2243
f 2245 363 2246 2243
f 2248 269 2249 2247
f 2249 365 2250 2247
f 2252 352 2253 2251
f 2253 348 2223 2251
f 2255 366 2256 2254
f 2256 367 2257 2254
f 2259 350 2260 2258
f 2260 369 2261 2258
f 2263 371 2264 2262
f 2264 305 2265 2262
f 2267 373 2268 2266
f 2268 374 2269 2266
f 2271 328 2272 2270
f 2272 376 2273 2270
f 2275 377 2276 2274
f 2276 299 2277 2274
f 2279 378 2280 2278
f 2280 297 2281 2278
f 2283 362 2244 2282
f 2244 361 2284 2282
f 2286 381 2287 2285
f 2287 382 2288 2285
f 2291 385 2292 2290
f 2292 386 2293 2290
f 2295 380 2296 2294
f 2296 363 2297 2294
f 2299 362 2283 2298
f 2283 379 2300 2298
f 2302 387 2303 2301
f 2303 287 2131 2301
f 2305 389 2306 2304
f 2306 390 2307 2304
f 2309 392 2310 2308
f 2310 393 2311 2308
f 2313 395 2314 2312
f 2314 396 2315 2312
f 2317 397 2318 2316
f 2318 394 2315 2316
f 2320 399 2321 2319
f 2321 389 2322 2319
f 2324 400 2325 2323
f 2325 292 2141 2323
f 2327 402 2328 2326
f 2328 403 2329 2326
f 2331 405 2332 2330
f 2332 406 2333 2330
f 2335 408 2336 2334
f 2336 405 2337 2334
f 2339 410 2340 2338
f 2340 411 2341 2338
f 2339 409 2343 2342
f 2343 412 2344 2342
f 2346 414 2347 2345
f 2347 415 2348 2345
f 2350 417 2351 2349
f 2351 415 2352 2349
f 2354 419 2355 2353
f 2355 420 2356 2353
f 2358 422 2359 2357
f 2359 423 2360 2357
f 2362 425 2363 2361
f 2363 426 2364 2361
f 2366 374 2367 2365
f 2367 428 2368 2365
f 2370 430 2371 2369
f 2371 431 2372 2369
f 2374 432 2375 2373
f 2375 372 2376 2373
f 2378 434 2379 2377
f 2379 435 2380 2377
f 2382 437 2383 2381
f 2383 438 2384 2381
f 2386 440 2387 2385
f 2387 441 2388 2385
f 2390 442 2391 2389
f 2391 443 2392 2389
f 2394 445 2395 2393
f 2395 446 2396 2393
f 2399 448 2400 2397
f 2402 450 2403 2401
f 2403 451 2404 2401
f 2406 453 2407 2405
f 2407 454 2408 2405
f 2410 456 2411 2409
f 2411 457 2412 2409
f 2410 455 2414 2413
f 2414 458 2415 2413
f 2417 460 2418 2416
f 2418 358 2419 2416
f 2421 462 2422 2420
f 2422 463 2423 2420
f 2425 465 2426 2424
f 2426 466 2427 2424
f 2429 468 2430 2428
f 2430 469 2431 2428
f 2392 443 2433 2432
f 2433 470 2434 2432
f 2436 472 2437 2435
f 2437 473 2438 2435
f 2440 475 2441 2439
f 2441 476 2442 2439
f 2444 479 2445 2443
f 2445 480 2446 2443
f 2448 485 2449 2447
f 2449 486 2450 2447
f 2452 391 2453 2451
f 2453 487 2454 2451
f 2456 489 2457 2455
f 2457 490 2458 2455
f 2460 492 2461 2459
f 2461 493 2462 2459
f 2464 495 2465 2463
f 2465 496 2466 2463
f 2468 498 2469 2467
f 2469 490 2470 2467
f 2472 500 2473 2471
f 2473 488 2474 2471
f 2476 502 2477 2475
f 2477 503 2478 2475
f 2480 505 2481 2479
f 2481 506 2482 2479
f 2484 508 2485 2483
f 2485 509 2486 2483
f 2488 510 2489 2487
f 2489 511 2490 2487
f 2489 510 2492 2491
f 2492 512 2493 2491
f 2495 514 2496 2494
f 2496 515 2497 2494
f 2499 517 2500 2498
f 2500 518 2501 2498
f 2503 520 2504 2502
f 2504 395 2505 2502
f 2507 521 2508 2506
f 2508 522 2509 2506
f 2511 524 2512 2510
f 2512 525 2513 2510
f 2515 527 2516 2514
f 2516 528 2517 2514
f 2519 530 2520 2518
f 2520 531 2521 2518
f 2523 530 2519 2522
f 2519 529 2524 2522
f 2526 526 2527 2525
f 2527 534 2528 2525
f 2530 536 2531 2529
f 2531 537 2532 2529
f 2534 539 2535 2533
f 2535 540 2536 2533
f 2538 542 2539 2537
f 2539 543 2540 2537
f 2542 545 2543 2541
f 2543 546 2544 2541
f 2546 548 2547 2545
f 2547 549 2548 2545
f 2550 550 2551 2549
f 2551 551 2552 2549
f 2554 553 2555 2553
f 2555 554 2556 2553
f 2558 553 2559 2557
f 2559 556 2560 2557
f 2562 558 2563 2561
f 2563 559 2564 2561
f 2566 560 2567 2565
f 2567 561 2568 2565
f 2570 563 2571 2569
f 2571 564 2572 2569
f 2574 566 2575 2573
f 2575 567 2576 2573
f 2578 569 2579 2577
f 2579 570 2580 2577
f 2582 572 2583 2581
f 2583 573 2584 2581
f 2586 555 2587 2585
f 2587 574 2588 2585
f 2590 576 2591 2589
f 2591 577 2592 2589
f 2594 578 2595 2593
f 2595 579 2596 2593
f 2598 581 2599 2597
f 2599 582 2600 2597
f 2602 584 2603 2601
f 2603 585 2604 2601
f 2606 561 2607 2605
f 2607 587 2608 2605
f 2610 588 2611 2609
f 2611 589 2612 2609
f 2611 588 2614 2613
f 2614 590 2615 2613
f 2617 592 2618 2616
f 2618 416 2619 2616
f 2621 594 2622 2620
f 2622 595 2623 2620
f 2625 597 2626 2624
f 2626 598 2627 2624
f 2629 600 2630 2628
f 2630 601 2631 2628
f 2633 600 2634 2632
f 2634 603 2635 2632
f 2637 605 2638 2636
f 2638 606 2639 2636
f 2641 607 2642 2640
f 2642 608 2643 2640
f 2645 610 2646 2644
f 2646 611 2647 2644
f 2649 613 2650 2648
f 2650 614 2651 2648
f 2653 616 2654 2652
f 2654 617 2655 2652
f 2657 619 2658 2656
f 2658 620 2659 2656
f 2661 619 2657 2660
f 2657 618 2662 2660
f 2664 623 2665 2663
f 2665 624 2666 2663
f 2668 615 2655 2667
f 2655 617 2669 2667
f 2671 626 2672 2670
f 2672 627 2673 2670
f 2675 628 2676 2674
f 2676 609 2677 2674
f 2679 630 2680 2678
f 2680 631 2681 2678
f 2649 612 2683 2682
f 2683 632 2684 2682
f 2686 633 2687 2685
f 2687 634 2688 2685
f 2690 635 2691 2689
f 2691 628 2675 2689
f 2693 637 2694 2692
f 2694 638 2695 2692
f 2697 640 2698 2696
f 2698 641 2699 2696
f 2701 643 2702 2700
f 2702 644 2703 2700
f 2705 646 2706 2704
f 2706 647 2707 2704
f 2709 649 2710 2708
f 2710 650 2711 2708
f 2713 652 2714 2712
f 2714 653 2715 2712
f 2717 655 2718 2716
f 2718 656 2719 2716
f 2721 658 2722 2720
f 2722 659 2723 2720
f 2725 661 2726 2724
f 2726 662 2727 2724
f 2729 664 2730 2728
f 2730 665 2731 2728
f 2733 667 2734 2732
f 2734 668 2735 2732
f 2737 670 2738 2736
f 2738 671 2739 2736
f 2741 672 2742 2740
f 2742 673 2743 2740
f 2745 675 2746 2744
f 2746 676 2747 2744
f 2749 677 2750 2748
f 2750 678 2751 2748
f 2753 680 2754 2752
f 2754 681 2755 2752
f 2757 682 2758 2756
f 2758 683 2759 2756
f 2761 685 2762 2760
f 2762 686 2763 2760
f 2765 688 2766 2764
f 2766 689 2767 2764
f 2769 677 2770 2768
f 2770 691 2771 2768
f 2773 692 2774 2772
f 2774 693 2775 2772
f 2777 695 2778 2776
f 2778 696 2779 2776
f 2781 698 2782 2780
f 2782 699 2783 2780
f 2785 701 2786 2784
f 2786 702 2787 2784
f 2786 701 2789 2788
f 2789 703 2790 2788
f 2792 705 2793 2791
f 2793 706 2794 2791
f 2796 708 2797 2795
f 2797 709 2798 2795
f 2800 711 2801 2799
f 2801 712 2802 2799
f 2804 714 2805 2803
f 2805 715 2806 2803
f 2808 716 2809 2807
f 2809 717 2810 2807
f 2812 719 2813 2811
f 2813 720 2814 2811
f 2816 722 2817 2815
f 2817 723 2818 2815
f 2820 724 2821 2819
f 2821 725 2822 2819
f 2824 727 2825 2823
f 2825 715 2826 2823
f 2828 728 2829 2827
f 2829 725 2821 2827
f 2831 729 2832 2830
f 2832 730 2833 2830
f 2835 732 2836 2834
f 2836 733 2837 2834
f 2839 735 2840 2838
f 2840 736 2841 2838
f 2843 704 2844 2842
f 2844 738 2845 2842
f 2847 740 2848 2846
f 2848 741 2849 2846
f 2851 743 2852 2850
f 2852 744 2853 2850
f 2855 750 2856 2854
f 2856 751 2857 2854
f 2859 753 2860 2858
f 2860 751 2861 2858
f 2863 755 2864 2862
f 2864 756 2865 2862
f 2867 760 2868 2866
f 2868 761 2869 2866
f 2871 662 2872 2870
f 2872 763 2873 2870
f 2869 761 2875 2874
f 2875 762 2876 2874
f 2878 765 2879 2877
f 2879 766 2880 2877
f 2882 695 2883 2881
f 2883 703 2884 2881
f 2886 771 2887 2885
f 2887 707 2888 2885
f 2890 705 2891 2889
f 2891 713 2892 2889
f 2894 716 2895 2893
f 2895 773 2896 2893
f 2898 727 2899 2897
f 2899 722 2816 2897
f 2901 774 2902 2900
f 2902 729 2831 2900
f 2904 776 2905 2903
f 2905 777 2906 2903
f 2908 738 2909 2907
f 2909 770 2910 2907
f 2912 780 2913 2911
f 2913 718 2914 2911
f 2916 782 2917 2915
f 2917 783 2918 2915
f 2920 785 2921 2919
f 2921 786 2922 2919
f 2924 787 2925 2923
f 2925 788 2926 2923
f 2928 692 2929 2927
f 2929 690 2930 2927
f 2932 607 2933 2931
f 2933 611 2934 2931
f 2936 790 2937 2935
f 2937 791 2938 2935
f 2940 789 2938 2939
f 2938 791 2941 2939
f 2943 792 2944 2942
f 2944 793 2945 2942
f 2947 795 2948 2946
f 2948 796 2949 2946
f 2951 798 2952 2950
f 2952 620 2953 2950
f 2955 800 2956 2954
f 2956 801 2957 2954
f 2959 802 2960 2958
f 2960 803 2961 2958
f 2963 804 2964 2962
f 2964 616 2965 2962
f 2591 576 2967 2966
f 2967 806 2968 2966
f 2970 808 2971 2969
f 2971 809 2972 2969
f 2974 811 2975 2973
f 2975 812 2976 2973
f 2978 813 2979 2977
f 2979 814 2980 2977
f 2982 564 2983 2981
f 2983 815 2984 2981
f 2986 817 2987 2985
f 2987 565 2988 2985
f 2990 820 2991 2989
f 2991 821 2992 2989
f 2994 823 2995 2993
f 2995 824 2996 2993
f 2998 826 2999 2997
f 2999 827 3000 2997
f 3002 500 2472 3001
f 2472 499 3003 3001
f 3005 829 3006 3004
f 3006 830 3007 3004
f 3009 832 3010 3008
f 3010 833 3011 3008
f 3013 834 3014 3012
f 3014 539 3015 3012
f 3017 509 3018 3016
f 3018 831 3019 3016
f 3021 837 3022 3020
f 3022 681 2754 3020
f 3024 839 3025 3023
f 3025 840 3026 3023
f 3028 842 3029 3027
f 3029 843 3030 3027
f 3032 844 3033 3031
f 3033 647 2706 3031
f 3035 846 3036 3034
f 3036 847 3037 3034
f 3039 646 3040 3038
f 3040 849 3041 3038
f 3043 844 3032 3042
f 3032 646 3044 3042
f 3046 851 3047 3045
f 3047 852 3048 3045
f 3050 661 3051 3049
f 3051 854 3052 3049
f 3054 307 2157 3053
f 2157 306 3055 3053
f 2268 373 3057 3056
f 3057 855 3058 3056
f 3060 857 3061 3059
f 3061 858 3062 3059
f 3064 860 3065 3063
f 3065 861 3066 3063
f 3068 862 3069 3067
f 3069 341 3070 3067
f 3072 864 3073 3071
f 3073 340 3074 3071
f 3076 863 3077 3075
f 3077 866 3078 3075
f 3081 307 3054 3080
f 3054 373 2267 3080
f 3083 318 3084 3082
f 3084 324 3085 3082
f 3087 869 3088 3086
f 3088 870 3089 3086
f 3091 872 3092 3090
f 3092 873 3093 3090
f 3095 874 3096 3094
f 3096 398 3097 3094
f 2324 294 3099 3098
f 3099 875 3100 3098
f 3102 877 3103 3101
f 3103 878 3104 3101
f 3106 880 3107 3105
f 3107 881 3108 3105
f 3110 883 3111 3109
f 3111 408 3112 3109
f 3114 884 3115 3113
f 3115 544 3116 3113
f 3118 885 3119 3117
f 3119 886 3120 3117
f 3122 479 3123 3121
f 3123 418 2356 3121
f 3125 888 3126 3124
f 3126 426 3127 3124
f 3129 887 3130 3128
f 3130 422 3131 3128
f 3133 890 3134 3132
f 3134 801 3135 3132
f 3137 766 2879 3136
f 2879 765 3138 3136
f 3140 459 2419 3139
f 2419 358 3141 3139
f 3143 892 3144 3142
f 3144 400 3145 3142
f 3147 653 2714 3146
f 2714 652 3148 3146
f 3150 493 2461 3149
f 2461 492 3151 3149
f 2458 490 2469 3152
f 2469 498 3153 3152
f 3155 515 2496 3154
f 2496 514 3156 3154
f 3158 896 3159 3157
f 3159 897 3160 3157
f 3162 876 3163 3161
f 3163 881 3164 3161
f 3166 899 3167 3165
f 3167 523 3168 3165
f 3170 901 3171 3169
f 3171 902 3172 3169
f 3174 563 2570 3173
f 2570 562 3175 3173
f 3175 562 3177 3176
f 3177 573 3178 3176
f 3180 905 3181 3179
f 3181 906 3182 3179
f 3184 908 3185 3183
f 3185 909 3186 3183
f 3188 911 3189 3187
f 3189 909 3190 3187
f 3192 581 2598 3191
f 2598 580 3193 3191
f 3195 913 3196 3194
f 3196 914 3197 3194
f 3199 916 3200 3198
f 3200 591 3201 3198
f 3203 917 3204 3202
f 3204 601 2643 3202
f 2933 607 2641 3205
f 2641 601 3206 3205
f 2964 804 3208 3207
f 3208 918 3209 3207
f 3211 634 2687 3210
f 2687 633 3212 3210
f 3214 920 3215 3213
f 3215 618 2659 3213
f 3217 921 3218 3216
f 3218 621 2662 3216
f 3220 923 3221 3219
f 3221 757 3222 3219
f 3224 849 3040 3223
f 3040 646 2705 3223
f 3226 740 3227 3225
f 3227 652 2713 3225
f 3229 925 3230 3228
f 3230 764 3231 3228
f 3233 685 2761 3232
f 2761 684 3234 3232
f 2926 788 3236 3235
f 3236 702 3237 3235
f 3239 767 3240 3238
f 3240 928 3241 3238
f 3243 748 3244 3242
f 3244 927 3245 3242
f 3247 778 3248 3246
f 3248 927 3249 3246
f 3251 769 3252 3250
f 3252 699 3253 3250
f 2781 697 3255 3254
f 3255 931 3256 3254
f 2804 713 2891 3257
f 2891 705 3258 3257
f 3260 719 2812 3259
f 2812 718 3261 3259
f 3263 723 2817 3262
f 2817 722 2822 3262
f 2905 776 3265 3264
f 3265 932 3266 3264
f 3268 934 3269 3267
f 3269 935 3270 3267
f 2922 786 3272 3271
f 3272 656 3273 3271
f 3275 936 3276 3274
f 3276 937 3277 3274
f 3052 854 3279 3278
f 3279 845 3280 3278
f 3036 846 3282 3281
f 3282 938 3283 3281
f 3285 939 3286 3284
f 3286 603 3287 3284
f 2848 740 3226 3288
f 3226 651 3289 3288
f 3291 614 3292 3290
f 3292 615 3293 3290
f 3295 640 3296 3294
f 3296 546 2543 3294
f 3298 567 2575 3297
f 2575 566 3299 3297
f 3301 943 3302 3300
f 3302 822 2996 3300
f 2994 822 3304 3303
f 3304 944 3305 3303
f 3307 946 3308 3306
f 3308 947 3309 3306
f 3311 514 2495 3310
f 2495 513 3312 3310
f 3314 949 3315 3313
f 3315 950 3316 3313
f 3318 953 3319 3317
f 3319 954 3320 3317
f 3320 951 3321 3317
f 3323 140 3324 3322
f 3324 954 3319 3322
f 3319 953 3325 3322
f 3327 139 3328 3326
f 3328 140 3323 3326
f 3323 4 1670 3326
f 1668 4 3325 3329
f 3325 953 3330 3329
f 3330 955 3331 3329
f 3333 5 3334 3332
f 3334 141 3335 3332
f 3337 957 3338 3336
f 3338 141 3334 3336
f 3334 5 3331 3336
f 3340 9 1673 3339
f 1673 8 3341 3339
f 3341 959 3342 3339
f 3344 178 1933 3343
f 1933 180 3345 3343
f 3347 178 3344 3346
f 3344 960 3348 3346
f 3348 962 3349 3346
f 3351 31 3352 3350
f 3352 961 3349 3350
f 3349 962 3353 3350
f 3355 965 3356 3354
f 3356 966 3357 3354
f 3357 144 3358 3354
f 3360 968 3361 3359
f 3361 15 1681 3359
f 1681 14 3362 3359
f 1664 1 3364 3363
f 3364 75 3365 3363
f 3365 145 3366 3363
f 3369 970 3370 3367
f 3370 970 3372 3371
f 3372 971 3373 3371
f 3373 972 3374 3371
f 3376 21 1694 3375
f 1694 22 3377 3375
f 3377 972 3373 3375
f 3379 25 1697 3378
f 1697 24 3380 3378
f 3380 26 1702 3378
f 3382 18 3383 3381
f 3383 971 3384 3381
f 3384 967 3362 3381
f 1866 133 3386 3385
f 3386 971 3383 3385
f 3383 18 1685 3385
f 3388 75 1768 3387
f 3390 975 3391 3389
f 3393 179 3394 3392
f 3394 976 3395 3392
f 3395 205 1979 3392
f 1931 178 3397 3396
f 3397 977 3398 3396
f 3398 976 3394 3396
f 3400 978 3401 3399
f 3401 38 3402 3399
f 3404 41 3405 3403
f 3405 980 3406 3403
f 3406 981 3407 3403
f 3409 981 3406 3408
f 3406 980 3410 3408
f 3410 983 3411 3408
f 3413 182 1936 3412
f 1936 33 1708 3412
f 1708 32 3414 3412
f 3416 184 3417 3415
f 3417 182 3413 3415
f 3413 46 1728 3415
f 1939 184 3416 3418
f 3416 45 3419 3418
f 3419 64 3420 3418
f 3422 65 1758 3421
f 1758 67 3423 3421
f 3423 183 1940 3421
f 3425 984 3426 3424
f 3426 203 3427 3424
f 3427 34 1935 3424
f 1714 37 1717 3428
f 1717 39 3429 3428
f 3429 193 1955 3428
f 1745 57 3431 3430
f 3431 37 1713 3430
f 1713 36 3432 3430
f 3434 985 3435 3433
f 3435 135 3436 3433
f 3436 986 3437 3433
f 3439 58 3432 3438
f 3432 36 3440 3438
f 1942 187 1948 3441
f 1948 189 3442 3441
f 3442 47 3443 3441
f 3442 189 1952 3444
f 1952 191 3445 3444
f 3445 62 3446 3444
f 3449 156 3447 3448
f 3447 987 3450 3448
f 3450 192 1956 3448
f 2049 49 1892 3453
f 3455 36 1712 3454
f 1712 35 1954 3454
f 1954 192 3456 3454
f 3458 186 3440 3457
f 3440 36 3455 3457
f 3455 989 3459 3457
f 3461 991 3462 3460
f 3462 992 3463 3460
f 3463 52 3464 3460
f 3449 193 3466 3465
f 3466 129 1861 3465
f 1861 131 1957 3465
f 3461 990 3468 3467
f 3468 48 1734 3467
f 1734 50 3469 3467
f 3471 53 1742 3470
f 1742 55 1965 3470
f 1965 194 1961 3470
f 3469 50 1959 3472
f 1959 194 3473 3472
f 3473 992 3462 3472
f 1724 42 3475 3474
f 3475 993 3476 3474
f 3476 994 3477 3474
f 3479 995 3480 3478
f 3480 996 3481 3478
f 3481 997 3482 3478
f 3484 998 3485 3483
f 3485 995 3479 3483
f 3487 998 3484 3486
f 3484 149 3488 3486
f 3488 1000 3489 3486
f 3493 999 3494 3492
f 3496 191 3497 3495
f 3497 146 3498 3495
f 3498 1002 3499 3495
f 3501 62 3445 3500
f 3445 191 3496 3500
f 3496 125 1846 3500
f 1850 127 1853 3502
f 1853 63 1752 3502
f 1752 62 3501 3502
f 3504 66 1756 3503
f 1756 65 3505 3503
f 3505 128 3506 3503
f 3508 34 3509 3507
f 3509 1004 3510 3507
f 3510 1005 3511 3507
f 3513 229 2045 3512
f 2045 205 3514 3512
f 3514 197 1969 3512
f 3516 1006 3517 3515
f 3517 1007 3518 3515
f 3518 198 1967 3515
f 3520 61 1749 3519
f 1749 60 3521 3519
f 3521 1009 3522 3519
f 3422 185 3420 3523
f 3420 64 1857 3523
f 1857 128 3505 3523
f 3525 137 3526 3524
f 3526 67 1757 3524
f 1757 66 3504 3524
f 3528 227 2042 3527
f 2042 228 3529 3527
f 3529 202 1977 3527
f 1761 69 3531 3530
f 3531 68 3532 3530
f 3532 1010 3533 3530
f 3535 67 3526 3534
f 3526 137 1976 3534
f 1976 138 3536 3534
f 3509 34 3427 3537
f 3427 203 3536 3537
f 3536 138 3538 3537
f 3355 964 3540 3539
f 3540 130 1859 3539
f 1859 129 3541 3539
f 3543 142 3544 3542
f 3544 963 3353 3542
f 3547 1012 3548 3545
f 3551 1011 3546 3549
f 3553 104 3554 3552
f 3554 1013 3555 3552
f 3557 83 1779 3556
f 1779 82 3558 3556
f 3558 76 1776 3556
f 3560 1014 3561 3559
f 3561 1015 3562 3559
f 3562 82 1778 3559
f 3565 83 3557 3564
f 3557 80 3566 3564
f 3569 173 3570 3568
f 3570 1019 3571 3568
f 3571 1020 3572 3568
f 3574 1019 3570 3573
f 3570 173 1921 3573
f 1921 93 1797 3573
f 3576 1022 3577 3575
f 3577 1020 3571 3575
f 3571 1019 3578 3575
f 3580 1023 3581 3579
f 3581 171 1917 3579
f 1917 170 3582 3579
f 3584 95 1796 3583
f 1796 94 3585 3583
f 3585 171 3581 3583
f 3587 1024 3588 3586
f 3588 1025 3589 3586
f 3589 1021 3578 3586
f 3591 99 1803 3590
f 1803 88 3592 3590
f 3592 1021 3589 3590
f 3594 98 1800 3593
f 1800 97 1844 3593
f 1844 122 3595 3593
f 3597 1027 3598 3596
f 3598 1026 3595 3596
f 3595 122 1839 3596
f 3600 211 3601 3599
f 3601 1027 3597 3599
f 3597 121 3602 3599
f 3605 1026 3598 3603
f 3609 1031 3610 3608
f 3610 1032 3611 3608
f 3611 1033 3612 3608
f 3614 1034 3615 3613
f 3615 1035 3616 3613
f 3616 102 1809 3613
f 3614 103 3618 3617
f 3620 1038 3621 3619
f 3623 1035 3615 3622
f 3625 1035 3623 3624
f 3623 1036 3621 3624
f 3621 1038 3626 3624
f 3628 1040 3629 3627
f 3629 1041 3630 3627
f 3630 279 3631 3627
f 3634 1040 3635 3633
f 3635 1043 3632 3633
f 3638 216 3639 3637
f 3639 1015 3561 3637
f 3561 1014 3640 3637
f 1996 214 1999 3641
f 1999 216 3638 3641
f 3638 1045 3642 3641
f 1997 215 3644 3643
f 2004 219 3645 3643
f 3562 1015 3647 3646
f 3647 235 2054 3646
f 2054 234 3648 3646
f 3642 1045 3650 3649
f 3640 1014 3652 3651
f 3652 1047 3653 3651
f 3653 1046 3650 3651
f 3655 1048 3656 3654
f 3656 222 3657 3654
f 3657 1049 3658 3654
f 3661 109 1819 3659
f 1819 107 3662 3659
f 3664 165 3665 3663
f 3665 235 3666 3663
f 3666 1050 3667 3663
f 3669 1051 3670 3668
f 3670 1012 3671 3668
f 3671 224 3672 3668
f 1822 110 3674 3673
f 3674 1052 3675 3673
f 3675 159 3676 3673
f 3678 1053 3679 3677
f 3679 1054 3680 3677
f 3680 1055 3681 3677
f 3683 126 3684 3682
f 3684 1053 3678 3682
f 3678 169 3685 3682
f 3687 128 2026 3686
f 2026 126 3683 3686
f 3683 1056 3688 3686
f 3690 1003 3506 3689
f 3506 128 3687 3689
f 3687 172 3691 3689
f 1842 97 3693 3692
f 3693 157 3672 3692
f 3672 224 2015 3692
f 1900 160 3695 3694
f 3695 123 2014 3694
f 2014 225 3696 3694
f 3698 1049 3699 3697
f 3699 1028 3602 3697
f 3602 121 2018 3697
f 3701 158 3702 3700
f 3702 96 3703 3700
f 3703 208 2021 3700
f 2023 176 3705 3704
f 3705 1058 3706 3704
f 3706 954 3324 3704
f 3708 174 2024 3707
f 2024 140 3328 3707
f 3328 139 2040 3707
f 3710 112 3711 3709
f 3711 1054 3712 3709
f 3712 1059 3713 3709
f 1993 212 3716 3715
f 3676 159 1897 3717
f 1897 158 3701 3717
f 3701 113 3718 3717
f 3393 204 2035 3719
f 2035 180 1932 3719
f 3721 1060 3722 3720
f 3722 956 3723 3720
f 3723 10 2028 3720
f 3725 6 1669 3724
f 1669 5 3333 3724
f 3333 956 3722 3724
f 3342 959 3727 3726
f 3727 180 3728 3726
f 3728 1061 3729 3726
f 3731 181 3732 3730
f 3732 20 3733 3730
f 3736 57 1744 3735
f 1744 56 3737 3735
f 3737 136 3738 3735
f 3740 1063 3741 3739
f 3741 72 1767 3739
f 3436 135 1871 3742
f 1871 136 3737 3742
f 3737 56 3743 3742
f 3745 201 1972 3744
f 1972 30 1704 3744
f 3747 201 3745 3746
f 3745 29 3748 3746
f 3750 1061 3728 3749
f 3728 180 2034 3749
f 2034 226 2031 3749
f 3731 7 3752 3751
f 3752 957 3753 3751
f 1688 19 3755 3754
f 3755 27 2037 3754
f 3757 968 3360 3756
f 3360 967 3758 3756
f 3758 970 3369 3756
f 3376 971 3386 3759
f 3386 133 1874 3759
f 3379 28 1875 3760
f 1875 133 1867 3760
f 1867 132 3761 3760
f 3763 18 3764 3762
f 3764 142 3543 3762
f 3543 962 3348 3762
f 3366 145 1881 3765
f 1881 144 3357 3765
f 3357 966 3766 3765
f 3757 969 3768 3767
f 3768 75 3769 3767
f 3388 973 3770 3772
f 3776 187 3777 3775
f 3777 1065 3778 3775
f 3778 52 1737 3775
f 1725 43 3780 3779
f 3780 148 1885 3779
f 1885 147 3781 3779
f 3783 150 3784 3782
f 3784 149 3482 3782
f 3482 997 3785 3782
f 3787 1067 3788 3786
f 3788 1001 3789 3786
f 3789 1000 3790 3786
f 3792 152 1888 3791
f 1888 151 3491 3791
f 3491 1001 3788 3791
f 3703 96 1801 3793
f 1801 98 1989 3793
f 1989 209 1984 3793
f 1896 157 3693 3794
f 3693 97 1799 3794
f 1799 96 3702 3794
f 3669 157 1898 3795
f 1898 159 3675 3795
f 3675 1052 3796 3795
f 3798 1068 3799 3797
f 3799 115 2010 3797
f 2010 223 2017 3797
f 1830 115 3801 3800
f 3801 160 1902 3800
f 1902 162 3802 3800
f 3806 106 1908 3805
f 1908 165 3664 3805
f 3664 233 3803 3805
f 1817 108 1912 3807
f 1912 167 3808 3807
f 3808 166 1909 3807
f 3810 105 2055 3809
f 2055 235 3665 3809
f 3665 165 1910 3809
f 3636 1042 3811 3812
f 3653 1047 3813 3812
f 3816 85 1782 3814
f 3423 67 3535 3817
f 3535 203 3426 3817
f 3426 984 3818 3817
f 1791 90 3820 3819
f 3820 1055 3821 3819
f 3821 114 1827 3819
f 3582 170 1916 3822
f 1916 169 3681 3822
f 3681 1055 3820 3822
f 3569 1018 3824 3823
f 3824 1057 3691 3823
f 3691 172 1922 3823
f 1788 86 1928 3825
f 1928 177 3826 3825
f 3826 1058 3827 3825
f 3725 1060 3830 3829
f 3830 228 2041 3829
f 2041 139 3327 3829
f 3832 181 3833 3831
f 3833 953 3318 3831
f 3330 953 3833 3834
f 3833 181 3753 3834
f 3753 957 3337 3834
f 3836 11 1676 3835
f 1676 10 3723 3835
f 3723 956 3335 3835
f 3356 965 3838 3837
f 3838 31 3351 3837
f 3351 963 3839 3837
f 3345 180 3841 3840
f 3841 16 1686 3840
f 1686 18 3763 3840
f 3377 22 1693 3842
f 1693 19 1690 3842
f 3844 20 3732 3843
f 3732 181 3832 3843
f 3832 1062 3845 3843
f 3847 964 3358 3846
f 3358 144 1880 3846
f 1880 143 3848 3846
f 3390 974 3850 3849
f 3850 130 3540 3849
f 3540 964 3847 3849
f 3347 961 3852 3851
f 3852 200 3853 3851
f 3853 977 3397 3851
f 3855 1071 3856 3854
f 3856 129 3466 3854
f 3466 193 3429 3854
f 3855 39 1716 3857
f 1716 38 3401 3857
f 3401 978 3858 3857
f 3411 983 3860 3859
f 3860 32 1710 3859
f 1710 34 3508 3859
f 3736 38 1718 3861
f 1718 37 3431 3861
f 3863 980 3405 3862
f 3405 41 1721 3862
f 1721 40 3864 3862
f 3434 58 3439 3865
f 3439 186 3866 3865
f 3866 1072 3867 3865
f 3869 985 3867 3868
f 3867 1072 3870 3868
f 3870 1073 3871 3868
f 3873 1065 3874 3872
f 3874 73 3871 3872
f 3871 1073 3875 3872
f 1766 73 3874 3876
f 3874 1065 3777 3876
f 3777 187 1944 3876
f 1736 42 1726 3877
f 1726 44 1946 3877
f 1946 187 3776 3877
f 1951 190 3879 3878
f 3879 147 1884 3878
f 1884 146 3497 3878
f 3881 188 3443 3880
f 3443 47 1729 3880
f 1729 46 3414 3880
f 3740 74 3883 3882
f 3883 983 3410 3882
f 3410 980 3863 3882
f 3860 983 3883 3884
f 3883 74 1943 3884
f 1943 188 3881 3884
f 3875 1073 3870 3886
f 3870 1072 3887 3886
f 3887 1075 3888 3886
f 3890 195 1960 3889
f 1960 50 1733 3889
f 1733 49 2048 3889
f 3892 53 3471 3891
f 3471 195 3890 3891
f 3890 231 3893 3891
f 3895 993 3475 3894
f 3475 42 1738 3894
f 1738 52 3463 3894
f 1964 196 3897 3896
f 3897 993 3895 3896
f 3895 992 3473 3896
f 3899 54 1740 3898
f 1740 53 3892 3898
f 3892 152 3792 3898
f 3901 55 1741 3900
f 1741 54 3899 3900
f 3899 1067 3787 3900
f 3903 196 1963 3902
f 1963 55 3901 3902
f 3901 1066 3904 3902
f 3476 993 3897 3905
f 3897 196 3903 3905
f 3903 150 3783 3905
f 3907 146 1886 3906
f 1886 148 3908 3906
f 3908 997 3481 3906
f 3494 999 3489 3909
f 3489 1000 3789 3909
f 3789 1001 3490 3909
f 3911 998 3487 3910
f 3487 999 3493 3910
f 3493 68 3531 3910
f 1763 71 3913 3912
f 3913 995 3485 3912
f 3485 998 3911 3912
f 3480 995 3913 3914
f 3913 71 3713 3914
f 3713 1059 3915 3914
f 3498 146 3907 3916
f 3907 996 3915 3916
f 3915 1059 3917 3916
f 3400 134 3919 3918
f 3919 60 1748 3918
f 1748 59 3920 3918
f 3409 982 3511 3921
f 3511 1005 3922 3921
f 3922 1007 3923 3921
f 3925 229 3513 3924
f 3513 199 3926 3924
f 3926 138 1975 3924
f 1973 201 3747 3927
f 3747 59 1750 3927
f 1750 61 3928 3927
f 3520 1008 3930 3929
f 3930 977 3853 3929
f 3853 200 3928 3929
f 3932 1008 3522 3931
f 3522 1009 3933 3931
f 3933 1007 3517 3931
f 1730 47 3446 3934
f 3446 62 1754 3934
f 1754 64 3419 3934
f 3407 981 3923 3935
f 3923 1007 3933 3935
f 3933 1009 3936 3935
f 3532 68 1759 3937
f 3939 1075 3887 3938
f 3887 1072 3866 3938
f 3866 186 3458 3938
f 3721 204 1981 3940
f 1981 206 3941 3940
f 3941 228 3830 3940
f 3850 974 3714 3942
f 3838 965 3541 3943
f 3541 129 3944 3943
f 3944 29 1706 3943
f 3944 129 3856 3945
f 3856 1071 3946 3945
f 3748 29 3946 3947
f 3946 1071 3858 3947
f 3858 978 3920 3947
f 1765 72 3949 3948
f 3949 135 3435 3948
f 3435 985 3869 3948
f 3951 110 3952 3950
f 3952 70 3533 3950
f 3533 1010 3567 3950
f 3954 1052 3674 3953
f 3674 110 3951 3953
f 3951 1017 3955 3953
f 3670 1051 3957 3956
f 3555 1013 3959 3958
f 3959 164 3960 3958
f 3960 1016 3563 3958
f 3553 79 1774 3961
f 1774 76 1772 3961
f 1772 78 1811 3961
f 1770 76 3558 3962
f 3558 82 3648 3962
f 3648 234 3963 3962
f 3652 1014 3560 3964
f 3560 81 3965 3964
f 3965 85 3966 3964
f 3629 1040 3634 3967
f 3634 1044 3968 3967
f 3968 1069 3969 3967
f 3630 1041 3971 3970
f 1780 83 3565 3972
f 3565 84 1781 3972
f 3969 1069 3815 3974
f 3965 81 3973 3975
f 1929 86 1786 3976
f 1786 88 3978 3976
f 3980 1022 3981 3979
f 3981 87 1789 3979
f 1789 89 3982 3979
f 3572 1020 3577 3983
f 3577 1022 3980 3983
f 3980 175 3984 3983
f 1785 87 3981 3985
f 3981 1022 3576 3985
f 3576 1021 3592 3985
f 3987 1070 3828 3986
f 3988 100 3989 3986
f 3991 1078 3992 3990
f 3992 1077 3989 3990
f 3989 100 1804 3990
f 3994 1031 3995 3993
f 3995 1078 3991 3993
f 3991 99 3591 3993
f 3997 1032 3610 3996
f 3610 1031 3994 3996
f 3994 1025 3588 3996
f 3999 1079 4000 3998
f 4000 1032 3997 3998
f 3997 1024 4001 3998
f 3999 1023 3580 4002
f 3580 90 1793 4002
f 1793 92 4003 4002
f 4005 1079 4003 4004
f 4003 92 4006 4004
f 4006 113 2020 4004
f 1988 210 4008 4007
f 4008 1079 4005 4007
f 4005 207 1985 4007
f 4010 1033 4011 4009
f 4011 210 1987 4009
f 1987 98 1807 4009
f 4008 210 4011 4012
f 4011 1033 3611 4012
f 3611 1032 4000 4012
f 4014 1078 3995 4013
f 3995 1031 3609 4013
f 3609 1030 3626 4013
f 4016 1077 3992 4015
f 3992 1078 4014 4015
f 4014 1038 3620 4015
f 3987 1077 4016 4017
f 4016 1037 4018 4017
f 3584 1023 4001 4019
f 4001 1024 3587 4019
f 3587 1019 3574 4019
f 3978 88 1805 4020
f 1805 100 3988 4020
f 3605 1029 3618 4021
f 3618 103 1808 4021
f 1808 98 3594 4021
f 3616 1035 3625 4022
f 3625 1030 3612 4022
f 3612 1033 4010 4022
f 4024 1043 3635 4023
f 3635 1040 3628 4023
f 3628 1039 4025 4023
f 4024 1080 4028 4026
f 4032 216 2001 4031
f 2001 217 3804 4031
f 4032 1050 3666 4033
f 3666 235 3647 4033
f 3647 1015 3639 4033
f 4035 1082 4036 4034
f 4036 1048 3655 4034
f 3655 118 1836 4034
f 4035 119 4038 4037
f 4038 104 1813 4037
f 1813 105 4039 4037
f 4036 1082 4039 4040
f 4039 105 3810 4040
f 3810 166 4041 4040
f 3662 107 1815 4042
f 1815 106 3806 4042
f 4041 166 3808 4043
f 3808 167 2007 4043
f 2007 222 3656 4043
f 1913 108 1820 4044
f 1820 109 3716 4044
f 1992 211 4047 4046
f 4047 222 2008 4046
f 3600 1028 3699 4048
f 3699 1049 3657 4048
f 3657 222 4047 4048
f 3698 223 2011 4049
f 2011 117 1834 4049
f 1834 118 3658 4049
f 3959 1013 4051 4050
f 4051 117 1831 4050
f 1831 116 1905 4050
f 3696 225 4053 4052
f 4053 1011 3551 4052
f 3551 232 2051 4052
f 3671 1012 3547 4054
f 3547 1011 4053 4054
f 4053 225 2013 4054
f 1823 111 3718 4055
f 3718 113 1828 4055
f 1828 114 4056 4055
f 3680 1054 3711 4057
f 3711 112 4056 4057
f 4056 114 3821 4057
f 3525 1003 3690 4058
f 3690 1057 4059 4058
f 4006 92 1792 4060
f 1792 91 1826 4060
f 4051 1013 3554 4061
f 3554 104 4038 4061
f 4038 119 1835 4061
f 4063 1068 3798 4062
f 3798 120 1840 4062
f 1840 122 1843 4062
f 3706 1058 3826 4065
f 3826 177 4064 4065
f 3708 227 3528 4066
f 3528 137 4059 4066
f 4059 1057 4067 4066
f 1824 112 3710 4068
f 3710 71 1762 4068
f 1762 70 3952 4068
f 3712 1054 3679 4069
f 3679 1053 4070 4069
f 4070 1002 3917 4069
f 4070 1053 3684 4071
f 3684 126 1847 4071
f 1847 125 3499 4071
f 1696 23 4073 4072
f 4073 180 3727 4072
f 3727 959 4074 4072
f 3341 8 4076 4075
f 4076 26 3380 4075
f 3380 24 4074 4075
f 4076 8 1672 4077
f 1672 7 3733 4077
f 3733 20 2038 4077
f 3925 202 3529 4078
f 3529 228 3941 4078
f 3941 206 2044 4078
f 3516 197 3514 4079
f 3514 205 3395 4079
f 3395 976 4080 4079
f 3932 1006 4080 4081
f 4080 976 3398 4081
f 3398 977 3930 4081
f 3352 31 1705 4082
f 1705 30 1971 4082
f 1971 200 3852 4082
f 4084 979 3936 4083
f 3936 1009 3521 4083
f 3521 60 3919 4083
f 3404 979 4084 4085
f 4084 134 3402 4085
f 3402 38 1722 4085
f 3864 40 1869 4086
f 1869 135 3949 4086
f 3949 72 3741 4086
f 3743 56 1746 4087
f 1746 58 3437 4087
f 3738 136 1870 4088
f 1870 40 1720 4088
f 3926 199 4090 4089
f 4090 1004 3538 4089
f 4090 199 1968 4091
f 1968 198 4092 4091
f 4092 1005 3510 4091
f 4092 198 3518 4093
f 3518 1007 3922 4093
f 4073 23 4095 4094
f 4095 16 3841 4094
f 3729 1061 3750 4096
f 3750 12 1677 4096
f 1677 11 4097 4096
f 3836 141 4099 4098
f 4099 9 3340 4098
f 3340 958 4097 4098
f 3338 957 3752 4100
f 3752 7 1674 4100
f 1674 9 4099 4100
f 1692 21 1873 4101
f 1873 28 1701 4101
f 1701 27 3755 4101
f 3372 970 3758 4102
f 3758 967 3384 4102
f 1698 25 3761 4103
f 3761 132 1864 4103
f 1864 16 4095 4103
f 4105 1064 3771 4104
f 3391 975 3848 4104
f 1680 13 4107 4106
f 4107 142 3764 4106
f 3764 18 3382 4106
f 3365 75 3773 4108
f 3773 1064 4105 4108
f 4105 143 1882 4108
f 3839 963 3544 4109
f 3544 142 1878 4109
f 1878 2 3766 4109
f 4107 13 4111 4110
f 4111 3 1877 4110
f 3361 968 3769 4112
f 3769 75 3364 4112
f 3364 1 4113 4112
f 1666 3 4111 4114
f 4111 13 1682 4114
f 1682 15 4113 4114
f 1947 44 3781 4115
f 3781 147 3879 4115
f 3879 190 1950 4115
f 3477 994 3785 4116
f 3785 997 3908 4116
f 3908 148 3780 4116
f 3904 1066 3790 4117
f 3790 1000 3488 4117
f 3488 149 3784 4117
f 1889 152 3893 4118
f 3893 231 2047 4118
f 1732 48 4120 4119
f 4120 1075 3939 4119
f 3939 155 1893 4119
f 3888 1075 4120 4121
f 4120 48 3468 4121
f 3468 990 4122 4121
f 3873 1074 4122 4123
f 4122 990 3464 4123
f 3464 52 3778 4123
f 1894 155 3459 4124
f 3459 989 4125 4124
f 4125 989 3456 4126
f 3456 192 3450 4126
f 3957 1051 3796 4127
f 4130 232 3550 4128
f 3695 160 3801 4131
f 3801 115 3799 4131
f 3799 1068 4063 4131
f 4130 163 1906 4132
f 1906 116 3802 4132
f 3802 162 2052 4132
f 3960 164 1904 4133
f 3963 234 2056 4134
f 2056 105 1812 4134
f 1812 78 1771 4134
f 3966 85 3816 4135
f 3816 1069 3968 4135
f 3968 1044 3813 4135
f 1938 183 3818 4136
f 3818 984 3425 4136
f 3425 182 3417 4136
f 3585 94 4138 4137
f 4138 1056 3685 4137
f 3685 169 1918 4137
f 1795 93 1920 4139
f 1920 172 3688 4139
f 3688 1056 4138 4139
f 3984 175 1924 4140
f 1924 174 4067 4140
f 4067 1057 3824 4140
f 3982 89 3827 4141
f 3827 1058 3705 4141
f 3705 176 1925 4141
f 4149 1089 4150 4148
f 4150 1090 4151 4148
f 4151 1091 4152 4148
f 4152 1091 4155 4154
f 4155 270 2104 4154
f 4157 1093 4158 4156
f 4158 1094 4159 4156
f 4159 251 4160 4156
f 4162 1095 4163 4161
f 4163 1093 4157 4161
f 4157 1092 4164 4161
f 4167 1095 4162 4165
f 4169 1097 4170 4168
f 4170 1096 4166 4168
f 4173 1099 4174 4171
f 2067 242 4176 4175
f 4176 1100 4177 4175
f 4177 267 4178 4175
f 2113 274 4180 4179
f 4180 1101 4181 4179
f 4181 1102 4182 4179
f 4184 1103 4185 4183
f 4185 1104 4186 4183
f 4186 275 4182 4183
f 4188 1094 4158 4187
f 4158 1093 4189 4187
f 4189 250 4190 4187
f 4192 1106 4193 4191
f 4193 1094 4188 4191
f 4188 1105 4194 4191
f 4176 242 4194 4195
f 4194 1105 4196 4195
f 4196 1107 4197 4195
f 2076 249 4199 4198
f 4199 1107 4196 4198
f 4196 1105 4190 4198
f 4201 254 2080 4200
f 2080 253 2091 4200
f 2091 261 4202 4200
f 4204 1110 4205 4203
f 4205 265 2097 4203
f 2097 252 4206 4203
f 4210 274 2115 4209
f 2115 245 4211 4209
f 4211 258 4212 4209
f 4214 1111 4215 4213
f 4215 273 4216 4213
f 4216 1096 4170 4213
f 4218 1112 4219 4217
f 4219 1113 4220 4217
f 4220 1114 4221 4217
f 4223 1115 4224 4222
f 4224 1112 4218 4222
f 4218 1099 4173 4222
f 4226 1116 4227 4225
f 4227 1115 4223 4225
f 4223 1098 4208 4225
f 4229 261 2090 4228
f 2090 260 2087 4228
f 4232 1117 4233 4231
f 4233 1118 4234 4231
f 4234 1113 4219 4231
f 4236 1120 4237 4235
f 4237 1115 4227 4235
f 4227 1116 4238 4235
f 4224 1115 4237 4239
f 4237 1120 4240 4239
f 4240 1117 4232 4239
f 4242 1122 4243 4241
f 4243 1123 4244 4241
f 4244 1118 4245 4241
f 4247 1125 4248 4246
f 4248 866 4249 4246
f 4249 1126 4250 4246
f 4252 1128 4253 4251
f 4253 263 4254 4251
f 4254 1124 4255 4251
f 4257 1129 4258 4256
f 4258 1130 4259 4256
f 4259 1122 4242 4256
f 4263 264 4264 4262
f 4264 1133 4265 4262
f 4265 1131 4261 4262
f 4267 1135 4268 4266
f 4268 1136 4269 4266
f 4269 1137 4270 4266
f 4268 1135 4273 4271
f 4276 1138 4277 4274
f 4236 1119 4279 4278
f 4279 1129 4257 4278
f 4257 1121 4280 4278
f 4267 1134 4282 4281
f 4282 1139 4283 4281
f 4283 1140 4284 4281
f 4286 1130 4287 4285
f 4287 1137 4288 4285
f 4288 1133 4289 4285
f 4238 1116 4291 4290
f 4291 1141 4292 4290
f 4292 1139 4293 4290
f 4296 1104 4297 4295
f 4297 1107 4199 4295
f 4199 249 4298 4295
f 4177 1100 4300 4299
f 4300 1103 4301 4299
f 4305 1109 4306 4304
f 4306 1142 4307 4304
f 4307 1143 4308 4304
f 4311 236 2058 4310
f 4313 239 4314 4312
f 4314 1144 4315 4312
f 4315 1090 4150 4312
f 4313 1089 4153 4316
f 4159 1094 4193 4319
f 4193 1106 4317 4319
f 4322 1097 4169 4320
f 4221 1114 4321 4323
f 4325 1144 4314 4324
f 4314 239 2062 4324
f 2062 241 4326 4324
f 4328 267 4301 4327
f 4301 1103 4184 4327
f 4184 1102 4329 4327
f 4181 1101 4331 4330
f 4331 341 3069 4330
f 3069 862 4329 4330
f 4186 1104 4296 4332
f 4296 246 2071 4332
f 2071 245 2114 4332
f 4334 271 2107 4333
f 2107 250 4189 4333
f 4189 1093 4163 4333
f 4192 242 2069 4335
f 2069 244 2078 4335
f 4307 1142 4339 4338
f 4204 1109 4305 4340
f 4305 1108 4202 4340
f 4202 261 4229 4340
f 2073 247 4342 4341
f 4342 256 2086 4341
f 2086 258 4211 4341
f 2084 256 4344 4343
f 4344 271 4345 4343
f 4345 273 2110 4343
f 4216 273 4345 4346
f 4345 271 4334 4346
f 4334 1095 4167 4346
f 4220 1113 4348 4347
f 4348 1111 4214 4347
f 4214 1097 4322 4347
f 4230 259 4350 4349
f 4350 1141 4351 4349
f 4351 265 4205 4349
f 4354 1126 4249 4353
f 4249 866 4355 4353
f 4355 342 4212 4353
f 2109 272 4357 4356
f 4357 1126 4354 4356
f 4354 258 2085 4356
f 4234 1118 4244 4358
f 4244 1123 4359 4358
f 4359 1111 4348 4358
f 4280 1121 4245 4360
f 4245 1118 4233 4360
f 4233 1117 4240 4360
f 4362 1127 4363 4361
f 4363 272 4364 4361
f 4364 1123 4243 4361
f 4255 1124 4250 4365
f 4250 1126 4357 4365
f 4357 272 4363 4365
f 4254 263 4367 4366
f 4367 1146 4368 4366
f 4368 1125 4247 4366
f 4259 1130 4286 4369
f 4286 1128 4252 4369
f 4252 1127 4362 4369
f 4276 365 2249 4370
f 2249 269 2102 4370
f 2102 262 4371 4370
f 4373 1131 4265 4372
f 4265 1133 4288 4372
f 4288 1137 4269 4372
f 4350 259 4375 4374
f 4375 1140 4283 4374
f 4283 1139 4292 4374
f 4284 1140 4376 4377
f 4373 1136 4272 4378
f 4364 272 2111 4379
f 2111 273 4215 4379
f 4215 1111 4359 4379
f 4367 263 2093 4380
f 2093 262 2101 4380
f 2101 268 4381 4380
f 4371 262 2095 4382
f 2095 264 4263 4382
f 4263 1132 4383 4382
f 4253 1128 4289 4385
f 4289 1133 4264 4385
f 4264 264 2094 4385
f 4258 1129 4387 4386
f 4387 1134 4270 4386
f 4270 1137 4287 4386
f 4279 1119 4293 4388
f 4293 1139 4282 4388
f 4282 1134 4387 4388
f 4226 266 2098 4389
f 2098 265 4351 4389
f 4351 1141 4291 4389
f 4342 247 4391 4390
f 4391 248 2106 4390
f 2106 271 4344 4390
f 2072 246 4298 4392
f 4298 249 2075 4392
f 2075 248 4391 4392
f 4185 1103 4300 4393
f 4300 1100 4197 4393
f 4197 1107 4297 4393
f 2065 238 4294 4394
f 2068 243 4395 4394
f 2061 240 4395 4396
f 4395 243 4178 4396
f 4178 267 4397 4396
f 4326 241 4397 4398
f 4397 267 2190 4398
f 2190 329 4399 4398
f 4201 1108 4308 4400
f 4308 1143 4337 4400
f 4210 342 2213 4402
f 2213 341 4331 4402
f 4331 1101 4180 4402
f 4405 1149 4406 4403
f 4408 1151 4409 4407
f 4409 1147 4406 4407
f 4406 1149 4410 4407
f 2117 276 4412 4411
f 4412 1151 4408 4411
f 4408 1150 4413 4411
f 4418 1151 4412 4417
f 4412 276 4419 4417
f 4419 281 4420 4417
f 4422 280 2124 4421
f 2124 282 2126 4421
f 2126 283 2128 4421
f 4424 280 4422 4423
f 4422 284 4425 4423
f 4427 1157 4428 4426
f 4428 280 4424 4426
f 4424 1081 4028 4426
f 4430 1158 4431 4429
f 4431 1159 4432 4429
f 4432 1039 3631 4429
f 4434 1159 4431 4433
f 4431 1158 4435 4433
f 4413 1150 4441 4440
f 4438 1161 4443 4442
f 4443 1149 4405 4442
f 4419 276 2119 4444
f 2119 278 2127 4444
f 2127 282 2123 4444
f 4430 279 2120 4445
f 4447 1147 4409 4446
f 4409 1151 4418 4446
f 4418 1156 4448 4446
f 4447 1160 4436 4449
f 4432 1159 4451 4450
f 4451 1157 4427 4450
f 4427 1080 4025 4450
f 4434 1160 4448 4452
f 4448 1156 4453 4452
f 4453 1157 4451 4452
f 4453 1156 4420 4454
f 4420 281 2122 4454
f 2122 280 4428 4454
f 4443 1161 4456 4455
f 4456 1162 4441 4455
f 4441 1150 4410 4455
f 4460 287 4461 4459
f 4461 285 2129 4459
f 4463 286 2133 4462
f 2133 288 4464 4462
f 4464 1164 4465 4462
f 4467 1165 4468 4466
f 4468 1166 4469 4466
f 4469 1167 4470 4466
f 4472 356 4473 4471
f 4473 1166 4468 4471
f 4468 1165 4474 4471
f 4476 1165 4467 4475
f 4467 399 2320 4475
f 2320 398 3096 4475
f 4478 1170 4479 4477
f 4479 1171 4480 4477
f 4480 1172 4481 4477
f 4483 295 4484 4482
f 4484 1173 4485 4482
f 4485 331 2193 4482
f 4487 1175 4488 4486
f 4488 295 4483 4486
f 4483 330 4489 4486
f 4491 1177 4492 4490
f 4492 1175 4487 4490
f 4487 1174 4493 4490
f 4495 1179 4496 4494
f 4496 1177 4491 4494
f 4491 1176 4497 4494
f 4492 1177 4499 4498
f 4499 1180 4500 4498
f 4500 406 4501 4498
f 4503 378 4504 4502
f 4504 1181 4505 4502
f 4505 1170 4506 4502
f 2144 296 4508 4507
f 4508 303 2152 4507
f 2152 302 2281 4507
f 4495 1178 4510 4509
f 4510 349 4511 4509
f 4511 1182 4512 4509
f 4515 1185 4516 4514
f 4516 867 4517 4514
f 2375 432 4520 4519
f 4520 1187 4521 4519
f 4521 370 4522 4519
f 4524 1188 4525 4523
f 4527 1188 4524 4526
f 4524 308 4528 4526
f 4528 1190 4529 4526
f 3057 373 3055 4531
f 3055 306 4518 4531
f 4518 1186 4532 4531
f 2367 374 3058 4534
f 3058 855 4535 4534
f 4535 1191 4536 4534
f 4538 312 2165 4537
f 2165 309 4539 4537
f 4542 1164 4464 4541
f 4464 288 4543 4541
f 4543 1163 4544 4541
f 4546 857 4547 4545
f 4547 1193 4548 4545
f 3061 857 4546 4549
f 4546 1085 4309 4549
f 4552 315 2167 4551
f 2167 314 4553 4551
f 4311 1083 4555 4554
f 4555 319 4556 4554
f 4556 314 4557 4554
f 4555 1083 4145 4558
f 4145 1084 4559 4558
f 4559 317 2173 4558
f 4561 1194 4562 4560
f 4562 1087 4147 4560
f 4564 1195 4565 4563
f 4565 384 2289 4563
f 4568 859 3066 4567
f 3066 861 4569 4567
f 4569 871 4570 4567
f 4572 1198 4573 4571
f 4573 859 4568 4571
f 4568 1196 4574 4571
f 4576 1199 4577 4575
f 4577 1200 4578 4575
f 4578 320 4579 4575
f 4315 1144 4581 4580
f 4581 1201 4582 4580
f 4582 326 4583 4580
f 2186 327 4585 4584
f 4585 270 4155 4584
f 4155 1091 4586 4584
f 4588 1202 4589 4587
f 4589 1203 4590 4587
f 4590 1200 4577 4587
f 4592 1205 4593 4591
f 4593 1206 4594 4591
f 4594 335 4595 4591
f 4481 1172 4597 4596
f 4597 1205 4592 4596
f 4592 1204 4598 4596
f 4598 1204 4600 4599
f 4600 332 2194 4599
f 2194 331 4601 4599
f 4603 1207 4604 4602
f 4604 340 4605 4602
f 4605 1208 4606 4602
f 4608 1178 4497 4607
f 4497 1176 4609 4607
f 4609 1210 4610 4607
f 4612 1211 4613 4611
f 4613 1209 4610 4611
f 4610 1210 4614 4611
f 3073 864 4616 4615
f 4616 1211 4612 4615
f 4612 1208 4605 4615
f 4618 865 3078 4617
f 3078 866 4248 4617
f 4248 1125 4619 4617
f 2216 343 4621 4620
f 4621 865 4618 4620
f 4618 1212 4622 4620
f 4368 1146 4624 4623
f 4624 1213 4625 4623
f 4625 1212 4619 4623
f 4627 1215 4628 4626
f 4628 1185 4629 4626
f 4629 1216 4630 4626
f 2220 346 4632 4631
f 4632 1215 4627 4631
f 4627 1214 4633 4631
f 2250 365 4275 4634
f 4636 868 3079 4635
f 4516 1185 4628 4635
f 2231 343 2218 4637
f 2218 345 2229 4637
f 2229 351 4638 4637
f 3076 865 4640 4639
f 4640 367 4641 4639
f 4616 864 4643 4642
f 4643 366 4644 4642
f 4646 1209 4613 4645
f 4613 1211 4644 4645
f 4644 366 4647 4645
f 2227 345 2217 4648
f 2217 344 4649 4648
f 4649 1217 4650 4648
f 4652 1195 4653 4651
f 4653 356 4472 4651
f 4472 1168 4654 4651
f 3065 860 4656 4655
f 4656 1218 4657 4655
f 4657 869 3087 4655
f 4659 1220 4660 4658
f 4664 1222 4665 4662
f 4667 1224 4668 4666
f 4674 1219 4661 4672
f 4677 1227 4678 4675
f 4680 1228 4681 4679
f 4685 1223 4669 4684
f 4687 477 4688 4686
f 4688 1183 4689 4686
f 4691 348 2253 4690
f 2253 352 4638 4690
f 4638 351 4692 4690
f 2158 307 3081 4693
f 3081 372 4522 4693
f 4522 370 2265 4693
f 4695 1213 4696 4694
f 4696 1214 4630 4694
f 4630 1216 4697 4694
f 4699 375 2273 4698
f 2273 376 4700 4698
f 4700 1206 4701 4698
f 4703 1234 4704 4702
f 4704 1172 4480 4702
f 4480 1171 4705 4702
f 4707 376 2272 4706
f 2272 328 2209 4706
f 2209 338 4708 4706
f 4479 1170 4505 4709
f 4505 1181 4710 4709
f 4710 377 4711 4709
f 2136 290 2277 4712
f 2277 299 2147 4712
f 2147 298 4713 4712
f 4710 1181 4715 4714
f 4715 301 4716 4714
f 4716 299 2276 4714
f 4504 378 2279 4717
f 2279 302 2151 4717
f 2151 301 4715 4717
f 3083 321 4553 4718
f 4553 314 4556 4718
f 4556 319 2172 4718
f 2171 317 4720 4719
f 4720 327 2187 4719
f 2187 324 3084 4719
f 4542 386 2292 4721
f 2292 385 4654 4721
f 4654 1168 4722 4721
f 4562 1194 4566 4724
f 4566 383 4723 4724
f 4726 380 2295 4725
f 2295 354 4727 4725
f 2235 354 2297 4728
f 2297 363 2245 4728
f 2245 362 2299 4728
f 4730 1235 4731 4729
f 4731 1236 4732 4729
f 4732 487 2453 4729
f 4569 861 3089 4733
f 3089 870 4734 4733
f 4734 316 4735 4733
f 4737 1238 4738 4736
f 4738 1239 4739 4736
f 4739 1240 4740 4736
f 4742 1241 4743 4741
f 4743 1238 4737 4741
f 4737 1237 4744 4741
f 2302 286 4746 4745
f 4746 1241 4742 4745
f 4742 466 4747 4745
f 4749 1238 4743 4748
f 4743 1241 4750 4748
f 4750 397 2317 4748
f 4752 1239 4738 4751
f 4738 1238 4749 4751
f 4749 396 3093 4751
f 4754 1167 4755 4753
f 4755 391 2311 4753
f 2311 393 4756 4753
f 4758 1243 4759 4757
f 4759 388 2307 4757
f 2307 390 4760 4757
f 4762 1244 4763 4761
f 4763 1242 4760 4761
f 4760 390 4756 4761
f 4765 1242 4763 4764
f 4763 1244 4766 4764
f 4766 1246 4767 4764
f 4769 1243 4758 4768
f 4758 1242 4765 4768
f 4765 1245 4770 4768
f 4772 397 3097 4771
f 3097 398 2322 4771
f 2322 389 2305 4771
f 3144 892 4774 4773
f 4774 487 4775 4773
f 4775 292 2325 4773
f 4777 400 4778 4776
f 4778 1249 4779 4776
f 4779 877 4780 4776
f 4782 482 4783 4781
f 4783 1250 4784 4781
f 4784 1251 4785 4781
f 4787 484 4788 4786
f 4788 1252 4789 4786
f 4789 1250 4783 4786
f 4791 1254 4792 4790
f 4792 1255 4793 4790
f 4793 1256 4794 4790
f 3104 878 4796 4795
f 4796 1257 4797 4795
f 4797 881 3163 4795
f 4799 879 3108 4798
f 3108 881 4797 4798
f 4797 1257 4800 4798
f 4802 1256 4793 4801
f 4793 1255 4803 4801
f 4803 403 2328 4801
f 4805 1179 4512 4804
f 4512 1182 4806 4804
f 4806 431 4807 4804
f 4809 300 4810 4808
f 4810 303 4811 4808
f 4811 883 4812 4808
f 4814 1261 4815 4813
f 4815 641 4816 4813
f 4816 481 4817 4813
f 4819 485 4820 4818
f 4820 483 4821 4818
f 4821 1263 4822 4818
f 4824 1264 4825 4823
f 4825 1265 4826 4823
f 4826 1263 4827 4823
f 4496 1179 4805 4828
f 4805 1259 4829 4828
f 4829 1180 4499 4828
f 4831 1266 4832 4830
f 4832 477 4833 4830
f 4833 1188 4527 4830
f 4835 886 4836 4834
f 4836 477 4837 4834
f 4837 1268 4838 4834
f 4840 473 4841 4839
f 4841 1269 4842 4839
f 4842 414 4843 4839
f 4845 1269 4841 4844
f 4841 473 4846 4844
f 4846 455 4847 4844
f 4849 413 2348 4848
f 2348 415 2351 4848
f 2351 417 4850 4848
f 4852 1272 4853 4851
f 4853 421 4854 4851
f 4854 312 4538 4851
f 4856 1273 4857 4855
f 4857 1272 4852 4855
f 4852 1192 4858 4855
f 2364 426 4860 4859
f 4860 1274 4861 4859
f 4861 420 4862 4859
f 4864 422 3130 4863
f 3130 887 3127 4863
f 3127 426 2363 4863
f 4866 1276 4867 4865
f 4867 1277 4868 4865
f 4868 1278 4869 4865
f 2355 419 4871 4870
f 4871 425 2362 4870
f 2362 424 4862 4870
f 4873 1280 4874 4872
f 4874 428 4875 4872
f 4875 311 4876 4872
f 4878 1281 4879 4877
f 4879 1282 4880 4877
f 4883 1284 4884 4882
f 4884 438 2383 4882
f 2383 437 4885 4882
f 4887 434 2378 4886
f 2378 433 4888 4886
f 4891 436 4892 4890
f 4892 434 4887 4890
f 4887 1285 4893 4890
f 4895 1283 4885 4894
f 4885 437 4896 4894
f 4896 467 2431 4894
f 4898 1288 4899 4897
f 4899 1226 4900 4897
f 4900 1228 4901 4897
f 4903 1290 4904 4902
f 4904 1291 4905 4902
f 4905 1292 4906 4902
f 4659 1219 4908 4907
f 4908 1289 4906 4907
f 4906 1292 4909 4907
f 4911 1294 4912 4910
f 4912 1225 4913 4910
f 4913 1295 4914 4910
f 4916 1297 4917 4915
f 4917 1294 4911 4915
f 4911 1293 4918 4915
f 4918 1293 4920 4919
f 4920 444 2396 4919
f 2396 446 4921 4919
f 4923 1299 4924 4922
f 4924 1300 4925 4922
f 4925 1301 4926 4922
f 4928 1303 4929 4927
f 4929 1304 4930 4927
f 4930 470 4931 4927
f 4934 1303 4928 4932
f 4928 1302 4935 4932
f 4937 1306 4938 4936
f 4938 1307 4939 4936
f 4939 438 4884 4936
f 4920 1293 4914 4940
f 4914 1295 4941 4940
f 4944 440 4945 4943
f 4945 1308 4946 4943
f 4946 446 2395 4943
f 4948 1310 4949 4947
f 4949 649 2709 4947
f 2709 648 4950 4947
f 4952 1312 4953 4951
f 4953 1313 4954 4951
f 4954 1314 4955 4951
f 4958 1316 4959 4957
f 4959 447 2398 4957
f 4963 1318 4964 4962
f 4964 1286 4893 4962
f 4893 1285 4961 4962
f 4966 1319 4967 4965
f 4967 1320 4968 4965
f 4968 447 4959 4965
f 4970 465 4971 4969
f 4971 1322 4972 4969
f 4975 1318 4976 4974
f 4976 1323 4977 4974
f 4977 891 3138 4974
f 4979 1286 4964 4978
f 4964 1318 4975 4978
f 4975 765 4980 4978
f 4982 468 2429 4981
f 2429 467 4983 4981
f 4983 1326 4984 4981
f 4986 1328 4987 4985
f 4987 673 2742 4985
f 2742 672 4988 4985
f 4990 1330 4991 4989
f 4991 1221 4992 4989
f 4992 1227 4993 4989
f 4995 475 4996 4994
f 4996 1330 4997 4994
f 4997 451 4998 4994
f 5000 1333 5001 4999
f 5001 1331 5002 4999
f 5004 454 5005 5003
f 5005 1331 4998 5003
f 5007 1334 5008 5006
f 5008 653 3147 5006
f 3147 893 5009 5006
f 5011 1333 5000 5010
f 5000 1332 5009 5010
f 5009 893 5012 5010
f 3141 358 2242 5013
f 2242 360 4671 5013
f 4671 461 2423 5013
f 5015 1336 5016 5014
f 5016 1237 4740 5014
f 4740 1240 5017 5014
f 4908 1219 4674 5018
f 4674 1225 4912 5018
f 4912 1294 5019 5018
f 5021 1337 5022 5020
f 5022 1310 5023 5020
f 5023 1290 5024 5020
f 4953 1312 5026 5025
f 5026 453 2406 5025
f 2406 452 5027 5025
f 5029 1299 5030 5028
f 5030 449 5031 5028
f 5031 1329 5032 5028
f 4901 1228 4680 5033
f 4680 1220 4909 5033
f 4909 1292 5034 5033
f 5036 1309 5037 5035
f 5037 1301 4925 5035
f 4925 1300 5038 5035
f 4942 1232 4683 5039
f 5040 1338 5041 5039
f 5043 1304 5044 5042
f 5044 1307 4938 5042
f 4938 1306 5045 5042
f 4931 470 2433 5046
f 2433 443 5047 5046
f 5049 462 5050 5048
f 5050 457 2411 5048
f 5052 459 3140 5051
f 3140 463 5053 5051
f 5053 458 5054 5051
f 5053 463 2422 5055
f 2422 462 5049 5055
f 5049 456 2415 5055
f 4832 1266 5057 5056
f 5057 1268 4837 5056
f 5012 893 3148 5058
f 3148 652 2941 5058
f 2941 791 5059 5058
f 5061 411 2340 5060
f 2340 410 5062 5060
f 5062 884 3114 5060
f 2366 427 5064 5063
f 5064 429 2376 5063
f 2376 372 2269 5063
f 3123 479 2444 5065
f 2444 478 5066 5065
f 5066 1339 5067 5065
f 4817 481 5069 5068
f 5069 412 5070 5068
f 5070 478 2446 5068
f 5072 884 5062 5071
f 5062 410 2344 5071
f 2344 412 5069 5071
f 4779 1249 5074 5073
f 5074 1257 4796 5073
f 4796 878 3103 5073
f 4782 291 4713 5075
f 4713 298 5076 5075
f 5076 483 5077 5075
f 5079 486 2449 5078
f 2449 485 4819 5078
f 4819 1262 5080 5078
f 4788 484 2450 5081
f 2450 486 5082 5081
f 5082 1258 5083 5081
f 2309 391 2452 5084
f 2452 401 2329 5084
f 2329 403 5085 5084
f 5087 392 5085 5086
f 5085 403 4803 5086
f 4803 1255 5088 5086
f 5090 1316 4958 5089
f 4958 1315 4956 5089
f 5093 285 4461 5092
f 4461 287 2303 5092
f 2303 387 5094 5092
f 5096 1344 5097 5095
f 5097 1345 5098 5095
f 5098 946 5099 5095
f 5101 1347 5102 5100
f 5102 1344 5096 5100
f 5096 1343 5103 5100
f 5105 504 2482 5104
f 2482 506 5106 5104
f 5106 1349 5107 5104
f 5109 1351 5110 5108
f 5110 504 5105 5108
f 5105 1348 5111 5108
f 5113 503 5114 5112
f 5114 1351 5109 5112
f 5109 1350 5115 5112
f 2456 488 5117 5116
f 5117 503 5113 5116
f 5113 684 5118 5116
f 5120 497 2470 5119
f 2470 490 2457 5119
f 2457 489 5121 5119
f 5123 1352 5124 5122
f 5124 1353 5125 5122
f 5125 680 2753 5122
f 5127 1352 5128 5126
f 5128 493 5129 5126
f 5129 521 5130 5126
f 5124 1352 5127 5131
f 5127 494 2466 5131
f 2466 496 5132 5131
f 5134 1351 5114 5133
f 5114 503 2477 5133
f 2477 502 5135 5133
f 2480 504 5110 5136
f 5110 1351 5134 5136
f 5134 1354 5137 5136
f 5097 1344 5102 5138
f 5102 1347 5139 5138
f 5139 507 5140 5138
f 5142 946 5098 5141
f 5098 1345 5143 5141
f 5145 1355 5146 5144
f 5146 508 2484 5144
f 2484 507 5147 5144
f 2507 516 2501 5148
f 2501 518 5149 5148
f 5149 1356 5150 5148
f 5152 1355 5153 5151
f 5153 832 3009 5151
f 3009 831 3018 5151
f 5155 1357 5156 5154
f 5156 1358 5157 5154
f 5157 832 5153 5154
f 5159 1358 5156 5158
f 5156 1357 5160 5158
f 5160 1360 5161 5158
f 5163 1361 5164 5162
f 5164 1358 5159 5162
f 5159 1359 5165 5162
f 5167 1363 5168 5166
f 5168 827 5169 5166
f 5169 830 5170 5166
f 2493 512 5172 5171
f 5172 1363 5167 5171
f 5167 1362 5173 5171
f 5175 1364 5176 5174
f 5176 1365 5177 5174
f 5177 1366 5178 5174
f 5180 1367 5181 5179
f 5181 1368 5182 5179
f 5182 895 5183 5179
f 5185 1367 5186 5184
f 5186 1370 5187 5184
f 5187 824 5188 5184
f 5190 1371 5191 5189
f 5191 1365 5192 5189
f 5192 1372 5193 5189
f 4766 1244 5195 5194
f 5195 1341 5196 5194
f 5196 1373 5197 5194
f 5199 1246 5197 5198
f 5197 1373 5200 5198
f 5200 943 5201 5198
f 5203 1245 4767 5202
f 4767 1246 5199 5202
f 5199 1374 5204 5202
f 5206 1247 4770 5205
f 4770 1245 5203 5205
f 5203 1375 5207 5205
f 2505 395 5209 5208
f 5209 1247 5206 5208
f 5206 1376 5210 5208
f 5212 1377 5213 5211
f 5213 517 2499 5211
f 2499 516 2509 5211
f 5215 1378 5216 5214
f 5216 1377 5212 5214
f 5212 522 5217 5214
f 3160 897 5219 5218
f 5219 898 3164 5218
f 3164 881 3107 5218
f 5221 899 3166 5220
f 3166 876 3162 5220
f 3162 898 5222 5220
f 2511 523 3167 5223
f 3167 899 5224 5223
f 5226 876 3168 5225
f 3168 523 5227 5225
f 5227 944 5228 5225
f 5230 1380 5228 5229
f 5228 944 5231 5229
f 3304 822 5233 5232
f 5233 1254 4791 5232
f 4791 1253 5231 5232
f 5235 531 5236 5234
f 5236 1381 5237 5234
f 5237 1382 5238 5234
f 5240 528 5241 5239
f 5241 531 5235 5239
f 5235 1379 5222 5239
f 5243 1383 5244 5242
f 5244 528 5240 5242
f 5240 898 5219 5242
f 5246 1384 5247 5245
f 5247 1383 5243 5245
f 5243 897 3159 5245
f 5249 818 5250 5248
f 5250 1385 5251 5248
f 5253 819 5254 5252
f 5254 1386 5255 5252
f 5255 1385 5250 5252
f 5257 828 5258 5256
f 5258 1388 5259 5256
f 5259 1389 5260 5256
f 2539 542 5262 5261
f 5262 1387 5260 5261
f 5260 1389 5263 5261
f 2852 743 5265 5264
f 5265 540 5266 5264
f 5266 1390 5267 5264
f 5269 538 2536 5268
f 2536 540 5265 5268
f 5265 743 5270 5268
f 5272 540 2535 5271
f 2535 539 3014 5271
f 3014 834 5273 5271
f 5275 543 5276 5274
f 5276 1392 5273 5274
f 5273 834 5277 5274
f 5279 541 2540 5278
f 2540 543 5275 5278
f 5275 1393 5280 5278
f 5282 826 5283 5281
f 5283 1396 5284 5281
f 5284 1397 5285 5281
f 5287 1381 5288 5286
f 5288 1397 5284 5286
f 5284 1396 5289 5286
f 5291 1388 5292 5290
f 5292 1399 5293 5290
f 5258 828 5295 5294
f 5295 1399 5292 5294
f 5297 1400 5298 5296
f 5298 880 3106 5296
f 3106 879 5299 5296
f 5301 1402 5302 5300
f 5302 1403 5303 5300
f 5303 1404 5304 5300
f 5306 1401 5304 5305
f 5304 1404 5307 5305
f 5309 1406 5310 5308
f 5310 1407 5311 5308
f 5311 1408 5312 5308
f 5314 1401 5315 5313
f 5315 1410 5316 5313
f 5316 1411 5317 5313
f 5319 742 5320 5318
f 5320 1412 5321 5318
f 5321 1409 5322 5318
f 5324 818 5325 5323
f 5325 1413 5326 5323
f 5326 1414 5327 5323
f 5329 1407 5330 5328
f 5330 1410 5331 5328
f 5331 1410 5315 5332
f 5315 1401 5306 5332
f 5334 835 5335 5333
f 5335 1415 5336 5333
f 5336 1416 5337 5333
f 5142 835 5334 5338
f 5334 947 3308 5338
f 5340 1418 5341 5339
f 5341 1419 5342 5339
f 5342 945 5343 5339
f 5345 1420 5346 5344
f 5346 549 5347 5344
f 5347 906 5348 5344
f 2554 552 5350 5349
f 5350 814 5351 5349
f 5351 556 2559 5349
f 5353 815 5354 5352
f 5354 1421 5355 5352
f 5355 1422 5356 5352
f 5358 1424 5359 5357
f 5359 1416 5360 5357
f 5360 1425 5361 5357
f 5363 1426 5364 5362
f 5364 1425 5360 5362
f 5360 1416 5336 5362
f 5366 1423 5361 5365
f 5361 1425 5367 5365
f 5367 550 5368 5365
f 5370 574 5371 5369
f 5371 1428 5372 5369
f 5372 1429 5373 5369
f 5375 1431 5376 5374
f 5376 1432 5377 5374
f 5377 808 5378 5374
f 5380 1433 5381 5379
f 5381 1431 5375 5379
f 5375 1430 5382 5379
f 3172 902 5384 5383
f 5384 622 2666 5383
f 2666 624 5385 5383
f 5387 557 5388 5386
f 5388 900 5389 5386
f 5389 908 3184 5386
f 5391 587 2607 5390
f 2607 561 2567 5390
f 2567 560 5392 5390
f 5394 1434 5395 5393
f 5395 587 5391 5393
f 5391 572 2582 5393
f 2566 558 5397 5396
f 5397 1435 5398 5396
f 5398 903 5399 5396
f 2562 557 5401 5400
f 5401 566 5402 5400
f 5402 1435 5397 5400
f 5404 1437 5405 5403
f 5405 941 5406 5403
f 5408 1438 5409 5407
f 5409 564 2571 5407
f 2571 563 3174 5407
f 2574 565 2987 5410
f 2987 817 5411 5410
f 5411 1435 5402 5410
f 5413 1411 5414 5412
f 5414 1406 5415 5412
f 5415 1439 5416 5412
f 2578 568 2984 5417
f 2984 815 5353 5417
f 5353 813 2978 5417
f 5355 1421 5419 5418
f 5419 816 5420 5418
f 5420 1429 5421 5418
f 5423 1440 5424 5422
f 5424 947 5337 5422
f 5337 1416 5359 5422
f 5340 1417 5426 5425
f 5426 1441 5427 5425
f 5427 932 5428 5425
f 5430 1443 5431 5429
f 5431 1444 5432 5429
f 5432 1445 5433 5429
f 5435 904 5436 5434
f 5436 1447 5437 5434
f 5437 1448 5438 5434
f 5440 1432 5376 5439
f 5376 1431 5441 5439
f 5441 1444 5431 5439
f 5443 1449 5444 5442
f 5444 1450 5445 5442
f 5445 580 5446 5442
f 5448 575 2596 5447
f 2596 579 5449 5447
f 5449 910 3190 5447
f 5404 1436 5451 5450
f 5451 911 5452 5450
f 5452 1451 5453 5450
f 5455 1452 5456 5454
f 5456 910 5457 5454
f 5457 807 2972 5454
f 5459 612 5460 5458
f 5460 1454 5461 5458
f 5461 1439 5462 5458
f 5464 1450 5465 5463
f 5465 1455 5466 5463
f 5466 912 3197 5463
f 5468 1456 5469 5467
f 5469 1455 5465 5467
f 5465 1450 5444 5467
f 5471 624 5472 5470
f 5472 1458 5473 5470
f 5473 806 5474 5470
f 5476 1460 5477 5475
f 5477 1461 5478 5475
f 5478 1462 5479 5475
f 5481 915 3201 5480
f 3201 591 2619 5480
f 2619 416 5482 5480
f 5484 1465 5485 5483
f 5485 1466 5486 5483
f 5486 1467 5487 5483
f 5489 1463 5490 5488
f 5490 1467 5486 5488
f 5486 1466 5491 5488
f 5493 915 5481 5492
f 5481 1463 5489 5492
f 5489 1468 5494 5492
f 5496 1471 5497 5495
f 5497 1472 5498 5495
f 5498 1473 5499 5495
f 3203 608 5501 5500
f 5501 1470 5499 5500
f 5499 1473 5502 5500
f 5504 1475 5505 5503
f 5505 1476 5506 5503
f 5506 1466 5507 5503
f 2623 595 5509 5508
f 5509 1476 5510 5508
f 5510 1477 5511 5508
f 5513 1479 5514 5512
f 5514 598 2626 5512
f 2626 597 5515 5512
f 5469 1456 5517 5516
f 5517 636 5518 5516
f 5518 602 5519 5516
f 5521 1481 5522 5520
f 5522 603 3286 5520
f 3286 939 5523 5520
f 5525 1482 5526 5524
f 5526 1483 5527 5524
f 5527 599 5528 5524
f 5530 1465 5531 5529
f 5531 791 2937 5529
f 2937 790 2945 5529
f 5533 1274 4860 5532
f 4860 426 3126 5532
f 3126 888 5534 5532
f 5536 1485 5537 5535
f 5537 1486 5538 5535
f 5538 634 3211 5535
f 5540 1487 5541 5539
f 5541 1488 5542 5539
f 5542 1489 5543 5539
f 5545 1487 5546 5544
f 5546 890 5547 5544
f 5547 1276 5548 5544
f 5550 1488 5541 5549
f 5541 1487 5545 5549
f 5545 1490 5551 5549
f 5553 1486 5537 5552
f 5537 1485 5554 5552
f 5554 1471 5555 5552
f 2637 604 5557 5556
f 5557 1486 5553 5556
f 5553 1491 5558 5556
f 2639 606 5560 5559
f 5560 630 2679 5559
f 2679 629 5561 5559
f 5563 1461 5477 5562
f 5477 1460 5564 5562
f 5564 1472 5497 5562
f 5479 1462 5566 5565
f 5566 1276 4866 5565
f 4866 1275 5567 5565
f 5569 598 5570 5568
f 5570 1492 5571 5568
f 5571 1476 5509 5568
f 2699 641 4815 5572
f 4815 1261 5573 5572
f 5573 794 5574 5572
f 5576 1494 5577 5575
f 5577 805 5578 5575
f 5578 796 5579 5575
f 5581 1408 5582 5580
f 5582 1494 5576 5580
f 5576 1493 5583 5580
f 5585 1453 5586 5584
f 5586 1405 5587 5584
f 5587 1496 5588 5584
f 2654 616 3209 5589
f 3209 918 5590 5589
f 5590 1497 5591 5589
f 5593 919 3212 5592
f 3212 633 5594 5592
f 5594 1499 5595 5592
f 2661 621 5543 5596
f 5543 1489 5597 5596
f 5597 1500 5598 5596
f 5600 1501 5601 5599
f 5601 795 5602 5599
f 5602 1484 5534 5599
f 5604 1502 5605 5603
f 5605 1498 5595 5603
f 5595 1499 5606 5603
f 5598 1500 5608 5607
f 5608 1503 5609 5607
f 5609 620 2658 5607
f 5611 798 5612 5610
f 5612 1501 5600 5610
f 5600 888 5613 5610
f 5615 1506 5616 5614
f 5616 1507 5617 5614
f 5594 633 5619 5618
f 5619 1508 5620 5618
f 5620 1509 5621 5618
f 2690 626 2671 5622
f 2671 617 5591 5622
f 5591 1497 5623 5622
f 2615 590 5625 5624
f 5625 1507 5616 5624
f 5616 1506 5626 5624
f 5628 589 5626 5627
f 5626 1506 5629 5627
f 5629 636 5517 5627
f 5311 1407 5329 5630
f 5329 546 5631 5630
f 5631 805 5632 5630
f 5634 756 5635 5633
f 5635 440 2386 5633
f 2386 439 5636 5633
f 5638 1512 5639 5637
f 5639 756 5634 5637
f 5634 1510 5640 5637
f 5642 847 5643 5641
f 5643 1513 5644 5641
f 5644 1514 5645 5641
f 5647 1516 5648 5646
f 5648 1517 5649 5646
f 5649 1518 5650 5646
f 5652 1520 5653 5651
f 5653 1516 5647 5651
f 5647 1515 5654 5651
f 5656 1521 5657 5655
f 5657 1522 5658 5655
f 5658 1519 5654 5655
f 5660 1523 5661 5659
f 5661 1521 5656 5659
f 5656 1515 5650 5659
f 5663 1525 5664 5662
f 5664 1283 4895 5662
f 4895 469 5665 5662
f 5667 1520 5668 5666
f 5668 1525 5663 5666
f 5663 1524 5669 5666
f 5671 1516 5653 5670
f 5653 1520 5667 5670
f 5667 749 5672 5670
f 5674 1517 5648 5673
f 5648 1516 5671 5673
f 5671 1526 5675 5673
f 5677 751 2856 5676
f 2856 750 5678 5676
f 5678 1528 5679 5676
f 5681 851 5682 5680
f 5682 647 5683 5680
f 5683 1530 5684 5680
f 5686 754 5687 5685
f 5687 1532 5688 5685
f 5688 850 5689 5685
f 5691 923 3220 5690
f 3220 922 5692 5690
f 5692 660 2727 5690
f 5694 746 5695 5693
f 5695 1533 5696 5693
f 5696 922 3222 5693
f 5698 1533 5695 5697
f 5695 746 3048 5697
f 5700 1535 5701 5699
f 5701 1312 4952 5699
f 4952 1311 5702 5699
f 5704 1536 5705 5703
f 5705 1537 5706 5703
f 5706 1538 5707 5703
f 5709 663 5710 5708
f 5710 752 5711 5708
f 5711 1540 5712 5708
f 5714 1541 5715 5713
f 5715 1542 5716 5713
f 5716 1532 5717 5713
f 5719 1544 5720 5718
f 5720 938 5721 5718
f 5721 1530 5722 5718
f 3282 846 5724 5723
f 5724 1529 5684 5723
f 5684 1530 5721 5723
f 5726 1545 5727 5725
f 5727 763 5728 5725
f 5728 853 5645 5725
f 5730 752 5710 5729
f 5710 663 5731 5729
f 5731 760 5732 5729
f 5734 753 2859 5733
f 2859 752 5730 5733
f 5730 1546 5735 5733
f 5737 1548 5738 5736
f 5738 1549 5739 5736
f 5739 667 2733 5736
f 5741 666 2735 5740
f 2735 668 5742 5740
f 5742 764 3230 5740
f 5744 924 3231 5743
f 3231 764 2880 5743
f 2880 766 3137 5743
f 5746 1551 5747 5745
f 5747 924 5744 5745
f 5744 891 5748 5745
f 5750 1552 5751 5749
f 5751 1551 5746 5749
f 5746 1550 5752 5749
f 5754 1336 5015 5753
f 5015 671 2738 5753
f 2738 670 2743 5753
f 5756 1554 5757 5755
f 5757 1555 5758 5755
f 5758 1556 5759 5755
f 5761 925 3229 5760
f 3229 924 5762 5760
f 5762 676 5763 5760
f 5765 679 2755 5764
f 2755 681 2759 5764
f 2759 683 5766 5764
f 5768 1559 5769 5767
f 5769 1556 5770 5767
f 5770 1558 5766 5767
f 5772 1548 5737 5771
f 5737 666 5741 5771
f 5741 925 5761 5771
f 5774 748 5775 5773
f 5775 1560 5776 5773
f 5776 1561 5777 5773
f 5779 1563 5780 5778
f 5780 768 5781 5778
f 5781 1564 5782 5778
f 5784 1566 5785 5783
f 5785 1563 5779 5783
f 5779 1562 5786 5783
f 5788 691 5789 5787
f 5789 674 5790 5787
f 5790 926 5791 5787
f 5768 683 2758 5792
f 2758 682 5793 5792
f 5793 840 5794 5792
f 2765 687 3234 5795
f 3234 684 5115 5795
f 5115 1350 5796 5795
f 5111 1348 5798 5797
f 5798 1567 5799 5797
f 5799 688 5796 5797
f 5801 1568 5802 5800
f 5802 1567 5798 5800
f 5798 1348 5107 5800
f 5804 1567 5802 5803
f 5802 1568 5805 5803
f 2925 787 5807 5806
f 5807 700 2787 5806
f 2787 702 3236 5806
f 2775 693 3237 5808
f 3237 702 5809 5808
f 5809 1566 5810 5808
f 2777 694 5812 5811
f 5812 702 2790 5811
f 2790 703 2883 5811
f 3239 927 3244 5813
f 3244 748 5774 5813
f 3245 927 3248 5814
f 3248 778 5815 5814
f 5817 737 2845 5816
f 2845 738 5818 5816
f 5818 929 5819 5816
f 5821 1570 5822 5820
f 5822 737 5817 5820
f 5817 1569 5823 5820
f 5825 1346 5826 5824
f 5826 1571 5827 5824
f 5827 1568 5801 5824
f 5829 1572 5830 5828
f 5830 1571 5826 5828
f 5826 1346 5103 5828
f 5832 1573 5833 5831
f 5833 1574 5834 5831
f 5834 1570 5835 5831
f 2782 698 5835 5836
f 5835 1570 5821 5836
f 5821 930 3253 5836
f 5838 1575 5839 5837
f 5839 1572 5829 5837
f 5829 1343 5840 5837
f 5842 1574 5833 5841
f 5833 1573 5843 5841
f 5843 733 5844 5841
f 2909 738 2844 5845
f 2844 704 2794 5845
f 2794 706 5846 5845
f 5848 1576 5849 5847
f 5849 1577 5850 5847
f 5850 708 2796 5847
f 2918 783 5852 5851
f 5852 772 2896 5851
f 2896 773 5853 5851
f 5855 1578 5856 5854
f 5856 1579 5857 5854
f 5857 730 2832 5854
f 5859 714 5844 5858
f 5844 733 2836 5858
f 2836 732 5860 5858
f 5341 1418 5862 5861
f 5862 775 5863 5861
f 5863 1575 5838 5861
f 5865 1581 5866 5864
f 5866 1582 5867 5864
f 5867 1583 5868 5864
f 5857 1579 5870 5869
f 5870 777 5871 5869
f 5871 1582 5872 5869
f 5874 725 2829 5873
f 2829 728 2833 5873
f 2833 730 5875 5873
f 5877 719 3260 5876
f 3260 723 5878 5876
f 5878 1585 5879 5876
f 5881 1587 5882 5880
f 5882 935 5879 5880
f 5879 1585 5883 5880
f 5885 1589 5886 5884
f 5886 1587 5881 5884
f 5881 1586 5887 5884
f 3269 934 5889 5888
f 5889 720 2813 5888
f 2813 719 5877 5888
f 5891 937 5892 5890
f 5892 1590 5893 5890
f 5893 914 3196 5890
f 5895 1591 5896 5894
f 5896 937 5891 5894
f 5891 913 5897 5894
f 5899 785 5900 5898
f 5900 1591 5895 5898
f 5895 1481 5521 5898
f 5902 656 3272 5901
f 3272 786 5903 5901
f 5903 1483 5526 5901
f 5905 783 5906 5904
f 5906 784 5907 5904
f 5907 655 5908 5904
f 3276 936 5910 5909
f 5910 933 5911 5909
f 5911 1590 5892 5909
f 5913 782 5914 5912
f 5914 734 5915 5912
f 5915 1591 5900 5912
f 5834 1574 5917 5916
f 5917 704 2843 5916
f 2843 737 5822 5916
f 5919 669 5920 5918
f 5920 1593 5921 5918
f 5921 950 3315 5918
f 5017 1240 5923 5922
f 5923 1593 5920 5922
f 5920 669 2739 5922
f 5925 1391 5270 5924
f 5270 743 2851 5924
f 2851 742 5926 5924
f 5928 1595 5929 5927
f 5929 1507 5930 5927
f 5433 1445 5932 5931
f 5932 1596 5933 5931
f 5933 811 5934 5931
f 5936 645 5937 5935
f 5937 650 2710 5935
f 2710 649 5938 5935
f 5940 746 5941 5939
f 5941 745 5942 5939
f 5942 650 5937 5939
f 5944 665 5945 5943
f 5945 757 5946 5943
f 5946 1599 5947 5943
f 5949 1538 5950 5948
f 5950 1600 5951 5948
f 5951 1601 5952 5948
f 5954 1603 5955 5953
f 5955 1534 5702 5953
f 5702 1311 5956 5953
f 5958 1605 5959 5957
f 5959 658 5960 5957
f 5960 1606 5961 5957
f 2717 654 5963 5962
f 5963 1540 5964 5962
f 5964 747 5965 5962
f 5679 1528 5967 5966
f 5967 1592 5908 5966
f 5908 655 5965 5966
f 5969 644 5970 5968
f 5970 1607 5971 5968
f 5971 1592 5967 5968
f 5672 749 5973 5972
f 5973 748 3243 5972
f 3243 709 5974 5972
f 5669 1524 5976 5975
f 5976 1560 5775 5975
f 5775 748 5973 5975
f 5978 1527 5979 5977
f 5979 708 5850 5977
f 5850 1577 5980 5977
f 5982 755 2863 5981
f 2863 754 5686 5981
f 5686 1531 5983 5981
f 5691 662 2871 5984
f 2871 762 5985 5984
f 5985 1609 5986 5984
f 2726 661 3050 5987
f 3050 853 5728 5987
f 5728 763 2872 5987
f 5989 761 2868 5988
f 2868 760 5990 5988
f 5992 1545 5993 5991
f 5993 1546 5732 5991
f 5732 760 2867 5991
f 5726 1514 5995 5994
f 5995 1547 5735 5994
f 5735 1546 5993 5994
f 5997 1547 5995 5996
f 5995 1514 5644 5996
f 5644 1513 5998 5996
f 6000 1612 6001 5999
f 6001 1521 5661 5999
f 5661 1523 6002 5999
f 5636 439 5045 6003
f 5045 1306 6004 6003
f 6004 1613 6005 6003
f 4980 765 2878 6006
f 2878 764 5742 6006
f 5742 668 6007 6006
f 6009 1324 6007 6008
f 6007 668 2734 6008
f 2734 667 6010 6008
f 4984 1326 6010 6011
f 6010 667 5739 6011
f 5739 1549 6012 6011
f 6014 1564 6015 6013
f 6015 1561 6016 6013
f 6016 1325 6012 6013
f 5777 1561 6015 6017
f 6015 1564 5781 6017
f 5781 768 6018 6017
f 2783 699 6020 6019
f 6020 701 2785 6019
f 2785 700 6021 6019
f 2908 778 3247 6022
f 3247 929 5818 6022
f 5846 706 6024 6023
f 6024 711 6025 6023
f 6025 771 2886 6023
f 2793 705 2890 6026
f 2890 712 2801 6026
f 2801 711 6024 6026
f 5848 707 2887 6027
f 2887 771 6028 6027
f 6028 717 6029 6027
f 2809 716 2894 6030
f 2894 772 6031 6030
f 6031 1576 6029 6030
f 6033 727 2898 6032
f 2898 721 6034 6032
f 6034 773 2895 6032
f 6036 774 2901 6035
f 2901 728 2828 6035
f 2828 724 6037 6035
f 2814 720 6039 6038
f 6039 735 6040 6038
f 6040 779 2914 6038
f 5899 1480 6042 6041
f 6042 1483 5903 6041
f 5903 786 2921 6041
f 3233 687 6044 6043
f 6044 691 5788 6043
f 5788 686 2762 6043
f 2767 689 2930 6045
f 2930 690 2771 6045
f 2771 691 6044 6045
f 5478 1461 5551 6046
f 5551 1490 6047 6046
f 5501 608 6049 6048
f 6049 605 5558 6048
f 5558 1491 6050 6048
f 2638 605 6049 6051
f 6049 608 2642 6051
f 2642 607 2932 6051
f 3227 740 2847 6052
f 2847 739 6053 6052
f 6053 789 2940 6052
f 2936 789 6053 6054
f 6053 739 6055 6054
f 6055 792 2943 6054
f 6057 1475 5504 6056
f 5504 1474 6058 6056
f 6058 793 2944 6056
f 2676 628 6060 6059
f 6060 630 6061 6059
f 6061 610 2645 6059
f 6063 940 3293 6062
f 3293 615 2668 6062
f 2668 625 6064 6062
f 6066 795 2947 6065
f 2947 794 5573 6065
f 5583 1493 6068 6067
f 6068 1501 5612 6067
f 5612 798 2951 6067
f 3214 620 2952 6069
f 2952 798 5611 6069
f 5611 1504 6070 6069
f 6072 797 2953 6071
f 2953 620 5609 6071
f 5609 1503 6073 6071
f 5621 1509 6075 6074
f 6075 803 2960 6074
f 2960 802 5606 6074
f 6077 631 6078 6076
f 6078 635 5623 6076
f 5623 1497 6079 6076
f 2650 613 2965 6080
f 2965 616 2653 6080
f 2653 615 3292 6080
f 2693 636 5629 6081
f 5629 1506 5615 6081
f 5615 1505 6082 6081
f 5625 590 6084 6083
f 6084 1614 6085 6083
f 2614 588 6087 6086
f 6087 1458 6088 6086
f 6088 1614 6084 6086
f 5382 1430 6090 6089
f 6090 1615 6091 6089
f 6091 584 2602 6089
f 5378 808 6093 6092
f 6093 1616 6094 6092
f 6094 1615 6090 6092
f 6091 1615 6094 6095
f 6094 1616 6096 6095
f 6096 582 6097 6095
f 6099 809 2971 6098
f 2971 808 5377 6098
f 5377 1432 6100 6098
f 5440 1443 6102 6101
f 6102 905 6103 6101
f 6103 1617 6100 6101
f 5430 1442 6105 6104
f 6105 906 3181 6104
f 3181 905 6102 6104
f 5348 906 6105 6106
f 6105 1442 5934 6106
f 5934 811 2974 6106
f 5387 907 6108 6107
f 6108 941 3299 6107
f 3299 566 5401 6107
f 6110 573 3177 6109
f 3177 562 6111 6109
f 6111 570 6112 6109
f 2572 564 2982 6113
f 2982 568 2580 6113
f 2580 570 6111 6113
f 5354 815 2983 6114
f 2983 564 5409 6114
f 5409 1438 6115 6114
f 6117 833 6118 6116
f 6118 1361 6119 6116
f 6119 1387 5262 6116
f 5297 1340 5080 6120
f 5080 1262 6121 6120
f 6121 1618 6122 6120
f 5200 1373 6124 6123
f 6124 1254 5233 6123
f 5233 822 3302 6123
f 5216 1378 6126 6125
f 6126 520 2503 6125
f 2503 519 6127 6125
f 6129 1620 6130 6128
f 6130 1621 6131 6128
f 6131 1398 6132 6128
f 6134 1619 6132 6133
f 6132 1398 5289 6133
f 5289 1396 6135 6133
f 5168 1363 6137 6136
f 6137 1371 5190 6136
f 5190 825 3000 6136
f 5172 512 6139 6138
f 6139 1622 6140 6138
f 6140 1371 6137 6138
f 2492 510 6142 6141
f 6142 1623 6143 6141
f 6143 1622 6139 6141
f 5169 827 2999 6144
f 2999 826 5282 6144
f 5282 1395 6145 6144
f 5163 829 3005 6146
f 3005 828 5257 6146
f 5257 1387 6119 6146
f 6148 945 3309 6147
f 3309 947 5424 6147
f 5424 1440 6149 6147
f 6151 1415 6152 6150
f 6152 833 6117 6150
f 6117 542 2538 6150
f 5279 1394 6154 6153
f 6154 1426 5363 6153
f 5363 1415 6151 6153
f 2552 551 6156 6155
f 6156 1624 6157 6155
f 6157 555 6158 6155
f 6160 1399 6161 6159
f 6161 1625 6162 6159
f 6164 529 6165 6163
f 6165 527 2515 6163
f 2515 526 2526 6163
f 6167 1625 6161 6166
f 6161 1399 5295 6166
f 5295 828 6168 6166
f 6170 1626 6171 6169
f 6171 926 5790 6169
f 6173 948 3316 6172
f 3316 950 6174 6172
f 6174 492 2460 6172
f 5132 496 6176 6175
f 6176 498 2468 6175
f 2468 497 6177 6175
f 5120 837 3021 6178
f 3021 680 5125 6178
f 5125 1353 6177 6178
f 2757 681 3022 6179
f 3022 837 6180 6179
f 6180 1627 6181 6179
f 6183 838 3026 6182
f 3026 840 5793 6182
f 5793 682 6181 6182
f 6185 1628 6186 6184
f 6186 1629 6187 6184
f 6187 949 3314 6184
f 6189 1542 5715 6188
f 5715 1541 6190 6188
f 6190 1543 5722 6188
f 6192 1630 6193 6191
f 6193 660 5692 6191
f 5692 922 5696 6191
f 5724 846 3035 6194
f 3035 845 6195 6194
f 6195 1631 6196 6194
f 6198 844 3043 6197
f 3043 850 5688 6197
f 5688 1532 5716 6197
f 6190 1541 6200 6199
f 6200 1632 6201 6199
f 6201 1544 5719 6199
f 4456 1161 4439 6202
f 4439 1152 6203 6202
f 4460 1155 4415 6204
f 6205 288 2132 6204
f 4543 288 6205 6206
f 6205 1154 4414 6206
f 4414 1153 4457 6206
f 4755 1167 4469 6207
f 4469 1166 6208 6207
f 6208 1235 4730 6207
f 4722 1168 4474 6209
f 4474 1165 4476 6209
f 4476 874 4465 6209
f 6211 294 2140 6210
f 2140 293 6212 6210
f 6212 1218 4656 6210
f 6214 875 3099 6213
f 3099 294 6211 6213
f 6211 860 3064 6213
f 6216 1251 6217 6215
f 6217 875 6214 6215
f 6214 859 4573 6215
f 6216 1198 6219 6218
f 6219 289 2137 6218
f 2137 291 4785 6218
f 4775 487 4732 6220
f 4732 1236 6221 6220
f 6221 293 2139 6220
f 6219 1198 4572 6222
f 4572 1197 6223 6222
f 6223 1234 4703 6222
f 4485 1173 4506 6224
f 4506 1170 4478 6224
f 4478 1169 4601 6224
f 2143 295 4488 6225
f 4488 1175 4501 6225
f 4501 406 6226 6225
f 4503 1173 4484 6227
f 4484 295 2145 6227
f 2145 297 2280 6227
f 4716 301 2153 6228
f 2153 303 4810 6228
f 4810 300 2148 6228
f 6230 1182 4511 6229
f 4511 349 6231 6229
f 6231 1187 4520 6229
f 4525 1188 4833 6232
f 4833 477 4687 6232
f 4687 304 2154 6232
f 6234 1190 4530 6233
f 6236 1189 4529 6235
f 4529 1190 6234 6235
f 6234 359 2240 6235
f 4535 855 4533 6237
f 4536 1191 6238 6239
f 2162 311 4875 6239
f 4688 477 4858 6240
f 4858 1192 4540 6240
f 4540 1184 4513 6240
f 2291 313 6242 6241
f 4565 1195 4652 6241
f 4544 1163 4458 6243
f 6245 856 6246 6244
f 6246 870 6247 6244
f 6247 382 2287 6244
f 4547 857 3060 6248
f 3060 856 6245 6248
f 6245 381 6249 6248
f 6246 856 3062 6250
f 3062 858 6251 6250
f 6251 316 4734 6250
f 6251 858 6253 6252
f 6253 314 2169 6252
f 2057 236 4557 6254
f 4557 314 6253 6254
f 6253 858 4550 6254
f 4653 1195 4564 6255
f 4564 1194 4727 6255
f 4727 354 2237 6255
f 4570 871 4735 6256
f 4735 316 2176 6256
f 2176 320 6257 6256
f 2175 315 4552 6258
f 4552 321 2180 6258
f 2180 323 4579 6258
f 2179 322 6260 6259
f 6260 324 2184 6259
f 2184 326 6261 6259
f 4151 1090 4583 6262
f 4583 326 2183 6262
f 2183 325 4586 6262
f 6257 320 4578 6263
f 4578 1200 6264 6263
f 6264 1197 4574 6263
f 4582 1201 6266 6265
f 6266 1199 4576 6265
f 4576 323 6261 6265
f 4590 1203 6268 6267
f 6268 1234 6223 6267
f 6223 1197 6264 6267
f 6270 375 4699 6269
f 4699 1202 4588 6269
f 4588 1199 6266 6269
f 4325 1145 6272 6271
f 6272 375 6270 6271
f 6270 1201 4581 6271
f 4328 862 3068 6273
f 3068 339 2210 6273
f 2210 328 2191 6273
f 4489 330 2195 6274
f 2195 332 6275 6274
f 6275 1633 6276 6274
f 4595 335 2201 6277
f 2201 333 2199 6277
f 2199 332 4600 6277
f 6279 1633 6275 6278
f 6275 332 2198 6278
f 4594 1206 4700 6280
f 4700 376 4707 6280
f 4707 336 2202 6280
f 2207 339 3070 6281
f 3070 341 6282 6281
f 6282 1634 6283 6281
f 4609 1176 4493 6284
f 4493 1174 6276 6284
f 6276 1633 6285 6284
f 6285 1633 6279 6286
f 6279 334 4606 6286
f 4606 1208 4614 6286
f 2212 340 4604 6287
f 4604 1207 6288 6287
f 6288 1634 6282 6287
f 3077 863 3074 6289
f 3074 340 2214 6289
f 2214 342 4355 6289
f 4625 1213 4695 6290
f 4695 1217 4649 6290
f 4649 344 4622 6290
f 4629 1185 6292 6291
f 6292 371 6293 6291
f 6293 369 6294 6291
f 6298 1635 6296 6297
f 4636 1215 4632 6297
f 4608 1209 4646 6299
f 4646 347 2225 6299
f 2225 349 4510 6299
f 4640 865 4621 6300
f 4621 343 2233 6300
f 2233 353 2257 6300
f 3072 863 4641 6301
f 4641 367 2256 6301
f 2256 366 4643 6301
f 6303 368 6304 6302
f 6304 370 4521 6302
f 4521 1187 6305 6302
f 6221 1236 6307 6306
f 6307 379 6308 6306
f 6308 1218 6212 6306
f 6208 1166 4473 6309
f 4473 356 2236 6309
f 2236 355 6310 6309
f 4913 1225 4673 6312
f 4900 1226 4676 6313
f 4992 1221 4663 6314
f 6316 461 4670 6315
f 6292 1185 4515 6317
f 4515 306 2156 6317
f 2156 305 2264 6317
f 2248 364 6295 6319
f 6298 346 2221 6319
f 6231 349 2224 6320
f 2224 348 4691 6320
f 4691 1233 6305 6320
f 4647 366 2255 6321
f 2255 353 2232 6321
f 2232 352 2252 6321
f 2228 350 2259 6322
f 2259 368 6303 6322
f 6303 1233 4692 6322
f 6293 371 2263 6323
f 2263 370 6304 6323
f 6304 368 2261 6323
f 6294 369 2260 6324
f 2260 350 4650 6324
f 4650 1217 4697 6324
f 4624 1146 4381 6325
f 4381 268 4633 6325
f 4633 1214 4696 6325
f 2275 290 2135 6326
f 2135 289 4705 6326
f 4705 1171 4711 6326
f 6328 337 6283 6327
f 6283 1634 6329 6327
f 6329 334 2197 6327
f 6329 1634 6288 6330
f 6288 1207 4603 6330
f 6272 1145 4399 6331
f 4399 329 2189 6331
f 2189 328 2271 6331
f 4589 1202 4701 6332
f 4701 1206 4593 6332
f 4593 1205 6333 6332
f 6268 1203 6333 6334
f 6333 1205 4597 6334
f 4597 1172 4704 6334
f 2203 336 4708 6335
f 4708 338 2205 6335
f 2205 337 6328 6335
f 3085 324 6260 6336
f 6260 322 2178 6336
f 4559 1084 4303 6337
f 4303 270 4585 6337
f 4585 327 4720 6337
f 4657 1218 6308 6338
f 6308 379 2284 6338
f 2284 361 6339 6338
f 4561 1193 6249 6340
f 6249 381 2286 6340
f 2286 380 4726 6340
f 6307 1236 4731 6341
f 4731 1235 6310 6341
f 6310 355 2300 6341
f 6247 870 3088 6342
f 3088 869 6339 6342
f 6339 361 6343 6342
f 2246 363 2296 6344
f 2296 380 2288 6344
f 2288 382 6343 6344
f 4750 1241 4746 6345
f 4746 286 4463 6345
f 4463 874 3095 6345
f 4470 1167 4754 6346
f 4754 390 2306 6346
f 2306 389 2321 6346
f 5087 1341 5195 6347
f 5195 1244 4762 6347
f 4762 393 2310 6347
f 2313 394 6349 6348
f 6349 1243 4769 6348
f 4769 1247 5209 6348
f 4759 1243 6349 6350
f 6349 394 2318 6350
f 2318 397 4772 6350
f 3091 396 2314 6351
f 2314 395 2504 6351
f 2504 520 6352 6351
f 2454 487 4774 6353
f 4774 892 3143 6353
f 3143 402 2327 6353
f 6355 1636 6356 6354
f 6356 1249 4778 6354
f 4778 400 3100 6354
f 4784 1250 6358 6357
f 6358 1636 6355 6357
f 6355 875 6217 6357
f 6356 1636 6358 6359
f 6358 1250 4789 6359
f 4789 1252 6360 6359
f 6362 1380 5230 6361
f 5230 1253 4794 6361
f 4794 1256 6363 6361
f 6362 1248 4780 6364
f 4780 877 3102 6364
f 3102 876 5226 6364
f 5299 879 4799 6365
f 4799 1258 5082 6365
f 5082 486 5079 6365
f 6367 411 5061 6366
f 5061 404 2333 6366
f 2333 406 4500 6366
f 6369 296 6226 6368
f 6226 406 2332 6368
f 2332 405 2336 6368
f 4811 303 4508 6370
f 4508 296 6369 6370
f 6369 408 3111 6370
f 4821 483 6372 6371
f 6372 1260 6373 6371
f 4812 883 3110 6374
f 3110 882 4827 6374
f 4827 1263 6373 6374
f 4824 882 3112 6375
f 3112 408 2335 6375
f 2335 407 6376 6375
f 2331 404 3116 6377
f 3116 544 6378 6377
f 6378 407 2337 6377
f 6380 544 3115 6379
f 3115 884 5072 6379
f 5072 481 4816 6379
f 5076 298 2149 6381
f 2149 300 4809 6381
f 4809 1260 6372 6381
f 6121 1262 4822 6382
f 4822 1263 4826 6382
f 4826 1265 6383 6382
f 4829 1259 6385 6384
f 6385 409 2341 6384
f 2341 411 6367 6384
f 6387 1637 6388 6386
f 6388 409 6385 6386
f 6385 1259 4807 6386
f 6388 1637 6390 6389
f 6390 412 2343 6389
f 6392 1266 4831 6391
f 4831 1189 6236 6391
f 6236 358 2418 6391
f 2346 413 3120 6393
f 3120 886 4835 6393
f 4835 1267 4843 6393
f 6395 1638 6396 6394
f 6396 415 2347 6394
f 2347 414 4842 6394
f 6398 1639 6399 6397
f 6399 1638 6395 6397
f 6395 1269 4845 6397
f 6401 1639 6398 6400
f 6398 1270 4847 6400
f 4847 455 6402 6400
f 5531 1465 6404 6403
f 6404 1639 6401 6403
f 6401 1335 5059 6403
f 6399 1639 6404 6405
f 6404 1465 5484 6405
f 5484 1464 6406 6405
f 6406 1464 6408 6407
f 6408 416 2352 6407
f 2352 415 6396 6407
f 2618 592 6410 6409
f 6410 1271 4850 6409
f 4850 417 2350 6409
f 4849 1271 6412 6411
f 6412 1278 6413 6411
f 6413 885 3118 6411
f 6410 592 6415 6414
f 6415 1275 4869 6414
f 4869 1278 6412 6414
f 6417 423 6418 6416
f 6418 1279 4876 6416
f 4876 311 2161 6416
f 4854 421 2360 6419
f 2360 423 6417 6419
f 6417 310 2164 6419
f 3119 885 6421 6420
f 6421 1273 4856 6420
f 4856 477 4836 6420
f 6418 423 2359 6422
f 2359 422 4864 6422
f 4864 425 6423 6422
f 6423 425 4871 6424
f 4871 419 6425 6424
f 6425 1280 4873 6424
f 2354 418 6427 6426
f 6427 1640 6428 6426
f 6428 1280 6425 6426
f 6430 479 3122 6429
f 3122 420 4861 6429
f 4861 1274 6431 6429
f 2956 800 3131 6432
f 3131 422 6433 6432
f 6433 889 3135 6432
f 4867 1276 5547 6434
f 5547 890 3133 6434
f 3133 889 6435 6434
f 6437 1272 4857 6436
f 4857 1273 6438 6436
f 6438 1277 6435 6436
f 2358 421 4853 6439
f 4853 1272 6437 6439
f 6437 889 6433 6439
f 4868 1277 6438 6440
f 6438 1273 6421 6440
f 6421 885 6413 6440
f 6428 1640 6442 6441
f 6442 427 2368 6441
f 2368 428 4874 6441
f 6230 432 2374 6443
f 2374 429 2372 6443
f 2372 431 4806 6443
f 6445 1637 6387 6444
f 6387 431 2371 6444
f 2371 430 6446 6444
f 5070 412 6390 6447
f 6390 1637 6445 6447
f 6445 1339 5066 6447
f 3129 800 6449 6448
f 6449 1504 5613 6448
f 5613 888 3125 6448
f 4840 1267 4838 6450
f 4838 1268 6451 6450
f 6451 471 2438 6450
f 6453 433 2380 6452
f 2380 435 4881 6452
f 2379 434 4892 6454
f 4892 436 2384 6454
f 2384 438 6455 6454
f 4896 437 2382 6456
f 2382 436 4891 6456
f 4891 1286 6457 6456
f 4924 1299 5029 6458
f 5029 1288 4898 6458
f 4898 1287 6459 6458
f 6461 1641 6462 6460
f 6462 1296 4921 6460
f 4921 446 4946 6460
f 5021 1297 4916 6463
f 4916 1296 6462 6463
f 6462 1641 6464 6463
f 5036 1291 4904 6465
f 4904 1290 5023 6465
f 5023 1310 4948 6465
f 4930 1304 5043 6466
f 5043 439 2388 6466
f 2388 441 2434 6466
f 4939 1307 6468 6467
f 6468 1281 4878 6467
f 4878 435 6455 6467
f 6470 1302 5047 6469
f 5047 443 2391 6469
f 2391 442 6471 6469
f 5040 1231 6311 6472
f 6473 1302 6470 6472
f 6464 1641 6475 6474
f 6475 1608 6476 6474
f 6476 1597 6477 6474
f 6479 1298 4926 6478
f 4926 1301 6480 6478
f 6480 1314 4954 6478
f 6483 1323 4976 6482
f 4976 1318 4963 6482
f 4963 1317 6481 6482
f 4968 1320 6485 6484
f 6485 1323 6483 6484
f 6483 448 2399 6484
f 6487 1643 6488 6486
f 6488 1644 6489 6486
f 6489 1342 6490 6486
f 5093 1321 4973 6492
f 4971 465 2425 6494
f 2425 464 6496 6494
f 6498 1643 6491 6497
f 6495 1328 4986 6497
f 6500 1644 6488 6499
f 6488 1643 6498 6499
f 6498 1327 6501 6499
f 6503 1320 4967 6502
f 4967 1319 6504 6502
f 6504 842 5752 6502
f 4977 1323 6485 6505
f 6485 1320 6503 6505
f 6503 1550 5748 6505
f 4983 467 6457 6506
f 6457 1286 4979 6506
f 4979 1324 6009 6506
f 6496 464 6508 6507
f 6508 1336 5754 6507
f 5754 673 4987 6507
f 6510 843 6501 6509
f 6501 1327 4988 6509
f 4988 672 6511 6509
f 4990 1329 5031 6512
f 5031 449 2404 6512
f 2404 451 4997 6512
f 4664 1221 4991 6513
f 4991 1330 4996 6513
f 4996 475 6514 6513
f 6516 462 6517 6515
f 6517 1224 4667 6515
f 4667 1223 6518 6515
f 5001 1333 6520 6519
f 6520 457 6521 6519
f 6521 476 6522 6519
f 6524 1332 5002 6523
f 5002 1331 5005 6523
f 2403 450 6526 6525
f 6526 452 2408 6525
f 2408 454 5004 6525
f 2407 453 6528 6527
f 6528 1334 5007 6527
f 5007 1332 6524 6527
f 5011 1335 6402 6529
f 6402 455 2412 6529
f 2412 457 6520 6529
f 2437 472 5054 6530
f 5054 458 2414 6530
f 2414 455 4846 6530
f 6517 462 2421 6531
f 2421 461 6316 6531
f 6508 464 2427 6532
f 2427 466 4744 6532
f 4744 1237 5016 6532
f 5094 387 4747 6533
f 4747 466 2426 6533
f 2426 465 4970 6533
f 4802 402 3145 6534
f 3145 400 4777 6534
f 4777 1248 6363 6534
f 4903 1289 5019 6535
f 5019 1294 4917 6535
f 4917 1297 5024 6535
f 6477 1597 5938 6536
f 5938 649 4949 6536
f 4949 1310 5022 6536
f 6479 1313 5027 6537
f 5027 452 6526 6537
f 6526 450 6538 6537
f 4923 1298 6538 6539
f 6538 450 2402 6539
f 2402 449 5030 6539
f 4899 1288 5032 6540
f 5032 1329 4993 6540
f 4993 1227 4677 6540
f 6459 1287 5034 6541
f 5034 1292 4905 6541
f 4905 1291 5038 6541
f 4950 648 6543 6542
f 6543 1314 6480 6542
f 6480 1301 5037 6542
f 2390 441 2387 6544
f 2387 440 4944 6544
f 4944 445 6545 6544
f 6471 442 6545 6546
f 6545 445 2394 6546
f 2394 444 5041 6546
f 4929 1303 6548 6547
f 6548 1281 6468 6547
f 6468 1307 5044 6547
f 4879 1281 6548 6549
f 6548 1303 4934 6549
f 4934 1305 6318 6549
f 4935 1302 6473 6550
f 6473 1230 4682 6550
f 6514 475 2440 6551
f 2440 474 6518 6551
f 6518 1223 4685 6551
f 4995 1331 6522 6552
f 6522 476 2441 6552
f 6516 474 2442 6553
f 2442 476 6521 6553
f 6521 457 5050 6553
f 6555 460 2417 6554
f 2417 459 5052 6554
f 5052 472 2436 6554
f 6392 460 6555 6556
f 6555 471 6451 6556
f 6451 1268 5057 6556
f 6442 1640 6558 6557
f 6558 430 2370 6557
f 2370 429 5064 6557
f 6427 418 5067 6559
f 5067 1339 6446 6559
f 6446 430 6558 6559
f 4814 480 2445 6560
f 2445 479 6430 6560
f 4820 485 2448 6561
f 2448 484 4787 6561
f 4787 482 5077 6561
f 6360 1252 5083 6562
f 5083 1258 4800 6562
f 4800 1257 5074 6562
f 6500 843 3029 6563
f 3029 842 6504 6563
f 6504 1319 6564 6563
f 4966 1316 5090 6565
f 5090 1342 6489 6565
f 6489 1644 6564 6565
f 5106 506 6567 6566
f 6567 1347 5101 6566
f 5101 1346 5825 6566
f 5123 679 6569 6568
f 6569 491 2462 6568
f 2462 493 5128 6568
f 6571 894 3151 6570
f 3151 492 6174 6570
f 6174 950 5921 6570
f 4739 1239 6573 6572
f 6573 894 6571 6572
f 6571 1593 5923 6572
f 4752 873 6575 6574
f 6575 1378 5215 6574
f 5215 894 6573 6574
f 5129 493 3150 6576
f 3150 894 5217 6576
f 5217 522 2508 6576
f 6578 513 6579 6577
f 6579 499 2474 6577
f 2474 488 3153 6577
f 2473 500 3002 6580
f 3002 501 2478 6580
f 2478 503 5117 6580
f 5139 1347 6567 6581
f 6567 506 2481 6581
f 2481 505 5147 6581
f 5143 1345 5140 6582
f 5140 507 2486 6582
f 2486 509 3017 6582
f 6584 1357 5155 6583
f 5155 1355 5145 6583
f 5145 505 5137 6583
f 6586 1360 5160 6585
f 5160 1357 6584 6585
f 6584 1354 5135 6585
f 6586 502 2476 6587
f 2476 501 2490 6587
f 2490 511 6588 6587
f 6143 1623 6590 6589
f 6590 515 5178 6589
f 5178 1366 6591 6589
f 6593 499 6579 6592
f 6579 513 2497 6592
f 2497 515 6590 6592
f 6595 895 3156 6594
f 3156 514 3311 6594
f 3311 495 2464 6594
f 6595 494 5130 6596
f 5130 521 5150 6596
f 5150 1356 5183 6596
f 6118 833 3010 6597
f 3010 832 5157 6597
f 5157 1358 5164 6597
f 5170 830 3006 6598
f 3006 829 5165 6598
f 5165 1359 6599 6598
f 6588 511 5173 6600
f 5173 1362 6599 6600
f 6599 1359 5161 6600
f 5146 1355 5152 6601
f 5152 509 2485 6601
f 5177 1365 5191 6602
f 5191 1371 6140 6602
f 6140 1622 6591 6602
f 5182 1368 6604 6603
f 6604 1364 5175 6603
f 5175 515 3155 6603
f 6606 1370 5186 6605
f 5186 1367 5180 6605
f 5180 1356 5149 6605
f 6608 1368 5181 6607
f 5181 1367 5185 6607
f 5185 1369 6609 6607
f 6611 1364 6604 6610
f 6604 1368 6608 6610
f 6608 1620 6129 6610
f 5192 1365 5176 6612
f 5176 1364 6611 6612
f 6611 1619 6134 6612
f 6614 524 5224 6613
f 5224 899 5221 6613
f 5221 1379 5238 6613
f 6616 525 2512 6615
f 2512 524 6614 6615
f 6614 1382 6617 6615
f 5227 523 2513 6618
f 2513 525 6619 6618
f 6619 823 3305 6618
f 5287 1398 6131 6620
f 6131 1621 6617 6620
f 6617 1382 5237 6620
f 6622 818 5249 6621
f 5249 1384 5246 6621
f 5246 896 6623 6621
f 6625 1383 5247 6624
f 5247 1384 5251 6624
f 5251 1385 6626 6624
f 6625 534 2527 6627
f 2527 526 2517 6627
f 2517 528 5244 6627
f 2516 527 6165 6628
f 6165 529 2521 6628
f 2521 531 5241 6628
f 5288 1381 5236 6629
f 5236 531 2520 6629
f 2520 530 6630 6629
f 2523 532 6162 6631
f 6162 1625 6632 6631
f 6632 1397 6630 6631
f 2531 536 5293 6633
f 5293 1399 6634 6633
f 6634 533 6635 6633
f 6637 537 6635 6636
f 6635 533 2528 6636
f 2528 534 6638 6636
f 6640 1647 6638 6639
f 6638 534 6626 6639
f 6626 1385 5255 6639
f 5254 819 2992 6641
f 2992 821 6642 6641
f 6642 744 6643 6641
f 6645 1647 6640 6644
f 6640 1386 6643 6644
f 6643 744 5267 6644
f 6645 1390 6647 6646
f 6647 535 2532 6646
f 2532 537 6637 6646
f 5259 1388 5291 6648
f 5291 536 2530 6648
f 2530 535 6649 6648
f 6651 1392 5276 6650
f 5276 543 5263 6650
f 5263 1389 6649 6650
f 3158 880 5298 6652
f 5298 1400 6653 6652
f 6653 1646 6623 6652
f 6651 535 6647 6654
f 6647 1390 5266 6654
f 5266 540 5272 6654
f 2542 544 6380 6655
f 6380 641 2698 6655
f 2698 640 3295 6655
f 6657 1264 6376 6656
f 6376 407 6658 6656
f 6658 1404 5303 6656
f 6660 1265 4825 6659
f 4825 1264 6657 6659
f 6657 1403 6661 6659
f 6663 1618 6383 6662
f 6383 1265 6660 6662
f 6660 1648 6664 6662
f 5325 818 6666 6665
f 6666 1649 6664 6665
f 6664 1648 6667 6665
f 6661 1403 5302 6668
f 5302 1402 6669 6668
f 6669 1413 6667 6668
f 5330 1407 5310 6670
f 5310 1406 5414 6670
f 5414 1411 5316 6670
f 6672 1402 5301 6671
f 5301 1401 5314 6671
f 5314 1409 5321 6671
f 6674 744 6642 6673
f 6642 821 2991 6673
f 2991 820 5327 6673
f 6658 407 6378 6675
f 6378 544 2544 6675
f 2544 546 5307 6675
f 5840 1343 5099 6676
f 5099 946 3307 6676
f 3307 945 5342 6676
f 6148 1596 5932 6677
f 5932 1445 6678 6677
f 6678 1417 5343 6677
f 5368 550 2550 6679
f 2550 547 2548 6679
f 2548 549 5346 6679
f 2558 555 6157 6680
f 6157 1624 6681 6680
f 6681 554 2555 6680
f 6683 556 5351 6682
f 5351 814 2979 6682
f 2979 813 5356 6682
f 5367 1425 5364 6684
f 5364 1426 6685 6684
f 6685 551 2551 6684
f 5366 1420 5345 6686
f 5345 810 6687 6686
f 6687 1424 5358 6686
f 5423 1424 6687 6688
f 6687 810 2976 6688
f 2976 812 6689 6688
f 5372 1428 6691 6690
f 6691 556 6683 6690
f 6683 1422 5421 6690
f 6693 555 2560 6692
f 2560 556 6691 6692
f 6693 1428 5371 6694
f 5371 574 2587 6694
f 6696 1427 5373 6695
f 5373 1429 5420 6695
f 5420 816 6697 6695
f 6699 1427 6696 6698
f 6696 942 6700 6698
f 6700 941 5405 6698
f 6702 1448 6703 6701
f 6703 1427 6699 6701
f 6699 1437 5453 6701
f 6705 1446 5438 6704
f 5438 1448 6702 6704
f 6702 1451 6706 6704
f 3180 904 5435 6707
f 5435 1446 6708 6707
f 6708 1617 6103 6707
f 6099 1617 6708 6709
f 6708 1446 6705 6709
f 6705 1452 5455 6709
f 5868 1583 6711 6710
f 6711 1433 5380 6710
f 5380 583 6712 6710
f 6714 587 5395 6713
f 5395 1434 5416 6713
f 5416 1439 5461 6713
f 6716 559 2563 6715
f 2563 558 2568 6715
f 2568 561 2606 6715
f 6718 559 6716 6717
f 6716 586 6064 6717
f 6064 625 6719 6717
f 3170 900 5388 6720
f 5388 557 2564 6720
f 2564 559 6718 6720
f 6722 908 5389 6721
f 5389 900 5385 6721
f 5385 624 5471 6721
f 6108 907 6724 6723
f 6724 1436 5406 6723
f 5411 817 6726 6725
f 6726 1438 5408 6725
f 5408 903 5398 6725
f 2579 569 6728 6727
f 6728 1391 5925 6727
f 5925 1594 6112 6727
f 5926 742 5319 6729
f 5319 571 2584 6729
f 2584 573 6110 6729
f 5399 903 3178 6730
f 3178 573 2583 6730
f 2583 572 5392 6730
f 5322 1409 5317 6731
f 5317 1411 5413 6731
f 5413 1434 5394 6731
f 5269 1391 6728 6732
f 6728 569 2980 6732
f 2980 814 6733 6732
f 6733 814 5350 6734
f 5350 552 3015 6734
f 3015 539 2534 6734
f 6736 554 6681 6735
f 6681 1624 6737 6735
f 6737 1394 5280 6735
f 6736 1393 5277 6738
f 5277 834 3013 6738
f 3013 552 2556 6738
f 6740 1441 5426 6739
f 5426 1417 6678 6739
f 6678 1445 5432 6739
f 5436 904 3182 6741
f 3182 906 5347 6741
f 5347 549 6742 6741
f 6742 549 2547 6743
f 2547 548 2588 6743
f 2588 574 6744 6743
f 5437 1447 6744 6745
f 6744 574 5370 6745
f 5370 1427 6703 6745
f 5427 1441 6747 6746
f 6747 1433 6711 6746
f 6711 1583 6748 6746
f 5381 1433 6747 6749
f 6747 1441 6740 6749
f 6740 1444 5441 6749
f 5445 1450 5464 6750
f 5464 914 6751 6750
f 6751 1589 6752 6750
f 5443 578 2594 6753
f 2594 575 2592 6753
f 2592 577 6754 6753
f 5474 806 2967 6755
f 2967 576 2590 6755
f 2590 575 6756 6755
f 3185 908 6722 6757
f 6722 1457 6756 6757
f 6756 575 5448 6757
f 6724 907 3186 6758
f 3186 909 3189 6758
f 3189 911 5451 6758
f 2595 578 5446 6759
f 5446 580 2600 6759
f 2600 582 6760 6759
f 6762 585 3193 6761
f 3193 580 6752 6761
f 6752 1589 5885 6761
f 6764 1580 6712 6763
f 6712 583 2604 6763
f 2604 585 6762 6763
f 6096 1616 6766 6765
f 6766 910 5449 6765
f 5449 579 6760 6765
f 5577 1494 5582 6767
f 5582 1408 5632 6767
f 2651 614 3291 6768
f 3291 940 6769 6768
f 6769 1454 5460 6768
f 6769 940 6063 6770
f 6063 586 2608 6770
f 2608 587 6714 6770
f 5309 1405 5586 6771
f 5586 1453 5462 6771
f 5462 1439 5415 6771
f 5468 1449 6754 6772
f 6754 577 2612 6772
f 2612 589 5628 6772
f 6088 1458 5472 6773
f 5472 624 2665 6773
f 2665 623 6774 6773
f 6776 1459 5567 6775
f 5567 1275 6415 6775
f 6415 592 2617 6775
f 3200 916 6778 6777
f 6778 1460 5476 6777
f 5476 1459 6776 6777
f 5498 1472 6780 6779
f 6780 915 5493 6779
f 5493 1469 6781 6779
f 6781 1469 6783 6782
f 6783 1650 6784 6782
f 6784 917 5502 6782
f 6786 1650 6783 6785
f 6783 1469 5494 6785
f 5494 1468 6787 6785
f 5506 1476 5571 6788
f 5571 1492 6787 6788
f 6787 1468 5491 6788
f 5510 1476 5505 6789
f 5505 1475 6057 6789
f 6057 792 6790 6789
f 2849 741 6792 6791
f 6792 1477 6790 6791
f 6790 792 6055 6791
f 2621 593 6794 6793
f 6794 1651 6795 6793
f 6795 1652 6796 6793
f 6798 596 2627 6797
f 2627 598 5569 6797
f 5569 595 2622 6797
f 5513 1478 5528 6799
f 5528 599 2631 6799
f 2631 601 6800 6799
f 2633 602 6802 6801
f 6802 601 2630 6801
f 6804 601 6802 6803
f 6802 602 5518 6803
f 5518 636 2695 6803
f 5466 1455 5519 6805
f 5519 602 2635 6805
f 2635 603 6806 6805
f 6806 603 5522 6807
f 5522 1481 5897 6807
f 5897 913 3195 6807
f 6809 1536 6810 6808
f 6810 1482 5525 6808
f 5525 1478 5515 6808
f 6812 1537 5705 6811
f 5705 1536 6809 6811
f 6809 597 2625 6811
f 6796 1652 6814 6813
f 6814 1537 6812 6813
f 6812 596 6798 6813
f 5487 1467 5490 6815
f 5490 1463 5482 6815
f 5482 416 6408 6815
f 6058 1474 5507 6816
f 5507 1466 5485 6816
f 5485 1465 5530 6816
f 6792 741 6818 6817
f 6818 1651 6794 6817
f 6794 593 5511 6817
f 5538 1486 5557 6819
f 5557 604 5561 6819
f 5561 629 2688 6819
f 5542 1488 6821 6820
f 6821 1485 5536 6820
f 5536 919 6822 6820
f 5540 621 3218 6823
f 3218 921 6824 6823
f 6824 890 5546 6823
f 3134 890 6824 6825
f 6824 921 6826 6825
f 6826 799 2957 6825
f 5554 1485 6821 6827
f 6821 1488 5550 6827
f 5550 1461 5563 6827
f 2646 610 6061 6828
f 6061 630 5560 6828
f 5560 606 2934 6828
f 6780 1472 5564 6829
f 5564 1460 6778 6829
f 6778 916 3199 6829
f 6831 1650 6786 6830
f 6786 1492 5570 6830
f 5570 598 5514 6830
f 3204 917 6784 6832
f 6784 1650 6831 6832
f 6831 1479 6800 6832
f 6804 638 6834 6833
f 6834 609 2647 6833
f 2647 611 3206 6833
f 5587 1405 5312 6835
f 5312 1408 5581 6835
f 5581 797 6072 6835
f 2683 612 5459 6836
f 5459 1453 5585 6836
f 5585 1495 6837 6836
f 5597 1489 6822 6838
f 6822 919 5593 6838
f 5593 1498 6839 6838
f 3215 920 6841 6840
f 6841 799 6826 6840
f 6826 921 3217 6840
f 5533 1484 5602 6842
f 5602 795 6066 6842
f 6066 1261 6431 6842
f 6839 1498 5605 6843
f 5605 1502 6844 6843
f 6844 1503 5608 6843
f 6846 1653 6847 6845
f 6847 902 3171 6845
f 3171 901 6848 6845
f 6848 901 6719 6849
f 6719 625 2669 6849
f 2669 617 2673 6849
f 6851 1653 6846 6850
f 6846 627 2672 6850
f 2672 626 6852 6850
f 2694 637 6852 6853
f 6852 626 2677 6853
f 2677 609 6834 6853
f 2686 629 2681 6854
f 2681 631 6077 6854
f 6077 1508 5619 6854
f 6847 1653 6856 6855
f 6856 1595 5928 6855
f 5928 622 5384 6855
f 6858 1505 5617 6857
f 5617 1507 5929 6857
f 2664 622 5930 6859
f 5930 1507 6085 6859
f 6085 1614 6774 6859
f 6861 1632 6862 6860
f 6862 1512 5638 6860
f 5638 1511 6863 6860
f 6865 1654 6866 6864
f 6866 1632 6861 6864
f 6861 1612 6000 6864
f 5643 847 6868 6867
f 6868 1654 6865 6867
f 6865 1611 6869 6867
f 6871 1613 6004 6870
f 6004 1306 4937 6870
f 4937 1284 6872 6870
f 5658 1522 6874 6873
f 6874 1613 6871 6873
f 6871 1655 6875 6873
f 5982 1608 6475 6876
f 6475 1641 6461 6876
f 6461 1308 6877 6876
f 5635 756 2864 6878
f 2864 755 6877 6878
f 6877 1308 4945 6878
f 5734 1547 5997 6879
f 5997 1610 6880 6879
f 6880 1656 6881 6879
f 5649 1517 6883 6882
f 6883 642 6884 6882
f 6884 1656 6885 6882
f 6880 1610 6887 6886
f 6887 1523 5660 6886
f 5660 1518 6885 6886
f 6889 1525 5668 6888
f 5668 1520 5652 6888
f 5652 1519 6875 6888
f 4883 1283 5664 6890
f 5664 1525 6889 6890
f 6889 1655 6872 6890
f 2701 642 6883 6891
f 6883 1517 5674 6891
f 5674 1527 5978 6891
f 5678 750 2855 6892
f 2855 642 2703 6892
f 2703 644 5969 6892
f 6192 1533 5698 6893
f 5698 852 6894 6893
f 6894 1631 6895 6893
f 6897 1598 6898 6896
f 6898 1609 5985 6896
f 5985 762 2875 6896
f 6897 761 5989 6899
f 5989 665 5944 6899
f 5947 1599 6901 6900
f 6901 758 6902 6900
f 6902 1609 6898 6900
f 3046 746 5940 6903
f 5940 645 2707 6903
f 2707 647 5682 6903
f 6905 848 3041 6904
f 3041 849 6906 6904
f 6906 1608 5983 6904
f 6476 1608 6906 6907
f 6906 849 3224 6907
f 3224 645 5936 6907
f 6909 757 6910 6908
f 6910 659 6911 6908
f 6913 745 6914 6912
f 6914 757 6909 6912
f 6909 1603 5954 6912
f 6913 1602 6916 6915
f 6916 648 2711 6915
f 2711 650 5942 6915
f 6918 651 6919 6917
f 6919 1535 5700 6917
f 5700 1534 6920 6917
f 6922 1651 6818 6921
f 6818 741 6923 6921
f 6923 1605 5958 6921
f 6925 1652 6795 6924
f 6795 1651 6922 6924
f 6922 1604 6926 6924
f 5706 1537 6814 6927
f 6814 1652 6925 6927
f 6925 1600 5950 6927
f 6810 1536 5704 6928
f 5704 654 2719 6928
f 2719 656 5902 6928
f 5711 752 2861 6929
f 2861 751 5677 6929
f 5677 747 5964 6929
f 6931 664 2729 6930
f 2729 663 5709 6930
f 5709 1539 5952 6930
f 6931 1601 6933 6932
f 6933 1606 6934 6932
f 6934 665 2730 6932
f 6936 665 6934 6935
f 6934 1606 5960 6935
f 5960 658 2721 6935
f 5687 754 2865 6937
f 2865 756 5639 6937
f 5639 1512 5717 6937
f 3279 854 6939 6938
f 6939 1630 6895 6938
f 6895 1631 6195 6938
f 5990 760 5731 6940
f 5731 663 2731 6940
f 6942 1555 5757 6941
f 5757 1554 6943 6941
f 6943 841 6944 6941
f 6946 1659 6947 6945
f 6947 1555 6942 6945
f 6942 1658 6948 6945
f 2737 669 5919 6949
f 5919 949 6187 6949
f 6187 1629 6950 6949
f 6950 1629 6952 6951
f 6952 1645 6511 6951
f 6511 672 2741 6951
f 6185 948 6954 6953
f 6954 1558 6955 6953
f 6955 1659 6946 6953
f 5765 1558 6954 6956
f 6954 948 6173 6956
f 6173 491 6569 6956
f 5758 1555 6947 6957
f 6947 1659 6955 6957
f 6955 1558 5770 6957
f 6959 1551 5751 6958
f 5751 1552 6960 6958
f 6960 1661 6961 6958
f 5762 924 5747 6962
f 5747 1551 6959 6962
f 6959 1660 6963 6962
f 6965 1553 5759 6964
f 5759 1556 5769 6964
f 5769 1559 5794 6964
f 6967 1660 6961 6966
f 6961 1661 6968 6966
f 6968 839 6969 6966
f 6967 1626 6170 6970
f 6170 674 2747 6970
f 2747 676 6963 6970
f 6972 1557 5763 6971
f 5763 676 2746 6971
f 2746 675 6973 6971
f 6975 1548 5772 6974
f 5772 1557 6972 6974
f 6972 1565 5786 6974
f 6014 1549 5738 6976
f 5738 1548 6975 6976
f 6975 1562 5782 6976
f 6978 468 4982 6977
f 4982 1325 6016 6977
f 6016 1561 5776 6977
f 5784 1565 6973 6979
f 6973 675 2751 6979
f 2751 678 5810 6979
f 2749 675 2745 6980
f 2745 674 5789 6980
f 5789 691 2770 6980
f 6982 686 5791 6981
f 5791 926 6983 6981
f 6183 1627 6985 6984
f 6985 1662 6983 6984
f 6983 926 6986 6984
f 6988 1662 6985 6987
f 6985 1627 6180 6987
f 6180 837 5121 6987
f 6988 489 5118 6989
f 5118 684 2763 6989
f 2763 686 6982 6989
f 2773 678 2750 6990
f 2750 677 2769 6990
f 2769 690 2929 6990
f 5799 1567 6992 6991
f 6992 787 6993 6991
f 6993 689 2766 6991
f 5804 931 6995 6994
f 6995 700 5807 6994
f 5807 787 6992 6994
f 6997 1563 5785 6996
f 5785 1566 5809 6996
f 5809 702 5812 6996
f 6999 768 5780 6998
f 5780 1563 6997 6998
f 6997 694 2779 6998
f 7001 1569 5819 7000
f 5819 929 3249 7000
f 3249 927 3241 7000
f 7003 769 3251 7002
f 3251 930 5823 7002
f 5823 1569 7001 7002
f 5805 1568 5827 7004
f 5827 1571 7005 7004
f 7005 698 3256 7004
f 7007 1573 5832 7006
f 5832 698 7005 7006
f 7005 1571 5830 7006
f 5843 1573 7007 7008
f 7007 1572 5839 7008
f 5839 1575 7009 7008
f 2792 704 5917 7010
f 5917 1574 5842 7010
f 5842 714 3258 7010
f 5815 778 2910 7011
f 2910 770 2888 7011
f 2888 707 2798 7011
f 2800 710 2810 7012
f 2810 717 6028 7012
f 6028 771 6025 7012
f 2802 712 2892 7013
f 2892 713 2806 7013
f 2806 715 7014 7013
f 6033 716 2808 7015
f 2808 710 7014 7015
f 7014 715 2825 7015
f 7017 1577 5849 7016
f 5849 1576 6031 7016
f 6031 772 7018 7016
f 5971 1607 7018 7019
f 7018 772 5852 7019
f 5852 783 5905 7019
f 7021 780 7022 7020
f 7022 781 5853 7020
f 5853 773 6034 7020
f 2913 780 7021 7023
f 7021 721 2818 7023
f 2818 723 3261 7023
f 5859 774 6036 7024
f 6036 726 2826 7024
f 2826 715 2805 7024
f 7026 731 2837 7025
f 2837 733 7009 7025
f 7009 1575 5863 7025
f 2904 775 5862 7027
f 5862 1418 5428 7027
f 5428 932 3265 7027
f 5871 777 3266 7028
f 3266 932 6748 7028
f 6748 1583 5867 7028
f 5887 1586 7030 7029
f 7030 1581 5865 7029
f 5865 1580 6764 7029
f 7032 1584 5875 7031
f 5875 730 5872 7031
f 5872 1582 5866 7031
f 5883 1585 7034 7033
f 7034 1584 7032 7033
f 7032 1581 7030 7033
f 5878 723 3263 7035
f 3263 725 5874 7035
f 5874 1584 7034 7035
f 5911 933 3270 7036
f 3270 935 5882 7036
f 5882 1587 7037 7036
f 6751 914 5893 7038
f 5893 1590 7037 7038
f 7037 1587 5886 7038
f 3273 656 2718 7039
f 2718 655 5907 7039
f 2839 734 5914 7040
f 5914 782 7041 7040
f 7041 779 6040 7040
f 2841 736 3277 7042
f 3277 937 5896 7042
f 5896 1591 5915 7042
f 6689 812 2975 7043
f 2975 811 5933 7043
f 5933 1596 6149 7043
f 5946 757 7045 7044
f 7045 758 6901 7044
f 6914 745 5941 7046
f 5941 746 5694 7046
f 6910 757 5945 7047
f 5945 665 6936 7047
f 6936 657 2723 7047
f 6919 651 2715 7048
f 2715 653 5008 7048
f 5008 1334 7049 7048
f 5701 1535 7049 7050
f 7049 1334 6528 7050
f 6528 453 5026 7050
f 6916 1602 5956 7051
f 5956 1311 4955 7051
f 4955 1314 6543 7051
f 6911 659 7053 7052
f 7053 1657 6920 7052
f 6920 1534 5955 7052
f 7055 1657 7053 7054
f 7053 659 2722 7054
f 2722 658 5959 7054
f 6926 1604 5961 7056
f 5961 1606 6933 7056
f 6933 1601 5951 7056
f 5707 1538 5949 7057
f 5949 1539 5712 7057
f 5712 1540 5963 7057
f 5665 469 2430 7058
f 2430 468 6978 7058
f 6978 1560 5976 7058
f 2702 643 5980 7059
f 5980 1577 7017 7059
f 7017 1607 5970 7059
f 5675 1526 5974 7060
f 5974 709 2797 7060
f 2797 708 5979 7060
f 6881 1656 6884 7061
f 6884 642 2857 7061
f 2857 751 2860 7061
f 6902 758 7045 7062
f 7045 757 3221 7062
f 3221 923 5986 7062
f 5992 759 2876 7063
f 2876 762 2873 7063
f 2873 763 5727 7063
f 5642 853 3280 7064
f 3280 845 3037 7064
f 3283 938 7066 7065
f 7066 1654 6868 7065
f 6866 1654 7066 7067
f 7066 938 5720 7067
f 5720 1544 6201 7067
f 6862 1632 6200 7068
f 6200 1541 5714 7068
f 6869 1611 6002 7069
f 6002 1523 6887 7069
f 6887 1610 5998 7069
f 6863 1511 7071 7070
f 7071 1522 5657 7070
f 5657 1521 6001 7070
f 5640 1510 6005 7072
f 6005 1613 6874 7072
f 6874 1522 7071 7072
f 3255 697 6021 7073
f 6021 700 6995 7073
f 6999 696 7075 7074
f 7075 928 3240 7074
f 3240 767 6018 7074
f 2778 695 2882 7076
f 2882 769 7003 7076
f 7003 928 7075 7076
f 3252 769 2884 7077
f 2884 703 2789 7077
f 2789 701 6020 7077
f 7079 731 7026 7078
f 7026 775 2906 7078
f 2906 777 5870 7078
f 2820 722 2899 7080
f 2899 727 2824 7080
f 2824 726 6037 7080
f 5855 729 2902 7081
f 2902 774 5860 7081
f 5860 732 7082 7081
f 5856 1578 7082 7083
f 7082 732 2835 7083
f 2835 731 7079 7083
f 7085 934 3268 7084
f 3268 933 5910 7084
f 5910 936 3275 7084
f 3287 603 2634 7086
f 2634 600 2629 7086
f 5889 934 7085 7087
f 7085 736 2840 7087
f 2840 735 6039 7087
f 7022 780 2912 7088
f 2912 779 7041 7088
f 7041 782 2916 7088
f 5906 783 2917 7089
f 2917 782 5913 7089
f 5913 785 2920 7089
f 5523 939 3285 7090
f 3285 599 5527 7090
f 5527 1483 6042 7090
f 2774 692 2928 7091
f 2928 689 6993 7091
f 6993 787 2924 7091
f 5548 1276 5566 7092
f 5566 1462 6047 7092
f 5496 1470 6050 7093
f 6050 1491 5555 7093
f 6923 741 3289 7094
f 3289 651 6918 7094
f 6918 1657 7055 7094
f 6079 1497 5590 7095
f 5590 918 7096 7095
f 7096 1509 5620 7095
f 5579 796 2948 7097
f 2948 795 5601 7097
f 5601 1501 6068 7097
f 6841 920 6070 7098
f 6070 1504 6449 7098
f 6449 800 2955 7098
f 5588 1496 6073 7099
f 6073 1503 6844 7099
f 6844 1502 7100 7099
f 6837 1495 7100 7101
f 7100 1502 5604 7101
f 5604 802 2959 7101
f 7103 803 6075 7102
f 6075 1509 7096 7102
f 7096 918 3208 7102
f 2680 630 6060 7104
f 6060 628 2691 7104
f 2691 635 6078 7104
f 2684 632 2961 7105
f 2961 803 7103 7105
f 7103 804 2963 7105
f 5574 794 2949 7106
f 2949 796 5578 7106
f 5578 805 7107 7106
f 2697 639 7107 7108
f 7107 805 5631 7108
f 5631 546 3296 7108
f 6851 637 6082 7109
f 6082 1505 6858 7109
f 6858 1595 6856 7109
f 6087 588 2610 7110
f 2610 577 2968 7110
f 2968 806 5473 7110
f 5452 911 3188 7111
f 3188 910 5456 7111
f 5456 1452 6706 7111
f 2603 584 6097 7112
f 6097 582 2599 7112
f 2599 581 3192 7112
f 6766 1616 6093 7113
f 6093 808 2970 7113
f 2970 807 5457 7113
f 7115 567 3298 7114
f 3298 941 6700 7114
f 6726 817 2986 7116
f 2986 816 5419 7116
f 5419 1421 6115 7116
f 6697 816 2988 7117
f 2988 565 2576 7117
f 2576 567 7115 7117
f 6672 1412 7119 7118
f 7119 1414 5326 7118
f 5326 1413 6669 7118
f 5320 742 2853 7120
f 2853 744 6674 7120
f 6674 1414 7119 7120
f 3092 872 6352 7121
f 6352 520 6126 7121
f 6126 1378 6575 7121
f 6142 510 2488 7122
f 2488 501 3003 7122
f 3003 499 6593 7122
f 6653 1400 6122 7123
f 6122 1618 6663 7123
f 6663 1649 7124 7123
f 6622 1646 7124 7125
f 7124 1649 6666 7125
f 5253 818 5324 7126
f 5324 820 2990 7126
f 5196 1341 5088 7127
f 5088 1255 4792 7127
f 4792 1254 6124 7127
f 5187 1370 7129 7128
f 7129 1374 5201 7128
f 5201 943 3301 7128
f 6606 518 7131 7130
f 7131 1375 5204 7130
f 5204 1374 7129 7130
f 2500 517 7133 7132
f 7133 1376 5207 7132
f 5207 1375 7131 7132
f 5210 1376 7133 7134
f 7133 517 5213 7134
f 5213 1377 6127 7134
f 5188 824 2995 7135
f 2995 823 6619 7135
f 6619 525 7136 7135
f 6609 1369 7136 7137
f 7136 525 6616 7137
f 6616 1621 6130 7137
f 5283 826 2998 7138
f 2998 825 5193 7138
f 5193 1372 6135 7138
f 7140 836 6168 7139
f 6168 828 3007 7139
f 3007 830 6145 7139
f 6158 555 2586 7141
f 2586 548 2546 7141
f 5335 835 3019 7142
f 3019 831 3011 7142
f 3011 833 6152 7142
f 6685 1426 6154 7143
f 6154 1394 6737 7143
f 6737 1624 6156 7143
f 5285 1397 6632 7144
f 6632 1625 6167 7144
f 6167 836 7140 7144
f 2524 529 6164 7145
f 6164 533 6634 7145
f 6634 1399 6160 7145
f 6578 498 6176 7146
f 6176 496 2465 7146
f 2465 495 3312 7146
f 6969 839 3024 7147
f 3024 838 6986 7147
f 6986 926 6171 7147
f 6965 840 3025 7148
f 3025 839 6968 7148
f 6968 1661 7149 7148
f 5756 1553 7149 7150
f 7149 1661 6960 7150
f 6960 1552 7151 7150
f 5750 842 3028 7152
f 3028 841 6943 7152
f 6943 1554 7151 7152
f 6944 841 3030 7153
f 3030 843 6510 7153
f 6510 1645 7154 7153
f 6948 1658 7154 7155
f 7154 1645 6952 7155
f 6952 1629 6186 7155
f 5683 647 3033 7156
f 3033 844 6198 7156
f 6198 1542 6189 7156
f 6939 854 3051 7157
f 3051 661 2725 7157
f 2725 660 6193 7157
f 5681 1529 6196 7158
f 6196 1631 6894 7158
f 6894 852 3047 7158
f 5689 850 3044 7159
f 3044 646 3039 7159
f 3039 848 6905 7159
f 8825 8822 8823 7160
f 8829 8826 8827 7163
f 8833 8830 8831 7166
f 8837 8834 8835 7169
f 8841 8838 8839 7172
f 8845 8842 8843 7175
f 8853 8850 8851 7180
f 8857 8854 8855 7182
f 8861 8858 8859 7185
f 8865 8862 8863 7188
f 8869 8866 8867 7191
f 8873 8870 8871 7194
f 8877 8874 8875 7197
f 8881 8878 8879 7197
f 8885 8882 8883 7201
f 8889 8886 8887 7204
f 8893 8890 8891 7207
f 8897 8894 8895 7201
f 8901 8898 8899 7212
f 8905 8902 8903 7215
f 8909 8906 8907 7218
f 8913 8910 8911 7221
f 8917 8914 8915 7224
f 8922 8919 8920 7228
f 8926 8923 8924 7231
f 8931 8928 8929 7235
f 8935 8932 8933 7235
f 8939 8936 8937 7240
f 8945 8942 8943 7245
f 8948 8946 8943 7246
f 8952 8949 8950 7249
f 8956 8953 8954 7252
f 8960 8957 8958 7255
f 8964 8961 8962 7247
f 8968 8965 8966 7261
f 8972 8969 8970 7263
f 8976 8973 8974 7265
f 8979 8977 8975 7267
f 8983 8980 8981 7269
f 8987 8984 8985 7272
f 8991 8988 8989 7274
f 8995 8992 8993 7277
f 8999 8996 8997 7279
f 9003 9000 9001 7256
f 9007 9004 9005 7283
f 9010 9008 9009 7286
f 9014 9011 9012 7222
f 9016 9015 8912 7223
f 9020 9017 9018 7288
f 9023 9021 9022 7291
f 9026 9024 9025 7292
f 9030 9027 9028 7294
f 9034 9031 9032 7187
f 9037 9035 9036 7301
f 9041 9038 9039 7302
f 9045 9042 9043 7305
f 9049 9046 9047 7310
f 9053 9050 9051 7313
f 9057 9054 9055 7316
f 9061 9058 9059 7319
f 9065 9062 9063 7322
f 9069 9066 9067 7324
f 9073 9070 9071 7326
f 9077 9074 9075 7328
f 9081 9078 9079 7331
f 9085 9082 9083 7333
f 9092 9089 9090 7337
f 9095 9093 9094 7341
f 9099 9096 9097 7342
f 9103 9100 9101 7346
f 9107 9104 9105 7346
f 9111 9108 9109 7348
f 9115 9112 9113 7351
f 9120 9117 9118 7353
f 9124 9121 9122 7214
f 9128 9125 9126 7356
f 9132 9129 9130 7359
f 9136 9133 9134 7361
f 9140 9137 9138 7363
f 9144 9141 9142 7366
f 9148 9145 9146 7257
f 9152 9149 9150 7260
f 9156 9153 9154 7372
f 9160 9157 9158 7375
f 9163 9161 9162 7377
f 9167 9165 9166 7381
f 9170 9168 9169 7382
f 9174 9171 9172 7383
f 9177 9175 8997 7280
f 9180 9178 9142 7367
f 9183 9181 9085 7333
f 9010 9184 9185 7285
f 9188 9186 9187 7363
f 9191 9189 9188 7363
f 9194 9192 9191 7363
f 9197 9195 9196 7179
f 9201 9198 9199 7386
f 9204 9202 9203 7388
f 9208 9205 9206 7389
f 9211 9209 9060 7321
f 9215 9212 9213 7393
f 9221 9218 9219 7398
f 9224 9222 9219 7399
f 9228 9225 9226 7401
f 9232 9229 9230 7404
f 9236 9233 9234 7407
f 9241 9238 9239 7412
f 9245 9242 9243 7415
f 9250 9247 9248 7412
f 9254 9251 9252 7421
f 9262 9259 9260 7427
f 9266 9264 9265 7430
f 9270 9267 9268 7431
f 9274 9271 9272 7433
f 9278 9275 9276 7435
f 9283 9280 9281 7439
f 9292 9289 9290 7445
f 9296 9293 9294 7448
f 9300 9297 9298 7451
f 9304 9301 9302 7454
f 9308 9305 9306 7457
f 9312 9309 9310 7460
f 9317 9314 9315 7464
f 9321 9318 9319 7468
f 9324 9322 9323 7471
f 9328 9325 9326 7473
f 9332 9329 9330 7476
f 9335 9333 9327 7475
f 9339 9336 9337 7480
f 9343 9340 9341 7483
f 9346 9344 9345 7486
f 9350 9347 9348 7487
f 9354 9351 9352 7489
f 9358 9355 9356 7492
f 9362 9359 9360 7492
f 9366 9363 9364 7496
f 9369 9367 9365 7498
f 9373 9370 9371 7499
f 9377 9374 9375 7502
f 9380 9378 9379 7505
f 9384 9381 9382 7506
f 9388 9385 9386 7504
f 9392 9389 9390 7502
f 9396 9393 9394 7513
f 9401 9398 9399 7517
f 9405 9402 9403 7520
f 9409 9406 9407 7523
f 9382 9410 9411 7506
f 9416 9413 9414 7512
f 9420 9417 9418 7527
f 9424 9421 9422 7529
f 9428 9425 9426 7531
f 9432 9429 9430 7534
f 9436 9433 9434 7449
f 9440 9437 9438 7461
f 9443 9441 9442 7538
f 9447 9444 9445 7539
f 9452 9449 9450 7472
f 9456 9453 9454 7513
f 9459 9457 9458 7514
f 9290 9460 9461 7445
f 9466 9463 9464 7547
f 9470 9467 9468 7550
f 9474 9471 9472 7553
f 9474 9475 9476 7555
f 9481 9478 9479 7557
f 9300 9482 9483 7453
f 9488 9485 9486 7560
f 9492 9489 9490 7563
f 9496 9493 9494 7566
f 9500 9497 9498 7568
f 9503 9501 9498 7569
f 9507 9504 9505 7572
f 9511 9508 9509 7575
f 9515 9512 9513 7577
f 9519 9516 9517 7580
f 9523 9520 9521 7583
f 9527 9524 9525 7586
f 9531 9528 9529 7588
f 9535 9532 9533 7588
f 9539 9536 9537 7592
f 9543 9540 9541 7595
f 9547 9544 9545 7598
f 9551 9548 9549 7600
f 9555 9552 9553 7603
f 9563 9560 9561 7608
f 9567 9564 9565 7611
f 9571 9568 9569 7614
f 9574 9572 9569 7615
f 9578 9575 9576 7618
f 9582 9579 9580 7620
f 9586 9583 9584 7623
f 9590 9587 9588 7626
f 9593 9591 9551 7600
f 9597 9594 9595 7630
f 9601 9598 9599 7633
f 9605 9602 9603 7637
f 9609 9606 9607 7643
f 9613 9610 9611 7560
f 9617 9614 9615 7647
f 9621 9618 9619 7650
f 9625 9622 9623 7653
f 9629 9626 9627 7656
f 9633 9630 9631 7658
f 9637 9634 9635 7660
f 9641 9638 9639 7663
f 9645 9642 9643 7666
f 9649 9646 9647 7660
f 9652 9650 9648 7670
f 9656 9653 9654 7672
f 9660 9657 9658 7675
f 9664 9661 9662 7678
f 9668 9665 9666 7675
f 9672 9669 9670 7682
f 9676 9673 9674 7685
f 9680 9677 9678 7688
f 9683 9681 9682 7691
f 9687 9684 9685 7692
f 9691 9688 9689 7694
f 9695 9692 9693 7697
f 9699 9696 9697 7700
f 9703 9700 9701 7703
f 9707 9704 9705 7706
f 9711 9708 9709 7706
f 9715 9712 9713 7711
f 9719 9716 9717 7714
f 9723 9720 9721 7716
f 9727 9724 9725 7717
f 9731 9728 9729 7721
f 9735 9732 9733 7724
f 9739 9736 9737 7727
f 9743 9740 9741 7730
f 9747 9744 9745 7707
f 9751 9748 9749 7734
f 9755 9752 9753 7734
f 9759 9756 9757 7739
f 9763 9760 9761 7742
f 9767 9764 9765 7745
f 9771 9768 9769 7736
f 9774 9772 9770 7748
f 9778 9775 9776 7750
f 9782 9779 9780 7752
f 9786 9783 9784 7755
f 9790 9787 9788 7758
f 9794 9791 9792 7761
f 9798 9795 9796 7763
f 9802 9799 9800 7760
f 9806 9803 9804 7768
f 9810 9807 9808 7771
f 9814 9811 9812 7774
f 9818 9815 9816 7777
f 9821 9819 9820 7780
f 9825 9822 9823 7781
f 9828 9826 9827 7784
f 9832 9829 9830 7776
f 9836 9833 9834 7785
f 9840 9837 9838 7788
f 9843 9841 9808 7772
f 9847 9844 9845 7788
f 9834 9848 9849 7785
f 9854 9851 9852 7795
f 9858 9855 9856 7798
f 9862 9859 9860 7801
f 9866 9863 9864 7804
f 9870 9867 9868 7807
f 9874 9871 9872 7810
f 9878 9875 9876 7813
f 9882 9879 9880 7816
f 9886 9883 9884 7819
f 9890 9887 9888 7822
f 9894 9891 9892 7825
f 9898 9895 9896 7828
f 9902 9899 9900 7829
f 9906 9903 9904 7833
f 9910 9907 9908 7834
f 9914 9911 9912 7838
f 9918 9915 9916 7840
f 9922 9919 9920 7843
f 9926 9923 9924 7846
f 9930 9927 9928 7849
f 9934 9931 9932 7837
f 9938 9935 9936 7853
f 9942 9939 9940 7856
f 9946 9943 9944 7859
f 9949 9947 9945 7861
f 9953 9950 9951 7863
f 9957 9954 9955 7866
f 9961 9958 9959 7869
f 9965 9962 9963 7872
f 9969 9966 9967 7869
f 9973 9970 9971 7877
f 9977 9974 9975 7880
f 9981 9978 9979 7881
f 9985 9982 9983 7885
f 9980 9986 9987 7883
f 9992 9989 9990 7887
f 9996 9993 9994 7890
f 10000 9997 9998 7893
f 10004 10001 10002 7896
f 10008 10005 10006 7898
f 10012 10009 10010 7901
f 10016 10013 10014 7801
f 10020 10017 10018 7911
f 10024 10021 10022 7913
f 10028 10025 10026 7918
f 10032 10029 10030 7921
f 10035 10033 10028 7918
f 10039 10036 10037 7923
f 10043 10040 10041 7928
f 10047 10044 10045 7929
f 10051 10048 10049 7871
f 10055 10052 10053 7931
f 9975 10056 10057 7880
f 9990 10059 10060 7887
f 10065 10062 10063 7934
f 10069 10066 10067 7937
f 10073 10070 10071 7938
f 10077 10074 10075 7940
f 10081 10078 10079 7943
f 10085 10082 10083 7852
f 10089 10086 10087 7848
f 10093 10090 10091 7765
f 10097 10094 10095 7948
f 10100 10098 10099 7811
f 10104 10101 10102 7949
f 10108 10105 10106 7953
f 10112 10109 10110 7956
f 10116 10113 10114 7958
f 10120 10117 10118 7791
f 10124 10121 10122 7772
f 10127 10125 9750 7736
f 10131 10128 10129 7966
f 10135 10132 10133 7969
f 10139 10136 10137 7728
f 10143 10140 10141 7727
f 10147 10144 10145 7975
f 10151 10148 10149 7978
f 10155 10152 10153 7981
f 10159 10156 10157 7984
f 10162 10160 10161 7660
f 10166 10163 10164 7987
f 10170 10167 10168 7990
f 10174 10171 10172 7711
f 10178 10175 10176 7994
f 9913 10179 10180 7839
f 10185 10182 10183 7997
f 10189 10186 10187 8000
f 9865 10190 10191 7805
f 10196 10193 10194 8004
f 10200 10197 10198 8007
f 10203 10201 10202 8009
f 10207 10204 10205 7905
f 10211 10208 10209 8012
f 10214 10212 10213 7532
f 10217 10215 9427 7533
f 10221 10218 10219 8015
f 10225 10222 10223 8018
f 10229 10226 10227 7498
f 10233 10230 10231 8022
f 10237 10234 10235 8024
f 9426 10239 10240 7531
f 10244 10241 10242 7480
f 10248 10245 10246 8020
f 10252 10249 10250 7555
f 10256 10253 10254 7556
f 10259 10257 9483 7559
f 10263 10260 10261 8035
f 10267 10264 10265 8038
f 10271 10268 10269 8041
f 10275 10272 10273 7563
f 10279 10276 10277 7572
f 9515 10280 10281 7579
f 10286 10283 10284 8046
f 10290 10287 10288 7959
f 10294 10291 10292 8048
f 10297 10295 10296 8050
f 10300 10298 10299 7622
f 10304 10301 10302 7561
f 10307 10305 10306 8052
f 10310 10308 10309 8053
f 10312 10311 9617 7647
f 10315 10313 10314 8054
f 10319 10316 10317 8039
f 10323 10320 10321 8057
f 10327 10324 10325 8035
f 10331 10328 10329 8059
f 10334 10332 10333 8062
f 10337 10335 10334 8062
f 10341 10338 10339 8063
f 10345 10342 10343 8066
f 10349 10346 10347 8069
f 10352 10350 10351 7744
f 10356 10353 10354 8071
f 10360 10357 10358 8074
f 9802 10361 10362 7767
f 10365 10364 10092 7770
f 10368 10366 10123 7775
f 10371 10369 10370 8078
f 9818 10372 10373 7779
f 9821 10375 10376 7777
f 10381 10378 10379 8081
f 9864 10382 10383 7804
f 9872 10384 10385 7810
f 10390 10387 10388 8083
f 10393 10391 10392 7846
f 10396 10394 10085 7852
f 10400 10397 10398 8086
f 10404 10401 10402 7868
f 10408 10405 10406 8088
f 10412 10409 10410 8089
f 10415 10413 9940 7857
f 10417 10416 9963 7873
f 10420 10418 10419 7882
f 9981 10421 10422 7884
f 10425 10423 10064 7936
f 10429 10426 10427 8092
f 10432 10430 10081 7943
f 10436 10433 10434 7895
f 10439 10437 10211 8012
f 10442 10440 10195 8006
f 10446 10443 10444 7758
f 10448 10447 10007 7900
f 10452 10449 10450 8099
f 9702 10453 10454 7704
f 10458 10456 10457 8100
f 10155 10459 10460 7983
f 10464 10462 10153 7982
f 10468 10465 10466 8104
f 10471 10469 10470 7654
f 10475 10472 10473 8107
f 10480 10476 10477 8111
f 10484 10481 10482 7163
f 8829 10485 10486 7165
f 10490 10488 8827 7164
f 10494 10491 10492 8115
f 10490 10495 10496 8114
f 10501 10498 10499 8117
f 10504 10502 10503 8119
f 10508 10505 10506 8120
f 10512 10509 10510 8122
f 10517 10513 10514 8123
f 10521 10518 10519 8126
f 10525 10522 8823 7161
f 10532 10534 10535 8130
f 8861 10537 10538 7187
f 10521 10540 10541 7173
f 8844 10544 9025 7176
f 9138 10551 10552 7363
f 10553 10555 9090 7338
f 10561 10558 10559 7293
f 10566 10562 10563 8138
f 10570 10567 10568 8141
f 10573 10571 10572 7205
f 8887 10574 10575 7204
f 10579 10577 9098 7344
f 9099 10580 10581 7344
f 9094 10583 10584 7341
f 9114 10587 8873 7194
f 10591 10589 8904 7217
f 10596 10592 10593 7217
f 10599 10597 10598 7345
f 10602 10600 9101 7347
f 10605 10603 10601 7206
f 9115 10607 10608 7352
f 10615 10613 10614 8148
f 10618 10616 10617 7314
f 10623 10619 10620 8149
f 10628 10626 10620 8150
f 9120 10629 10630 7354
f 10621 10631 10628 8150
f 10636 10633 8883 7202
f 10641 10637 10638 7308
f 10638 10642 10643 7308
f 10648 10645 10646 8158
f 10658 10654 10655 7284
f 9005 10659 10660 7283
f 10660 10661 9009 7283
f 10665 10662 10663 8162
f 10670 10666 10667 8141
f 9128 10671 10672 7358
f 9126 10674 10675 7356
f 10681 10678 10679 8167
f 10664 10682 10581 7224
f 10663 10683 10684 8162
f 9136 10686 10687 7296
f 10692 10689 8920 7229
f 10695 10693 10694 7362
f 10697 10696 10668 8163
f 10700 10698 10514 8124
f 10512 10701 10702 8121
f 8935 10715 10716 7239
f 8937 10718 10719 7240
f 10731 10727 10728 8177
f 8956 10732 10733 7254
f 10737 10734 10735 8180
f 10741 10738 10739 7249
f 10740 10742 10743 8182
f 10737 10745 10746 8178
f 10748 10749 10750 8184
f 10754 10752 10753 8185
f 8998 10755 10756 7280
f 10761 10758 10759 8187
f 10757 10762 10763 8186
f 10760 10765 10766 7370
f 10771 10767 10768 8189
f 8968 10772 10773 7262
f 10785 10783 10784 8189
f 10790 10786 10787 8198
f 10795 10792 10793 8203
f 10799 10796 10797 8204
f 10801 10800 9155 7374
f 10807 10805 10721 7241
f 10809 10810 10799 8204
f 10817 10813 10814 7277
f 10821 10818 10819 7379
f 10826 10822 10823 7392
f 10831 10827 10828 7316
f 10835 10832 8981 7270
f 10840 10836 10837 7328
f 10844 10841 10842 8215
f 10847 10845 10846 7331
f 10850 10848 10849 8216
f 9174 10851 9001 7282
f 10855 10853 9059 7320
f 9177 10856 10857 7382
f 9180 10859 10860 7272
f 10483 10863 9182 7299
f 9199 10866 10867 7386
f 10872 10868 10869 7230
f 10875 10874 10820 7268
f 10877 10876 10835 7270
f 9091 10878 10552 7338
f 9187 10879 10880 7363
f 10881 10883 10884 8219
f 10888 10885 10501 8117
f 10892 10889 10890 7166
f 10897 10894 10895 7197
f 8926 10898 10899 7233
f 10902 10901 10595 8145
f 8863 10903 10904 7188
f 10907 10905 10906 7218
f 9190 10908 10909 7171
f 10912 10910 10890 7340
f 9196 10913 8847 7179
f 10528 10915 10916 8128
f 9033 10918 10535 7180
f 10920 10919 10538 7184
f 10507 10921 10922 8119
f 10925 10924 10525 7161
f 10928 10926 10916 8127
f 10932 10931 10547 7234
f 10927 10933 10527 8128
f 8896 10934 10935 7210
f 10940 10938 8884 7203
f 10944 10941 10942 8153
f 10949 10945 10946 8225
f 10947 10950 10951 8226
f 9143 10952 10862 7367
f 10861 10953 9055 7317
f 10955 10954 10828 8210
f 9176 10956 10957 7279
f 10961 10959 8989 7275
f 9068 10966 8976 7265
f 9069 10968 10969 7325
f 10972 10971 10795 8203
f 10977 10976 10582 7342
f 8986 10978 8950 7250
f 10979 10981 10741 7249
f 9081 10982 10728 7332
f 10986 10984 8947 7248
f 10486 10988 10884 7165
f 10477 10990 10893 8111
f 10496 10993 10489 8114
f 10494 10994 10995 7300
f 10998 10996 10515 8125
f 10922 10999 10504 8119
f 11007 11005 11006 8134
f 11006 11008 10549 8134
f 10556 11010 10506 7337
f 10588 11013 11014 7198
f 11017 11016 11014 8230
f 10667 11018 10570 8141
f 10590 11020 10895 7216
f 11023 11021 11022 8222
f 11026 11024 10593 8144
f 11030 11027 11028 7232
f 11034 11031 11032 8233
f 9103 11035 8925 7233
f 10935 11036 8895 7210
f 10656 11037 9110 7350
f 10573 11039 11040 7191
f 11022 11041 10899 8222
f 11040 11043 11019 7191
f 11047 11045 11034 8233
f 9207 11048 11049 7390
f 11052 11050 11051 7311
f 10622 11053 11054 8151
f 10632 11055 9123 7353
f 10951 11057 11058 8226
f 10946 11059 11060 8225
f 11063 11061 11062 7309
f 10942 11064 10635 8153
f 10640 11065 11066 8155
f 10690 11069 11070 7228
f 11070 11071 8922 7228
f 11074 11073 10639 8155
f 11076 11075 10657 8161
f 11079 11077 10559 8137
f 11082 11080 10568 8140
f 9134 11083 11084 7361
f 11087 11086 9132 7359
f 11087 11088 10679 7220
f 10676 11090 11091 8165
f 10578 11093 8889 7204
f 11095 11094 10566 8138
f 10617 11097 11098 7314
f 10989 11099 10880 8219
f 9019 11101 11009 7289
f 8865 11102 10997 7190
f 11105 11104 11103 7188
f 11079 11106 10907 7218
f 11028 11107 8924 7232
f 8970 11120 10712 7263
f 11122 11121 8929 7236
f 11125 11123 10811 8206
f 11128 11126 10788 8200
f 11132 11131 8939 7240
f 11137 11135 11136 8235
f 11141 11138 11139 7334
f 11143 11142 10731 8177
f 10751 11144 8944 7247
f 11148 11145 11146 8236
f 8963 11149 11150 7258
f 10750 11152 11153 8184
f 10747 11155 11156 8183
f 11160 11157 11158 8182
f 11162 11161 11158 8238
f 9179 11163 11164 7366
f 9144 11166 9147 7368
f 8966 11168 11169 7261
f 11159 11171 11167 8238
f 10785 11172 11173 8197
f 10779 11174 11175 8196
f 10733 11178 10743 7254
f 10753 11180 10764 8185
f 11169 11181 10775 7261
f 11184 11182 11183 8239
f 11187 11185 11186 8240
f 9159 11189 9154 7373
f 10826 11190 11191 8209
f 10798 11192 11191 7375
f 8995 11193 11194 7278
f 11198 11196 11194 8241
f 11200 11199 11195 8207
f 10965 11201 9164 7380
f 10815 11202 11200 8207
f 9167 11205 11204 7327
f 11206 11207 10759 7370
f 10817 11208 10857 8208
f 9064 11209 11118 7323
f 9210 11211 10855 7320
f 9172 11213 10830 7383
f 11215 11214 8982 7271
f 10980 11216 10839 8214
f 11218 11217 10684 7296
f 8985 11219 11165 7272
f 8994 11220 11210 7276
f 9002 11221 11222 7282
f 10479 11224 10865 8113
f 11226 11225 10867 7333
f 11111 11227 8983 7269
f 11076 11228 10871 8218
f 10658 11230 11229 8161
f 11233 11231 8855 7183
f 11233 11234 10500 8118
f 9197 11236 11235 7185
f 9203 11237 11084 7388
f 11239 11238 10675 8165
f 11089 11240 11091 8167
f 11011 11241 10511 8120
f 11078 11242 11243 7293
f 8881 11244 10563 7200
f 10900 11245 11023 8222
f 10596 11246 10902 8145
f 8879 11247 10897 7197
f 10697 11248 11085 7297
f 10669 11250 11249 8163
f 11081 11252 11251 8164
f 11000 11253 11232 7339
f 11256 11255 10888 8117
f 11256 11257 10995 7170
f 11258 11259 10497 7300
f 10914 11260 8851 7178
f 10543 11261 10531 8130
f 11254 11262 8857 7182
f 11007 11263 11264 7302
f 10541 11265 8839 7173
f 9041 11267 10524 7304
f 10925 11268 10998 8125
f 9036 11269 11266 7301
f 11272 11271 10520 7174
f 11272 11273 8825 7160
f 9109 11274 9106 7348
f 10939 11275 10636 7202
f 10943 11276 11063 7309
f 9206 11277 11044 7389
f 9052 11278 8891 7208
f 11281 11280 11047 8233
f 10937 11282 11032 8224
f 11284 11283 10611 8147
f 10609 11285 10610 8146
f 10955 11286 11113 8211
f 11222 11290 10854 7282
f 9211 11291 11289 7391
f 9063 11292 11288 7322
f 8930 11293 11122 7236
f 10972 11294 11125 8206
f 10576 11295 9097 7343
f 9077 11296 10744 7330
f 11297 11298 8954 7253
f 10983 11299 11143 8177
f 9084 11300 11141 7334
f 11304 11301 11302 8242
f 11311 11307 11308 8247
f 11337 11334 9226 7402
f 11341 11338 9272 7434
f 11341 11342 11343 8261
f 11349 11346 11347 8264
f 11353 11350 11351 7401
f 11356 11354 11335 8259
f 11349 11357 9235 7409
f 11361 11359 11360 8267
f 11365 11362 11363 8268
f 11367 11366 11331 8257
f 11371 11368 11369 7501
f 11329 11372 11373 8256
f 11380 11376 11377 8258
f 11332 11381 11382 8257
f 11367 11384 11385 7425
f 11389 11387 11388 8269
f 11378 11390 11391 8271
f 11397 11394 11395 8278
f 11391 11398 11383 8271
f 11404 11400 11401 8280
f 11409 11405 11406 8283
f 11414 11410 11411 8286
f 11401 11415 11416 8280
f 11420 11421 11422 8291
f 11429 11425 11426 8293
f 11439 11437 11395 8279
f 11443 11440 11426 8294
f 11448 11444 11445 8287
f 11452 11449 11397 8278
f 11457 11454 11455 7405
f 11460 11458 11336 7426
f 11462 11461 11303 8243
f 11467 11463 11464 8267
f 11309 11471 11472 8248
f 9223 11475 11472 7398
f 11485 11483 11484 8304
f 11488 11486 11487 8021
f 11488 11489 11340 8261
f 9273 11491 11345 7434
f 11322 11492 11493 8254
f 11477 11494 11351 8265
f 11388 11499 11363 8269
f 11370 11500 9232 7404
f 9269 11502 9243 7416
f 11326 11505 11375 8255
f 11481 11506 11379 8273
f 11364 11508 11389 8269
f 9248 11511 11495 7412
f 11371 11512 11513 7417
f 9244 11515 9268 7416
f 11507 11517 11393 8272
f 11399 11519 11439 8279
f 11402 11520 11521 8281
f 11522 11524 11414 8286
f 11406 11525 11413 8283
f 11521 11528 11418 8281
f 11530 11529 11435 8297
f 11428 11531 11532 8295
f 11451 11533 11509 8300
f 11518 11538 11523 8282
f 11540 11539 11526 8305
f 11542 11541 11530 8297
f 11542 11543 11419 8291
f 9253 11544 11412 7422
f 11446 11545 11417 8289
f 11546 11547 11438 8288
f 11450 11548 11385 8275
f 11503 11549 11501 7415
f 11550 11551 9231 7406
f 11456 11552 11344 8263
f 11554 11553 9224 7399
f 11556 11555 9220 7400
f 11558 11557 11485 8304
f 9240 11559 11360 7413
f 11465 11560 11365 8268
f 11339 11561 11369 7433
f 11565 11562 11563 8306
f 11569 11566 11567 8309
f 11572 11570 9276 7436
f 11579 11576 11577 8315
f 9287 11580 11581 7443
f 11188 11582 11583 8240
f 11187 11585 11586 8239
f 10790 11588 11589 7438
f 11595 11592 11593 8319
f 11598 11596 11597 8320
f 11564 11601 11575 8307
f 9282 11603 11578 7440
f 11607 11605 11606 8319
f 11184 11609 11591 8198
f 11610 11611 11593 8318
f 11587 11613 11612 8316
f 11569 11614 11602 8308
f 11624 11621 11622 8033
f 11629 11625 11626 7558
f 11633 11630 11631 8327
f 10255 11634 11635 8033
f 11640 11636 11637 8328
f 9352 11641 11642 7489
f 11648 11645 11646 8333
f 11652 11649 11650 8335
f 11656 11653 11654 8337
f 11660 11657 11651 8334
f 11665 11661 11662 8332
f 9440 11666 9303 7456
f 11671 11668 11654 8338
f 11677 11673 11674 7465
f 11681 11678 9534 7531
f 11688 11685 11686 8348
f 11691 11690 10216 8014
f 11695 11693 9526 7587
f 11699 11696 11697 8351
f 11703 11700 11701 7545
f 11707 11704 11305 8245
f 11709 11708 10220 8017
f 11712 11710 11711 7480
f 11716 11713 11470 7395
f 9332 11717 11714 7478
f 11707 11719 11720 8352
f 11725 11722 11723 8353
f 11729 11726 11727 8355
f 11733 11730 11731 8356
f 11738 11734 11735 7482
f 11742 11739 11474 8249
f 11745 11743 9345 7484
f 11736 11746 11747 8358
f 11754 11750 11751 8363
f 11757 11755 11640 8328
f 11760 11758 11757 8328
f 11765 11761 11762 7493
f 11769 11766 11767 8368
f 11773 11770 11771 8367
f 11764 11774 10232 7499
f 11778 11776 11777 8371
f 11781 11779 9375 7503
f 11778 11782 11527 8284
f 11789 11785 11786 8373
f 11792 11790 9379 7427
f 11787 11794 11795 8374
f 11797 11796 9390 7511
f 11800 11798 10235 8022
f 11803 11801 11775 8370
f 11806 11804 11805 7506
f 11809 11807 9386 7509
f 11813 11810 11811 7544
f 10246 11814 10224 8020
f 11851 11849 11850 8392
f 9424 11852 9317 7464
f 11856 11853 11854 8376
f 11860 11857 11858 8361
f 11864 11861 11862 7448
f 11867 11865 11866 7495
f 11870 11868 11638 8330
f 11872 11871 9295 7450
f 9435 11873 11869 7536
f 11874 11876 11663 8340
f 9331 11877 10242 7477
f 10243 11878 9330 7477
f 11881 11880 11701 8323
f 11886 11884 11885 8353
f 9458 11887 9394 7514
f 9612 11888 11889 7550
f 11894 11892 11728 8030
f 11899 11895 11896 8396
f 11903 11900 11901 7625
f 11906 11904 9461 7546
f 9476 11907 11908 7555
f 10252 11910 11911 8032
f 11915 11912 11913 7549
f 11919 11916 11917 8401
f 11915 11920 11921 7552
f 11926 11923 11924 8404
f 11929 11927 11928 8406
f 9464 11930 11931 7547
f 9484 11932 10303 7559
f 11939 11935 11936 8407
f 11944 11940 11941 7450
f 11942 11945 11946 7641
f 11953 11949 11950 8412
f 10322 11954 10263 8035
f 11959 11957 11958 8417
f 9487 11960 11961 7561
f 11966 11963 11964 8418
f 11971 11967 11968 8419
f 11976 11972 11973 7639
f 11981 11977 11978 8421
f 11986 11982 11983 8041
f 11658 11987 11655 8336
f 11686 11989 11990 8348
f 11997 11993 11994 8426
f 12002 11998 11999 8426
f 12006 12003 12004 8429
f 12009 12007 12008 8430
f 11697 12010 12011 8351
f 12017 12014 12015 7636
f 12021 12018 9523 7583
f 9522 12022 12023 7584
f 12028 12024 12025 8434
f 12021 12029 9514 7579
f 12035 12031 12032 8438
f 12040 12036 12037 7594
f 12044 12041 12042 8442
f 12048 12045 12046 8444
f 12052 12049 12050 8445
f 9590 12053 12054 7628
f 12060 12056 12057 8446
f 12065 12061 12062 8448
f 12068 12066 11818 8379
f 12073 12069 12070 8452
f 12077 12074 12075 8455
f 12080 12078 12077 8455
f 12085 12081 12082 8457
f 12090 12086 12087 8461
f 12094 12091 12092 8388
f 12043 12095 12096 8443
f 12101 12099 12079 7603
f 9554 12102 12103 7604
f 12109 12106 12107 8468
f 12114 12110 12111 8470
f 12120 12119 12048 8444
f 12120 12121 12122 8476
f 12118 12124 12125 8475
f 12132 12128 12129 8480
f 10297 12133 12134 7924
f 12139 12137 12138 8483
f 12143 12140 12141 8484
f 12147 12144 12145 8486
f 12152 12148 12149 8488
f 12157 12153 12154 8490
f 12161 12158 12159 8491
f 12157 12162 12163 7610
f 12168 12165 12166 8491
f 12171 12169 12170 8494
f 9582 12172 10300 7622
f 12176 12173 12174 7830
f 12178 12177 12067 8448
f 12183 12179 12180 8456
f 12186 12184 12112 8472
f 12191 12187 12188 8447
f 12193 12192 12060 8446
f 12197 12194 12195 8450
f 12200 12198 12101 7603
f 12204 12201 12202 7598
f 12206 12205 12090 8461
f 9570 12207 12208 7615
f 12213 12210 12211 7631
f 9574 12214 12212 7617
f 11996 12215 11991 7636
f 12218 12217 12171 8494
f 10273 12219 12220 7563
f 9428 12222 9525 7533
f 12226 12224 10282 7577
f 9605 12227 11976 7639
f 12228 12230 12231 7640
f 10262 12232 11938 8036
f 12236 12234 11941 7641
f 12239 12237 12238 8499
f 12242 12240 11947 8411
f 12244 12243 9468 7551
f 12247 12245 12246 8500
f 12250 12248 12249 8501
f 12253 12251 12252 8480
f 12258 12254 12255 8502
f 12262 12259 12260 8505
f 12266 12263 12264 8507
f 12270 12267 12268 8509
f 12274 12271 12272 7843
f 12277 12275 9615 7648
f 12280 12278 12279 7996
f 9912 12281 12282 7838
f 12289 12285 12286 7653
f 12291 12290 12283 8512
f 12294 12292 12293 8513
f 12296 12295 9639 7664
f 12299 12297 12256 8504
f 12302 12300 12301 7994
f 12306 12303 12304 7664
f 12309 12307 9666 7680
f 10177 12310 12311 7668
f 12312 12313 12314 8514
f 12320 12317 12318 8518
f 12324 12321 12322 7988
f 12329 12325 12326 8521
f 12332 12330 9652 7670
f 12337 12333 12334 7674
f 12342 12338 12339 8515
f 12347 12343 12344 8528
f 12352 12348 12349 7984
f 12356 12353 11925 8405
f 12360 12357 12358 8533
f 12363 12361 12362 8534
f 12366 12364 12365 8535
f 12369 12367 9664 7678
f 9668 12370 12371 7681
f 12376 12373 12374 8053
f 10266 12377 10319 8039
f 12381 12379 12380 8538
f 12383 12382 9670 7683
f 12387 12384 12385 8539
f 12390 12388 12389 8412
f 12390 12391 10463 8103
f 12397 12393 12394 8538
f 12381 12398 12399 8057
f 12378 12401 12402 8056
f 10318 12404 12405 8055
f 12410 12407 12408 8543
f 12409 12411 12412 7977
f 12419 12415 12416 8546
f 12422 12420 9698 7702
f 12426 12423 10011 7903
f 12429 12427 12428 8550
f 12432 12430 12431 8551
f 12436 12433 12434 8552
f 12439 12437 12438 8553
f 12444 12440 12441 8554
f 12448 12445 12446 8557
f 12452 12449 12450 7695
f 12451 12453 12417 8547
f 12458 12455 12456 8499
f 12463 12459 12460 8560
f 12466 12464 12465 7705
f 12471 12467 12468 8564
f 12476 12472 12473 8568
f 12481 12477 12478 7730
f 12486 12482 12483 7979
f 12490 12487 12488 7705
f 12465 12491 12490 7705
f 12496 12492 12493 8106
f 10467 12497 12301 8105
f 12502 12498 12499 8576
f 12507 12503 12504 7969
f 9718 12508 9713 7712
f 12515 12511 12512 7972
f 12520 12516 12517 8582
f 12495 12521 12522 8574
f 12527 12524 12525 8579
f 12532 12528 12529 8586
f 12537 12533 12534 8589
f 12541 12538 12539 7742
f 12544 12542 10331 8059
f 10343 12545 12546 8066
f 12551 12549 12550 7731
f 9741 12552 12553 7730
f 12558 12555 9725 7719
f 12556 12559 9721 7717
f 12565 12562 12563 8595
f 10333 12566 12567 8062
f 12561 12569 9733 7725
f 12575 12571 12572 8593
f 10137 12576 9737 7728
f 12580 12577 12514 8581
f 12518 12581 12582 8583
f 12587 12584 12499 8577
f 12592 12588 12589 8601
f 12597 12593 12594 8605
f 12590 12598 12599 8602
f 12605 12601 12602 7737
f 10349 12606 12607 8068
f 12612 12609 12563 8596
f 10131 12613 12614 7968
f 12621 12617 12618 8612
f 10356 12622 12623 8073
f 12603 12626 12627 8608
f 12633 12629 12630 8616
f 12638 12634 12635 8618
f 12641 12639 12640 8622
f 12646 12642 12643 8623
f 12650 12647 12648 8627
f 12653 12651 12652 8628
f 12658 12654 12655 8629
f 12661 12659 10362 8076
f 12666 12662 12663 8633
f 12670 12667 9782 7752
f 12674 12671 12672 8637
f 12678 12675 12628 8614
f 12682 12679 12680 8639
f 12687 12683 12684 8637
f 10104 12688 12689 7952
f 12693 12691 12692 8643
f 10370 12694 12695 8078
f 12702 12698 12699 7780
f 12707 12703 12704 8649
f 12710 12708 12709 8620
f 12714 12711 12712 8650
f 12717 12715 9796 7764
f 12720 12718 9798 7763
f 12656 12721 12722 8630
f 12726 12724 12638 8618
f 12668 12727 12728 7754
f 12733 12731 9858 7798
f 12738 12734 12735 8652
f 12742 12739 12740 7956
f 12747 12743 12744 8654
f 12750 12748 9813 7776
f 12754 12751 12752 8657
f 12757 12755 9820 7778
f 12693 12758 12759 8047
f 12765 12762 12763 7961
f 9817 12766 12757 7778
f 12772 12769 12770 8663
f 12776 12773 12774 8664
f 12780 12777 12753 8658
f 12782 12781 9849 7794
f 12785 12783 9774 7748
f 12676 12786 12787 8615
f 12791 12789 12470 8567
f 12795 12792 12793 8669
f 12799 12796 12797 8670
f 12804 12800 12801 8012
f 12809 12805 12806 8674
f 12813 12810 12811 8678
f 12813 12814 12815 8674
f 12809 12818 12819 8677
f 12824 12821 12822 8683
f 12828 12825 12826 7908
f 12831 12829 12830 8685
f 12834 12832 12833 8686
f 12838 12835 12836 7906
f 12843 12839 12840 8688
f 12848 12844 12845 8690
f 9886 12849 12850 7821
f 10381 12852 12853 7916
f 10207 12856 12857 8011
f 12861 12858 12859 8693
f 12866 12862 12863 7813
f 12871 12867 12868 8698
f 12876 12872 12873 8671
f 12881 12877 12878 8702
f 12880 12882 10441 8097
f 12804 12884 12885 8673
f 12891 12888 12889 8705
f 12894 12892 12893 8706
f 9892 12895 12896 7825
f 10389 12899 12900 8084
f 10296 12902 12903 8050
f 12907 12904 12905 8709
f 12911 12908 12909 8001
f 9902 12912 12913 7832
f 12918 12914 12915 8712
f 12922 12919 12920 8716
f 12925 12923 12924 8717
f 12925 12926 12927 7842
f 12920 12930 12931 8716
f 12936 12932 12933 7926
f 12941 12937 12938 8721
f 12945 12942 12943 8724
f 12950 12946 12947 7845
f 12953 12951 12927 8718
f 12955 12954 9924 7847
f 12955 12956 12270 8509
f 12266 12959 12960 8508
f 12964 12962 12963 8090
f 10395 12965 10084 7947
f 12969 12967 9934 7837
f 10042 12970 9936 7854
f 12933 12972 10398 7926
f 12974 12973 10404 7868
f 12978 12975 12976 8728
f 12982 12979 12980 8089
f 12960 12983 12984 8508
f 12262 12987 12988 8502
f 12994 12990 12991 7857
f 10412 12995 9941 7858
f 12999 12996 12997 8578
f 13003 13000 13001 7873
f 13005 13004 10068 7929
f 9955 13006 13007 7866
f 13012 13010 10077 7940
f 9991 13013 13014 7888
f 13019 13017 13018 7933
f 12997 13020 12500 8578
f 13027 13023 13024 8739
f 13031 13028 13016 7889
f 13034 13032 13033 8743
f 13038 13035 13036 8094
f 13042 13039 13040 8745
f 13046 13043 13044 8747
f 13036 13047 10428 8094
f 10355 13049 13050 8072
f 13056 13053 13054 8640
f 12680 13057 13058 8639
f 12685 13060 13061 8641
f 13067 13063 13064 8751
f 13051 13068 10435 8096
f 13059 13071 13072 7944
f 12981 13075 12993 8729
f 10474 13077 13078 8108
f 9898 13081 12176 7830
f 13085 13083 13084 8753
f 13089 13086 13087 7781
f 13093 13090 12592 8601
f 13097 13094 13095 8756
f 13096 13098 13099 7804
f 13106 13102 13103 8757
f 13111 13107 13108 8698
f 13115 13112 13113 8761
f 13120 13116 13117 8763
f 13124 13121 9876 7814
f 13124 13125 12838 7906
f 13126 13127 13128 8687
f 13133 13131 12831 8685
f 13132 13134 12828 7908
f 13139 13136 13137 7802
f 13142 13140 13141 8767
f 13145 13143 12850 8082
f 10031 13146 9885 7821
f 13149 13147 13148 7824
f 10026 13150 13151 7918
f 13152 13153 12885 8704
f 13157 13155 13156 8769
f 13161 13158 13159 8770
f 13164 13162 12795 8669
f 13166 13165 12139 8483
f 13169 13167 13168 8485
f 13171 13170 12143 8484
f 13171 13172 13173 8708
f 13177 13176 12936 7926
f 13180 13178 9942 7856
f 12977 13181 10067 7897
f 10045 13182 13005 7929
f 13183 13185 9952 7865
f 13188 13186 13007 8735
f 13188 13189 9968 7876
f 10054 13191 13192 7875
f 13196 13194 13195 7885
f 10073 13197 9973 7877
f 10080 13200 13058 7944
f 9921 13202 10392 7844
f 13203 13204 9926 7846
f 13206 13205 12637 8621
f 13209 13207 12660 8629
f 10091 13210 9797 7765
f 10099 13211 10386 7811
f 10102 13213 10095 7949
f 10103 13215 13216 7951
f 9804 13218 9835 7768
f 13223 13221 13222 7745
f 12732 13224 13225 8420
f 10110 13226 12742 7956
f 13229 13228 10373 8079
f 13232 13230 13231 8655
f 12765 13233 12780 8658
f 13238 13235 13236 8667
f 10451 13239 9809 7773
f 13241 13240 9852 7796
f 13244 13242 12784 8666
f 13243 13245 9773 7749
f 9761 13248 12541 7742
f 13249 13251 12537 8589
f 13256 13254 13250 7743
f 13259 13257 13258 8776
f 13259 13260 12599 8591
f 13261 13263 12589 8602
f 10133 13265 12507 7969
f 12560 13266 12546 7716
f 13271 13268 13269 8753
f 13270 13272 9731 7721
f 13274 13273 12513 8580
f 12421 13275 13276 7701
f 13281 13279 12456 8559
f 10461 13282 12359 8102
f 13286 13284 12375 8536
f 13291 13287 13288 8778
f 13294 13292 13293 8531
f 10159 13295 12327 7986
f 13296 13297 12331 8522
f 13298 13300 9651 7671
f 13304 13303 12328 7989
f 13278 13305 12322 8520
f 13308 13306 13307 8755
f 9697 13309 13310 7700
f 13310 13312 12438 7700
f 13317 13314 9711 7706
f 13321 13318 13319 7691
f 9685 13322 13323 7692
f 13327 13325 13326 7995
f 12949 13328 13329 7833
f 9619 13331 13332 7650
f 13336 13334 12291 8512
f 13336 13337 12279 7656
f 13340 13338 9916 7841
f 13340 13341 13342 8786
f 10473 13343 13344 8107
f 12881 13347 13348 8689
f 12855 13350 13351 8692
f 13355 13353 12883 8688
f 12875 13356 13357 8701
f 12878 13358 13349 8702
f 9291 13363 11619 7446
f 11616 13365 11702 8322
f 11889 13366 11914 7550
f 11624 13368 11881 8323
f 11815 13369 13370 8019
f 10223 13372 13373 8018
f 11732 13374 13375 8357
f 11944 13377 13375 8410
f 9298 13379 11934 7451
f 11862 13381 13378 7448
f 11760 13383 11644 7490
f 13385 13384 9302 7455
f 9439 13386 11662 7537
f 9307 13387 11875 7458
f 11679 13388 13389 7591
f 9399 13394 13395 7517
f 12034 13398 11695 7587
f 11811 13400 9450 7544
f 9452 13402 11703 7545
f 9446 13403 13404 7540
f 13408 13407 11706 8352
f 11893 13409 13405 8029
f 9328 13411 13410 7475
f 11709 13413 9216 7396
f 9396 13414 11812 7515
f 13416 13415 11729 8355
f 11738 13417 9334 7479
f 13420 13418 9338 7482
f 11745 13421 11310 8250
f 11733 13422 13416 8355
f 13420 13424 11741 7485
f 13423 13426 11749 8359
f 13425 13428 13429 8360
f 11740 13430 11484 8303
f 9350 13432 11487 7426
f 13435 13433 11648 8333
f 11759 13436 11754 8363
f 9357 13437 13438 7493
f 9361 13439 11753 7494
f 13442 13440 9366 7496
f 13444 13443 11768 8369
f 11773 13445 13444 8369
f 13441 13446 9371 7500
f 11514 13448 10236 8025
f 11781 13449 11784 8371
f 13453 13450 11788 8375
f 11791 13456 13457 7505
f 11669 13458 11767 8337
f 9416 13459 11799 7526
f 11802 13460 10231 8023
f 13464 13461 13462 8392
f 13371 13465 13380 7452
f 13469 13468 13367 8394
f 9423 13476 13451 7530
f 9380 13478 9407 7428
f 13464 13479 13390 8346
f 9411 13480 11806 7506
f 11851 13481 9387 7510
f 9420 13482 13452 7528
f 11856 13483 13453 8375
f 11855 13484 11783 8372
f 11870 13485 9434 7536
f 9356 13486 13487 7492
f 11762 13489 13488 7493
f 9430 13490 13431 7534
f 13492 13491 11748 8362
f 11863 13493 13427 8393
f 13487 13494 9362 7492
f 9337 13495 10244 7480
f 11879 13496 11718 7476
f 13498 13497 11816 8028
f 11885 13499 11720 8353
f 9459 13500 13466 7538
f 13502 13501 13406 7541
f 13502 13503 9405 7520
f 10254 13504 11909 7556
f 9480 13505 11629 7558
f 9469 13506 12246 7551
f 12368 13507 9472 7554
f 11931 13509 11918 7547
f 13511 13510 10250 8031
f 9486 13512 9613 7560
f 10259 13513 13514 8034
f 13376 13516 11943 8410
f 13519 13518 13515 8408
f 13522 13520 13521 8407
f 12385 13523 13521 8539
f 12238 13524 12458 8499
f 11659 13525 13526 8339
f 9495 13527 13528 7567
f 10270 13529 11970 8042
f 13532 13530 11980 8422
f 13532 13533 11971 8419
f 13535 13534 11983 8423
f 9496 13536 9490 7564
f 11975 13538 13539 7800
f 13531 13540 12235 7642
f 13542 13541 13280 8777
f 13526 13543 11988 8339
f 11966 13545 13546 7590
f 9502 13548 13547 7568
f 9577 13550 13551 7619
f 12002 13552 9505 7573
f 12001 13553 13554 8428
f 12004 13556 13557 8429
f 13561 13559 13560 8494
f 12218 13562 12690 7950
f 13565 13564 13558 8797
f 13555 13566 13565 8797
f 9509 13568 9777 7575
f 10277 13570 12008 7572
f 13571 13573 13569 8430
f 9320 13575 13576 7469
f 9323 13578 12013 7471
f 11995 13579 10278 8045
f 13582 13581 13577 8438
f 12032 13583 13582 8438
f 13584 13585 9513 7578
f 13590 13588 13589 8420
f 10294 13591 10115 7960
f 13594 13593 12026 8436
f 13594 13595 13596 8048
f 13592 13598 9517 7581
f 13572 13599 12027 8437
f 12033 13600 13587 8439
f 11965 13602 13389 8341
f 13605 13603 13604 8498
f 12225 13606 12229 7637
f 10284 13607 10288 8046
f 9597 13609 11999 7632
f 12040 13611 9397 7516
f 13614 13613 9538 7594
f 13616 13615 12055 7626
f 13618 13617 12083 8459
f 12105 13619 13620 8467
f 13623 13622 12180 8496
f 12107 13624 12195 8468
f 9593 13625 12089 7629
f 13614 13626 12098 7597
f 13630 13628 13629 8497
f 13629 13631 12199 8497
f 13636 13633 13623 8496
f 12113 13637 13638 8472
f 13640 13641 13642 7607
f 9558 13643 12127 7606
f 13649 13645 13646 8801
f 13649 13652 12250 8501
f 13655 13653 13654 8487
f 12145 13656 13657 8486
f 13660 13658 13659 8002
f 12911 13661 13662 8709
f 12907 13664 12136 8050
f 13168 13665 12142 8485
f 12146 13666 13655 8487
f 13670 13668 13669 8804
f 12156 13671 12149 8489
f 13673 13672 11823 8381
f 13677 13674 13675 7633
f 13681 13678 12160 8490
f 12164 13682 13683 7613
f 12163 13684 9562 7610
f 13683 13686 9566 7613
f 13679 13688 12170 8492
f 12005 13689 9596 7632
f 13475 13690 13676 8383
f 12175 13691 13667 8495
f 12129 13692 12253 8480
f 13522 13693 11961 8415
f 12183 13694 12062 8449
f 12181 13695 13636 8496
f 13697 13696 13638 8457
f 12189 13698 12082 8458
f 11836 13699 12058 8385
f 12197 13700 13618 8459
f 12196 13701 12109 8468
f 13704 13703 9549 7601
f 12200 13705 13630 8497
f 12203 13706 12088 8463
f 11844 13710 13673 8381
f 9600 13711 12154 7634
f 12209 13712 13675 7621
f 9595 13713 13714 7630
f 12216 13715 13551 8425
f 12223 13716 13601 7586
f 13717 13718 13586 8799
f 13589 13719 11973 8420
f 12236 13720 11979 7642
f 12233 13721 13519 8408
f 13723 13722 13659 8803
f 13723 13724 12125 8478
f 12984 13725 12265 8508
f 12287 13727 12282 8511
f 13080 13729 13730 8752
f 13082 13731 11898 8399
f 13732 13733 11911 8398
f 9667 13735 12288 7680
f 10312 13736 13737 7657
f 12276 13739 9632 7647
f 12306 13740 12298 7666
f 10176 13741 12302 7994
f 12296 13742 13743 8513
f 12294 13744 13745 7661
f 13747 13746 13745 8519
f 13750 13748 13302 8781
f 13749 13751 13752 8782
f 9623 13753 13754 7653
f 12342 13755 13754 8054
f 12323 13756 13277 8520
f 13758 13757 12329 8521
f 12320 13759 13747 8519
f 9644 13760 12305 7667
f 13750 13761 12336 8525
f 10314 13762 12341 8054
f 12308 13764 13765 7677
f 13768 13766 13767 8779
f 13288 13769 13770 8778
f 13293 13771 12351 8531
f 12397 13772 13773 8541
f 13776 13774 13775 8780
f 10464 13777 12386 8103
f 12396 13779 12446 8540
f 13782 13780 13781 8805
f 13785 13783 13784 7693
f 12403 13786 13784 8542
f 12400 13787 9675 7687
f 13789 13788 12447 8556
f 13789 13790 9682 7689
f 13794 13792 9690 7696
f 13797 13795 13796 8806
f 12414 13798 13799 8545
f 13802 13800 12413 8545
f 12426 13803 13804 8549
f 13796 13805 13804 8806
f 13808 13807 12418 8548
f 13808 13809 13810 7694
f 13782 13811 10317 8055
f 12431 13813 13810 8551
f 10454 13814 9701 7704
f 12462 13815 13816 8562
f 13820 13818 13819 8807
f 13823 13821 13822 8808
f 13826 13824 12484 8572
f 13826 13827 13820 8807
f 12475 13829 12489 8569
f 12480 13830 13831 8571
f 12486 13832 13833 8573
f 12466 13834 13817 8563
f 12501 13835 12999 8578
f 12502 13836 13307 8104
f 12505 13838 12527 8579
f 9714 13839 9717 7712
f 12515 13841 13842 8581
f 9710 13843 12526 7709
f 12517 13845 12525 8582
f 13848 13847 12582 8599
f 12580 13849 12531 8588
f 13850 13851 13852 8587
f 9746 13853 13852 7714
f 13856 13854 13855 8101
f 12564 13857 13858 8596
f 12612 13860 13861 8610
f 13865 13863 13864 8611
f 13262 13866 10339 8064
f 12614 13868 13258 7968
f 13871 13869 13027 8739
f 12620 13872 13873 8613
f 9765 13874 13875 7745
f 13878 13876 13877 8060
f 13877 13879 10329 8060
f 12630 13880 13881 8616
f 12565 13882 13267 8100
f 12557 13884 12570 8594
f 13271 13886 9738 7729
f 13269 13888 13085 8753
f 12551 13889 12558 7719
f 12553 13890 12481 7730
f 13892 13891 12428 7697
f 9693 13893 13892 7697
f 12439 13894 13895 8552
f 9715 13897 13895 7713
f 12591 13898 13899 8603
f 13901 13900 12595 8606
f 13903 13902 13901 8606
f 13862 13904 12596 8607
f 13907 13905 12586 8091
f 12600 13908 12540 8590
f 13911 13909 12604 7739
f 13913 13912 12602 8608
f 13915 13914 12633 8616
f 12607 13916 10344 8068
f 12610 13917 13883 8595
f 13919 13918 9754 7738
f 13044 13920 13921 8747
f 13921 13922 13923 8747
f 13919 13924 13255 7741
f 12791 13926 12736 7964
f 12619 13927 9810 7771
f 13873 13929 13928 8613
f 12574 13930 12468 8565
f 12787 13931 12627 8615
f 13933 13932 13247 8773
f 9776 13934 13935 7750
f 13935 13936 10359 7750
f 13940 13938 12657 8632
f 12661 13941 13940 8632
f 13946 13944 13945 8651
f 12650 13947 12665 8625
f 13949 13948 12669 8636
f 13214 13950 10008 7898
f 13955 13952 9780 7753
f 9781 13956 13957 7753
f 13959 13958 12672 8638
f 9789 13960 9792 7759
f 9854 13962 13963 7797
f 13965 13964 12625 8071
f 10354 13966 13965 8071
f 12674 13967 13968 7756
f 9784 13970 13971 7755
f 13957 13972 13955 7753
f 13567 13974 12646 8623
f 12689 13975 13217 7952
f 12670 13976 13951 8636
f 9847 13978 12697 7793
f 13981 13979 12701 8648
f 12705 13982 12699 8646
f 10116 13984 10293 7960
f 12722 13986 12713 8630
f 10093 13987 9805 7770
f 10358 13988 13939 8074
f 12673 13989 13990 8638
f 13959 13991 10363 7760
f 10365 13992 13963 7760
f 13231 13994 12746 8655
f 13996 13995 9842 7791
f 13998 13997 12756 8659
f 10376 13999 10374 7777
f 13590 14001 12692 8433
f 12767 14002 13998 8659
f 14007 14004 14005 7786
f 9832 14008 14007 7786
f 14011 14009 14010 7796
f 13993 14012 9853 7797
f 12778 14013 9845 7792
f 12543 14014 14006 8061
f 13088 14016 14017 8754
f 13933 14018 9823 7782
f 14022 14019 14020 8771
f 13159 14023 14024 8770
f 14028 14026 12802 8672
f 14031 14029 14030 8814
f 14034 14032 12817 8678
f 14036 14035 13141 7914
f 12104 14037 12794 7599
f 14040 14038 12893 7912
f 14044 14041 12808 8677
f 14044 14045 14039 8815
f 14034 14047 14048 8814
f 14031 14049 12042 8443
f 13137 14050 9860 7802
f 13128 14051 12837 8687
f 14054 14052 13351 8789
f 10034 14055 14056 7920
f 13103 14058 14056 8757
f 14057 14059 13106 8757
f 12841 14062 10205 8010
f 13142 14063 14064 8690
f 13095 14066 13635 8756
f 14070 14067 14068 8762
f 13113 14071 14072 8761
f 13101 14074 14072 7904
f 14079 14076 14077 8816
f 13117 14080 14081 8763
f 14085 14083 14084 8759
f 13109 14086 12865 8697
f 13061 14087 13969 8641
f 13123 14088 12870 8699
f 13111 14089 14090 8760
f 9889 14091 14090 7823
f 9880 14094 14095 7816
f 12876 14096 12846 8691
f 13354 14097 10438 8004
f 9890 14099 13149 7824
f 14103 14100 14101 8817
f 14107 14104 14105 8787
f 14109 14108 9896 7829
f 9900 14110 14109 7829
f 14105 14112 13344 8787
f 13728 14115 12924 7838
f 12929 14116 12917 8715
f 14120 14117 14118 8819
f 14122 14121 12921 7835
f 12953 14123 14124 7999
f 14128 14125 14126 8785
f 14122 14129 14126 8819
f 14132 14130 14131 8724
f 12945 14133 14134 8721
f 12941 14135 13173 8723
f 12935 14136 14137 8719
f 12969 14138 12943 8725
f 9929 14139 9908 7836
f 14142 14140 14141 8821
f 14145 14143 13342 7997
f 12280 14146 14147 7648
f 14141 14148 14147 8821
f 10088 14149 9932 7851
f 9925 14150 12958 7847
f 14151 14153 12963 8726
f 12971 14155 14156 7853
f 9938 14157 14158 7855
f 10400 14159 14160 8087
f 14160 14161 14162 8087
f 10415 14163 12964 8090
f 12989 14165 14166 8731
f 14168 14167 13002 7892
f 10417 14169 9951 7864
f 9957 14170 12974 7868
f 13184 14171 9959 7870
f 14173 14172 9961 7869
f 9984 14174 13192 7886
f 14177 14175 14176 8766
f 13064 14178 13130 8751
f 13193 14179 14180 7880
f 10420 14182 10072 7877
f 9964 14183 13018 7873
f 13022 14184 14185 7934
f 10424 14186 10063 7935
f 13026 14187 13030 8741
f 13923 14188 13046 8747
f 13025 14190 14191 8740
f 14189 14192 13042 8745
f 14193 14194 13037 8744
f 14196 14195 13070 8749
f 13045 14197 13910 8748
f 13066 14198 10432 7943
f 13199 14199 9998 7894
f 13074 14201 10000 7893
f 13308 14202 13848 8599
f 14060 14203 13105 8758
f 12853 14205 14073 7916
f 9882 14206 14069 7818
f 14208 14207 14078 8694
f 12185 14209 12860 8471
f 13702 14210 14075 7807
f 13114 14211 14070 8762
f 13118 14213 14214 8764
f 13110 14215 14085 8759
f 13122 14216 12866 7813
f 13135 14217 12824 8683
f 13129 14218 9861 7803
f 13138 14219 12834 8686
f 10019 14220 14040 7912
f 13145 14221 14061 8768
f 12886 14222 13151 8704
f 10196 14223 12801 8006
f 14027 14224 10442 8006
f 13360 14226 14025 8791
f 12873 14227 14021 8671
f 13157 14228 14028 8672
f 13160 14229 14022 8771
f 14230 14231 12799 8670
f 14154 14232 10414 8090
f 13177 14233 14158 7927
f 14234 14235 9937 7855
f 13179 14236 10411 7858
f 13029 14237 14238 8738
f 13196 14239 9979 7883
f 14241 14240 13014 8737
f 14238 14242 13015 8738
f 10434 14243 14244 7895
f 9788 14245 10446 7758
f 13198 14246 13048 7879
f 10075 14247 14181 7940
f 10079 14248 13065 7943
f 13201 14249 12682 8639
f 10083 14250 9933 7852
f 13206 14251 12707 8649
f 12714 14252 12655 8630
f 14214 14253 14082 8764
f 12779 14254 13238 8667
f 13227 14256 12738 8652
f 10114 14257 14000 7958
f 14259 14258 12747 8654
f 10118 14260 13996 7791
f 10367 14261 14262 7963
f 13237 14263 9839 7790
f 10122 14264 9843 7772
f 14266 14265 12733 7798
f 10455 14267 9856 7799
f 14015 14268 14010 8812
f 12632 14269 13246 8617
f 13865 14270 12611 8610
f 10351 14271 9762 7744
f 12616 14272 13925 8069
f 13859 14273 14274 8101
f 13274 14275 13885 8597
f 14274 14276 13856 8101
f 13828 14277 13831 8561
f 14278 14279 12479 8571
f 13734 14280 10251 8032
f 13752 14281 13301 8782
f 14283 14282 13812 8805
f 13825 14284 13781 7977
f 10149 14285 12412 7978
f 13283 14286 12355 8532
f 10460 14287 12346 7983
f 14288 14289 13765 8529
f 14290 14291 9659 7677
f 13286 14293 12369 7678
f 14295 14294 12347 8528
f 13289 14296 13768 8779
f 13294 14297 12442 8555
f 13304 14298 14299 8554
f 9705 14300 13317 7706
f 13311 14301 12494 8574
f 13315 14302 13844 7710
f 14299 14303 12444 8554
f 13319 14304 9683 7691
f 10471 14305 13737 7672
f 13330 14306 14128 8785
f 14308 14307 14124 8712
f 14310 14309 12915 8713
f 14310 14311 12909 8711
f 14313 14312 14103 8817
f 13345 14314 14107 8787
f 13348 14315 12842 8689
f 13352 14316 14098 8789
f 10206 14317 12840 8010
f 14064 14318 12848 8690
f 8823 8822 8824 7161
f 8824 8822 8825 7162
f 8827 8826 8828 7164
f 8828 8826 8829 7165
f 8831 8830 8832 7167
f 8832 8830 8833 7168
f 8835 8834 8836 7170
f 8836 8834 8837 7171
f 8839 8838 8840 7173
f 8840 8838 8841 7174
f 8843 8842 8844 7176
f 8844 8842 8845 7177
f 8847 8846 8848 7179
f 8851 8850 8852 7178
f 8852 8850 8853 7181
f 8855 8854 8856 7183
f 8856 8854 8857 7184
f 8859 8858 8860 7186
f 8860 8858 8861 7187
f 8863 8862 8864 7189
f 8864 8862 8865 7190
f 8867 8866 8868 7192
f 8868 8866 8869 7193
f 8871 8870 8872 7195
f 8872 8870 8873 7196
f 8875 8874 8876 7198
f 8876 8874 8877 7196
f 8879 8878 8880 7199
f 8880 8878 8881 7200
f 8883 8882 8884 7202
f 8884 8882 8885 7203
f 8887 8886 8888 7205
f 8888 8886 8889 7206
f 8891 8890 8892 7208
f 8892 8890 8893 7209
f 8895 8894 8896 7210
f 8896 8894 8897 7211
f 8899 8898 8900 7213
f 8900 8898 8901 7214
f 8903 8902 8904 7216
f 8904 8902 8905 7217
f 8907 8906 8908 7219
f 8908 8906 8909 7220
f 8911 8910 8912 7222
f 8912 8910 8913 7223
f 8915 8914 8916 7225
f 8916 8914 8917 7226
f 8920 8919 8921 7229
f 8921 8919 8922 7230
f 8924 8923 8925 7232
f 8925 8923 8926 7233
f 8929 8928 8930 7236
f 8930 8928 8931 7237
f 8933 8932 8934 7238
f 8934 8932 8935 7239
f 8937 8936 8938 7241
f 8938 8936 8939 7242
f 8943 8942 8944 7246
f 8944 8942 8945 7247
f 8943 8946 8947 7245
f 8947 8946 8948 7248
f 8950 8949 8951 7250
f 8951 8949 8952 7251
f 8954 8953 8955 7253
f 8955 8953 8956 7254
f 8958 8957 8959 7256
f 8959 8957 8960 7257
f 8962 8961 8963 7258
f 8963 8961 8964 7259
f 8966 8965 8967 7257
f 8967 8965 8968 7262
f 8970 8969 8971 7237
f 8971 8969 8972 7264
f 8974 8973 8975 7266
f 8975 8973 8976 7267
f 8975 8977 8978 7266
f 8978 8977 8979 7268
f 8981 8980 8982 7270
f 8982 8980 8983 7271
f 8985 8984 8986 7250
f 8986 8984 8987 7273
f 8989 8988 8990 7275
f 8990 8988 8991 7276
f 8993 8992 8994 7276
f 8994 8992 8995 7278
f 8997 8996 8998 7280
f 8998 8996 8999 7281
f 9001 9000 9002 7282
f 9002 9000 9003 7281
f 9005 9004 9006 7284
f 9006 9004 9007 7285
f 9009 9008 9007 7283
f 9007 9008 9010 7285
f 9012 9011 9013 7286
f 9013 9011 9014 7287
f 8912 9015 9014 7222
f 9014 9015 9016 7287
f 9018 9017 9019 7289
f 9019 9017 9020 7290
f 9022 9021 8843 7176
f 8843 9021 9023 7175
f 9025 9024 9022 7176
f 9022 9024 9026 7291
f 9028 9027 9029 7199
f 9029 9027 9030 7295
f 9032 9031 9033 7180
f 9033 9031 9034 7292
f 9036 9035 8824 7162
f 8824 9035 9037 7161
f 9039 9038 9040 7303
f 9040 9038 9041 7304
f 9043 9042 9044 7306
f 9044 9042 9045 7307
f 9047 9046 9048 7311
f 9048 9046 9049 7312
f 9051 9050 9052 7208
f 9052 9050 9053 7314
f 9055 9054 9056 7317
f 9056 9054 9057 7318
f 9059 9058 9060 7320
f 9060 9058 9061 7321
f 9063 9062 9064 7323
f 9064 9062 9065 7275
f 9067 9066 9068 7265
f 9068 9066 9069 7325
f 9071 9070 9072 7267
f 9072 9070 9073 7327
f 9075 9074 9076 7329
f 9076 9074 9077 7330
f 9079 9078 9080 7252
f 9080 9078 9081 7332
f 9083 9082 9084 7334
f 9084 9082 9085 7335
f 9087 9086 9088 7245
f 9090 9089 9091 7338
f 9091 9089 9092 7339
f 9094 9093 8868 7193
f 8868 9093 9095 7192
f 9097 9096 9098 7343
f 9098 9096 9099 7344
f 9101 9100 9102 7347
f 9102 9100 9103 7233
f 9105 9104 9106 7203
f 9106 9104 9107 7348
f 9109 9108 9110 7349
f 9110 9108 9111 7350
f 9113 9112 9114 7194
f 9114 9112 9115 7352
f 9118 9117 9119 7209
f 9119 9117 9120 7354
f 9122 9121 9123 7355
f 9123 9121 9124 7353
f 9126 9125 9127 7357
f 9127 9125 9128 7358
f 9130 9129 9131 7189
f 9131 9129 9132 7360
f 9134 9133 9135 7297
f 9135 9133 9136 7296
f 9138 9137 9139 7364
f 9139 9137 9140 7365
f 9142 9141 9143 7367
f 9143 9141 9144 7368
f 9146 9145 9147 7369
f 9147 9145 9148 7368
f 9154 9153 9155 7373
f 9155 9153 9156 7374
f 9158 9157 9159 7373
f 9159 9157 9160 7376
f 9166 9165 9073 7326
f 9073 9165 9167 7327
f 9169 9168 8991 7274
f 8991 9168 9170 7276
f 9172 9171 9173 7384
f 9173 9171 9174 7282
f 8997 9175 9176 7279
f 9176 9175 9177 7382
f 9142 9178 9179 7366
f 9179 9178 9180 7272
f 9085 9181 9182 7335
f 9182 9181 9183 7299
f 9185 9184 9013 7287
f 9013 9184 9010 7286
f 9187 9186 8837 7169
f 8837 9186 9188 7171
f 9188 9189 9190 7171
f 9190 9189 9191 7385
f 9191 9192 9193 7385
f 9193 9192 9194 7339
f 9196 9195 8859 7186
f 8859 9195 9197 7185
f 9199 9198 9200 7298
f 9200 9198 9201 7387
f 9203 9202 9139 7365
f 9139 9202 9204 7364
f 9206 9205 9207 7390
f 9207 9205 9208 7208
f 9060 9209 9210 7320
f 9210 9209 9211 7391
f 9213 9212 9214 7394
f 9214 9212 9215 7264
f 9219 9218 9220 7399
f 9220 9218 9221 7400
f 9219 9222 9223 7398
f 9223 9222 9224 7397
f 9226 9225 9227 7402
f 9227 9225 9228 7403
f 9230 9229 9231 7405
f 9231 9229 9232 7406
f 9234 9233 9235 7408
f 9235 9233 9236 7409
f 9239 9238 9240 7413
f 9240 9238 9241 7414
f 9243 9242 9244 7416
f 9244 9242 9245 7417
f 9248 9247 9249 7419
f 9249 9247 9250 7420
f 9252 9251 9253 7422
f 9253 9251 9254 7423
f 9256 9255 9257 7424
f 9257 9255 9258 7425
f 9260 9259 9261 7421
f 9261 9259 9262 7428
f 9265 9264 9236 7407
f 9236 9264 9266 7409
f 9268 9267 9269 7416
f 9269 9267 9270 7432
f 9272 9271 9273 7434
f 9273 9271 9274 7404
f 9276 9275 9277 7436
f 9281 9280 9282 7440
f 9282 9280 9283 7441
f 9285 9284 9286 7441
f 9290 9289 9291 7446
f 9291 9289 9292 7447
f 9294 9293 9295 7449
f 9295 9293 9296 7450
f 9298 9297 9299 7452
f 9299 9297 9300 7453
f 9302 9301 9303 7455
f 9303 9301 9304 7456
f 9306 9305 9307 7458
f 9307 9305 9308 7459
f 9310 9309 9311 7461
f 9311 9309 9312 7462
f 9315 9314 9316 7465
f 9316 9314 9317 7466
f 9319 9318 9320 7469
f 9320 9318 9321 7470
f 9323 9322 9319 7469
f 9319 9322 9324 7468
f 9326 9325 9327 7474
f 9327 9325 9328 7475
f 9330 9329 9331 7477
f 9331 9329 9332 7478
f 9327 9333 9334 7474
f 9334 9333 9335 7479
f 9337 9336 9338 7481
f 9338 9336 9339 7482
f 9341 9340 9342 7484
f 9342 9340 9343 7485
f 9345 9344 9341 7484
f 9341 9344 9346 7483
f 9348 9347 9349 7488
f 9349 9347 9350 7426
f 9352 9351 9353 7490
f 9353 9351 9354 7491
f 9356 9355 9357 7493
f 9357 9355 9358 7491
f 9360 9359 9361 7494
f 9361 9359 9362 7495
f 9364 9363 9365 7497
f 9365 9363 9366 7498
f 9365 9367 9368 7497
f 9368 9367 9369 7487
f 9371 9370 9372 7500
f 9372 9370 9373 7501
f 9375 9374 9376 7503
f 9376 9374 9377 7504
f 9379 9378 9262 7427
f 9262 9378 9380 7428
f 9382 9381 9383 7507
f 9383 9381 9384 7508
f 9386 9385 9387 7509
f 9387 9385 9388 7510
f 9390 9389 9391 7511
f 9391 9389 9392 7512
f 9394 9393 9395 7514
f 9395 9393 9396 7515
f 9399 9398 9400 7518
f 9403 9402 9404 7521
f 9404 9402 9405 7522
f 9407 9406 9408 7428
f 9408 9406 9409 7524
f 9411 9410 9412 7511
f 9412 9410 9382 7507
f 9414 9413 9415 7525
f 9415 9413 9416 7526
f 9418 9417 9419 7509
f 9419 9417 9420 7528
f 9422 9421 9423 7530
f 9423 9421 9424 7464
f 9426 9425 9427 7532
f 9427 9425 9428 7533
f 9430 9429 9431 7487
f 9431 9429 9432 7535
f 9434 9433 9435 7536
f 9435 9433 9436 7458
f 9438 9437 9439 7537
f 9439 9437 9440 7456
f 9442 9441 9403 7521
f 9403 9441 9443 7520
f 9445 9444 9446 7540
f 9446 9444 9447 7541
f 9450 9449 9451 7544
f 9451 9449 9452 7545
f 9454 9453 9455 7539
f 9455 9453 9456 7522
f 9458 9457 9442 7521
f 9442 9457 9459 7538
f 9461 9460 9462 7546
f 9462 9460 9290 7446
f 9464 9463 9465 7548
f 9465 9463 9466 7549
f 9468 9467 9469 7551
f 9469 9467 9470 7552
f 9472 9471 9473 7554
f 9473 9471 9474 7555
f 9476 9475 9477 7556
f 9477 9475 9474 7553
f 9479 9478 9480 7558
f 9480 9478 9481 7548
f 9483 9482 9484 7559
f 9484 9482 9300 7451
f 9486 9485 9487 7561
f 9487 9485 9488 7562
f 9490 9489 9491 7564
f 9491 9489 9492 7565
f 9494 9493 9495 7567
f 9495 9493 9496 7564
f 9498 9497 9499 7569
f 9499 9497 9500 7570
f 9498 9501 9502 7568
f 9502 9501 9503 7571
f 9505 9504 9506 7573
f 9506 9504 9507 7574
f 9509 9508 9510 7576
f 9510 9508 9511 7574
f 9513 9512 9514 7578
f 9514 9512 9515 7579
f 9517 9516 9518 7581
f 9518 9516 9519 7582
f 9521 9520 9522 7584
f 9522 9520 9523 7585
f 9525 9524 9526 7533
f 9526 9524 9527 7587
f 9529 9528 9530 7589
f 9530 9528 9531 7590
f 9533 9532 9534 7591
f 9534 9532 9535 7531
f 9537 9536 9538 7593
f 9538 9536 9539 7594
f 9541 9540 9542 7596
f 9542 9540 9543 7597
f 9545 9544 9546 7599
f 9546 9544 9547 7600
f 9549 9548 9550 7601
f 9550 9548 9551 7602
f 9553 9552 9554 7604
f 9554 9552 9555 7605
f 9558 9556 9559 7607
f 9561 9560 9562 7609
f 9562 9560 9563 7610
f 9565 9564 9566 7612
f 9566 9564 9567 7613
f 9569 9568 9570 7615
f 9570 9568 9571 7616
f 9569 9572 9573 7614
f 9573 9572 9574 7617
f 9576 9575 9577 7619
f 9577 9575 9578 7517
f 9580 9579 9581 7621
f 9581 9579 9582 7622
f 9584 9583 9585 7624
f 9585 9583 9586 7625
f 9588 9587 9589 7627
f 9589 9587 9590 7628
f 9551 9591 9592 7602
f 9592 9591 9593 7629
f 9595 9594 9596 7631
f 9596 9594 9597 7632
f 9599 9598 9600 7634
f 9600 9598 9601 7635
f 9603 9602 9604 7638
f 9604 9602 9605 7639
f 9607 9606 9608 7644
f 9608 9606 9609 7645
f 9611 9610 9612 7550
f 9612 9610 9613 7646
f 9615 9614 9616 7648
f 9616 9614 9617 7649
f 9619 9618 9620 7651
f 9620 9618 9621 7652
f 9623 9622 9624 7654
f 9624 9622 9625 7655
f 9627 9626 9628 7657
f 9628 9626 9629 7649
f 9631 9630 9632 7659
f 9632 9630 9633 7647
f 9635 9634 9636 7661
f 9636 9634 9637 7662
f 9639 9638 9640 7664
f 9640 9638 9641 7665
f 9643 9642 9644 7667
f 9644 9642 9645 7668
f 9647 9646 9648 7669
f 9648 9646 9649 7670
f 9648 9650 9651 7669
f 9651 9650 9652 7671
f 9654 9653 9655 7673
f 9655 9653 9656 7674
f 9658 9657 9659 7676
f 9659 9657 9660 7677
f 9662 9661 9663 7679
f 9663 9661 9664 7554
f 9666 9665 9667 7680
f 9667 9665 9668 7681
f 9670 9669 9671 7683
f 9671 9669 9672 7684
f 9674 9673 9675 7686
f 9675 9673 9676 7687
f 9678 9677 9679 7689
f 9679 9677 9680 7690
f 9682 9681 9678 7689
f 9678 9681 9683 7688
f 9685 9684 9686 7685
f 9686 9684 9687 7693
f 9689 9688 9690 7695
f 9690 9688 9691 7696
f 9693 9692 9694 7698
f 9694 9692 9695 7699
f 9697 9696 9698 7701
f 9698 9696 9699 7702
f 9701 9700 9702 7704
f 9702 9700 9703 7705
f 9705 9704 9706 7707
f 9706 9704 9707 7708
f 9709 9708 9710 7709
f 9710 9708 9711 7710
f 9713 9712 9714 7712
f 9714 9712 9715 7713
f 9717 9716 9718 7712
f 9718 9716 9719 7715
f 9721 9720 9722 7717
f 9722 9720 9723 7718
f 9725 9724 9726 7719
f 9726 9724 9727 7720
f 9729 9728 9730 7722
f 9730 9728 9731 7723
f 9733 9732 9734 7725
f 9734 9732 9735 7726
f 9737 9736 9738 7728
f 9738 9736 9739 7729
f 9741 9740 9742 7731
f 9742 9740 9743 7732
f 9745 9744 9746 7714
f 9746 9744 9747 7733
f 9749 9748 9750 7735
f 9750 9748 9751 7736
f 9753 9752 9754 7737
f 9754 9752 9755 7738
f 9757 9756 9758 7740
f 9758 9756 9759 7741
f 9761 9760 9762 7743
f 9762 9760 9763 7744
f 9765 9764 9766 7720
f 9766 9764 9767 7746
f 9769 9768 9770 7747
f 9770 9768 9771 7748
f 9770 9772 9773 7747
f 9773 9772 9774 7749
f 9776 9775 9777 7751
f 9777 9775 9778 7575
f 9780 9779 9781 7753
f 9781 9779 9782 7754
f 9784 9783 9785 7756
f 9785 9783 9786 7757
f 9788 9787 9789 7759
f 9789 9787 9790 7760
f 9792 9791 9793 7759
f 9793 9791 9794 7762
f 9796 9795 9797 7764
f 9797 9795 9798 7765
f 9800 9799 9801 7766
f 9801 9799 9802 7767
f 9804 9803 9805 7769
f 9805 9803 9806 7770
f 9808 9807 9809 7772
f 9809 9807 9810 7773
f 9812 9811 9813 7775
f 9813 9811 9814 7776
f 9816 9815 9817 7778
f 9817 9815 9818 7779
f 9820 9819 9816 7778
f 9816 9819 9821 7777
f 9823 9822 9824 7782
f 9824 9822 9825 7783
f 9827 9826 9814 7774
f 9814 9826 9828 7776
f 9830 9829 9831 7785
f 9831 9829 9832 7786
f 9834 9833 9835 7787
f 9835 9833 9836 7768
f 9838 9837 9839 7789
f 9839 9837 9840 7790
f 9808 9841 9842 7771
f 9842 9841 9843 7791
f 9845 9844 9846 7792
f 9846 9844 9847 7793
f 9849 9848 9850 7794
f 9850 9848 9834 7787
f 9852 9851 9853 7796
f 9853 9851 9854 7797
f 9856 9855 9857 7799
f 9857 9855 9858 7800
f 9860 9859 9861 7802
f 9861 9859 9862 7803
f 9864 9863 9865 7805
f 9865 9863 9866 7806
f 9868 9867 9869 7808
f 9869 9867 9870 7809
f 9872 9871 9873 7811
f 9873 9871 9874 7812
f 9876 9875 9877 7814
f 9877 9875 9878 7815
f 9880 9879 9881 7817
f 9881 9879 9882 7818
f 9884 9883 9885 7820
f 9885 9883 9886 7821
f 9888 9887 9889 7823
f 9889 9887 9890 7824
f 9892 9891 9893 7826
f 9893 9891 9894 7827
f 9896 9895 9897 7829
f 9897 9895 9898 7830
f 9900 9899 9901 7831
f 9901 9899 9902 7832
f 9904 9903 9905 7834
f 9905 9903 9906 7835
f 9908 9907 9909 7836
f 9909 9907 9910 7837
f 9912 9911 9913 7839
f 9913 9911 9914 7840
f 9916 9915 9917 7841
f 9917 9915 9918 7842
f 9920 9919 9921 7844
f 9921 9919 9922 7845
f 9924 9923 9925 7847
f 9925 9923 9926 7848
f 9928 9927 9929 7836
f 9929 9927 9930 7850
f 9932 9931 9933 7851
f 9933 9931 9934 7852
f 9936 9935 9937 7854
f 9937 9935 9938 7855
f 9940 9939 9941 7857
f 9941 9939 9942 7858
f 9944 9943 9945 7860
f 9945 9943 9946 7861
f 9945 9947 9948 7860
f 9948 9947 9949 7862
f 9951 9950 9952 7864
f 9952 9950 9953 7865
f 9955 9954 9956 7867
f 9956 9954 9957 7868
f 9959 9958 9960 7870
f 9960 9958 9961 7871
f 9963 9962 9964 7873
f 9964 9962 9965 7874
f 9967 9966 9968 7875
f 9968 9966 9969 7876
f 9971 9970 9972 7878
f 9972 9970 9973 7879
f 9975 9974 9976 7881
f 9976 9974 9977 7882
f 9979 9978 9980 7883
f 9980 9978 9981 7884
f 9983 9982 9984 7886
f 9984 9982 9985 7874
f 9987 9986 9988 7887
f 9988 9986 9980 7884
f 9990 9989 9991 7888
f 9991 9989 9992 7889
f 9994 9993 9995 7891
f 9995 9993 9996 7892
f 9998 9997 9999 7894
f 9999 9997 10000 7895
f 10002 10001 10003 7863
f 10003 10001 10004 7897
f 10006 10005 10007 7899
f 10007 10005 10008 7900
f 10010 10009 10011 7902
f 10011 10009 10012 7903
f 10014 10013 10015 7909
f 10015 10013 10016 7910
f 10018 10017 10019 7912
f 10019 10017 10020 7910
f 10022 10021 10023 7914
f 10023 10021 10024 7915
f 10026 10025 10027 7919
f 10027 10025 10028 7920
f 10030 10029 10031 7821
f 10031 10029 10032 7922
f 10028 10033 10034 7920
f 10034 10033 10035 7921
f 10037 10036 10038 7924
f 10038 10036 10039 7925
f 10041 10040 10042 7854
f 10042 10040 10043 7862
f 10045 10044 10046 7930
f 10046 10044 10047 7866
f 10049 10048 10050 7864
f 10050 10048 10051 7872
f 10053 10052 10054 7875
f 10054 10052 10055 7932
f 10057 10056 10058 7886
f 10058 10056 9975 7881
f 10060 10059 10061 7933
f 10061 10059 9990 7888
f 10063 10062 10064 7935
f 10064 10062 10065 7936
f 10067 10066 10068 7897
f 10068 10066 10069 7929
f 10071 10070 10072 7939
f 10072 10070 10073 7877
f 10075 10074 10076 7941
f 10076 10074 10077 7942
f 10079 10078 10080 7944
f 10080 10078 10081 7945
f 10083 10082 10084 7946
f 10084 10082 10085 7947
f 10087 10086 10088 7851
f 10088 10086 10089 7849
f 10091 10090 10092 7766
f 10092 10090 10093 7770
f 10095 10094 10096 7949
f 10096 10094 10097 7950
f 10099 10098 10097 7948
f 10097 10098 10100 7950
f 10102 10101 10103 7951
f 10103 10101 10104 7952
f 10106 10105 10107 7954
f 10107 10105 10108 7955
f 10110 10109 10111 7957
f 10111 10109 10112 7779
f 10114 10113 10115 7959
f 10115 10113 10116 7960
f 10118 10117 10119 7961
f 10119 10117 10120 7962
f 10122 10121 10123 7963
f 10123 10121 10124 7775
f 9750 10125 10126 7735
f 10126 10125 10127 7965
f 10129 10128 10130 7967
f 10130 10128 10131 7968
f 10133 10132 10134 7970
f 10134 10132 10135 7971
f 10137 10136 10138 7972
f 10138 10136 10139 7973
f 10141 10140 10142 7723
f 10142 10140 10143 7974
f 10145 10144 10146 7976
f 10146 10144 10147 7724
f 10149 10148 10150 7979
f 10150 10148 10151 7980
f 10153 10152 10154 7982
f 10154 10152 10155 7983
f 10157 10156 10158 7985
f 10158 10156 10159 7986
f 10161 10160 9631 7659
f 9631 10160 10162 7658
f 10164 10163 10165 7988
f 10165 10163 10166 7989
f 10168 10167 10169 7991
f 10169 10167 10170 7992
f 10172 10171 10173 7993
f 10173 10171 10174 7698
f 10176 10175 10177 7668
f 10177 10175 10178 7990
f 10180 10179 10181 7996
f 10181 10179 9913 7840
f 10183 10182 10184 7998
f 10184 10182 10185 7999
f 10187 10186 10188 8001
f 10188 10186 10189 8002
f 10191 10190 10192 8003
f 10192 10190 9865 7806
f 10194 10193 10195 8005
f 10195 10193 10196 8006
f 10198 10197 10199 7805
f 10199 10197 10200 8008
f 10202 10201 10191 8003
f 10191 10201 10203 7805
f 10205 10204 10206 8010
f 10206 10204 10207 8011
f 10209 10208 10210 7820
f 10210 10208 10211 8013
f 10213 10212 9316 7466
f 9316 10212 10214 7465
f 9427 10215 10216 7532
f 10216 10215 10217 8014
f 10219 10218 10220 8016
f 10220 10218 10221 8017
f 10223 10222 10224 8019
f 10224 10222 10225 8020
f 10227 10226 10228 8021
f 10228 10226 10229 7500
f 10231 10230 10232 8023
f 10232 10230 10233 7499
f 10235 10234 10236 8022
f 10236 10234 10237 8025
f 10240 10239 10213 7466
f 10213 10239 9426 7532
f 10242 10241 10243 7477
f 10243 10241 10244 7483
f 10246 10245 10247 8028
f 10247 10245 10248 8029
f 10250 10249 10251 8031
f 10251 10249 10252 8032
f 10254 10253 10255 8033
f 10255 10253 10256 7557
f 9483 10257 10258 7453
f 10258 10257 10259 8034
f 10261 10260 10262 8036
f 10262 10260 10263 8037
f 10265 10264 10266 8039
f 10266 10264 10267 8040
f 10269 10268 10270 8042
f 10270 10268 10271 7567
f 10273 10272 10274 8043
f 10274 10272 10275 7703
f 10277 10276 10278 8044
f 10278 10276 10279 8045
f 10281 10280 10282 7638
f 10282 10280 9515 7577
f 10284 10283 10285 8047
f 10285 10283 10286 7585
f 10288 10287 10289 8046
f 10289 10287 10290 7581
f 10292 10291 10293 8049
f 10293 10291 10294 7960
f 10296 10295 10038 7925
f 10038 10295 10297 7924
f 10299 10298 9578 7618
f 9578 10298 10300 7517
f 10302 10301 10303 8051
f 10303 10301 10304 7559
f 10306 10305 9873 7812
f 9873 10305 10307 7811
f 10309 10308 9620 7652
f 9620 10308 10310 7651
f 9617 10311 9628 7649
f 9628 10311 10312 7657
f 10314 10313 9655 7674
f 9655 10313 10315 7673
f 10317 10316 10318 8055
f 10318 10316 10319 8056
f 10321 10320 10322 8035
f 10322 10320 10323 8040
f 10325 10324 10326 8058
f 10326 10324 10327 7682
f 10329 10328 10330 8060
f 10330 10328 10331 8061
f 10333 10332 9729 7722
f 9729 10332 10334 7721
f 10334 10335 10336 7721
f 10336 10335 10337 7732
f 10339 10338 10340 8064
f 10340 10338 10341 8065
f 10343 10342 10344 8067
f 10344 10342 10345 8068
f 10347 10346 10348 8070
f 10348 10346 10349 8068
f 10351 10350 9757 7740
f 9757 10350 10352 7739
f 10354 10353 10355 8072
f 10355 10353 10356 8073
f 10358 10357 10359 8075
f 10359 10357 10360 7750
f 10362 10361 10363 8076
f 10363 10361 9802 7760
f 10092 10364 9800 7766
f 9800 10364 10365 7760
f 10123 10366 10367 7963
f 10367 10366 10368 8077
f 10370 10369 9846 7793
f 9846 10369 10371 7792
f 10373 10372 10374 8079
f 10374 10372 9818 7777
f 10376 10375 10377 8080
f 10377 10375 9821 7780
f 10379 10378 10380 8082
f 10380 10378 10381 7916
f 10383 10382 10199 8008
f 10199 10382 9864 7805
f 10385 10384 10386 7899
f 10386 10384 9872 7811
f 10388 10387 10389 8084
f 10389 10387 10390 7923
f 10392 10391 9920 7844
f 9920 10391 10393 7843
f 10085 10394 10395 7947
f 10395 10394 10396 7861
f 10398 10397 10399 7926
f 10399 10397 10400 8087
f 10402 10401 10403 7907
f 10403 10401 10404 8086
f 10406 10405 10407 7937
f 10407 10405 10408 8086
f 10410 10409 10411 7928
f 10411 10409 10412 7858
f 9940 10413 10414 7856
f 10414 10413 10415 8090
f 9963 10416 10050 7872
f 10050 10416 10417 7864
f 10419 10418 9971 7878
f 9971 10418 10420 7877
f 10422 10421 9976 7882
f 9976 10421 9981 7881
f 10064 10423 10424 7935
f 10424 10423 10425 8091
f 10427 10426 10428 8093
f 10428 10426 10429 8094
f 10081 10430 10431 7945
f 10431 10430 10432 7815
f 10434 10433 10435 8095
f 10435 10433 10436 8096
f 10211 10437 10438 8013
f 10438 10437 10439 8004
f 10195 10440 10441 8005
f 10441 10440 10442 8097
f 10444 10443 10445 8098
f 10445 10443 10446 7762
f 10007 10447 10385 7899
f 10385 10447 10448 7810
f 10450 10449 10451 7773
f 10451 10449 10452 7774
f 10454 10453 10455 7799
f 10455 10453 9702 7705
f 10457 10456 9734 7726
f 9734 10456 10458 7725
f 10460 10459 10461 8102
f 10461 10459 10155 7981
f 10153 10462 10463 7981
f 10463 10462 10464 8103
f 10466 10465 10467 8105
f 10467 10465 10468 8106
f 10470 10469 9654 7673
f 9654 10469 10471 7672
f 10473 10472 10474 8108
f 10474 10472 10475 8109
f 10477 10476 10478 8112
f 10478 10476 10479 8113
f 10479 10476 10480 8110
f 10482 10481 10483 7299
f 10483 10481 10478 8113
f 10478 10481 10484 8112
f 10486 10485 10487 7298
f 10487 10485 10482 7299
f 10482 10485 8829 7163
f 8827 10488 10484 7163
f 10484 10488 10489 8112
f 10489 10488 10490 8114
f 10492 10491 10493 7164
f 10493 10491 10494 7300
f 10496 10495 10497 8116
f 10497 10495 10493 7300
f 10493 10495 10490 7164
f 10499 10498 8832 7168
f 8832 10498 10500 7167
f 10500 10498 10501 8118
f 10503 10502 9092 7337
f 9092 10502 10504 7339
f 10506 10505 10503 7337
f 10503 10505 10507 8119
f 10507 10505 10508 8121
f 10510 10509 10511 7190
f 10511 10509 10508 8120
f 10508 10509 10512 8121
f 10514 10513 10515 8124
f 10515 10513 10516 8125
f 10516 10513 10517 7303
f 10519 10518 10520 8127
f 10520 10518 8840 7174
f 8840 10518 10521 7173
f 8823 10522 10523 7160
f 10523 10522 10524 7234
f 10524 10522 10525 7304
f 10528 10526 10529 8129
f 10529 10530 10531 8129
f 10531 10530 10532 8130
f 10532 10530 10533 8131
f 10535 10534 8853 7180
f 8853 10534 10536 7181
f 10536 10534 10532 8131
f 10538 10537 8856 7184
f 8856 10537 10539 7183
f 10539 10537 8861 7185
f 10541 10540 10542 7177
f 10542 10540 10543 8130
f 10543 10540 10521 8126
f 9025 10544 10545 7292
f 10545 10544 10542 8130
f 10542 10544 8844 7177
f 10547 10546 8927 7234
f 10549 10548 10550 8134
f 10552 10551 10553 7338
f 10553 10551 10554 8135
f 10554 10551 9138 7364
f 9090 10555 10556 7337
f 10556 10555 10557 8136
f 10557 10555 10553 8135
f 10559 10558 10560 8137
f 10560 10558 10561 7197
f 10563 10562 10564 7200
f 10564 10562 10565 8139
f 10565 10562 10566 8140
f 10568 10567 10565 8140
f 10565 10567 10569 8139
f 10569 10567 10570 8142
f 10572 10571 9095 7341
f 9095 10571 8867 7192
f 8867 10571 10573 7191
f 10575 10574 10576 7343
f 10576 10574 10572 7341
f 10572 10574 8887 7205
f 9098 10577 10575 7343
f 10575 10577 10578 7204
f 10578 10577 10579 7223
f 10581 10580 8917 7224
f 8917 10580 10582 7226
f 10582 10580 9099 7342
f 10584 10583 10585 8143
f 10585 10583 10586 7362
f 10586 10583 9094 7193
f 8873 10587 8876 7196
f 8876 10587 10588 7198
f 10588 10587 9114 7352
f 8904 10589 10590 7216
f 10590 10589 8872 7196
f 8872 10589 10591 7195
f 10593 10592 10594 8144
f 10594 10592 10595 7294
f 10595 10592 10596 8145
f 10598 10597 10591 7217
f 10591 10597 10599 7195
f 9101 10600 9107 7346
f 9107 10600 10601 7348
f 10601 10600 10602 7206
f 10601 10603 9111 7348
f 9111 10603 10604 7350
f 10604 10603 10605 7221
f 10608 10607 10606 7315
f 10606 10607 10609 8146
f 10609 10607 9115 7351
f 9208 10612 9051 7208
f 10614 10613 8871 7195
f 8871 10613 9113 7194
f 9113 10613 10615 7351
f 10617 10616 10599 7345
f 10599 10616 10614 7195
f 10614 10616 10618 8148
f 10620 10619 10621 8150
f 10621 10619 10622 8151
f 10622 10619 10623 7211
f 10608 10624 10625 7352
f 10625 10624 9020 7288
f 9020 10624 9116 7290
f 10620 10626 10627 8149
f 10627 10626 8893 7207
f 8893 10626 10628 7209
f 10630 10629 8901 7212
f 8901 10629 9124 7214
f 9124 10629 9120 7353
f 10628 10631 9118 7209
f 9118 10631 10632 7353
f 10632 10631 10621 8151
f 8883 10633 10634 7201
f 10634 10633 10635 8152
f 10635 10633 10636 8153
f 10638 10637 10639 8154
f 10639 10637 10640 8155
f 10640 10637 10641 8156
f 10643 10642 10644 8157
f 10644 10642 10638 8154
f 10646 10645 10643 8157
f 10643 10645 10647 7308
f 10647 10645 10648 8159
f 10652 10651 10653 8158
f 10655 10654 10656 7350
f 10656 10654 10657 7305
f 10657 10654 10658 8161
f 10660 10659 10604 7221
f 10604 10659 10655 7350
f 10655 10659 9005 7284
f 9009 10661 9012 7286
f 9012 10661 8911 7222
f 8911 10661 10660 7221
f 10663 10662 8915 7225
f 8915 10662 10664 7224
f 10664 10662 10665 7287
f 10667 10666 10668 7193
f 10668 10666 10669 8163
f 10669 10666 10670 8164
f 10672 10671 9204 7388
f 9204 10671 10673 7364
f 10673 10671 9128 7356
f 10675 10674 10676 8165
f 10676 10674 10677 8166
f 10677 10674 9126 7357
f 10679 10678 8908 7220
f 8908 10678 10680 7219
f 10680 10678 10681 8168
f 10581 10682 10579 7344
f 10579 10682 9016 7223
f 9016 10682 10664 7287
f 10684 10683 10685 7296
f 10685 10683 8916 7226
f 8916 10683 10663 7225
f 10687 10686 9201 7386
f 9201 10686 10688 7387
f 10688 10686 9136 7361
f 8920 10689 10690 7228
f 10690 10689 10691 7227
f 10691 10689 10692 8169
f 10694 10693 10685 7226
f 10685 10693 9135 7296
f 9135 10693 10695 7297
f 10668 10696 10586 7193
f 10586 10696 10695 7362
f 10695 10696 10697 7297
f 10514 10698 10699 8123
f 10699 10698 9018 7289
f 9018 10698 10700 7288
f 10702 10701 10703 7301
f 10703 10701 10512 8122
f 10706 10704 10707 8171
f 10710 10708 10705 8170
f 10712 10711 10713 7263
f 10713 10711 10714 8172
f 10716 10715 8938 7242
f 8938 10715 10717 7241
f 10717 10715 8935 7235
f 10719 10718 10720 8173
f 10720 10718 10721 8174
f 10721 10718 8937 7241
f 10724 10723 10716 7242
f 10716 10723 10725 7239
f 10728 10727 10729 7332
f 10729 10727 10730 8178
f 10730 10727 10731 8179
f 10733 10732 10729 8178
f 10729 10732 9080 7332
f 9080 10732 8956 7252
f 10735 10734 10736 8181
f 10736 10734 10730 8179
f 10730 10734 10737 8178
f 10739 10738 10740 8182
f 10740 10738 9076 7330
f 9076 10738 10741 7329
f 10743 10742 8955 7254
f 8955 10742 10744 7253
f 10744 10742 10740 7330
f 10746 10745 10747 8183
f 10747 10745 10748 8184
f 10748 10745 10737 8180
f 10750 10749 8962 7258
f 8962 10749 10751 7247
f 10751 10749 10748 8180
f 10753 10752 8959 7257
f 8959 10752 9003 7256
f 9003 10752 10754 7281
f 10756 10755 10757 8186
f 10757 10755 10754 8185
f 10754 10755 8998 7281
f 10759 10758 10760 7370
f 10760 10758 10756 8186
f 10756 10758 10761 7280
f 10764 10762 10757 8185
f 10768 10767 10769 8190
f 10769 10767 10770 8191
f 10770 10767 10771 8192
f 10773 10772 10774 8193
f 10774 10772 10775 8194
f 10775 10772 8968 7261
f 10773 10776 10777 7262
f 10779 10778 10780 8197
f 10782 10781 10774 8194
f 10784 10783 10782 8194
f 10782 10783 10780 8195
f 10780 10783 10785 8197
f 10787 10786 10788 8199
f 10788 10786 10789 8200
f 10789 10786 10790 7438
f 10793 10792 10794 8199
f 10794 10792 10791 8202
f 10797 10796 10798 7375
f 10798 10796 10720 8174
f 10720 10796 10799 8173
f 9155 10800 9158 7373
f 9158 10800 10797 7375
f 10797 10800 10801 8204
f 9156 10802 10803 7374
f 9163 10802 10804 7378
f 10721 10805 10806 8174
f 10806 10805 9213 7394
f 9213 10805 10807 7393
f 10801 10808 10809 8204
f 10799 10810 10811 8173
f 10811 10810 10812 8206
f 10812 10810 10809 8205
f 10814 10813 10815 8207
f 10815 10813 10816 7381
f 10816 10813 10817 8208
f 10820 10818 8978 7268
f 8978 10818 10821 7266
f 10823 10822 10824 7324
f 10824 10822 10825 7394
f 10825 10822 10826 8209
f 10828 10827 10829 8210
f 10829 10827 10830 8171
f 10830 10827 10831 7383
f 8981 10832 10833 7269
f 10833 10832 10834 8211
f 10834 10832 10835 7318
f 10837 10836 10838 8212
f 10838 10836 10839 8213
f 10839 10836 10840 8214
f 10842 10841 10843 7285
f 10843 10841 10837 8212
f 10837 10841 10844 7328
f 10846 10845 9185 7287
f 9185 10845 10842 7285
f 10842 10845 10847 8215
f 10849 10848 10665 8162
f 10665 10848 10846 7287
f 10846 10848 10850 7331
f 9001 10851 10852 7256
f 10852 10851 10831 7316
f 10831 10851 9174 7383
f 9059 10853 10854 7319
f 10854 10853 9173 7282
f 9173 10853 10855 7384
f 10857 10856 10858 8208
f 10858 10856 10761 8187
f 10761 10856 9177 7280
f 10860 10859 10861 7317
f 10861 10859 10862 7255
f 10862 10859 9180 7367
f 9182 10863 10864 7335
f 10864 10863 10865 8217
f 10865 10863 10483 8113
f 10867 10866 9183 7333
f 9183 10866 10487 7299
f 10487 10866 9199 7298
f 10869 10868 10870 7271
f 10870 10868 10871 8213
f 10871 10868 10872 8218
f 9152 10874 10875 7371
f 10835 10876 9056 7318
f 9056 10876 10860 7317
f 10860 10876 10877 7272
f 10552 10878 9194 7363
f 9194 10878 9091 7339
f 10880 10879 10881 8219
f 10881 10879 10882 8115
f 10882 10879 9187 7169
f 10884 10883 8828 7165
f 8828 10883 10492 7164
f 10492 10883 10881 8115
f 10501 10885 10886 8118
f 10886 10885 10887 7339
f 10887 10885 10888 8220
f 10890 10889 10891 7340
f 10891 10889 10892 7179
f 10895 10894 8903 7216
f 8903 10894 10896 7215
f 10896 10894 10897 7295
f 10899 10898 10900 8222
f 10900 10898 8926 7231
f 10595 10901 9030 7294
f 9030 10901 10896 7295
f 10896 10901 10902 7215
f 10904 10903 9131 7360
f 9131 10903 8863 7189
f 10906 10905 10904 7360
f 10904 10905 10907 7188
f 10909 10908 10887 8220
f 10887 10908 9193 7339
f 9193 10908 9190 7385
f 10890 10910 10911 7166
f 10911 10910 10912 8116
f 8847 10913 10914 7178
f 10914 10913 9196 7186
f 10916 10915 10519 8127
f 10519 10915 10917 8126
f 10917 10915 10528 8129
f 10535 10918 10545 8130
f 10545 10918 9033 7292
f 10538 10919 9034 7187
f 9034 10919 9026 7292
f 9026 10919 10920 7291
f 10922 10921 10923 7177
f 10923 10921 10702 7301
f 10702 10921 10507 8121
f 10525 10924 9040 7304
f 9040 10924 10516 7303
f 10516 10924 10925 8125
f 10916 10926 10927 8128
f 10927 10926 10928 7234
f 10547 10931 10929 8132
f 10935 10934 10936 7346
f 10936 10934 10937 8224
f 10937 10934 8896 7211
f 8884 10938 10939 7202
f 10939 10938 9044 7307
f 9044 10938 10940 7306
f 10942 10941 10943 7309
f 10943 10941 10641 7308
f 10641 10941 10944 8156
f 10946 10945 10947 8226
f 10947 10945 10948 8160
f 10948 10945 10949 8159
f 10951 10950 9047 7311
f 9047 10950 10650 7310
f 10650 10950 10947 8160
f 10862 10952 8960 7255
f 8960 10952 9148 7257
f 9148 10952 9143 7368
f 9055 10953 10852 7316
f 10852 10953 8958 7256
f 8958 10953 10861 7255
f 10828 10954 9057 7316
f 9057 10954 10834 7318
f 10834 10954 10955 8211
f 10957 10956 10958 8227
f 10958 10956 9169 7274
f 9169 10956 9176 7382
f 8989 10959 10960 7274
f 10960 10959 9061 7319
f 9061 10959 10961 7321
f 10965 10964 9067 7265
f 9067 10964 10823 7324
f 10823 10964 10962 7392
f 8976 10966 9071 7267
f 9071 10966 10967 7326
f 10967 10966 9068 7325
f 10969 10968 9214 7264
f 9214 10968 10824 7394
f 10824 10968 9069 7324
f 10795 10971 10970 8201
f 10812 10971 10972 8206
f 10975 10973 8941 7244
f 10582 10976 10694 7226
f 10694 10976 10585 7362
f 10585 10976 10977 8143
f 8950 10978 10979 7249
f 10979 10978 10980 8214
f 10980 10978 8986 7273
f 10741 10981 9075 7329
f 9075 10981 10840 7328
f 10840 10981 10979 8214
f 10728 10982 10983 8177
f 10983 10982 10850 8216
f 10850 10982 9081 7331
f 8947 10984 9087 7245
f 9087 10984 10985 7336
f 10985 10984 10986 8217
f 10884 10988 10989 8219
f 10989 10988 9200 7387
f 9200 10988 10486 7298
f 10991 10990 10992 7340
f 10992 10990 10477 8112
f 10489 10993 10992 8112
f 10992 10993 10912 7340
f 10912 10993 10496 8116
f 10995 10994 8835 7170
f 8835 10994 10882 7169
f 10882 10994 10494 8115
f 10515 10996 10997 8124
f 10997 10996 10510 7190
f 10510 10996 10998 8122
f 10504 10999 11000 7339
f 11000 10999 8845 7175
f 8845 10999 10922 7177
f 10536 11001 8852 7181
f 8852 11001 8849 7178
f 11003 11002 10891 7179
f 10891 11002 10991 7340
f 10991 11002 11004 8221
f 11006 11005 10517 8123
f 10517 11005 9039 7303
f 9039 11005 11007 7302
f 10549 11008 11009 8133
f 11009 11008 10699 7289
f 10699 11008 11006 8123
f 10506 11010 11011 8120
f 11011 11010 11012 7359
f 11012 11010 10556 8136
f 11014 11013 11015 8230
f 11015 11013 10625 7288
f 10625 11013 10588 7352
f 11014 11016 8875 7198
f 8875 11016 10560 7197
f 10560 11016 11017 8137
f 10570 11018 11019 8142
f 11019 11018 8869 7191
f 8869 11018 10667 7193
f 10895 11020 8877 7197
f 8877 11020 10590 7196
f 11022 11021 10564 8139
f 10564 11021 8880 7200
f 8880 11021 11023 7199
f 10593 11024 10598 7217
f 10598 11024 11025 7345
f 11025 11024 11026 8231
f 11028 11027 11026 8144
f 11026 11027 11029 8231
f 11029 11027 11030 8232
f 11032 11031 11033 8224
f 11033 11031 11030 7232
f 11030 11031 11034 8232
f 8925 11035 11033 7232
f 11033 11035 10936 8224
f 10936 11035 9103 7346
f 8895 11036 8885 7201
f 8885 11036 9105 7203
f 9105 11036 10935 7346
f 9110 11037 11038 7349
f 11038 11037 9043 7306
f 9043 11037 10656 7305
f 11040 11039 10602 7347
f 10602 11039 8888 7206
f 8888 11039 10573 7205
f 10899 11041 11042 7233
f 11042 11041 10569 8142
f 10569 11041 11022 8139
f 11019 11043 11042 8142
f 11042 11043 9102 7233
f 9102 11043 11040 7347
f 11034 11045 11029 8232
f 11029 11045 11046 8231
f 11046 11045 11047 8234
f 11049 11048 9119 7354
f 9119 11048 8892 7209
f 8892 11048 9207 7208
f 11051 11050 10630 7212
f 10630 11050 11049 7354
f 11049 11050 11052 7390
f 11054 11053 10634 8152
f 10634 11053 8897 7201
f 8897 11053 10622 7211
f 9123 11055 11056 7355
f 11056 11055 11054 8152
f 11054 11055 10632 8151
f 11058 11057 8899 7213
f 8899 11057 11051 7212
f 11051 11057 10951 7311
f 11060 11059 8900 7214
f 8900 11059 11058 7213
f 11058 11059 10946 8226
f 11062 11061 9122 7355
f 9122 11061 11060 7214
f 11060 11061 11063 8225
f 10635 11064 11056 8152
f 11056 11064 11062 7355
f 11062 11064 10942 7309
f 11066 11065 9045 7305
f 9045 11065 11067 7307
f 11067 11065 10640 8156
f 10653 11068 10648 8158
f 10648 11068 10948 8159
f 10948 11068 10649 8160
f 11070 11069 10646 8157
f 10646 11069 10652 8158
f 10652 11069 10690 7227
f 8922 11071 11072 7230
f 11072 11071 10644 8154
f 10644 11071 11070 8157
f 10639 11073 11072 8154
f 11072 11073 10872 7230
f 10872 11073 11074 8218
f 10657 11075 11066 7305
f 11066 11075 11074 8155
f 11074 11075 11076 8218
f 10559 11077 11078 7293
f 11078 11077 8907 7219
f 8907 11077 11079 7218
f 10568 11080 10670 8141
f 10670 11080 11081 8164
f 11081 11080 11082 8166
f 11084 11083 10672 7388
f 10672 11083 11085 7358
f 11085 11083 9134 7297
f 9132 11086 10906 7360
f 10906 11086 8909 7218
f 8909 11086 11087 7220
f 10679 11088 11089 8167
f 11089 11088 11012 8136
f 11012 11088 11087 7359
f 11091 11090 10681 8167
f 10681 11090 11092 8168
f 11092 11090 10676 8166
f 8889 11093 10605 7206
f 10605 11093 8913 7221
f 8913 11093 10578 7223
f 10566 11094 11082 8140
f 11082 11094 11092 8166
f 11092 11094 11095 8168
f 10691 11096 8918 7227
f 11098 11097 11046 8234
f 11046 11097 11025 8231
f 11025 11097 10617 7345
f 10880 11099 9140 7363
f 9140 11099 11100 7365
f 11100 11099 10989 7387
f 11009 11101 10873 8133
f 10997 11102 10700 8124
f 10700 11102 11103 7288
f 11103 11102 8865 7188
f 11103 11104 11015 7288
f 11015 11104 11105 8230
f 10907 11106 11105 7188
f 11105 11106 11017 8230
f 11017 11106 11079 8137
f 8924 11107 11108 7231
f 11108 11107 10594 7294
f 10594 11107 11028 8144
f 11110 11109 11111 7269
f 11111 11109 10692 7229
f 10692 11109 10726 8169
f 11113 11112 10833 8211
f 10833 11112 11110 7269
f 11110 11112 11114 8176
f 10829 11115 11116 8210
f 10714 11117 11118 8172
f 11118 11117 11119 7323
f 11119 11117 10722 8175
f 10712 11120 8933 7238
f 8933 11120 8931 7235
f 8931 11120 8970 7237
f 8929 11121 10717 7235
f 10717 11121 10807 7241
f 10807 11121 11122 7393
f 10811 11123 10719 8173
f 10719 11123 11124 7240
f 11124 11123 11125 7244
f 10788 11126 10793 8199
f 10793 11126 11127 8203
f 11127 11126 11128 8228
f 10789 11129 11130 8200
f 8939 11131 10724 7242
f 10724 11131 8940 7243
f 11128 11133 10974 8228
f 11124 11134 11132 7240
f 9088 11135 8945 7245
f 8945 11135 11137 7247
f 11139 11138 11140 8181
f 11140 11138 8948 7246
f 8948 11138 11141 7248
f 10731 11142 10736 8179
f 10736 11142 11139 8181
f 11139 11142 11143 7334
f 8944 11144 11140 7246
f 11140 11144 10735 8181
f 10735 11144 10751 8180
f 11146 11145 10987 8229
f 11147 11145 11148 7259
f 11150 11149 11151 8237
f 11151 11149 11148 8236
f 11148 11149 8963 7259
f 11153 11152 11154 8190
f 11154 11152 11150 8237
f 11150 11152 10750 7258
f 11156 11155 10769 8191
f 10769 11155 11153 8190
f 11153 11155 10747 8184
f 11158 11157 11159 8238
f 11159 11157 11156 8191
f 11156 11157 11160 8183
f 11158 11161 10739 8182
f 10739 11161 8952 7249
f 8952 11161 11162 7251
f 11164 11163 11162 8238
f 11162 11163 11165 7251
f 11165 11163 9179 7272
f 9147 11166 11167 7369
f 11167 11166 11164 8238
f 11164 11166 9144 7366
f 11169 11168 11170 8192
f 11170 11168 9146 7369
f 9146 11168 8966 7257
f 11167 11171 11170 7369
f 11170 11171 10770 8192
f 10770 11171 11159 8191
f 11173 11172 11154 8237
f 11154 11172 10768 8190
f 10768 11172 10785 8189
f 11175 11174 11151 8236
f 11151 11174 11173 8237
f 11173 11174 10779 8197
f 11146 11176 11175 8236
f 11175 11176 11177 8196
f 10743 11178 11160 8182
f 11160 11178 10746 8183
f 10746 11178 10733 8178
f 11137 11179 8964 7247
f 8964 11179 11147 7259
f 10764 11180 10777 8188
f 10777 11180 8967 7262
f 8967 11180 10753 7257
f 10775 11181 10784 8194
f 10784 11181 10771 8189
f 10771 11181 11169 8192
f 11183 11182 10794 8202
f 10794 11182 10787 8199
f 10787 11182 11184 8198
f 11183 11185 11187 8239
f 11191 11190 9160 7375
f 9160 11190 10963 7376
f 11191 11192 10825 8209
f 10825 11192 10806 7394
f 10806 11192 10798 8174
f 11194 11193 11195 8241
f 11195 11193 10814 8207
f 10814 11193 8995 7277
f 11194 11196 11197 7278
f 11197 11196 8972 7263
f 8972 11196 11198 7264
f 11195 11199 11198 8241
f 11198 11199 10969 7264
f 10969 11199 11200 7325
f 10821 11201 8974 7266
f 8974 11201 10965 7265
f 11200 11202 10967 7325
f 10967 11202 9166 7326
f 9166 11202 10815 7381
f 9072 11203 8979 7267
f 8979 11203 10875 7268
f 9151 11205 11206 7370
f 11206 11205 9167 7381
f 10759 11207 10858 8187
f 10858 11207 10816 8208
f 10816 11207 11206 7381
f 10857 11208 9170 7382
f 9170 11208 8993 7276
f 8993 11208 10817 7277
f 11118 11209 11210 8172
f 11210 11209 8990 7276
f 8990 11209 9064 7275
f 10855 11211 11212 7384
f 11212 11211 10710 8170
f 10710 11211 9210 7391
f 10830 11213 10706 8171
f 10706 11213 11212 8170
f 11212 11213 9172 7384
f 8982 11214 10877 7270
f 10877 11214 8987 7272
f 8987 11214 11215 7273
f 10839 11216 10870 8213
f 10870 11216 11215 7271
f 11215 11216 10980 7273
f 10684 11217 10849 8162
f 10849 11217 11218 8216
f 11165 11219 8951 7251
f 8951 11219 8985 7250
f 11210 11220 10713 8172
f 10713 11220 11197 7263
f 11197 11220 8994 7278
f 11222 11221 10957 8227
f 10957 11221 8999 7279
f 8999 11221 9002 7281
f 10865 11224 10985 8217
f 10985 11224 11223 7336
f 10867 11225 10687 7386
f 10687 11225 11218 7296
f 11218 11225 11226 8216
f 8983 11227 10869 7271
f 10869 11227 8921 7230
f 8921 11227 11111 7229
f 10871 11228 10838 8213
f 10838 11228 11229 8212
f 11229 11228 11076 8161
f 11229 11230 10843 8212
f 10843 11230 9006 7285
f 9006 11230 10658 7284
f 8855 11231 11232 7182
f 11232 11231 10886 7339
f 10886 11231 11233 8118
f 10500 11234 11235 7167
f 11235 11234 10539 7185
f 10539 11234 11233 7183
f 11235 11236 8831 7167
f 8831 11236 10892 7166
f 10892 11236 9197 7179
f 11084 11237 10688 7361
f 10688 11237 11100 7387
f 11100 11237 9203 7365
f 10675 11238 10673 7356
f 10673 11238 10554 7364
f 10554 11238 11239 8135
f 11091 11240 11239 8165
f 11239 11240 10557 8135
f 10557 11240 11089 8136
f 10511 11241 8864 7190
f 8864 11241 9130 7189
f 9130 11241 11011 7359
f 11243 11242 11095 8138
f 11095 11242 10680 8168
f 10680 11242 11078 7219
f 10563 11244 11243 8138
f 11243 11244 10561 7293
f 10561 11244 8881 7197
f 11023 11245 9028 7199
f 9028 11245 11108 7294
f 11108 11245 10900 7231
f 10902 11246 8905 7215
f 8905 11246 10596 7217
f 10897 11247 9029 7295
f 9029 11247 8879 7199
f 11085 11248 11249 7358
f 11249 11248 10697 8163
f 11249 11250 9127 7358
f 9127 11250 11251 7357
f 11251 11250 10669 8164
f 11251 11252 10677 7357
f 10677 11252 11081 8166
f 11232 11253 11254 7182
f 11254 11253 11000 7175
f 10888 11255 10909 8220
f 10909 11255 8836 7171
f 8836 11255 11256 7170
f 10995 11257 11258 7300
f 11258 11257 10499 7168
f 10499 11257 11256 8117
f 10497 11259 10911 8116
f 10911 11259 8833 7166
f 8833 11259 11258 7168
f 8851 11260 9032 7180
f 9032 11260 8860 7187
f 8860 11260 10914 7186
f 10531 11261 10917 8129
f 10917 11261 10543 8126
f 8857 11262 10920 7184
f 10920 11262 9023 7291
f 9023 11262 11254 7175
f 11264 11263 10930 8223
f 10550 11263 11007 8134
f 8839 11265 11266 7172
f 11266 11265 10923 7301
f 10923 11265 10541 7177
f 10524 11267 10932 7234
f 10932 11267 11264 8223
f 11264 11267 9041 7302
f 10998 11268 10703 8122
f 10703 11268 9037 7301
f 9037 11268 10925 7161
f 11266 11269 11270 7172
f 11270 11269 9036 7162
f 10520 11271 10928 8127
f 10928 11271 10523 7234
f 10523 11271 11272 7160
f 8825 11273 11270 7162
f 11270 11273 8841 7172
f 8841 11273 11272 7174
f 9106 11274 10940 7203
f 10940 11274 11038 7306
f 11038 11274 9109 7349
f 10636 11275 10944 8153
f 10944 11275 11067 8156
f 11067 11275 10939 7307
f 11063 11276 10949 8225
f 10949 11276 10647 8159
f 10647 11276 10943 7308
f 9048 11277 11052 7311
f 11052 11277 9206 7390
f 8891 11278 11279 7207
f 11279 11278 11098 8234
f 11098 11278 9052 7314
f 11047 11280 11279 8234
f 11279 11280 10627 7207
f 10627 11280 11281 8149
f 11032 11282 11281 8233
f 11281 11282 10623 8149
f 10623 11282 10937 7211
f 9053 11283 10618 7314
f 10618 11283 11284 8148
f 11284 11285 10615 8148
f 10615 11285 10609 7351
f 11116 11286 10955 8210
f 11289 11287 10709 7391
f 10854 11290 10960 7319
f 10960 11290 10958 7274
f 10958 11290 11222 8227
f 11289 11291 9065 7322
f 9065 11291 10961 7275
f 10961 11291 9211 7321
f 11119 11292 9063 7323
f 11122 11293 9215 7393
f 9215 11293 8971 7264
f 8971 11293 8930 7237
f 11125 11294 10975 7244
f 10975 11294 11127 8228
f 11127 11294 10972 8203
f 9097 11295 10977 7342
f 10977 11295 10584 8143
f 10584 11295 10576 7341
f 10744 11296 11297 7253
f 11297 11296 10844 8215
f 10844 11296 9077 7328
f 8954 11298 9079 7252
f 9079 11298 10847 7331
f 10847 11298 11297 8215
f 11143 11299 9083 7334
f 9083 11299 11226 7333
f 11226 11299 10983 8216
f 11141 11300 10986 7248
f 10986 11300 10864 8217
f 10864 11300 9084 7335
f 11308 11307 11309 8248
f 11309 11307 11310 8249
f 11310 11307 11311 8250
f 11311 11313 11314 8250
f 11314 11313 9263 7429
f 11316 11315 11317 8252
f 11317 11315 11318 8253
f 11318 11315 11319 7410
f 11321 11320 11322 8254
f 11322 11320 11316 8252
f 11316 11320 11323 8251
f 11326 11324 11321 8254
f 11328 11327 11329 8256
f 11329 11327 11325 8255
f 11332 11330 11333 8258
f 9226 11334 11335 7401
f 11335 11334 11336 8259
f 11336 11334 11337 7426
f 9272 11338 11339 7433
f 11339 11338 11340 8260
f 11340 11338 11341 8261
f 11343 11342 11344 8262
f 11344 11342 11345 8263
f 11345 11342 11341 7434
f 11347 11346 11317 8253
f 11317 11346 11348 8252
f 11348 11346 11349 7409
f 11351 11350 11352 8265
f 11352 11350 11347 8253
f 11347 11350 11353 8264
f 11335 11354 11353 7401
f 11353 11354 11355 8264
f 11355 11354 11356 8266
f 9235 11357 11358 7408
f 11358 11357 11355 8266
f 11355 11357 11349 8264
f 11360 11359 9239 7413
f 9239 11359 9250 7412
f 9250 11359 11361 7420
f 11363 11362 11364 8269
f 11364 11362 9256 7424
f 9256 11362 11365 7411
f 11369 11368 9274 7433
f 9274 11368 11370 7404
f 11370 11368 11371 7417
f 11373 11372 11374 8270
f 11374 11372 11375 7432
f 11375 11372 11329 8255
f 11377 11376 11378 8271
f 11378 11376 11379 8272
f 11379 11376 11380 8273
f 11382 11381 11383 8274
f 11383 11381 11377 8271
f 11377 11381 11332 8258
f 11385 11384 11386 8275
f 11386 11384 11382 8274
f 11382 11384 11367 8257
f 11388 11387 9249 7420
f 9249 11387 9246 7419
f 11391 11390 11392 8276
f 11392 11390 11393 8277
f 11393 11390 11378 8272
f 11395 11394 11396 8279
f 11396 11394 11386 8274
f 11386 11394 11397 8275
f 11383 11398 11396 8274
f 11396 11398 11399 8279
f 11399 11398 11391 8276
f 11401 11400 11402 8281
f 11402 11400 11403 8282
f 11403 11400 11404 8277
f 11406 11405 11407 8284
f 11407 11405 11408 8025
f 11408 11405 11409 8285
f 11411 11410 11412 8287
f 11412 11410 11413 7422
f 11413 11410 11414 8283
f 11416 11415 11417 8288
f 11417 11415 11418 8289
f 11418 11415 11401 8281
f 11422 11421 11423 7423
f 11423 11421 11424 8292
f 11424 11421 11420 8290
f 11426 11425 11427 8294
f 11427 11425 11428 8295
f 11428 11425 11429 8296
f 11427 11430 11432 8294
f 11435 11433 11436 8297
f 11395 11437 11438 8278
f 11438 11437 11416 8288
f 11416 11437 11439 8280
f 11426 11440 11441 8293
f 11441 11440 11442 8298
f 11442 11440 11443 8299
f 11445 11444 11446 8289
f 11446 11444 11447 8296
f 11447 11444 11448 8292
f 11397 11449 11450 8275
f 11450 11449 11451 8300
f 11451 11449 11452 8298
f 11455 11454 11456 8263
f 11456 11454 11358 8266
f 11358 11454 11457 7408
f 11336 11458 11459 8259
f 11459 11458 11460 8262
f 11464 11463 11465 8268
f 11465 11463 11466 8301
f 11466 11463 11467 8302
f 11470 11469 9217 7395
f 11472 11471 11473 7398
f 11473 11471 11474 8303
f 11474 11471 11309 8249
f 11472 11475 11312 8248
f 11318 11478 11352 8253
f 11352 11478 11476 8265
f 11481 11479 11328 8256
f 11380 11482 11480 8273
f 11484 11483 11473 8303
f 11473 11483 9221 7398
f 9221 11483 11485 7400
f 11487 11486 11460 7426
f 11460 11486 11343 8262
f 11343 11486 11488 8261
f 11340 11489 11490 8260
f 11490 11489 10228 7500
f 10228 11489 11488 8021
f 11345 11491 11455 8263
f 11455 11491 9230 7405
f 9230 11491 9273 7404
f 11493 11492 9266 7430
f 9266 11492 11348 7409
f 11348 11492 11322 8252
f 11351 11494 9228 7401
f 9228 11494 9237 7403
f 11466 11497 11498 8301
f 11363 11499 11464 8268
f 11464 11499 11361 8267
f 11361 11499 11388 7420
f 9232 11500 11501 7406
f 11501 11500 9245 7415
f 9245 11500 11370 7417
f 9243 11502 11503 7415
f 11503 11502 11504 7430
f 11504 11502 9269 7432
f 11375 11505 11504 7432
f 11504 11505 11493 7430
f 11493 11505 11326 8254
f 11379 11506 11507 8272
f 11507 11506 11373 8270
f 11373 11506 11481 8256
f 11389 11508 11509 7418
f 11509 11508 11510 8300
f 11510 11508 11364 7424
f 11513 11512 11408 8285
f 11408 11512 11514 8025
f 11514 11512 11371 7501
f 9268 11515 11516 7431
f 11516 11515 11513 8285
f 11513 11515 9244 7417
f 11393 11517 11403 8277
f 11403 11517 11518 8282
f 11518 11517 11507 8270
f 11439 11519 11404 8280
f 11404 11519 11392 8277
f 11392 11519 11399 8276
f 11521 11520 11522 8286
f 11522 11520 11523 7431
f 11523 11520 11402 8282
f 11414 11524 11409 8283
f 11409 11524 11516 8285
f 11516 11524 11522 7431
f 11413 11525 11526 7422
f 11526 11525 11527 8305
f 11527 11525 11406 8284
f 11418 11528 11445 8289
f 11445 11528 11411 8287
f 11411 11528 11521 8286
f 11435 11529 9408 7524
f 9408 11529 9261 7428
f 9261 11529 11530 7421
f 11532 11531 11424 8290
f 11424 11531 11447 8292
f 11447 11531 11428 8296
f 11509 11533 11534 7418
f 11534 11533 11442 8299
f 11442 11533 11451 8298
f 11443 11536 11535 8299
f 11532 11537 11431 8295
f 11523 11538 9270 7431
f 9270 11538 11374 7432
f 11374 11538 11518 8270
f 11526 11539 9252 7422
f 9252 11539 9260 7421
f 9260 11539 11540 7427
f 11530 11541 9254 7421
f 9254 11541 11422 7423
f 11422 11541 11542 8291
f 11412 11544 11448 8287
f 11448 11544 11423 8292
f 11423 11544 9253 7423
f 11417 11545 11546 8288
f 11546 11545 11429 8293
f 11429 11545 11446 8296
f 11438 11547 11452 8278
f 11452 11547 11441 8298
f 11441 11547 11546 8293
f 11385 11548 9257 7425
f 9257 11548 11510 7424
f 11510 11548 11450 8300
f 11501 11549 11550 7406
f 11550 11549 9265 7407
f 9265 11549 11503 7430
f 9231 11551 11457 7405
f 11457 11551 9234 7408
f 9234 11551 11550 7407
f 11344 11552 11459 8262
f 11459 11552 11356 8259
f 11356 11552 11456 8266
f 9224 11553 11453 7397
f 9227 11553 11554 7402
f 9220 11555 11554 7399
f 11554 11555 11337 7402
f 11337 11555 11556 7426
f 11485 11557 11556 7400
f 11556 11557 9349 7426
f 9349 11557 11558 7488
f 11360 11559 11467 8267
f 11467 11559 11496 8302
f 11369 11561 9372 7501
f 9372 11561 11490 7500
f 11490 11561 11339 8260
f 11564 11562 11565 8308
f 11567 11566 11568 8310
f 11568 11566 11565 8306
f 11565 11566 11569 8308
f 9276 11570 11571 7435
f 11571 11570 11567 8310
f 11567 11570 11572 8309
f 11577 11576 11571 8310
f 11571 11576 11578 7435
f 11578 11576 11579 7440
f 11581 11580 9283 7439
f 9283 11580 9285 7441
f 9285 11580 9287 7442
f 11583 11582 11581 7439
f 11581 11582 11584 7443
f 11586 11585 11587 8316
f 11587 11585 11583 7439
f 11583 11585 11187 8240
f 11589 11588 11590 8317
f 11590 11588 11591 8318
f 11591 11588 10790 8198
f 11593 11592 11590 8318
f 11590 11592 11594 8317
f 11572 11599 11600 8309
f 11597 11601 11602 8320
f 11602 11601 11564 8308
f 11578 11603 9278 7435
f 9278 11603 9286 7437
f 9286 11603 9282 7441
f 11589 11604 9279 7438
f 11606 11605 11568 8306
f 11568 11605 11577 8310
f 11577 11605 11607 8315
f 11606 11608 11595 8319
f 11591 11609 11610 8318
f 11610 11609 11586 8316
f 11586 11609 11184 8239
f 11593 11611 11607 8319
f 11607 11611 11612 8315
f 11612 11611 11610 8316
f 11612 11613 11579 8315
f 11579 11613 9281 7440
f 9281 11613 11587 7439
f 11602 11614 11615 8320
f 11615 11614 11600 8321
f 11600 11614 11569 8309
f 11619 11618 11620 7446
f 11620 11618 9288 7444
f 11622 11621 9292 7445
f 9292 11621 11623 7447
f 11623 11621 11624 8323
f 11626 11625 11627 8324
f 11627 11625 11628 8325
f 11628 11625 11629 8326
f 11631 11630 11632 7515
f 11632 11630 11627 8325
f 11627 11630 11633 8324
f 11635 11634 11626 8324
f 11626 11634 9479 7558
f 9479 11634 10255 7557
f 11637 11636 11638 8329
f 11638 11636 11639 8330
f 11639 11636 11640 8331
f 11642 11641 11643 7454
f 11643 11641 11644 8332
f 11644 11641 9352 7490
f 11646 11645 11647 8334
f 11647 11645 11642 7454
f 11642 11645 11648 7489
f 11650 11649 11651 8336
f 11651 11649 11646 8334
f 11646 11649 11652 8333
f 11654 11653 11655 8338
f 11655 11653 11650 8336
f 11650 11653 11656 8335
f 11651 11657 11658 8336
f 11658 11657 11659 8339
f 11659 11657 11660 7565
f 11662 11661 11663 7537
f 11663 11661 11664 8340
f 11664 11661 11665 8329
f 9303 11666 11667 7455
f 11667 11666 9311 7462
f 9311 11666 9440 7461
f 11654 11668 11669 8337
f 11669 11668 11670 7508
f 11670 11668 11671 8341
f 11674 11673 11675 8344
f 11675 11673 11676 8026
f 9534 11678 11679 7591
f 11679 11678 11680 8346
f 11680 11678 11681 7529
f 11683 11682 11684 8347
f 11686 11685 11683 8347
f 11683 11685 11687 7467
f 11687 11685 11688 8349
f 10216 11690 10214 7532
f 10214 11690 11677 7465
f 11677 11690 11691 8345
f 9526 11693 10217 7533
f 10217 11693 11694 8014
f 11694 11693 11695 8350
f 11697 11696 9324 7471
f 9324 11696 11698 7468
f 11701 11700 11623 8323
f 11623 11700 11702 7447
f 11702 11700 11703 8322
f 11705 11704 11706 8016
f 11706 11704 11707 8352
f 10220 11708 11705 8016
f 11705 11708 11468 8244
f 11711 11710 9326 7474
f 9326 11710 11712 7473
f 11470 11713 11714 8242
f 11714 11713 11715 7478
f 11715 11713 11716 7473
f 11714 11717 11304 8242
f 11304 11717 11718 8243
f 11718 11717 9332 7476
f 11720 11719 11721 8353
f 11721 11719 11306 8246
f 11723 11722 11724 8354
f 11724 11722 9448 7543
f 11727 11726 10225 8018
f 10225 11726 11728 8020
f 11728 11726 11729 8030
f 11731 11730 11732 8357
f 11732 11730 11727 8018
f 11727 11730 11733 8355
f 11735 11734 11736 8358
f 11736 11734 11737 8359
f 11737 11734 11738 7479
f 11474 11739 11740 8303
f 11740 11739 11741 8360
f 11741 11739 11742 7485
f 9345 11743 11744 7486
f 11744 11743 11314 7429
f 11314 11743 11745 8250
f 11747 11746 11748 8361
f 11748 11746 11749 8362
f 11749 11746 11736 8359
f 11751 11750 11752 8364
f 11752 11750 11753 8365
f 11753 11750 11754 7494
f 11640 11755 11756 8331
f 11756 11755 11751 8364
f 11751 11755 11757 8363
f 11757 11758 11759 8363
f 11759 11758 9353 7491
f 9353 11758 11760 7490
f 11762 11761 11763 8366
f 11763 11761 11764 7499
f 11764 11761 11765 8367
f 11767 11766 11656 8337
f 11656 11766 11768 8335
f 11768 11766 11769 8369
f 11771 11770 11772 8370
f 11772 11770 11769 8368
f 11769 11770 11773 8369
f 10232 11774 11775 8023
f 11775 11774 11771 8370
f 11771 11774 11764 8367
f 11777 11776 10237 8024
f 10237 11776 11407 8025
f 11407 11776 11778 8284
f 9375 11779 11780 7502
f 11780 11779 11777 8024
f 11777 11779 11781 8371
f 11527 11782 11783 8305
f 11783 11782 11784 8372
f 11784 11782 11778 8371
f 11786 11785 11787 8374
f 11787 11785 11788 8344
f 11788 11785 11789 8375
f 9379 11790 11791 7505
f 11791 11790 11786 8374
f 11786 11790 11792 8373
f 9409 11793 11434 7524
f 11795 11794 10238 8027
f 11675 11794 11787 8344
f 9390 11796 9377 7502
f 9377 11796 9388 7504
f 9388 11796 11797 7510
f 10235 11798 11799 8024
f 11799 11798 11800 7526
f 11775 11801 11802 8023
f 11802 11801 11803 7525
f 11805 11804 11772 8368
f 11772 11804 11803 8370
f 11803 11804 11806 7525
f 9386 11807 9376 7504
f 9376 11807 11808 7503
f 11808 11807 11809 8376
f 11811 11810 11812 8354
f 11812 11810 11631 7515
f 11631 11810 11813 8327
f 10224 11814 11815 8019
f 11815 11814 11816 8377
f 11816 11814 10246 8028
f 11818 11817 11819 8379
f 11823 11821 11824 8381
f 11826 11825 11827 8383
f 11833 11831 11820 8378
f 11836 11834 11837 8386
f 11839 11838 11840 8387
f 11844 11843 11828 8382
f 11846 11845 11847 7636
f 11847 11845 11848 8342
f 11850 11849 9412 7507
f 9412 11849 11797 7511
f 11797 11849 11851 7510
f 9317 11852 10240 7466
f 10240 11852 11681 7531
f 11681 11852 9424 7529
f 11854 11853 11855 8372
f 11855 11853 11789 8373
f 11789 11853 11856 8375
f 11858 11857 9432 7534
f 9432 11857 11859 7535
f 11859 11857 11860 8365
f 11862 11861 11863 8393
f 11863 11861 11639 8331
f 11639 11861 11864 8330
f 11866 11865 9431 7535
f 9431 11865 9368 7487
f 9368 11865 11867 7497
f 11638 11868 11664 8329
f 11664 11868 11869 8340
f 11869 11868 11870 7536
f 9295 11871 9436 7449
f 9436 11871 9306 7458
f 9306 11871 11872 7457
f 11869 11873 11874 8340
f 11874 11873 11875 7460
f 11875 11873 9435 7458
f 11663 11876 9438 7537
f 9438 11876 9310 7461
f 9310 11876 11874 7460
f 10242 11877 11712 7480
f 11712 11877 11715 7473
f 11715 11877 9331 7478
f 9330 11878 11879 7476
f 11879 11878 9346 7486
f 9346 11878 10243 7483
f 11701 11880 9451 7545
f 9451 11880 11813 7544
f 11813 11880 11881 8327
f 11721 11883 11725 8353
f 11725 11883 11882 7542
f 11885 11884 9454 7539
f 9454 11884 11886 7513
f 9394 11887 9456 7513
f 9456 11887 9404 7522
f 9404 11887 9458 7521
f 11889 11888 11890 8394
f 11890 11888 11891 8395
f 11891 11888 9612 7646
f 11728 11892 10248 8020
f 10248 11892 11893 8029
f 11893 11892 11894 7475
f 11896 11895 11897 8397
f 11897 11895 11898 8398
f 11898 11895 11899 8399
f 11901 11900 11902 8400
f 11902 11900 11896 8397
f 11896 11900 11903 8396
f 9461 11904 11905 7445
f 11905 11904 11901 8400
f 11901 11904 11906 7625
f 11908 11907 11902 8397
f 11902 11907 11909 8400
f 11909 11907 9476 7556
f 11911 11910 11897 8398
f 11897 11910 11908 8397
f 11908 11910 10252 7555
f 11913 11912 11914 8326
f 11914 11912 9470 7550
f 9470 11912 11915 7552
f 11917 11916 11918 8402
f 11918 11916 9466 7547
f 9466 11916 11919 7549
f 11921 11920 11922 8403
f 11922 11920 11919 8401
f 11919 11920 11915 7549
f 11924 11923 11922 8401
f 11922 11923 11925 8403
f 11925 11923 11926 8405
f 11928 11927 11917 8402
f 11917 11927 11924 8401
f 11924 11927 11929 8404
f 11931 11930 10256 7556
f 10256 11930 9481 7557
f 9481 11930 9464 7548
f 10303 11932 11933 8051
f 11933 11932 11934 7646
f 11934 11932 9484 7451
f 11936 11935 11937 7559
f 11937 11935 11938 8408
f 11938 11935 11939 8036
f 11941 11940 11942 7641
f 11942 11940 11943 8409
f 11943 11940 11944 8410
f 11946 11945 11947 7643
f 11947 11945 11948 8411
f 11948 11945 11942 8409
f 11950 11949 11951 8413
f 11951 11949 11952 8414
f 11952 11949 11953 8415
f 10263 11954 11955 8037
f 11955 11954 11956 8416
f 11956 11954 10322 8040
f 11958 11957 10267 8038
f 10267 11957 11956 8040
f 11956 11957 11959 8416
f 11961 11960 11952 8415
f 11952 11960 11962 8414
f 11962 11960 9487 7562
f 11964 11963 11671 8338
f 11671 11963 11965 8341
f 11965 11963 11966 7590
f 11968 11967 11969 7459
f 11969 11967 11970 7462
f 11970 11967 11971 8042
f 11973 11972 11974 8420
f 11974 11972 11975 7800
f 11975 11972 11976 7640
f 11978 11977 11979 7644
f 11979 11977 11980 7642
f 11980 11977 11981 8422
f 11983 11982 11984 8423
f 11984 11982 11985 8424
f 11985 11982 11986 8422
f 11655 11987 11964 8338
f 11964 11987 11988 8418
f 11988 11987 11658 8339
f 11990 11989 11991 8425
f 11991 11989 11992 7636
f 11992 11989 11686 8347
f 11994 11993 11995 8045
f 11995 11993 11996 7636
f 11996 11993 11997 8427
f 11999 11998 12000 7632
f 12000 11998 12001 8428
f 12001 11998 12002 7573
f 12004 12003 12000 8428
f 12000 12003 12005 7632
f 12005 12003 12006 7614
f 12008 12007 9507 7572
f 9507 12007 9510 7574
f 9510 12007 12009 7576
f 12011 12010 12012 8431
f 12012 12010 12013 7580
f 12013 12010 11697 7471
f 12015 12014 12016 8432
f 12016 12014 12011 8431
f 12011 12014 12017 8351
f 9523 12018 12019 7585
f 12019 12018 12020 8433
f 12020 12018 12021 7579
f 12023 12022 10289 7581
f 10289 12022 10286 8046
f 10286 12022 9522 7585
f 12025 12024 12026 8435
f 12026 12024 12027 8436
f 12027 12024 12028 8437
f 9514 12029 12030 7578
f 12030 12029 9521 7584
f 9521 12029 12021 7583
f 12032 12031 12033 8439
f 12033 12031 12034 7587
f 12034 12031 12035 7470
f 12037 12036 12038 8440
f 12038 12036 12039 8441
f 12042 12041 12043 8443
f 12043 12041 9542 7597
f 9542 12041 12044 7596
f 12046 12045 9537 7593
f 9537 12045 12047 7592
f 12050 12049 12051 7595
f 12051 12049 12046 7593
f 12046 12049 12052 8444
f 12054 12053 12044 8442
f 12044 12053 12055 7596
f 12055 12053 9590 7626
f 12057 12056 12058 8447
f 12058 12056 12059 8385
f 12059 12056 12060 8387
f 12062 12061 12063 8449
f 12063 12061 12064 8450
f 12064 12061 12065 8451
f 11818 12066 12067 8378
f 12067 12066 12065 8448
f 12065 12066 12068 8451
f 12070 12069 12071 8453
f 12071 12069 12072 8384
f 12072 12069 12073 8454
f 12075 12074 12076 8456
f 12076 12074 12070 8453
f 12070 12074 12077 8452
f 12077 12078 12079 8452
f 12079 12078 9555 7603
f 9555 12078 12080 7605
f 12082 12081 12083 8458
f 12083 12081 12084 8459
f 12084 12081 12085 8460
f 12087 12086 12088 8462
f 12088 12086 12089 8463
f 12089 12086 12090 7629
f 12093 12091 12087 8462
f 12087 12091 12094 8461
f 12096 12095 12097 8465
f 12097 12095 12098 8466
f 12098 12095 12043 7597
f 12079 12099 12073 8452
f 12073 12099 12100 8454
f 12103 12102 12104 7599
f 12104 12102 12105 8467
f 12105 12102 9554 7605
f 12107 12106 12108 8469
f 12108 12106 9868 7808
f 9868 12106 12109 7807
f 12111 12110 12112 8471
f 12112 12110 12113 8472
f 12113 12110 12114 8473
f 12117 12116 12118 8475
f 12118 12116 9557 7606
f 12122 12121 12123 8477
f 12123 12121 12052 8445
f 12052 12121 12120 8444
f 12125 12124 12126 8478
f 12126 12124 12127 8479
f 12127 12124 12118 7606
f 12129 12128 12130 7624
f 12130 12128 12131 8481
f 12134 12133 12135 8477
f 12135 12133 12136 8482
f 12136 12133 10297 8050
f 12138 12137 12123 8445
f 12123 12137 12134 8477
f 12134 12137 12139 7924
f 12141 12140 9588 7627
f 9588 12140 12142 7626
f 12142 12140 12143 8485
f 12145 12144 12146 8487
f 12146 12144 9901 7832
f 9901 12144 12147 7831
f 12149 12148 12150 8489
f 12150 12148 12151 8380
f 12151 12148 12152 8386
f 12154 12153 12155 7634
f 12155 12153 12156 8489
f 12156 12153 12157 7610
f 12159 12158 12160 8492
f 12160 12158 12161 8490
f 12163 12162 12164 7613
f 12164 12162 12157 8490
f 12166 12165 12167 8493
f 12167 12165 10306 7812
f 10306 12165 12168 8052
f 12170 12169 12159 8492
f 12159 12169 12168 8491
f 12168 12169 12171 8052
f 10300 12172 9401 7517
f 9401 12172 11830 7519
f 11830 12172 9582 7620
f 12174 12173 12175 8495
f 12175 12173 11899 8396
f 11899 12173 12176 8399
f 12067 12177 11833 8378
f 11833 12177 12071 8384
f 12071 12177 12178 8453
f 12180 12179 12181 8496
f 12181 12179 12182 8469
f 12182 12179 12183 8449
f 12112 12184 12185 8471
f 12185 12184 9565 7612
f 9565 12184 12186 7611
f 12188 12187 12189 8458
f 12189 12187 12190 7608
f 12190 12187 12191 8488
f 12060 12192 11839 8387
f 11839 12192 12068 8379
f 12068 12192 12193 8451
f 12195 12194 12196 8468
f 12196 12194 12084 8460
f 12084 12194 12197 8459
f 12101 12198 11842 8391
f 12199 12198 12200 8497
f 12202 12201 12203 8463
f 12203 12201 12097 8466
f 12097 12201 12204 8465
f 12090 12205 9592 7629
f 9592 12205 12206 7602
f 12208 12207 12209 7621
f 12209 12207 9570 7616
f 12211 12210 10299 7618
f 10299 12210 12212 7622
f 12212 12210 12213 7617
f 12212 12214 9581 7622
f 9581 12214 12208 7621
f 12208 12214 9574 7615
f 11991 12215 12216 8425
f 12216 12215 11996 8427
f 12171 12217 10307 8052
f 10307 12217 10100 7811
f 10100 12217 12218 7950
f 12220 12219 9499 7570
f 9499 12219 12221 7569
f 12221 12219 10273 8043
f 9525 12222 12223 7586
f 12223 12222 9535 7588
f 9535 12222 9428 7531
f 10282 12224 9603 7638
f 9603 12224 12225 7637
f 12225 12224 12226 8498
f 11976 12227 12228 7640
f 12228 12227 12229 7571
f 12229 12227 9605 7637
f 12231 12230 12221 8043
f 12221 12230 9503 7569
f 9503 12230 12228 7571
f 11938 12232 12233 8408
f 12233 12232 11955 8416
f 11955 12232 10262 8037
f 11941 12234 11872 7450
f 11872 12234 12235 7457
f 12235 12234 12236 7642
f 12238 12237 9608 7645
f 9608 12237 11978 7644
f 11978 12237 12239 8421
f 11947 12240 9609 7643
f 9609 12240 12241 7645
f 12241 12240 12242 8417
f 9468 12243 9611 7550
f 9611 12243 9488 7560
f 9488 12243 12244 7562
f 12246 12245 12244 7551
f 12244 12245 11962 7562
f 11962 12245 12247 8414
f 12249 12248 12117 8475
f 12117 12248 12115 8474
f 12252 12251 11620 7444
f 11620 12251 9462 7446
f 9462 12251 12253 7546
f 12255 12254 12256 8503
f 12256 12254 12257 8504
f 12257 12254 12258 8105
f 12260 12259 12261 8506
f 12261 12259 12255 8503
f 12255 12259 12262 8502
f 12264 12263 9641 7663
f 9641 12263 12265 7665
f 12265 12263 12266 8508
f 12268 12267 12269 8510
f 12269 12267 12264 7663
f 12264 12267 12270 8507
f 12272 12271 12273 7662
f 12273 12271 12268 8510
f 12268 12271 12274 8509
f 9615 12275 12276 7647
f 12276 12275 12272 7662
f 12272 12275 12277 7843
f 12279 12278 9629 7656
f 9629 12278 9616 7649
f 9616 12278 12280 7648
f 12282 12281 12283 8511
f 12283 12281 12284 8512
f 12284 12281 9912 7839
f 12286 12285 12287 8511
f 12287 12285 12288 7652
f 12288 12285 12289 7680
f 12283 12290 12286 8511
f 12286 12290 9625 7653
f 9625 12290 12291 7655
f 12293 12292 12273 8510
f 12273 12292 9636 7662
f 9636 12292 12294 7661
f 9639 12295 12269 7663
f 12269 12295 12293 8510
f 12293 12295 12296 8513
f 12256 12297 12261 8503
f 12261 12297 12298 8506
f 12298 12297 12299 7666
f 12301 12300 12257 8105
f 12257 12300 12302 8504
f 12304 12303 12305 8514
f 12305 12303 9643 7667
f 9643 12303 12306 7666
f 9666 12307 9660 7675
f 9660 12307 12308 7677
f 12308 12307 12309 8515
f 12311 12310 12312 8514
f 12312 12310 10168 7991
f 10168 12310 10177 7990
f 12314 12313 12315 8516
f 12315 12313 12316 8517
f 12316 12313 12312 7991
f 12318 12317 12315 8517
f 12315 12317 12319 8516
f 12319 12317 12320 8519
f 12322 12321 12323 8520
f 12323 12321 12318 8517
f 12318 12321 12324 8518
f 12326 12325 12327 8522
f 12327 12325 12328 7986
f 12328 12325 12329 7989
f 9652 12330 12331 7671
f 12331 12330 12326 8522
f 12326 12330 12332 8521
f 12334 12333 12335 8523
f 12335 12333 12336 8524
f 12336 12333 12337 8525
f 12339 12338 12340 8526
f 12340 12338 12341 8527
f 12341 12338 12342 8054
f 12344 12343 12345 8526
f 12345 12343 12346 8529
f 12346 12343 12347 7983
f 12349 12348 12350 8530
f 12350 12348 12351 8524
f 12351 12348 12352 8531
f 11925 12353 12354 8403
f 12354 12353 12355 8500
f 12355 12353 12356 8532
f 12358 12357 12356 8405
f 12356 12357 12359 8532
f 12359 12357 12360 8102
f 12362 12361 11926 8404
f 11926 12361 12358 8405
f 12358 12361 12363 8533
f 12365 12364 11929 8406
f 11929 12364 12362 8404
f 12362 12364 12366 8534
f 9664 12367 12368 7554
f 12368 12367 12365 8406
f 12365 12367 12369 8535
f 12371 12370 12372 8536
f 12372 12370 9658 7676
f 9658 12370 9668 7675
f 12374 12373 12375 8537
f 12375 12373 12371 8536
f 12371 12373 12376 7681
f 10319 12377 12378 8056
f 12378 12377 10323 8057
f 10323 12377 10266 8040
f 12380 12379 10325 8058
f 10325 12379 10321 8035
f 10321 12379 12381 8057
f 9670 12382 10326 7682
f 10326 12382 12383 8058
f 12385 12384 10327 8035
f 10327 12384 12386 7682
f 12386 12384 12387 8103
f 12389 12388 12387 8539
f 12387 12388 12390 8103
f 10463 12391 12392 7981
f 12392 12391 11950 8413
f 11950 12391 12390 8412
f 12394 12393 12395 7690
f 12395 12393 12396 8540
f 12396 12393 12397 8541
f 12399 12398 12400 7687
f 12400 12398 12394 7690
f 12394 12398 12381 8538
f 12402 12401 12403 8542
f 12403 12401 12399 7687
f 12399 12401 12378 8057
f 12405 12404 12406 8543
f 12406 12404 12402 8542
f 12402 12404 10318 8056
f 12408 12407 12409 7977
f 12409 12407 12410 8544
f 12412 12411 12413 7978
f 12413 12411 12414 8545
f 12414 12411 12409 8544
f 12416 12415 12417 7987
f 12417 12415 12418 8547
f 12418 12415 12419 8548
f 9698 12420 12421 7701
f 12421 12420 12419 8546
f 12419 12420 12422 8548
f 10011 12423 12424 7902
f 12424 12423 12425 7699
f 12425 12423 12426 8549
f 12428 12427 9695 7697
f 9695 12427 12424 7699
f 12424 12427 12429 7902
f 12431 12430 9694 7699
f 9694 12430 10173 7698
f 10173 12430 12432 7993
f 12434 12433 12435 7702
f 12435 12433 12432 8551
f 12432 12433 12436 7993
f 12438 12437 9699 7700
f 9699 12437 12434 7702
f 12434 12437 12439 8552
f 12441 12440 12442 7985
f 12442 12440 12443 8555
f 12443 12440 12444 8556
f 12446 12445 12447 8540
f 12447 12445 12443 8556
f 12443 12445 12448 8555
f 12450 12449 12451 8547
f 12451 12449 12452 8558
f 12417 12453 12454 7987
f 12454 12453 12451 8558
f 12456 12455 12457 8559
f 12457 12455 10265 8039
f 10265 12455 12458 8038
f 12460 12459 12461 8561
f 12461 12459 12462 8562
f 12462 12459 12463 8563
f 12465 12464 12463 8560
f 12463 12464 12466 8563
f 12468 12467 12469 8565
f 12469 12467 12470 8566
f 12470 12467 12471 8567
f 12473 12472 12474 8560
f 12474 12472 12475 8569
f 12475 12472 12476 8570
f 12478 12477 12479 7901
f 12479 12477 12480 8571
f 12480 12477 12481 8568
f 12483 12482 12484 7977
f 12484 12482 12485 8572
f 12485 12482 12486 8573
f 12488 12487 12489 8566
f 12489 12487 12490 8569
f 12490 12491 12474 8569
f 12474 12491 12465 8560
f 12493 12492 12494 7994
f 12494 12492 12495 8574
f 12495 12492 12496 8575
f 12301 12497 12493 7994
f 12493 12497 10467 8106
f 12499 12498 12500 8577
f 12500 12498 12501 8578
f 12501 12498 12502 8104
f 12504 12503 12505 8579
f 12505 12503 12506 7708
f 12506 12503 12507 8065
f 9713 12508 12509 7711
f 12509 12508 12510 7973
f 12510 12508 9718 7715
f 12512 12511 12513 7974
f 12513 12511 12514 8580
f 12514 12511 12515 8581
f 12517 12516 12518 8583
f 12518 12516 12519 8575
f 12519 12516 12520 8584
f 12522 12521 12523 8585
f 12523 12521 12519 8584
f 12519 12521 12495 8575
f 12525 12524 12520 8582
f 12520 12524 12526 8584
f 12526 12524 12527 7709
f 12529 12528 12530 7733
f 12530 12528 12531 8587
f 12531 12528 12532 8588
f 12534 12533 12535 8590
f 12535 12533 12536 8591
f 12536 12533 12537 7967
f 12539 12538 12540 8592
f 12540 12538 12534 8590
f 12534 12538 12541 8589
f 10331 12542 12543 8061
f 12543 12542 9825 7781
f 9825 12542 12544 7783
f 12546 12545 12547 7716
f 12547 12545 12548 8059
f 12548 12545 10343 8067
f 12550 12549 9766 7746
f 9766 12549 9726 7720
f 9726 12549 12551 7719
f 12553 12552 12554 8593
f 12554 12552 12550 7746
f 12550 12552 9741 7731
f 9725 12555 12556 7717
f 12556 12555 12557 8594
f 12557 12555 12558 8062
f 9721 12559 12560 7716
f 12560 12559 12561 7725
f 12561 12559 12556 8594
f 12563 12562 12564 8596
f 12564 12562 12565 8100
f 12567 12566 12568 8597
f 12568 12566 9730 7723
f 9730 12566 10333 7722
f 9733 12569 10146 7724
f 10146 12569 12570 7976
f 12570 12569 12561 8594
f 12572 12571 12573 8570
f 12573 12571 12574 8565
f 12574 12571 12575 8598
f 9737 12576 10143 7727
f 10143 12576 12512 7974
f 12512 12576 10137 7972
f 12514 12577 12578 8580
f 12578 12577 12579 7975
f 12579 12577 12580 8588
f 12582 12581 12583 8599
f 12583 12581 12496 8106
f 12496 12581 12518 8575
f 12499 12584 12585 8576
f 12585 12584 12586 8600
f 12586 12584 12587 8091
f 12589 12588 12590 8602
f 12590 12588 12591 8603
f 12591 12588 12592 8604
f 12594 12593 12595 8063
f 12595 12593 12596 8606
f 12596 12593 12597 8607
f 12599 12598 12535 8591
f 12535 12598 12600 8590
f 12600 12598 12590 8603
f 12602 12601 12603 8608
f 12603 12601 12604 8609
f 12604 12601 12605 7739
f 12607 12606 9755 7734
f 9755 12606 12608 7738
f 12608 12606 10349 8069
f 12563 12609 12610 8595
f 12610 12609 12611 8070
f 12611 12609 12612 8610
f 12614 12613 12615 8611
f 12615 12613 12616 8069
f 12616 12613 10131 7966
f 12618 12617 12619 7771
f 12619 12617 12620 8613
f 12620 12617 12621 8598
f 12623 12622 12624 8609
f 12624 12622 12625 8614
f 12625 12622 10356 8071
f 12627 12626 12628 8615
f 12628 12626 12624 8614
f 12624 12626 12603 8609
f 12630 12629 12631 7783
f 12631 12629 12632 8617
f 12632 12629 12633 7965
f 12635 12634 12636 8619
f 12636 12634 12637 8620
f 12637 12634 12638 8621
f 12640 12639 10360 8074
f 10360 12639 9778 7750
f 9778 12639 12641 7575
f 12643 12642 12644 8624
f 12644 12642 12645 8625
f 12645 12642 12646 8626
f 12648 12647 12649 8622
f 12649 12647 12645 8626
f 12645 12647 12650 8625
f 12652 12651 12640 8074
f 12640 12651 12648 8622
f 12648 12651 12653 8627
f 12655 12654 12656 8630
f 12656 12654 12657 8631
f 12657 12654 12658 8632
f 10362 12659 12660 7767
f 12660 12659 12658 8629
f 12658 12659 12661 8632
f 12663 12662 12664 8634
f 12664 12662 12665 8635
f 12665 12662 12666 8625
f 9782 12667 12668 7754
f 12668 12667 12669 8635
f 12669 12667 12670 8636
f 12672 12671 12673 8638
f 12673 12671 9785 7757
f 9785 12671 12674 7756
f 12628 12675 12676 8615
f 12676 12675 12677 7795
f 12677 12675 12678 7761
f 12680 12679 12681 8640
f 12681 12679 10445 7762
f 10445 12679 12682 8098
f 12684 12683 12685 8641
f 12685 12683 12686 8642
f 12686 12683 12687 7758
f 12689 12688 12690 8624
f 12690 12688 10096 7950
f 10096 12688 10104 7949
f 12692 12691 12019 8433
f 12019 12691 10285 7585
f 10285 12691 12693 8047
f 12695 12694 12696 8644
f 12696 12694 12697 8645
f 12697 12694 10370 7793
f 12699 12698 12700 8646
f 12700 12698 12701 8647
f 12701 12698 12702 8648
f 12704 12703 12705 8646
f 12705 12703 12706 8049
f 12706 12703 12707 8435
f 12709 12708 12700 8647
f 12700 12708 12704 8646
f 12704 12708 12710 8649
f 12712 12711 12696 8645
f 12696 12711 12713 8644
f 12713 12711 12714 8630
f 9796 12715 12716 7763
f 12716 12715 12712 8645
f 12712 12715 12717 8650
f 9798 12718 12719 7765
f 12719 12718 9838 7789
f 9838 12718 12720 7788
f 12722 12721 12636 8620
f 12636 12721 12723 8619
f 12723 12721 12656 8631
f 12638 12724 12725 8621
f 12725 12724 12025 8435
f 12025 12724 12726 8434
f 12728 12727 12729 7757
f 12729 12727 12730 8651
f 12730 12727 12668 8635
f 9858 12731 11974 7800
f 11974 12731 12732 8420
f 12732 12731 12733 7953
f 12735 12734 12736 8653
f 12736 12734 12737 7964
f 12737 12734 12738 7955
f 12740 12739 12741 8567
f 12741 12739 12735 8653
f 12735 12739 12742 8652
f 12744 12743 12745 8612
f 12745 12743 12746 8564
f 12746 12743 12747 8655
f 9813 12748 10368 7775
f 10368 12748 12749 8077
f 12749 12748 12750 8656
f 12752 12751 10371 8078
f 10371 12751 12753 7792
f 12753 12751 12754 8658
f 9820 12755 12702 7780
f 12702 12755 12756 8648
f 12756 12755 12757 8659
f 12759 12758 12760 8660
f 12760 12758 12761 7954
f 12761 12758 12693 8643
f 12763 12762 12764 8661
f 12764 12762 12754 8657
f 12754 12762 12765 8658
f 12757 12766 12767 8659
f 12767 12766 12768 8662
f 12768 12766 9817 7779
f 12770 12769 12771 7957
f 12771 12769 12759 8660
f 12759 12769 12772 8047
f 12774 12773 12775 8665
f 12775 12773 12776 8666
f 12753 12777 12778 7792
f 12778 12777 12779 8667
f 12779 12777 12780 8668
f 9849 12781 9830 7785
f 9830 12781 12750 7776
f 12750 12781 12782 8656
f 9774 12783 12784 7749
f 12784 12783 12775 8666
f 12775 12783 12785 8665
f 12787 12786 12785 7748
f 12785 12786 12788 8665
f 12788 12786 12676 7795
f 12470 12789 12488 8566
f 12488 12789 12790 7705
f 12790 12789 12791 7964
f 12793 12792 12794 7915
f 12794 12792 9545 7599
f 9545 12792 12795 7598
f 12797 12796 12798 8671
f 12798 12796 12793 7915
f 12793 12796 12799 8669
f 12801 12800 12802 8006
f 12802 12800 12803 8672
f 12803 12800 12804 8673
f 12806 12805 12807 8675
f 12807 12805 12808 8676
f 12808 12805 12809 8677
f 12811 12810 12812 8679
f 12812 12810 12806 8675
f 12806 12810 12813 8674
f 12815 12814 12816 8680
f 12816 12814 12817 8681
f 12817 12814 12813 8678
f 12819 12818 12820 8682
f 12820 12818 12815 8680
f 12815 12818 12809 8674
f 12822 12821 12823 8684
f 12823 12821 12054 8442
f 12054 12821 12824 7628
f 12826 12825 12827 8679
f 12827 12825 12822 8684
f 12822 12825 12828 8683
f 12830 12829 12812 8675
f 12812 12829 12826 8679
f 12826 12829 12831 7908
f 12833 12832 12807 8676
f 12807 12832 12830 8675
f 12830 12832 12834 8685
f 12836 12835 10015 7910
f 10015 12835 12837 7909
f 12837 12835 12838 8687
f 12840 12839 12841 8010
f 12841 12839 12842 7806
f 12842 12839 12843 8689
f 12845 12844 12846 7913
f 12846 12844 12847 8691
f 12847 12844 12848 8009
f 12850 12849 10379 8082
f 10379 12849 12851 8081
f 12851 12849 9886 7819
f 12853 12852 12854 7905
f 12854 12852 12855 8692
f 12855 12852 10381 8081
f 12857 12856 12854 8692
f 12854 12856 10207 7905
f 12859 12858 12860 8694
f 12860 12858 12111 8471
f 12111 12858 12861 8470
f 12863 12862 12864 8695
f 12864 12862 12865 8696
f 12865 12862 12866 8697
f 12868 12867 12869 7822
f 12869 12867 12870 7911
f 12870 12867 12871 8699
f 12873 12872 12874 8700
f 12874 12872 12875 8701
f 12875 12872 12876 8691
f 12878 12877 12879 8703
f 12879 12877 12880 8097
f 12880 12877 12881 8689
f 10441 12882 12883 8005
f 12883 12882 12843 8688
f 12843 12882 12880 8689
f 12885 12884 12886 8704
f 12886 12884 12887 7922
f 12887 12884 12804 8012
f 12889 12888 12869 7911
f 12869 12888 12890 7822
f 12890 12888 12891 7919
f 12893 12892 10018 7912
f 10018 12892 12889 7911
f 12889 12892 12894 8705
f 12896 12895 12897 8707
f 12897 12895 12898 8708
f 12898 12895 9892 7826
f 12900 12899 9894 7825
f 9894 12899 12901 7827
f 12901 12899 10389 7923
f 12903 12902 10390 8083
f 10390 12902 10039 7923
f 10039 12902 10296 7925
f 12905 12904 12906 8710
f 12906 12904 12903 8083
f 12903 12904 12907 8050
f 12909 12908 12910 8711
f 12910 12908 12905 8710
f 12905 12908 12911 8709
f 12913 12912 12174 8495
f 12174 12912 9897 7830
f 9897 12912 9902 7829
f 12915 12914 12916 8713
f 12916 12914 12917 8714
f 12917 12914 12918 8715
f 12920 12919 10388 8084
f 10388 12919 12921 8083
f 12921 12919 12922 7835
f 12924 12923 9914 7838
f 9914 12923 9918 7840
f 9918 12923 12925 7842
f 12927 12926 12928 8718
f 12928 12926 12929 8715
f 12929 12926 12925 8717
f 12931 12930 12896 8707
f 12896 12930 12900 7825
f 12900 12930 12920 8084
f 12933 12932 12934 7907
f 12934 12932 12935 8719
f 12935 12932 12936 8720
f 12938 12937 12939 8722
f 12939 12937 12940 7927
f 12940 12937 12941 8723
f 12943 12942 12944 8725
f 12944 12942 12938 8722
f 12938 12942 12945 8721
f 12947 12946 12948 7850
f 12948 12946 12949 7833
f 12949 12946 12950 8085
f 12927 12951 9917 7842
f 9917 12951 12952 7841
f 12952 12951 12953 7999
f 9924 12954 10393 7846
f 10393 12954 12274 7843
f 12274 12954 12955 8509
f 12270 12956 12957 8507
f 12957 12956 12958 8726
f 12958 12956 12955 7847
f 12960 12959 12961 8727
f 12961 12959 12957 8726
f 12957 12959 12266 8507
f 12963 12962 12961 8726
f 12961 12962 12964 8727
f 10084 12965 12966 7946
f 12966 12965 9946 7859
f 9946 12965 10395 7861
f 9934 12967 10396 7852
f 10396 12967 12968 7861
f 12968 12967 12969 8725
f 9936 12970 12971 7853
f 12971 12970 9949 7861
f 9949 12970 10042 7862
f 10398 12972 10403 8086
f 10403 12972 12933 7907
f 10404 12973 10407 8086
f 10407 12973 12974 7937
f 12976 12975 10004 7896
f 10004 12975 12977 7897
f 12977 12975 12978 8088
f 12980 12979 12981 8729
f 12981 12979 12976 7896
f 12976 12979 12982 8728
f 12984 12983 12985 8505
f 12985 12983 12986 8730
f 12986 12983 12960 8727
f 12988 12987 12989 8731
f 12989 12987 12985 8730
f 12985 12987 12262 8505
f 12991 12990 12992 8732
f 12992 12990 12993 8733
f 12993 12990 12994 8729
f 9941 12995 12994 7857
f 12994 12995 12980 8729
f 12980 12995 10412 8089
f 12997 12996 12998 8734
f 12998 12996 12988 8731
f 12988 12996 12999 8502
f 13001 13000 12992 8733
f 12992 13000 13002 8732
f 13002 13000 13003 7892
f 10068 13004 10003 7897
f 10003 13004 9953 7863
f 9953 13004 13005 7865
f 13007 13006 13008 8735
f 13008 13006 13009 8736
f 13009 13006 9955 7867
f 10077 13010 13011 7942
f 13011 13010 10055 7931
f 10055 13010 13012 7932
f 13014 13013 13015 8737
f 13015 13013 13016 8738
f 13016 13013 9991 7889
f 13018 13017 13003 7873
f 13003 13017 9995 7892
f 9995 13017 13019 7891
f 12500 13020 13021 8577
f 13021 13020 13022 7934
f 13022 13020 12997 8734
f 13024 13023 13025 8740
f 13025 13023 13026 8741
f 13026 13023 13027 8742
f 13016 13028 13029 8738
f 13029 13028 13030 7936
f 13030 13028 13031 8741
f 13033 13032 9988 7884
f 9988 13032 9992 7887
f 9992 13032 13034 7889
f 13036 13035 10419 7878
f 10419 13035 13037 7882
f 13037 13035 13038 8744
f 13040 13039 13041 8746
f 13041 13039 13038 8094
f 13038 13039 13042 8744
f 13044 13043 13045 8748
f 13045 13043 13040 8746
f 13040 13043 13046 8745
f 10428 13047 13048 8093
f 13048 13047 9972 7879
f 9972 13047 13036 7878
f 13050 13049 13051 8096
f 13051 13049 13052 8749
f 13052 13049 10355 8073
f 13054 13053 13055 8750
f 13055 13053 13050 8096
f 13050 13053 13056 8072
f 13058 13057 13059 7944
f 13059 13057 13054 8750
f 13054 13057 12680 8640
f 13061 13060 10431 7815
f 10431 13060 13062 7945
f 13062 13060 12685 8642
f 13064 13063 13065 7942
f 13065 13063 13066 7943
f 13066 13063 13067 7814
f 10435 13068 13069 8095
f 13069 13068 13070 8092
f 13070 13068 13051 8749
f 13072 13071 13073 7941
f 13073 13071 13074 7893
f 13074 13071 13059 8750
f 12993 13075 13076 8733
f 13076 13075 10002 7863
f 10002 13075 12981 7896
f 13078 13077 13079 7828
f 13079 13077 13080 8752
f 13080 13077 10474 8109
f 12176 13081 13082 8399
f 13082 13081 13079 8752
f 13079 13081 9898 7828
f 13084 13083 12429 8550
f 12429 13083 10010 7902
f 10010 13083 13085 7901
f 13087 13086 13088 8754
f 13088 13086 13089 8666
f 12592 13090 13091 8604
f 13091 13090 13092 8755
f 13092 13090 13093 7970
f 13095 13094 13096 7804
f 13096 13094 9869 7809
f 9869 13094 13097 7808
f 13099 13098 13100 7905
f 13100 13098 13101 7904
f 13101 13098 13096 7809
f 13103 13102 13104 7824
f 13104 13102 13105 7916
f 13105 13102 13106 8758
f 13108 13107 13109 8697
f 13109 13107 13110 8759
f 13110 13107 13111 8760
f 13113 13112 13114 8762
f 13114 13112 12861 8693
f 12861 13112 13115 8470
f 13117 13116 13118 8764
f 13118 13116 13119 7817
f 13119 13116 13120 8765
f 9876 13121 13122 7813
f 13122 13121 13123 8699
f 13123 13121 13124 7906
f 12838 13125 13126 8687
f 13126 13125 13067 8751
f 13067 13125 13124 7814
f 13128 13127 13129 7803
f 13129 13127 13130 8766
f 13130 13127 13126 8751
f 12831 13131 13132 7908
f 13132 13131 10402 7907
f 10402 13131 13133 7868
f 12828 13134 13135 8683
f 13135 13134 12934 8719
f 12934 13134 13132 7907
f 13137 13136 13138 8686
f 13138 13136 13009 7867
f 13009 13136 13139 8736
f 13141 13140 10022 7914
f 10022 13140 12845 7913
f 12845 13140 13142 8690
f 12850 13143 10030 7821
f 10030 13143 13144 7921
f 13144 13143 13145 8768
f 9885 13146 10209 7820
f 10209 13146 12887 8012
f 12887 13146 10031 7922
f 13148 13147 10027 7920
f 10027 13147 13149 7919
f 13151 13150 13152 8704
f 13152 13150 12891 8705
f 12891 13150 10026 7919
f 12885 13153 13154 8673
f 13154 13153 12894 8706
f 12894 13153 13152 8705
f 13156 13155 13154 8706
f 13154 13155 12803 8673
f 12803 13155 13157 8672
f 13159 13158 13160 8771
f 13160 13158 12820 8680
f 12820 13158 13161 8682
f 12795 13162 12204 7598
f 12204 13162 13163 8465
f 13163 13162 13164 8772
f 12139 13165 10037 7924
f 10037 13165 12901 7923
f 12901 13165 13166 7827
f 13168 13167 13166 8483
f 13166 13167 9893 7827
f 9893 13167 13169 7826
f 12143 13170 13169 8485
f 13169 13170 12898 7826
f 12898 13170 13171 8708
f 13173 13172 13174 8723
f 13174 13172 13175 8720
f 13175 13172 13171 8484
f 12936 13176 13174 8720
f 13174 13176 12940 8723
f 12940 13176 13177 7927
f 9942 13178 13179 7858
f 13179 13178 9944 7860
f 9944 13178 13180 7859
f 10067 13181 10406 7937
f 10406 13181 12977 8088
f 13005 13182 13183 7865
f 13183 13182 13184 7870
f 13184 13182 10045 7930
f 9952 13185 10049 7864
f 10049 13185 9960 7871
f 9960 13185 13183 7870
f 13007 13186 10046 7866
f 10046 13186 13187 7930
f 13187 13186 13188 7876
f 9968 13189 10053 7875
f 10053 13189 13190 7931
f 13190 13189 13188 8735
f 13192 13191 10057 7886
f 10057 13191 13193 7880
f 13193 13191 10054 7932
f 13195 13194 10060 7933
f 10060 13194 9987 7887
f 9987 13194 13196 7883
f 9973 13197 13198 7879
f 13198 13197 13199 7894
f 13199 13197 10073 7938
f 13058 13200 13201 8639
f 13201 13200 13062 8642
f 13062 13200 10080 7945
f 10392 13202 13203 7846
f 13203 13202 12947 7850
f 12947 13202 9921 7845
f 9926 13204 10089 7848
f 10089 13204 9930 7849
f 9930 13204 13203 7850
f 12637 13205 12710 8620
f 12710 13205 13206 8649
f 12660 13207 13208 7767
f 13208 13207 12717 7764
f 12717 13207 13209 8650
f 9797 13210 13208 7764
f 13208 13210 9801 7767
f 9801 13210 10091 7766
f 10386 13211 10006 7899
f 10006 13211 13212 7898
f 13212 13211 10099 7948
f 10095 13213 13212 7948
f 13212 13213 13214 7898
f 13214 13213 10102 7951
f 13216 13215 12663 8634
f 12663 13215 13217 8633
f 13217 13215 10103 7952
f 9835 13218 13219 7787
f 13219 13218 13220 7789
f 13220 13218 9804 7769
f 13222 13221 10452 8099
f 10452 13221 9827 7774
f 9827 13221 13223 7784
f 13225 13224 10106 7954
f 10106 13224 12732 7953
f 12742 13226 13227 8652
f 13227 13226 12771 8660
f 12771 13226 10110 7957
f 10373 13228 10111 7779
f 10111 13228 12770 7957
f 12770 13228 13229 8663
f 13231 13230 10112 7956
f 10112 13230 12768 7779
f 12768 13230 13232 8662
f 12780 13233 13234 8668
f 13234 13233 10119 7962
f 10119 13233 12765 7961
f 13236 13235 13237 7790
f 13237 13235 12782 7794
f 12782 13235 13238 8656
f 9809 13239 10124 7772
f 10124 13239 9812 7775
f 9812 13239 10451 7774
f 9852 13240 12788 7795
f 12788 13240 12774 8665
f 12774 13240 13241 8664
f 12784 13242 13243 7749
f 13243 13242 13244 8773
f 9773 13245 13246 7747
f 13246 13245 13247 8617
f 13247 13245 13243 8773
f 12541 13248 13249 8589
f 13249 13248 13250 8774
f 13250 13248 9761 7743
f 12537 13251 13252 7967
f 13252 13251 13253 8775
f 13253 13251 13249 8774
f 13250 13254 13253 8774
f 13253 13254 13255 8775
f 13255 13254 13256 7741
f 13258 13257 10130 7968
f 10130 13257 12536 7967
f 12536 13257 13259 8591
f 12599 13260 13261 8602
f 13261 13260 13262 8064
f 13262 13260 13259 8776
f 12589 13263 13264 8601
f 13264 13263 10340 8065
f 10340 13263 13261 8064
f 12507 13265 13264 8065
f 13264 13265 13093 8601
f 13093 13265 10133 7970
f 12546 13266 13267 8066
f 13267 13266 10458 8100
f 10458 13266 12560 7725
f 13269 13268 10336 7732
f 10336 13268 13270 7721
f 13270 13268 13271 7729
f 9731 13272 10141 7723
f 10141 13272 9739 7727
f 9739 13272 13270 7729
f 12513 13273 10142 7974
f 10142 13273 12568 7723
f 12568 13273 13274 8597
f 13276 13275 13277 7992
f 13277 13275 13278 8520
f 13278 13275 12421 8546
f 12456 13279 12239 8499
f 12239 13279 13280 8421
f 13280 13279 13281 8777
f 12359 13282 13283 8532
f 13283 13282 12392 8413
f 12392 13282 10461 7981
f 12375 13284 13285 8537
f 13285 13284 9662 7679
f 9662 13284 13286 7678
f 13288 13287 13289 8779
f 13289 13287 13290 8780
f 13290 13287 13291 8557
f 13293 13292 13291 8778
f 13291 13292 12448 8557
f 12448 13292 13294 8555
f 12327 13295 13296 8522
f 13296 13295 12349 8530
f 12349 13295 10159 7984
f 12331 13297 13298 7671
f 13298 13297 13299 8781
f 13299 13297 13296 8530
f 9651 13300 13301 7669
f 13301 13300 13302 8782
f 13302 13300 13298 8781
f 12328 13303 10158 7986
f 10158 13303 12441 7985
f 12441 13303 13304 8554
f 12322 13305 10164 7988
f 10164 13305 12416 7987
f 12416 13305 13278 8546
f 13307 13306 10468 8104
f 10468 13306 12583 8106
f 12583 13306 13308 8599
f 13310 13309 13311 8574
f 13311 13309 13276 7992
f 13276 13309 9697 7701
f 12438 13312 13313 8553
f 13313 13312 12522 8585
f 12522 13312 13310 8574
f 9711 13314 13315 7710
f 13315 13314 13316 8783
f 13316 13314 13317 7714
f 13319 13318 13320 8558
f 13320 13318 13321 8784
f 13323 13322 13324 7688
f 13324 13322 9674 7686
f 9674 13322 9685 7685
f 13326 13325 13320 8784
f 13320 13325 12454 8558
f 12454 13325 13327 7987
f 13329 13328 13330 8785
f 13330 13328 12949 8085
f 13332 13331 10475 8107
f 10475 13331 13333 8109
f 13333 13331 9619 7651
f 12291 13334 13335 7655
f 13335 13334 9627 7657
f 9627 13334 13336 7656
f 12279 13337 10180 7996
f 10180 13337 12284 7839
f 12284 13337 13336 8512
f 9916 13338 10181 7840
f 10181 13338 13339 7996
f 13339 13338 13340 8786
f 13342 13341 10185 7997
f 10185 13341 12952 7999
f 12952 13341 13340 7841
f 13344 13343 13345 8787
f 13345 13343 13346 8788
f 13346 13343 10473 8108
f 13348 13347 12874 8701
f 12874 13347 13349 8700
f 13349 13347 12881 8702
f 13351 13350 13352 8789
f 13352 13350 12851 7819
f 12851 13350 12855 8081
f 12883 13353 10194 8005
f 10194 13353 13354 8004
f 13354 13353 13355 8790
f 13357 13356 10202 8003
f 10202 13356 12847 8009
f 12847 13356 12875 8691
f 13349 13358 13359 8700
f 13359 13358 13360 8791
f 13360 13358 12878 8703
f 11615 13361 11598 8320
f 11598 13361 13362 8311
f 11619 13363 11574 8314
f 13364 13363 9291 7447
f 11702 13365 13364 7447
f 13364 13365 11573 8313
f 11573 13365 11616 8312
f 11914 13366 11628 8326
f 11628 13366 13367 8325
f 13367 13366 11889 8394
f 11881 13368 11633 8327
f 11633 13368 11635 8324
f 11635 13368 11624 8033
f 13370 13369 9299 7453
f 9299 13369 13371 7452
f 13371 13369 11815 8377
f 13373 13372 10258 8034
f 10258 13372 13370 7453
f 13370 13372 10223 8019
f 13375 13374 13376 8410
f 13376 13374 13373 8034
f 13373 13374 11732 8018
f 13375 13377 13378 8357
f 13378 13377 9296 7448
f 9296 13377 11944 7450
f 11934 13379 11891 7646
f 11891 13379 13380 8395
f 13380 13379 9298 7452
f 13378 13381 11731 8357
f 11731 13381 13382 8356
f 13382 13381 11862 8393
f 11644 13383 11665 8332
f 11665 13383 11637 8329
f 11637 13383 11760 8328
f 9302 13384 11647 7454
f 11647 13384 11660 8334
f 11660 13384 13385 7565
f 11662 13386 11643 8332
f 11643 13386 9304 7454
f 9304 13386 9439 7456
f 11875 13387 9312 7460
f 9312 13387 11969 7462
f 11969 13387 9307 7459
f 13389 13388 11670 8341
f 11670 13388 13390 7508
f 13390 13388 11679 8346
f 11684 13391 11992 8347
f 11992 13391 11846 7636
f 11846 13391 9313 7463
f 13393 13392 11689 8349
f 13395 13394 11688 8348
f 11688 13394 13393 8349
f 13393 13394 9399 7518
f 11694 13396 11692 8014
f 11695 13398 13397 8350
f 9321 13398 12034 7470
f 11847 13399 12017 7636
f 12017 13399 11699 8351
f 11699 13399 11672 8343
f 9450 13400 13401 7472
f 11724 13400 11811 8354
f 11703 13402 11617 8322
f 13404 13403 13405 8015
f 13405 13403 13406 8029
f 13406 13403 9446 7541
f 11706 13407 10219 8016
f 10219 13407 13404 8015
f 13404 13407 13408 7540
f 13405 13409 10221 8015
f 10221 13409 13410 8017
f 13410 13409 11893 7475
f 13410 13411 13412 8017
f 13412 13411 9328 7473
f 9216 13413 11716 7395
f 11716 13413 13412 7473
f 13412 13413 11709 8017
f 11812 13414 11723 8354
f 11723 13414 11886 8353
f 11886 13414 9396 7513
f 11729 13415 11894 8030
f 11894 13415 9335 7475
f 9335 13415 13416 7479
f 9334 13417 11711 7474
f 11711 13417 9339 7480
f 9339 13417 11738 7482
f 9338 13418 13419 7481
f 13419 13418 9343 7483
f 9343 13418 13420 7485
f 11310 13421 11742 8249
f 11742 13421 9342 7485
f 9342 13421 11745 7484
f 13416 13422 11737 7479
f 11737 13422 13423 8359
f 13423 13422 11733 8356
f 11741 13424 13425 8360
f 13425 13424 11735 8358
f 11735 13424 13420 7482
f 11749 13426 13427 8362
f 13427 13426 13382 8393
f 13382 13426 13423 8356
f 13429 13428 11858 7534
f 11858 13428 11747 8361
f 11747 13428 13425 8358
f 11484 13430 13431 8304
f 13431 13430 13429 7534
f 13429 13430 11740 8360
f 11487 13432 10227 8021
f 10227 13432 9369 7498
f 9369 13432 9350 7487
f 11648 13433 9354 7489
f 9354 13433 13434 7491
f 13434 13433 13435 8792
f 11754 13436 9360 7494
f 9360 13436 9358 7492
f 9358 13436 11759 7491
f 13438 13437 13434 8792
f 13434 13437 9357 7491
f 11753 13439 11859 8365
f 11859 13439 11866 7535
f 11866 13439 9361 7495
f 9366 13440 10229 7498
f 10229 13440 13441 7500
f 13441 13440 13442 8793
f 11768 13443 11652 8335
f 11652 13443 13435 8333
f 13435 13443 13444 8792
f 13444 13445 13438 8792
f 13438 13445 11765 7493
f 11765 13445 11773 8367
f 9371 13446 11763 7499
f 11763 13446 13447 8366
f 13447 13446 13441 8793
f 10236 13448 10233 8022
f 10233 13448 9373 7499
f 9373 13448 11514 7501
f 11784 13449 11854 8372
f 11854 13449 11808 8376
f 11808 13449 11781 7503
f 11788 13450 13451 8344
f 13451 13450 13452 7530
f 13452 13450 13453 7528
f 13457 13456 13455 8794
f 11795 13456 11791 8374
f 11767 13458 11805 8368
f 11805 13458 9384 7506
f 9384 13458 11669 7508
f 11799 13459 11780 8024
f 11780 13459 9392 7502
f 9392 13459 9416 7512
f 10231 13460 11800 8022
f 11800 13460 9415 7526
f 9415 13460 11802 7525
f 13462 13461 13463 7527
f 13463 13461 11680 7529
f 11680 13461 13464 8346
f 13380 13465 13466 8395
f 13466 13465 13467 7538
f 13467 13465 13371 8377
f 13367 13468 11632 8325
f 11632 13468 9395 7515
f 9395 13468 13469 7514
f 12072 13471 11832 8384
f 12059 13472 11835 8385
f 12151 13473 11822 8380
f 13475 13474 11829 7620
f 13451 13476 11674 8344
f 11674 13476 9315 7465
f 9315 13476 9423 7464
f 9407 13478 13454 7523
f 13457 13478 9380 7505
f 13390 13479 9383 7508
f 9383 13479 11850 7507
f 11850 13479 13464 8392
f 11806 13480 9414 7525
f 9414 13480 9391 7512
f 9391 13480 9411 7511
f 9387 13481 9418 7509
f 9418 13481 13462 7527
f 13462 13481 11851 8392
f 13452 13482 9422 7530
f 9422 13482 13463 7529
f 13463 13482 9420 7527
f 13453 13483 9419 7528
f 9419 13483 11809 7509
f 11809 13483 11856 8376
f 11783 13484 11540 8305
f 11540 13484 11792 7427
f 11792 13484 11855 8373
f 9434 13485 9294 7449
f 9294 13485 11864 7448
f 11864 13485 11870 8330
f 13487 13486 13442 7496
f 13442 13486 13488 8793
f 13488 13486 9356 7493
f 13488 13489 13447 8793
f 13447 13489 11762 8366
f 13431 13490 11558 8304
f 11558 13490 9348 7488
f 9348 13490 9430 7487
f 11748 13491 11860 8361
f 11860 13491 11752 8365
f 11752 13491 13492 8364
f 13427 13493 13492 8362
f 13492 13493 11756 8364
f 11756 13493 11863 8331
f 9362 13494 11867 7495
f 11867 13494 9364 7497
f 9364 13494 13487 7496
f 10244 13495 13419 7483
f 13419 13495 9337 7481
f 11718 13496 11462 8243
f 11462 13496 11744 7429
f 11744 13496 11879 7486
f 11816 13497 13467 8377
f 13467 13497 9443 7538
f 9443 13497 13498 7520
f 11720 13499 13408 8352
f 13408 13499 9445 7540
f 9445 13499 11885 7539
f 13466 13500 11890 8395
f 11890 13500 13469 8394
f 13469 13500 9459 7514
f 13406 13501 10247 8029
f 10247 13501 13498 8028
f 13498 13501 13502 7520
f 9405 13503 9455 7522
f 9455 13503 9447 7539
f 9447 13503 13502 7541
f 11909 13504 11905 8400
f 11905 13504 11622 7445
f 11622 13504 10254 8033
f 11629 13505 11913 8326
f 11913 13505 9465 7549
f 9465 13505 9480 7548
f 12246 13506 12354 8500
f 12354 13506 11921 8403
f 11921 13506 9469 7552
f 9472 13507 13508 7553
f 13508 13507 11928 8402
f 11928 13507 12368 8406
f 11918 13509 13508 8402
f 13508 13509 9477 7553
f 9477 13509 11931 7556
f 10250 13510 9473 7555
f 9473 13510 9663 7554
f 9663 13510 13511 7679
f 9613 13512 11933 7646
f 11933 13512 10302 8051
f 10302 13512 9486 7561
f 13514 13513 13515 8795
f 13515 13513 11937 8408
f 11937 13513 10259 7559
f 11943 13516 13517 8409
f 13517 13516 13514 8795
f 13514 13516 13376 8034
f 13515 13518 13517 8795
f 13517 13518 11948 8409
f 11948 13518 13519 8411
f 13521 13520 12389 8539
f 12389 13520 11953 8412
f 11953 13520 13522 8415
f 13521 13523 11939 8407
f 11939 13523 10261 8036
f 10261 13523 12385 8035
f 12458 13524 11958 8038
f 11958 13524 12241 8417
f 12241 13524 12238 7645
f 13526 13525 12220 7570
f 12220 13525 9492 7563
f 9492 13525 11659 7565
f 13528 13527 13385 7455
f 13385 13527 9491 7565
f 9491 13527 9495 7564
f 11970 13529 11667 7462
f 11667 13529 13528 7455
f 13528 13529 10270 7567
f 11980 13530 13531 7642
f 13531 13530 13532 8419
f 11971 13533 10269 8042
f 10269 13533 11986 8041
f 11986 13533 13532 8422
f 11983 13534 10271 8041
f 10271 13534 9494 7567
f 9494 13534 13535 7566
f 9490 13536 10275 7563
f 10275 13536 13537 7703
f 13537 13536 9496 7566
f 13539 13538 10274 7703
f 10274 13538 12231 8043
f 12231 13538 11975 7640
f 12235 13540 9308 7457
f 9308 13540 11968 7459
f 11968 13540 13531 8419
f 13280 13541 11981 8421
f 11981 13541 11985 8422
f 11985 13541 13542 8424
f 11988 13543 13544 8418
f 13544 13543 9500 7568
f 9500 13543 13526 7570
f 13546 13545 13547 8796
f 13547 13545 13544 7568
f 13544 13545 11966 8418
f 13547 13548 13549 8796
f 13549 13548 9502 7571
f 13551 13550 11990 8425
f 11990 13550 13395 8348
f 13395 13550 9577 7517
f 9505 13552 10279 7572
f 10279 13552 11994 8045
f 11994 13552 12002 8426
f 13554 13553 13555 8797
f 13555 13553 9506 7574
f 9506 13553 12001 7573
f 13557 13556 13558 8798
f 13558 13556 13554 8797
f 13554 13556 12004 8428
f 13560 13559 13557 8798
f 13557 13559 12006 8429
f 12006 13559 13561 7614
f 12690 13562 13563 8624
f 13563 13562 13560 8798
f 13560 13562 12218 8494
f 13558 13564 13563 8798
f 13563 13564 12643 8624
f 12643 13564 13565 8623
f 13565 13566 13567 8623
f 13567 13566 9511 7575
f 9511 13566 13555 7574
f 9777 13568 13569 7751
f 13569 13568 12009 8430
f 12009 13568 9509 7576
f 12008 13570 13571 8430
f 13571 13570 13572 8437
f 13572 13570 10277 8044
f 13569 13573 13574 7751
f 13574 13573 12028 8434
f 12028 13573 13571 8437
f 13576 13575 13577 7582
f 13577 13575 12035 8438
f 12035 13575 9320 7470
f 12013 13578 9519 7580
f 9519 13578 13576 7582
f 13576 13578 9323 7469
f 10278 13579 13580 8044
f 13580 13579 12015 8432
f 12015 13579 11995 7636
f 13577 13581 9518 7582
f 9518 13581 12023 7581
f 12023 13581 13582 7584
f 13582 13583 12030 7584
f 12030 13583 13584 7578
f 13584 13583 12032 8439
f 9513 13585 13586 7577
f 13586 13585 13587 8799
f 13587 13585 13584 8439
f 13589 13588 10281 7638
f 10281 13588 12020 7579
f 12020 13588 13590 8433
f 10115 13591 10290 7959
f 10290 13591 13592 7581
f 13592 13591 10294 8048
f 12026 13593 12706 8435
f 12706 13593 10292 8049
f 10292 13593 13594 8048
f 13596 13595 12016 8431
f 12016 13595 13597 8432
f 13597 13595 13594 8436
f 9517 13598 12012 7580
f 12012 13598 13596 8431
f 13596 13598 13592 8048
f 12027 13599 13597 8436
f 13597 13599 13580 8432
f 13580 13599 13572 8044
f 13587 13600 13601 8799
f 13601 13600 9527 7586
f 9527 13600 12033 7587
f 13389 13602 9533 7591
f 9533 13602 9531 7588
f 9531 13602 11965 7590
f 13604 13603 13546 8796
f 13546 13603 9530 7590
f 9530 13603 13605 7589
f 12229 13606 13549 7571
f 13549 13606 13604 8796
f 13604 13606 12225 8498
f 10288 13607 13608 7959
f 13608 13607 12772 8663
f 12772 13607 10284 8047
f 11999 13609 11997 8426
f 11997 13609 13610 8427
f 13610 13609 9597 7630
f 13612 13611 9539 7592
f 9539 13611 12040 7594
f 9538 13613 12051 7593
f 12051 13613 9543 7595
f 9543 13613 13614 7597
f 12055 13615 9541 7596
f 9541 13615 12050 7595
f 12050 13615 13616 8445
f 12083 13617 12188 8458
f 12188 13617 12057 8447
f 12057 13617 13618 8446
f 13620 13619 13621 8800
f 13621 13619 12080 8455
f 12080 13619 12105 7605
f 12180 13622 12075 8456
f 12075 13622 13621 8455
f 13621 13622 13623 8800
f 12195 13624 12063 8450
f 12063 13624 12182 8449
f 12182 13624 12107 8469
f 12089 13625 12202 8463
f 12202 13625 9547 7598
f 9547 13625 9593 7600
f 12098 13626 13627 8466
f 13627 13626 12037 8440
f 12037 13626 13614 7594
f 13629 13628 12206 8461
f 12206 13628 9550 7602
f 9550 13628 13630 7601
f 12199 13631 13470 8390
f 13632 13631 13629 8461
f 13623 13633 13634 8800
f 13634 13633 13635 8767
f 13635 13633 13636 8756
f 13638 13637 12085 8457
f 12085 13637 13639 8460
f 13639 13637 12113 8473
f 13642 13641 12135 8482
f 12135 13641 12122 8477
f 12122 13641 13640 8476
f 12127 13643 13644 8479
f 13644 13643 13642 8482
f 13642 13643 9558 7607
f 13646 13645 13647 8802
f 13647 13645 13648 8803
f 13648 13645 13649 8501
f 12252 13651 12132 8480
f 12130 13653 9584 7624
f 9584 13653 13655 7623
f 13657 13656 13650 8802
f 13654 13656 12145 8487
f 13659 13658 13647 8803
f 13647 13658 13657 8802
f 13657 13658 13660 8486
f 13662 13661 12126 8479
f 12126 13661 13663 8478
f 13663 13661 12911 8001
f 12136 13664 13644 8482
f 13644 13664 13662 8479
f 13662 13664 12907 8709
f 12142 13665 13616 7626
f 13616 13665 12138 8445
f 12138 13665 13168 8483
f 13655 13666 13667 7623
f 13667 13666 12913 8495
f 12913 13666 12146 7832
f 13669 13668 13660 8002
f 13660 13668 12147 8486
f 12147 13668 13670 7831
f 12149 13671 12190 8488
f 12190 13671 9563 7608
f 9563 13671 12156 7610
f 11823 13672 12150 8380
f 12150 13672 12155 8489
f 12155 13672 13673 7634
f 13675 13674 13676 7621
f 13676 13674 11826 8383
f 11826 13674 13677 8382
f 12160 13678 13679 8492
f 13679 13678 13680 7616
f 13680 13678 13681 7635
f 13683 13682 12161 8491
f 12161 13682 12164 8490
f 9562 13684 13685 7609
f 13685 13684 9567 7611
f 9567 13684 12163 7613
f 9566 13686 13687 7612
f 13687 13686 12166 8493
f 12166 13686 13683 8491
f 12170 13688 13561 8494
f 13561 13688 9571 7614
f 9571 13688 13679 7616
f 9596 13689 12213 7631
f 12213 13689 9573 7617
f 9573 13689 12005 7614
f 13676 13690 9580 7621
f 9580 13690 13475 7620
f 13667 13691 9586 7623
f 9586 13691 11903 7625
f 11903 13691 12175 8396
f 12253 13692 11906 7546
f 11906 13692 9585 7625
f 9585 13692 12129 7624
f 11961 13693 10304 7561
f 10304 13693 11936 7559
f 11936 13693 13522 8407
f 12062 13694 12178 8448
f 12178 13694 12076 8453
f 12076 13694 12183 8456
f 13636 13695 13097 8756
f 13097 13695 12108 7808
f 12108 13695 12181 8469
f 13638 13696 12186 8472
f 12186 13696 13685 7611
f 13685 13696 13697 7609
f 12082 13698 13697 8457
f 13697 13698 9561 7609
f 9561 13698 12189 7608
f 12058 13699 12191 8447
f 12191 13699 12152 8488
f 12152 13699 11836 8386
f 13618 13700 12193 8446
f 12193 13700 12064 8451
f 12064 13700 12197 8450
f 12109 13701 13702 7807
f 13702 13701 13639 8473
f 13639 13701 12196 8460
f 9549 13703 9546 7600
f 9546 13703 12103 7599
f 12103 13703 13704 7604
f 13630 13705 13704 7601
f 13704 13705 9553 7604
f 9553 13705 12200 7603
f 12088 13706 13707 8462
f 13707 13706 13627 8440
f 13627 13706 12203 8466
f 12038 13708 13707 8440
f 13707 13708 12093 8462
f 12093 13708 13477 8464
f 12094 13709 13632 8461
f 13632 13709 11841 8389
f 13673 13710 9599 7634
f 9599 13710 13677 7633
f 13677 13710 11844 8382
f 12154 13711 13681 8490
f 13681 13711 9600 7635
f 13675 13712 9601 7633
f 9601 13712 13680 7635
f 13680 13712 12209 7616
f 13714 13713 9576 7619
f 9576 13713 12211 7618
f 12211 13713 9595 7631
f 13551 13715 13714 7619
f 13714 13715 13610 7630
f 13610 13715 12216 8427
f 13601 13716 13717 8799
f 13717 13716 9529 7589
f 9529 13716 12223 7588
f 13586 13718 12226 7577
f 12226 13718 13605 8498
f 13605 13718 13717 7589
f 11973 13719 9604 7639
f 9604 13719 13589 7638
f 11979 13720 9607 7644
f 9607 13720 11946 7643
f 11946 13720 12236 7641
f 13519 13721 12242 8411
f 12242 13721 11959 8417
f 11959 13721 12233 8416
f 13659 13722 10188 8002
f 10188 13722 13663 8001
f 13663 13722 13723 8478
f 12125 13724 12249 8475
f 12249 13724 13648 8501
f 13648 13724 13723 8803
f 12265 13725 13726 7665
f 13726 13725 12260 8506
f 12260 13725 12984 8505
f 12282 13727 13728 7838
f 13728 13727 9621 7650
f 9621 13727 12287 7652
f 13730 13729 10310 8053
f 10310 13729 13333 7651
f 13333 13729 13080 8109
f 11898 13731 13732 8398
f 13732 13731 13730 8053
f 13730 13731 13082 8752
f 11911 13733 13734 8032
f 13734 13733 12374 8537
f 12374 13733 13732 8053
f 12288 13735 10309 7652
f 10309 13735 12376 8053
f 12376 13735 9667 7681
f 13737 13736 13738 7672
f 13738 13736 9633 7658
f 9633 13736 10312 7647
f 9632 13739 10161 7659
f 10161 13739 9637 7660
f 9637 13739 12276 7662
f 12298 13740 13726 8506
f 13726 13740 9640 7665
f 9640 13740 12306 7664
f 12302 13741 12299 8504
f 12299 13741 9645 7666
f 9645 13741 10176 7668
f 13743 13742 12314 8516
f 12314 13742 12304 8514
f 12304 13742 12296 7664
f 13745 13744 12319 8519
f 12319 13744 13743 8516
f 13743 13744 12294 8513
f 13745 13746 9635 7661
f 9635 13746 9649 7660
f 9649 13746 13747 7670
f 13302 13748 13749 8782
f 13749 13748 12337 7674
f 12337 13748 13750 8525
f 13752 13751 13738 7658
f 13738 13751 9656 7672
f 9656 13751 13749 7674
f 13754 13753 10315 8054
f 10315 13753 10470 7673
f 10470 13753 9623 7654
f 13754 13755 12289 7653
f 12289 13755 12309 7680
f 12309 13755 12342 8515
f 13277 13756 10169 7992
f 10169 13756 12316 7991
f 12316 13756 12323 8517
f 12329 13757 10165 7989
f 10165 13757 12324 7988
f 12324 13757 13758 8518
f 13747 13759 12332 7670
f 12332 13759 13758 8521
f 13758 13759 12320 8518
f 12305 13760 12311 8514
f 12311 13760 9644 7668
f 12336 13761 12350 8524
f 12350 13761 13299 8530
f 13299 13761 13750 8781
f 12341 13762 13763 8527
f 13763 13762 12334 8523
f 12334 13762 10314 7674
f 13765 13764 12345 8529
f 12345 13764 12339 8526
f 12339 13764 12308 8515
f 13767 13766 12340 8527
f 12340 13766 12344 8526
f 12344 13766 13768 8528
f 13770 13769 13763 8523
f 13763 13769 13767 8527
f 13767 13769 13288 8779
f 12351 13771 12335 8524
f 12335 13771 13770 8523
f 13770 13771 13293 8778
f 13773 13772 12383 7683
f 12383 13772 12380 8058
f 12380 13772 12397 8538
f 13775 13774 9671 7684
f 9671 13774 13773 7683
f 13773 13774 13776 8541
f 12386 13777 9672 7682
f 9672 13777 13778 7684
f 13778 13777 10464 7982
f 12446 13779 13290 8557
f 13290 13779 13776 8780
f 13776 13779 12396 8541
f 13781 13780 12408 7977
f 12408 13780 12405 8543
f 12405 13780 13782 8055
f 13784 13783 12406 8542
f 12406 13783 12410 8543
f 12410 13783 13785 8544
f 13784 13786 9686 7693
f 9686 13786 9676 7685
f 9676 13786 12403 7687
f 9675 13787 13324 7686
f 13324 13787 9680 7688
f 9680 13787 12400 7690
f 12447 13788 12395 8540
f 12395 13788 9679 7690
f 9679 13788 13789 7689
f 9682 13790 13321 7691
f 13321 13790 13791 8784
f 13791 13790 13789 8556
f 9690 13792 12452 7695
f 12452 13792 13793 8558
f 13793 13792 13794 7692
f 13796 13795 13794 7696
f 13794 13795 9687 7692
f 9687 13795 13797 7693
f 13799 13798 13797 8806
f 13797 13798 13785 7693
f 13785 13798 12414 8544
f 12413 13800 10151 7978
f 10151 13800 13801 7980
f 13801 13800 13802 7903
f 13804 13803 13799 8806
f 13799 13803 13802 8545
f 13802 13803 12426 7903
f 13804 13805 13806 8549
f 13806 13805 9691 7694
f 9691 13805 13796 7696
f 12418 13807 12450 8547
f 12450 13807 9689 7695
f 9689 13807 13808 7694
f 13810 13809 12435 8551
f 12435 13809 12422 7702
f 12422 13809 13808 8548
f 10317 13811 12457 8039
f 12457 13811 13812 8559
f 13812 13811 13782 8805
f 13810 13813 13806 7694
f 13806 13813 12425 8549
f 12425 13813 12431 7699
f 9701 13814 13539 7703
f 13539 13814 9857 7800
f 9857 13814 10454 7799
f 13816 13815 13535 8423
f 13535 13815 13817 7566
f 13817 13815 12462 8563
f 13819 13818 11984 8424
f 11984 13818 13816 8423
f 13816 13818 13820 8562
f 13822 13821 13542 8777
f 13542 13821 13819 8424
f 13819 13821 13823 8807
f 12484 13824 13825 7977
f 13825 13824 13823 8808
f 13823 13824 13826 8807
f 13820 13827 12461 8562
f 12461 13827 13828 8561
f 13828 13827 13826 8572
f 12489 13829 12469 8566
f 12469 13829 12573 8565
f 12573 13829 12475 8570
f 13831 13830 12460 8561
f 12460 13830 12473 8560
f 12473 13830 12480 8568
f 13833 13832 13801 7903
f 13801 13832 10150 7980
f 10150 13832 12486 7979
f 13817 13834 13537 7566
f 13537 13834 9703 7703
f 9703 13834 12466 7705
f 12999 13835 12258 8502
f 12258 13835 10466 8105
f 10466 13835 12501 8104
f 13307 13836 13091 8755
f 13091 13836 13837 8604
f 13837 13836 12502 8576
f 12527 13838 9709 7709
f 9709 13838 9707 7706
f 9707 13838 12505 7708
f 9717 13839 13316 7714
f 13316 13839 13840 8783
f 13840 13839 9714 7713
f 13842 13841 12510 7715
f 12510 13841 10138 7973
f 10138 13841 12515 7972
f 12526 13843 12523 8584
f 12523 13843 13844 8585
f 13844 13843 9710 7710
f 12525 13845 12504 8579
f 12504 13845 13846 7969
f 13846 13845 12517 8583
f 12582 13847 13846 8583
f 13846 13847 10135 7969
f 10135 13847 13848 7971
f 12531 13849 13850 8587
f 13850 13849 13842 7715
f 13842 13849 12580 8581
f 13852 13851 9719 7714
f 9719 13851 13850 7715
f 13852 13853 12530 8587
f 12530 13853 9746 7733
f 13855 13854 12532 8586
f 12532 13854 12579 8588
f 12579 13854 13856 7975
f 13858 13857 13855 8586
f 13855 13857 13859 8101
f 13859 13857 12564 8100
f 13861 13860 13862 8607
f 13862 13860 13858 8586
f 13858 13860 12612 8596
f 13864 13863 12597 8605
f 12597 13863 13861 8607
f 13861 13863 13865 8610
f 10339 13866 12594 8063
f 12594 13866 13867 8605
f 13867 13866 13262 8776
f 13258 13868 13867 8776
f 13867 13868 13864 8605
f 13864 13868 12614 8611
f 13027 13869 13870 8742
f 13870 13869 12539 8592
f 12539 13869 13871 7742
f 13873 13872 12554 7746
f 12554 13872 12575 8593
f 12575 13872 12620 8598
f 13875 13874 9722 7718
f 9722 13874 9727 7717
f 9727 13874 9765 7720
f 13877 13876 13875 7718
f 13875 13876 13223 7745
f 13223 13876 13878 7784
f 10329 13879 12547 8059
f 12547 13879 9723 7716
f 9723 13879 13877 7718
f 13881 13880 12548 8067
f 12548 13880 12544 8059
f 12544 13880 12630 7783
f 13267 13882 13883 8066
f 13883 13882 12565 8595
f 12570 13884 13885 7976
f 13885 13884 12567 8597
f 12567 13884 12557 8062
f 9738 13886 13887 7728
f 13887 13886 13084 8550
f 13084 13886 13271 8753
f 13085 13888 12478 7901
f 12478 13888 9743 7730
f 9743 13888 13269 7732
f 12558 13889 10337 8062
f 10337 13889 9742 7732
f 9742 13889 12551 7731
f 12481 13890 12476 8568
f 12476 13890 12572 8570
f 12572 13890 12553 8593
f 12428 13891 13887 8550
f 13887 13891 10139 7728
f 10139 13891 13892 7973
f 13892 13893 12509 7973
f 12509 13893 10174 7711
f 10174 13893 9693 7698
f 13895 13894 13840 7713
f 13840 13894 13896 8783
f 13896 13894 12439 8553
f 13895 13897 12436 8552
f 12436 13897 10172 7993
f 10172 13897 9715 7711
f 13899 13898 12585 8600
f 12585 13898 13837 8576
f 13837 13898 12591 8604
f 12595 13900 10341 8063
f 10341 13900 12506 8065
f 12506 13900 13901 7708
f 13901 13902 9706 7708
f 9706 13902 9747 7707
f 9747 13902 13903 7733
f 12596 13904 13903 8606
f 13903 13904 12529 7733
f 12529 13904 13862 8586
f 12586 13905 13906 8600
f 13906 13905 13870 8592
f 13870 13905 13907 8742
f 12540 13908 13906 8592
f 13906 13908 13899 8600
f 13899 13908 12600 8603
f 12604 13909 12623 8609
f 12623 13909 13910 8073
f 13910 13909 13911 8748
f 12602 13912 9753 7737
f 9753 13912 9751 7734
f 9751 13912 13913 7736
f 12633 13914 10126 7965
f 10126 13914 9749 7735
f 9749 13914 13915 7734
f 10344 13916 13881 8067
f 13881 13916 13915 8616
f 13915 13916 12607 7734
f 13883 13917 10345 8066
f 10345 13917 10348 8068
f 10348 13917 12610 8070
f 9754 13918 12605 7737
f 12605 13918 9759 7739
f 9759 13918 13919 7741
f 13921 13920 10352 7744
f 10352 13920 13911 7739
f 13911 13920 13044 8748
f 13923 13922 13871 8739
f 13871 13922 9763 7742
f 9763 13922 13921 7744
f 13255 13924 13925 8775
f 13925 13924 12608 8069
f 12608 13924 13919 7738
f 12736 13926 12741 8653
f 12741 13926 12791 8567
f 9810 13927 10450 7773
f 10450 13927 13928 8099
f 13928 13927 12619 8613
f 13928 13929 13222 8099
f 13222 13929 9767 7745
f 9767 13929 13873 7746
f 12468 13930 12745 8564
f 12745 13930 12621 8612
f 12621 13930 12574 8598
f 12627 13931 13913 8608
f 13913 13931 9771 7736
f 9771 13931 12787 7748
f 13247 13932 12631 8617
f 12631 13932 9824 7783
f 9824 13932 13933 7782
f 13935 13934 12726 8618
f 12726 13934 13574 8434
f 13574 13934 9776 7751
f 10359 13936 13937 8075
f 13937 13936 12635 8619
f 12635 13936 13935 8618
f 12657 13938 13939 8631
f 13939 13938 12652 8074
f 12652 13938 13940 8628
f 13940 13941 13942 8628
f 13942 13941 13943 8809
f 13943 13941 12661 8076
f 13945 13944 13942 8809
f 13942 13944 12653 8628
f 12653 13944 13946 8627
f 12665 13947 12730 8635
f 12730 13947 13946 8651
f 13946 13947 12650 8627
f 12669 13948 12664 8635
f 12664 13948 13216 8634
f 13216 13948 13949 7951
f 10008 13950 13951 7900
f 13951 13950 13949 8636
f 13949 13950 13214 7951
f 9780 13952 13953 7752
f 13953 13952 13954 8810
f 13954 13952 13955 8811
f 13957 13956 9786 7755
f 9786 13956 12728 7757
f 12728 13956 9781 7754
f 12672 13958 12687 8637
f 12687 13958 9790 7758
f 9790 13958 13959 7760
f 9792 13960 13961 7761
f 13961 13960 9789 7760
f 13963 13962 13961 7760
f 13961 13962 12677 7761
f 12677 13962 9854 7795
f 12625 13964 12678 8614
f 12678 13964 9794 7761
f 9794 13964 13965 7762
f 13965 13966 12681 7762
f 12681 13966 13056 8640
f 13056 13966 10354 8072
f 13968 13967 13969 8695
f 13969 13967 12684 8641
f 12684 13967 12674 8637
f 13971 13970 12864 8696
f 12864 13970 13968 8695
f 13968 13970 9784 7756
f 13955 13972 13973 8811
f 13973 13972 13971 8696
f 13971 13972 13957 7755
f 12646 13974 12649 8626
f 12649 13974 12641 8622
f 12641 13974 13567 7575
f 13217 13975 12666 8633
f 12666 13975 12644 8625
f 12644 13975 12689 8624
f 13951 13976 13977 7900
f 13977 13976 13953 8810
f 13953 13976 12670 7752
f 12697 13978 12716 8645
f 12716 13978 12720 7763
f 12720 13978 9847 7788
f 12701 13979 13980 8647
f 13980 13979 12695 8644
f 12695 13979 13981 8078
f 12699 13982 10377 7780
f 10377 13982 13983 8080
f 13983 13982 12705 8049
f 10293 13984 13983 8049
f 13983 13984 13985 8080
f 13985 13984 10116 7958
f 12713 13986 13980 8644
f 13980 13986 12709 8647
f 12709 13986 12722 8620
f 9805 13987 13220 7769
f 13220 13987 12719 7789
f 12719 13987 10093 7765
f 13939 13988 12723 8631
f 12723 13988 13937 8619
f 13937 13988 10358 8075
f 13990 13989 13945 8809
f 13945 13989 12729 8651
f 12729 13989 12673 7757
f 10363 13991 13943 8076
f 13943 13991 13990 8809
f 13990 13991 13959 8638
f 13963 13992 13993 7797
f 13993 13992 9806 7768
f 9806 13992 10365 7770
f 12746 13994 12471 8564
f 12471 13994 12740 8567
f 12740 13994 13231 7956
f 9842 13995 12618 7771
f 12618 13995 12744 8612
f 12744 13995 13996 8654
f 12756 13997 13981 8648
f 13981 13997 12752 8078
f 12752 13997 13998 8657
f 10374 13999 14000 8079
f 14000 13999 13985 7958
f 13985 13999 10376 8080
f 12692 14001 12761 8643
f 12761 14001 13225 7954
f 13225 14001 13590 8420
f 13998 14002 12764 8657
f 12764 14002 14003 8661
f 14003 14002 12767 8662
f 14005 14004 14006 8812
f 14006 14004 10330 8061
f 10330 14004 14007 8060
f 14007 14008 13878 8060
f 13878 14008 9828 7784
f 9828 14008 9832 7776
f 14010 14009 14005 8812
f 14005 14009 9831 7786
f 9831 14009 14011 7785
f 9853 14012 14011 7796
f 14011 14012 9836 7785
f 9836 14012 13993 7768
f 9845 14013 9840 7788
f 9840 14013 13236 7790
f 13236 14013 12778 8667
f 14006 14014 14015 8812
f 14015 14014 13087 8754
f 13087 14014 12543 7781
f 14017 14016 12776 8664
f 12776 14016 13088 8666
f 9823 14018 13089 7781
f 13089 14018 13244 8666
f 13244 14018 13933 8773
f 14020 14019 14021 8791
f 14021 14019 12797 8671
f 12797 14019 14022 8670
f 14024 14023 14025 8813
f 14025 14023 14020 8791
f 14020 14023 13159 8771
f 12802 14026 14027 8006
f 14027 14026 14024 8813
f 14024 14026 14028 8770
f 14030 14029 13163 8772
f 13163 14029 12096 8465
f 12096 14029 14031 8443
f 12817 14032 14033 8681
f 14033 14032 14030 8772
f 14030 14032 14034 8814
f 13141 14035 13634 8767
f 13634 14035 13620 8800
f 13620 14035 14036 8467
f 12794 14037 10023 7915
f 10023 14037 14036 7914
f 14036 14037 12104 8467
f 12893 14038 13156 8706
f 13156 14038 14039 8769
f 14039 14038 14040 8815
f 12808 14041 14042 8676
f 14042 14041 14043 7801
f 14043 14041 14044 8815
f 14039 14045 14046 8769
f 14046 14045 12819 8682
f 12819 14045 14044 8677
f 14048 14047 12827 8684
f 12827 14047 12811 8679
f 12811 14047 14034 8678
f 12042 14049 12823 8442
f 12823 14049 14048 8684
f 14048 14049 14031 8814
f 9860 14050 14042 7801
f 14042 14050 12833 8676
f 12833 14050 13137 8686
f 12837 14051 10014 7909
f 10014 14051 9862 7801
f 9862 14051 13128 7803
f 13351 14052 12857 8692
f 12857 14052 14053 8011
f 14053 14052 14054 8790
f 14056 14055 14057 8757
f 14057 14055 13144 8768
f 13144 14055 10034 7921
f 14056 14058 13148 7920
f 13148 14058 13103 7824
f 13106 14059 14060 8758
f 14060 14059 14061 7917
f 14061 14059 14057 8768
f 10205 14062 13099 7905
f 13099 14062 9866 7804
f 9866 14062 12841 7806
f 14064 14063 10200 8007
f 10200 14063 14065 8008
f 14065 14063 13142 8767
f 13635 14066 14065 8767
f 14065 14066 10383 8008
f 10383 14066 13095 7804
f 14068 14067 14069 7916
f 14069 14067 14070 7818
f 14072 14071 14073 7904
f 14073 14071 14068 7916
f 14068 14071 13113 8762
f 14072 14074 14075 8761
f 14075 14074 9870 7807
f 9870 14074 13101 7809
f 14077 14076 14078 7810
f 14078 14076 12859 8694
f 12859 14076 14079 8693
f 14081 14080 13977 8810
f 13977 14080 14082 7900
f 14082 14080 13117 8764
f 14084 14083 13954 8811
f 13954 14083 14081 8810
f 14081 14083 14085 8763
f 12865 14086 13973 8696
f 13973 14086 14084 8811
f 14084 14086 13109 8759
f 13969 14087 12863 8695
f 12863 14087 9878 7813
f 9878 14087 13061 7815
f 12870 14088 10020 7911
f 10020 14088 12836 7910
f 12836 14088 13123 7906
f 14090 14089 9888 7823
f 9888 14089 12868 7822
f 12868 14089 13111 8698
f 14090 14091 14092 8760
f 14092 14091 14093 8765
f 14093 14091 9889 7824
f 14095 14094 14093 7824
f 14093 14094 13119 8765
f 13119 14094 9880 7817
f 12846 14096 10024 7913
f 10024 14096 12798 7915
f 12798 14096 12876 8671
f 10438 14097 14098 8013
f 14098 14097 14054 8789
f 14054 14097 13354 8790
f 13149 14099 12890 7919
f 12890 14099 9890 7822
f 14101 14100 12916 8714
f 12916 14100 14102 8713
f 14102 14100 14103 8000
f 14105 14104 14106 8818
f 14106 14104 14101 8714
f 14101 14104 14107 8817
f 9896 14108 13078 7828
f 13078 14108 13346 8108
f 13346 14108 14109 8788
f 14109 14110 14111 8788
f 14111 14110 13670 8804
f 13670 14110 9900 7831
f 13344 14112 14113 8107
f 14113 14112 14114 8717
f 14114 14112 14105 8818
f 12924 14115 14113 8717
f 14113 14115 13332 8107
f 13332 14115 13728 7650
f 12917 14116 14106 8714
f 14106 14116 14114 8818
f 14114 14116 12929 8717
f 14118 14117 12910 8710
f 12910 14117 14119 8711
f 14119 14117 14120 8820
f 12921 14121 12906 8083
f 12906 14121 14118 8710
f 14118 14121 14122 8819
f 14124 14123 12918 8712
f 12918 14123 12928 8715
f 12928 14123 12953 8718
f 14126 14125 14120 8819
f 14120 14125 14127 8820
f 14127 14125 14128 7998
f 14126 14129 13329 8785
f 13329 14129 9906 7833
f 9906 14129 14122 7835
f 14131 14130 12922 8716
f 12922 14130 9905 7835
f 9905 14130 14132 7834
f 14134 14133 12931 8707
f 12931 14133 14131 8716
f 14131 14133 12945 8724
f 13173 14135 12897 8708
f 12897 14135 14134 8707
f 14134 14135 12941 8721
f 14137 14136 12141 7627
f 12141 14136 13175 8484
f 13175 14136 12935 8720
f 12943 14138 14132 8724
f 14132 14138 9910 7834
f 9910 14138 12969 7837
f 9908 14139 9904 7834
f 9904 14139 12948 7833
f 12948 14139 9929 7850
f 14141 14140 12950 7845
f 12950 14140 14142 8085
f 13342 14143 14144 8786
f 14144 14143 14142 8821
f 14142 14143 14145 8085
f 14147 14146 14144 8821
f 14144 14146 13339 8786
f 13339 14146 12280 7996
f 14147 14148 12277 7648
f 12277 14148 9922 7843
f 9922 14148 14141 7845
f 9932 14149 9909 7837
f 9909 14149 9928 7836
f 9928 14149 10088 7849
f 12958 14150 14151 8726
f 14151 14150 14152 7946
f 14152 14150 9925 7848
f 12963 14153 14154 8090
f 14154 14153 12966 7859
f 12966 14153 14151 7946
f 14156 14155 12944 8722
f 12944 14155 12968 8725
f 12968 14155 12971 7861
f 14158 14157 12939 7927
f 12939 14157 14156 8722
f 14156 14157 9938 7853
f 14160 14159 12978 8728
f 12978 14159 10408 8088
f 10408 14159 10400 8086
f 14162 14161 10410 7928
f 10410 14161 12982 8089
f 12982 14161 14160 8728
f 12964 14163 12986 8727
f 12986 14163 14164 8730
f 14164 14163 10415 7857
f 14166 14165 12991 8732
f 12991 14165 14164 7857
f 14164 14165 12989 8730
f 13002 14167 14166 8732
f 14166 14167 12998 8731
f 12998 14167 14168 8734
f 9951 14169 13076 7863
f 13076 14169 13001 8733
f 13001 14169 10417 7873
f 12974 14170 10069 7937
f 10069 14170 10047 7929
f 10047 14170 9957 7866
f 9959 14171 9969 7869
f 9969 14171 13187 7876
f 13187 14171 13184 7930
f 9961 14172 10051 7871
f 10051 14172 9965 7872
f 9965 14172 14173 7874
f 13192 14174 9967 7875
f 9967 14174 14173 7869
f 14173 14174 9984 7874
f 14176 14175 13008 8736
f 13008 14175 13190 8735
f 13190 14175 14177 7931
f 13130 14178 14177 8766
f 14177 14178 13011 7931
f 13011 14178 13064 7942
f 14180 14179 14181 7939
f 14181 14179 13012 7940
f 13012 14179 13193 7932
f 10072 14182 14180 7939
f 14180 14182 9977 7880
f 9977 14182 10420 7882
f 13018 14183 13195 7933
f 13195 14183 9985 7885
f 9985 14183 9964 7874
f 14185 14184 9996 7890
f 9996 14184 14168 7892
f 14168 14184 13022 8734
f 10063 14186 13021 7934
f 13021 14186 12587 8577
f 12587 14186 10424 8091
f 13030 14187 10425 7936
f 10425 14187 13907 8091
f 13907 14187 13026 8742
f 13046 14188 14189 8745
f 14189 14188 13024 8740
f 13024 14188 13923 8739
f 14191 14190 13034 8743
f 13034 14190 13031 7889
f 13031 14190 13025 8741
f 13042 14192 14193 8744
f 14193 14192 14191 8743
f 14191 14192 14189 8740
f 13037 14194 10422 7882
f 10422 14194 13033 7884
f 13033 14194 14193 8743
f 13070 14195 10429 8092
f 10429 14195 13041 8094
f 13041 14195 14196 8746
f 13910 14197 13052 8073
f 13052 14197 14196 8749
f 14196 14197 13045 8746
f 10432 14198 9877 7815
f 9877 14198 13066 7814
f 9998 14199 13073 7893
f 13073 14199 14200 7941
f 14200 14199 13199 7938
f 10000 14201 10436 7895
f 10436 14201 13055 8096
f 13055 14201 13074 8750
f 13848 14202 10134 7971
f 10134 14202 13092 7970
f 13092 14202 13308 8755
f 13105 14203 14204 7916
f 14204 14203 14060 7917
f 14073 14205 13100 7904
f 13100 14205 12853 7905
f 14069 14206 13104 7916
f 13104 14206 14095 7824
f 14095 14206 9882 7816
f 14078 14207 9874 7810
f 9874 14207 12167 7812
f 12167 14207 14208 8493
f 12860 14209 14208 8694
f 14208 14209 13687 8493
f 13687 14209 12185 7612
f 14075 14210 13115 8761
f 13115 14210 12114 8470
f 12114 14210 13702 8473
f 14070 14211 14212 7818
f 14212 14211 14079 8816
f 14079 14211 13114 8693
f 14214 14213 14212 8816
f 14212 14213 9881 7818
f 9881 14213 13118 7817
f 14085 14215 13120 8763
f 13120 14215 14092 8765
f 14092 14215 13110 8760
f 12866 14216 13108 8697
f 13108 14216 12871 8698
f 12871 14216 13122 8699
f 12824 14217 9589 7628
f 9589 14217 14137 7627
f 14137 14217 13135 8719
f 9861 14218 13139 7802
f 13139 14218 14176 8736
f 14176 14218 13129 8766
f 12834 14219 13133 8685
f 13133 14219 9956 7868
f 9956 14219 13138 7867
f 14040 14220 14043 8815
f 14043 14220 10016 7801
f 10016 14220 10019 7910
f 14061 14221 14204 7917
f 14204 14221 10380 7916
f 10380 14221 13145 8082
f 13151 14222 10035 7918
f 10035 14222 10032 7921
f 10032 14222 12886 7922
f 12801 14223 10439 8012
f 10439 14223 10196 8004
f 10442 14224 14225 8097
f 14225 14224 14027 8813
f 14025 14226 14225 8813
f 14225 14226 12879 8097
f 12879 14226 13360 8703
f 14021 14227 13359 8791
f 13359 14227 12873 8700
f 14028 14228 13161 8770
f 13161 14228 14046 8682
f 14046 14228 13157 8769
f 14022 14229 14230 8670
f 14230 14229 12816 8681
f 12816 14229 13160 8680
f 12799 14231 13164 8669
f 13164 14231 14033 8772
f 14033 14231 14230 8681
f 10414 14232 13180 7856
f 13180 14232 14154 7859
f 14158 14233 14234 7855
f 14234 14233 10399 8087
f 10399 14233 13177 7926
f 9937 14235 10041 7854
f 10041 14235 14162 7928
f 14162 14235 14234 8087
f 10411 14236 10043 7928
f 10043 14236 9948 7862
f 9948 14236 13179 7860
f 14238 14237 14185 7890
f 14185 14237 10065 7934
f 10065 14237 13029 7936
f 9979 14239 10058 7881
f 10058 14239 9983 7886
f 9983 14239 13196 7885
f 13014 14240 10061 7888
f 10061 14240 13019 7933
f 13019 14240 14241 7891
f 13015 14242 14241 8737
f 14241 14242 9994 7891
f 9994 14242 14238 7890
f 14244 14243 10427 8093
f 10427 14243 13069 8092
f 13069 14243 10434 8095
f 10446 14245 9793 7762
f 9793 14245 9788 7759
f 13048 14246 14244 8093
f 14244 14246 9999 7895
f 9999 14246 13198 7894
f 14181 14247 10071 7939
f 10071 14247 14200 7938
f 14200 14247 10075 7941
f 13065 14248 10076 7942
f 10076 14248 13072 7941
f 13072 14248 10079 7944
f 12682 14249 10444 8098
f 10444 14249 12686 7758
f 12686 14249 13201 8642
f 9933 14250 10087 7851
f 10087 14250 14152 7848
f 14152 14250 10083 7946
f 12707 14251 12725 8435
f 12725 14251 13206 8621
f 12655 14252 13209 8629
f 13209 14252 12714 8650
f 14082 14253 10448 7900
f 10448 14253 14077 7810
f 14077 14253 14214 8816
f 13238 14254 12749 8656
f 12749 14254 14255 8077
f 14255 14254 12779 8668
f 12738 14256 10107 7955
f 10107 14256 12760 7954
f 12760 14256 13227 8660
f 14000 14257 13229 8079
f 13229 14257 13608 8663
f 13608 14257 10114 7959
f 12747 14258 13232 8655
f 13232 14258 14003 8662
f 14003 14258 14259 8661
f 13996 14260 14259 8654
f 14259 14260 12763 8661
f 12763 14260 10118 7961
f 14262 14261 13234 7962
f 13234 14261 14255 8668
f 14255 14261 10367 8077
f 9839 14263 13219 7789
f 13219 14263 9850 7787
f 9850 14263 13237 7794
f 9843 14264 10120 7791
f 10120 14264 14262 7962
f 14262 14264 10122 7963
f 12733 14265 10108 7953
f 10108 14265 12737 7955
f 12737 14265 14266 7964
f 9856 14267 14266 7798
f 14266 14267 12790 7964
f 12790 14267 10455 7705
f 14010 14268 13241 7796
f 13241 14268 14017 8664
f 14017 14268 14015 8754
f 13246 14269 9769 7747
f 9769 14269 10127 7736
f 10127 14269 12632 7965
f 12611 14270 10347 8070
f 10347 14270 12615 8069
f 12615 14270 13865 8611
f 9762 14271 13256 7743
f 13256 14271 9758 7741
f 9758 14271 10351 7740
f 13925 14272 13252 8775
f 13252 14272 10129 7967
f 10129 14272 12616 7966
f 14274 14273 10457 7726
f 10457 14273 13859 8100
f 13885 14275 10145 7976
f 10145 14275 12578 7975
f 12578 14275 13274 8580
f 13856 14276 10147 7975
f 10147 14276 9735 7724
f 9735 14276 14274 7726
f 13831 14277 14278 8571
f 14278 14277 12485 8573
f 12485 14277 13828 8572
f 12479 14279 10012 7901
f 10012 14279 13833 7903
f 13833 14279 14278 8573
f 10251 14280 13511 8031
f 13511 14280 13285 7679
f 13285 14280 13734 8537
f 13301 14281 9647 7669
f 9647 14281 10162 7660
f 10162 14281 13752 7658
f 13812 14282 13281 8559
f 13281 14282 13822 8777
f 13822 14282 14283 8808
f 13781 14284 14283 8805
f 14283 14284 13825 8808
f 12412 14285 12483 7977
f 12483 14285 10149 7979
f 12355 14286 12247 8500
f 12247 14286 11951 8414
f 11951 14286 13283 8413
f 12346 14287 14288 8529
f 14288 14287 12360 8533
f 12360 14287 10460 8102
f 13765 14289 14290 7677
f 14290 14289 12363 8534
f 12363 14289 14288 8533
f 9659 14291 14292 7676
f 14292 14291 12366 8535
f 12366 14291 14290 8534
f 12369 14293 14292 8535
f 14292 14293 12372 7676
f 12372 14293 13286 8536
f 12347 14294 10154 7983
f 10154 14294 13778 7982
f 13778 14294 14295 7684
f 13768 14296 14295 8528
f 14295 14296 13775 7684
f 13775 14296 13289 8780
f 12442 14297 10157 7985
f 10157 14297 12352 7984
f 12352 14297 13294 8531
f 14299 14298 13327 7995
f 13327 14298 10166 7987
f 10166 14298 13304 7989
f 13317 14300 9745 7714
f 9745 14300 9705 7707
f 12494 14301 10178 7994
f 10178 14301 10170 7990
f 10170 14301 13311 7992
f 13844 14302 13313 8585
f 13313 14302 13896 8553
f 13896 14302 13315 8783
f 12444 14303 13791 8556
f 13791 14303 13326 8784
f 13326 14303 14299 7995
f 9683 14304 13323 7688
f 13323 14304 13793 7692
f 13793 14304 13319 8558
f 13737 14305 13335 7657
f 13335 14305 9624 7655
f 9624 14305 10471 7654
f 14128 14306 10183 7998
f 10183 14306 14145 7997
f 14145 14306 13330 8085
f 14124 14307 10184 7999
f 10184 14307 14127 7998
f 14127 14307 14308 8820
f 12915 14309 14308 8712
f 14308 14309 14119 8820
f 14119 14309 14310 8711
f 12909 14311 10187 8001
f 10187 14311 14102 8000
f 14102 14311 14310 8713
f 14103 14312 10189 8000
f 10189 14312 13669 8002
f 13669 14312 14313 8804
f 14107 14314 14313 8817
f 14313 14314 14111 8804
f 14111 14314 13345 8788
f 12842 14315 10192 7806
f 10192 14315 13357 8003
f 13357 14315 13348 8701
f 14098 14316 10210 8013
f 10210 14316 9884 7820
f 9884 14316 13352 7819
f 12840 14317 13355 8688
f 13355 14317 14053 8790
f 14053 14317 10206 8011
f 12848 14318 10203 8009
f 10203 14318 10198 7805
f 10198 14318 14064 8007
